{
  "intrinsics": {
    "cam-topleft.mp4": {
      "K": [
        [
          1284.4258438570034,
          0.0,
          474.4954910687426
        ],
        [
          0.0,
          1285.8789523718206,
          286.1141520248257
        ],
        [
          0.0,
          0.0,
          1.0
        ]
      ],
      "dist": [
        [
          -0.245826261272193,
          1.261290033931837,
          -0.002384442488055877,
          0.0008391641622373111,
          -6.996711102421005
        ]
      ],
      "reproj": 0.1956857475156762
    },
    "cam-topright.mp4": {
      "K": [
        [
          1279.0282743632768,
          0.0,
          408.282113166005
        ],
        [
          0.0,
          1265.8292578155251,
          289.2681455231393
        ],
        [
          0.0,
          0.0,
          1.0
        ]
      ],
      "dist": [
        [
          -0.152778883058743,
          -0.6539368795791837,
          -0.0030472545442729337,
          -0.005079043496697213,
          5.812969482392045
        ]
      ],
      "reproj": 0.20846116574461443
    },
    "cam-bottomleft.mp4": {
      "K": [
        [
          1314.5007351865545,
          0.0,
          428.8112179302536
        ],
        [
          0.0,
          1324.8358562478609,
          302.0175922619316
        ],
        [
          0.0,
          0.0,
          1.0
        ]
      ],
      "dist": [
        [
          -0.19090534099485648,
          -0.06946264519661083,
          -0.0023681781898930846,
          0.005147232784677927,
          0.939019135810124
        ]
      ],
      "reproj": 0.19888922920571067
    },
    "cam-bottomright.mp4": {
      "K": [
        [
          1251.1667687194833,
          0.0,
          384.0815845078352
        ],
        [
          0.0,
          1227.3797143915665,
          307.3216911983675
        ],
        [
          0.0,
          0.0,
          1.0
        ]
      ],
      "dist": [
        [
          -0.16232323364882856,
          0.09205133084017436,
          -0.002037992615579706,
          0.0027470571751009535,
          1.0532495323826359
        ]
      ],
      "reproj": 0.20020223275210722
    }
  },
  "H_ref_cam": {
    "cam-topleft.mp4": [
      [
        1.0,
        0.0,
        0.0,
        0.0
      ],
      [
        0.0,
        1.0,
        0.0,
        0.0
      ],
      [
        0.0,
        0.0,
        1.0,
        0.0
      ],
      [
        0.0,
        0.0,
        0.0,
        1.0
      ]
    ],
    "cam-topright.mp4": [
      [
        0.6887840111881955,
        -0.09325328251423796,
        0.7189439555569119,
        -0.49344441816592516
      ],
      [
        0.092441499791139,
        0.9948948180286731,
        0.04048296155246259,
        -0.010149319293211827
      ],
      [
        -0.7190487848872734,
        0.038576240874572024,
        0.6938881167682027,
        0.1512404494496844
      ],
      [
        0.0,
        0.0,
        0.0,
        1.0
      ]
    ],
    "cam-bottomleft.mp4": [
      [
        0.9983164806810644,
        0.023975305242049775,
        -0.052814667840702795,
        0.0006563988036454391
      ],
      [
        -0.039021381674005,
        0.9513146367211117,
        -0.3057413837419301,
        0.20903577630566725
      ],
      [
        0.04291312355008503,
        0.3072875635275997,
        0.950648629688407,
        0.011711967872799378
      ],
      [
        0.0,
        0.0,
        0.0,
        1.0
      ]
    ],
    "cam-bottomright.mp4": [
      [
        0.7166064788668202,
        0.09631017542518704,
        0.6907962829631235,
        -0.4557176027503559
      ],
      [
        0.1575515885941804,
        0.9424696186135583,
        -0.2948364206163555,
        0.18329328370351944
      ],
      [
        -0.6794502567352141,
        0.3201177409953781,
        0.6602060136975937,
        0.205162425928493
      ],
      [
        0.0,
        0.0,
        0.0,
        1.0
      ]
    ]
  },
  "P": {
    "cam-topleft.mp4": [
      [
        1284.4258438570034,
        0.0,
        474.4954910687426,
        0.0
      ],
      [
        0.0,
        1285.8789523718206,
        286.1141520248257,
        0.0
      ],
      [
        0.0,
        0.0,
        1.0,
        0.0
      ]
    ],
    "cam-topright.mp4": [
      [
        587.3994678758295,
        -103.52359587062584,
        1202.8517534547668,
        -569.3805923634609
      ],
      [
        -90.98275347303681,
        1270.5258467687884,
        251.9642459142097,
        30.901739032137186
      ],
      [
        -0.7190487848872734,
        0.038576240874572024,
        0.6938881167682027,
        0.1512404494496844
      ]
    ],
    "cam-bottomleft.mp4": [
      [
        1330.689376578816,
        163.2839107380867,
        338.22387701517493,
        5.885059917862607
      ],
      [
        -38.73640735101952,
        1353.1419913701777,
        -117.94453769454846,
        280.47531202594695
      ],
      [
        0.04291312355008503,
        0.3072875635275997,
        0.950648629688407,
        0.011711967872799378
      ]
    ],
    "cam-bottomright.mp4": [
      [
        635.6298814061297,
        243.45142017211145,
        1117.8743250409743,
        -491.37961084966497
      ],
      [
        -15.434178174368258,
        1255.1472168619384,
        -158.98061305945714,
        288.0213219086223
      ],
      [
        -0.6794502567352141,
        0.3201177409953781,
        0.6602060136975937,
        0.205162425928493
      ]
    ]
  },
  "img_size": [
    600,
    600
  ]
}