frame,node,x,y,z,time_s
0,node_1,,,,0.0
1,node_1,,,,0.03333333333333333
2,node_1,,,,0.06666666666666667
3,node_1,,,,0.1
4,node_1,,,,0.13333333333333333
5,node_1,,,,0.16666666666666666
6,node_1,,,,0.2
7,node_1,,,,0.23333333333333334
8,node_1,,,,0.26666666666666666
9,node_1,,,,0.3
10,node_1,,,,0.3333333333333333
11,node_1,,,,0.36666666666666664
12,node_1,,,,0.4
13,node_1,,,,0.43333333333333335
14,node_1,,,,0.4666666666666667
15,node_1,,,,0.5
16,node_1,,,,0.5333333333333333
17,node_1,,,,0.5666666666666667
18,node_1,,,,0.6
19,node_1,,,,0.6333333333333333
20,node_1,,,,0.6666666666666666
21,node_1,,,,0.7
22,node_1,,,,0.7333333333333333
23,node_1,,,,0.7666666666666667
24,node_1,,,,0.8
25,node_1,,,,0.8333333333333334
26,node_1,,,,0.8666666666666667
27,node_1,,,,0.9
28,node_1,,,,0.9333333333333333
29,node_1,,,,0.9666666666666667
30,node_1,,,,1.0
31,node_1,,,,1.0333333333333334
32,node_1,,,,1.0666666666666667
33,node_1,,,,1.1
34,node_1,,,,1.1333333333333333
35,node_1,,,,1.1666666666666667
36,node_1,,,,1.2
37,node_1,,,,1.2333333333333334
38,node_1,,,,1.2666666666666666
39,node_1,,,,1.3
40,node_1,,,,1.3333333333333333
41,node_1,,,,1.3666666666666667
42,node_1,,,,1.4
43,node_1,,,,1.4333333333333333
44,node_1,,,,1.4666666666666666
45,node_1,,,,1.5
46,node_1,,,,1.5333333333333334
47,node_1,,,,1.5666666666666667
48,node_1,,,,1.6
49,node_1,,,,1.6333333333333333
50,node_1,,,,1.6666666666666667
51,node_1,,,,1.7
52,node_1,,,,1.7333333333333334
53,node_1,,,,1.7666666666666666
54,node_1,,,,1.8
55,node_1,,,,1.8333333333333333
56,node_1,,,,1.8666666666666667
57,node_1,,,,1.9
58,node_1,,,,1.9333333333333333
59,node_1,,,,1.9666666666666666
60,node_1,,,,2.0
61,node_1,,,,2.033333333333333
62,node_1,,,,2.066666666666667
63,node_1,,,,2.1
64,node_1,,,,2.1333333333333333
65,node_1,,,,2.1666666666666665
66,node_1,,,,2.2
67,node_1,,,,2.2333333333333334
68,node_1,,,,2.2666666666666666
69,node_1,,,,2.3
70,node_1,,,,2.3333333333333335
71,node_1,,,,2.3666666666666667
72,node_1,,,,2.4
73,node_1,,,,2.433333333333333
74,node_1,,,,2.466666666666667
75,node_1,,,,2.5
76,node_1,,,,2.533333333333333
77,node_1,,,,2.566666666666667
78,node_1,,,,2.6
79,node_1,,,,2.6333333333333333
80,node_1,,,,2.6666666666666665
81,node_1,,,,2.7
82,node_1,,,,2.7333333333333334
83,node_1,,,,2.7666666666666666
84,node_1,,,,2.8
85,node_1,,,,2.8333333333333335
86,node_1,,,,2.8666666666666667
87,node_1,,,,2.9
88,node_1,,,,2.933333333333333
89,node_1,,,,2.966666666666667
90,node_1,,,,3.0
91,node_1,,,,3.033333333333333
92,node_1,,,,3.066666666666667
93,node_1,,,,3.1
94,node_1,,,,3.1333333333333333
95,node_1,,,,3.1666666666666665
96,node_1,,,,3.2
97,node_1,,,,3.2333333333333334
98,node_1,,,,3.2666666666666666
99,node_1,,,,3.3
100,node_1,,,,3.3333333333333335
101,node_1,,,,3.3666666666666667
102,node_1,,,,3.4
103,node_1,,,,3.433333333333333
104,node_1,,,,3.466666666666667
105,node_1,,,,3.5
106,node_1,,,,3.533333333333333
107,node_1,,,,3.566666666666667
108,node_1,,,,3.6
109,node_1,,,,3.6333333333333333
110,node_1,,,,3.6666666666666665
111,node_1,,,,3.7
112,node_1,,,,3.7333333333333334
113,node_1,,,,3.7666666666666666
114,node_1,,,,3.8
115,node_1,,,,3.8333333333333335
116,node_1,,,,3.8666666666666667
117,node_1,,,,3.9
118,node_1,,,,3.933333333333333
119,node_1,,,,3.966666666666667
120,node_1,,,,4.0
121,node_1,,,,4.033333333333333
122,node_1,,,,4.066666666666666
123,node_1,,,,4.1
124,node_1,,,,4.133333333333334
125,node_1,,,,4.166666666666667
126,node_1,,,,4.2
127,node_1,,,,4.233333333333333
128,node_1,,,,4.266666666666667
129,node_1,,,,4.3
130,node_1,,,,4.333333333333333
131,node_1,,,,4.366666666666666
132,node_1,,,,4.4
133,node_1,,,,4.433333333333334
134,node_1,,,,4.466666666666667
135,node_1,,,,4.5
136,node_1,,,,4.533333333333333
137,node_1,,,,4.566666666666666
138,node_1,,,,4.6
139,node_1,,,,4.633333333333334
140,node_1,,,,4.666666666666667
141,node_1,,,,4.7
142,node_1,,,,4.733333333333333
143,node_1,,,,4.766666666666667
144,node_1,,,,4.8
145,node_1,,,,4.833333333333333
146,node_1,,,,4.866666666666666
147,node_1,,,,4.9
148,node_1,,,,4.933333333333334
149,node_1,,,,4.966666666666667
150,node_1,,,,5.0
151,node_1,,,,5.033333333333333
152,node_1,,,,5.066666666666666
153,node_1,,,,5.1
154,node_1,,,,5.133333333333334
155,node_1,,,,5.166666666666667
156,node_1,,,,5.2
157,node_1,,,,5.233333333333333
158,node_1,,,,5.266666666666667
159,node_1,,,,5.3
160,node_1,,,,5.333333333333333
161,node_1,,,,5.366666666666666
162,node_1,,,,5.4
163,node_1,,,,5.433333333333334
164,node_1,,,,5.466666666666667
165,node_1,,,,5.5
166,node_1,,,,5.533333333333333
167,node_1,,,,5.566666666666666
168,node_1,,,,5.6
169,node_1,,,,5.633333333333334
170,node_1,,,,5.666666666666667
171,node_1,,,,5.7
172,node_1,,,,5.733333333333333
173,node_1,,,,5.766666666666667
174,node_1,,,,5.8
175,node_1,,,,5.833333333333333
176,node_1,,,,5.866666666666666
177,node_1,,,,5.9
178,node_1,,,,5.933333333333334
179,node_1,,,,5.966666666666667
180,node_1,,,,6.0
181,node_1,,,,6.033333333333333
182,node_1,,,,6.066666666666666
183,node_1,,,,6.1
184,node_1,,,,6.133333333333334
185,node_1,,,,6.166666666666667
186,node_1,,,,6.2
187,node_1,,,,6.233333333333333
188,node_1,,,,6.266666666666667
189,node_1,,,,6.3
190,node_1,,,,6.333333333333333
191,node_1,,,,6.366666666666666
192,node_1,,,,6.4
193,node_1,,,,6.433333333333334
194,node_1,,,,6.466666666666667
195,node_1,,,,6.5
196,node_1,,,,6.533333333333333
197,node_1,,,,6.566666666666666
198,node_1,,,,6.6
199,node_1,,,,6.633333333333334
200,node_1,,,,6.666666666666667
201,node_1,,,,6.7
202,node_1,,,,6.733333333333333
203,node_1,,,,6.766666666666667
204,node_1,,,,6.8
205,node_1,,,,6.833333333333333
206,node_1,,,,6.866666666666666
207,node_1,,,,6.9
208,node_1,,,,6.933333333333334
209,node_1,,,,6.966666666666667
210,node_1,,,,7.0
211,node_1,,,,7.033333333333333
212,node_1,,,,7.066666666666666
213,node_1,,,,7.1
214,node_1,,,,7.133333333333334
215,node_1,,,,7.166666666666667
216,node_1,,,,7.2
217,node_1,,,,7.233333333333333
218,node_1,,,,7.266666666666667
219,node_1,,,,7.3
220,node_1,,,,7.333333333333333
221,node_1,,,,7.366666666666666
222,node_1,,,,7.4
223,node_1,,,,7.433333333333334
224,node_1,,,,7.466666666666667
225,node_1,,,,7.5
226,node_1,,,,7.533333333333333
227,node_1,,,,7.566666666666666
228,node_1,,,,7.6
229,node_1,,,,7.633333333333334
230,node_1,,,,7.666666666666667
231,node_1,,,,7.7
232,node_1,,,,7.733333333333333
233,node_1,,,,7.766666666666667
234,node_1,,,,7.8
235,node_1,,,,7.833333333333333
236,node_1,,,,7.866666666666666
237,node_1,,,,7.9
238,node_1,,,,7.933333333333334
239,node_1,,,,7.966666666666667
240,node_1,,,,8.0
241,node_1,,,,8.033333333333333
242,node_1,,,,8.066666666666666
243,node_1,,,,8.1
244,node_1,,,,8.133333333333333
245,node_1,,,,8.166666666666666
246,node_1,,,,8.2
247,node_1,,,,8.233333333333333
248,node_1,,,,8.266666666666667
249,node_1,,,,8.3
250,node_1,,,,8.333333333333334
251,node_1,,,,8.366666666666667
252,node_1,,,,8.4
253,node_1,,,,8.433333333333334
254,node_1,,,,8.466666666666667
255,node_1,,,,8.5
256,node_1,,,,8.533333333333333
257,node_1,,,,8.566666666666666
258,node_1,,,,8.6
259,node_1,,,,8.633333333333333
260,node_1,,,,8.666666666666666
261,node_1,,,,8.7
262,node_1,,,,8.733333333333333
263,node_1,,,,8.766666666666667
264,node_1,,,,8.8
265,node_1,,,,8.833333333333334
266,node_1,,,,8.866666666666667
267,node_1,,,,8.9
268,node_1,,,,8.933333333333334
269,node_1,,,,8.966666666666667
270,node_1,,,,9.0
271,node_1,,,,9.033333333333333
272,node_1,,,,9.066666666666666
273,node_1,,,,9.1
274,node_1,,,,9.133333333333333
275,node_1,,,,9.166666666666666
276,node_1,,,,9.2
277,node_1,,,,9.233333333333333
278,node_1,,,,9.266666666666667
279,node_1,,,,9.3
280,node_1,,,,9.333333333333334
281,node_1,,,,9.366666666666667
282,node_1,,,,9.4
283,node_1,,,,9.433333333333334
284,node_1,,,,9.466666666666667
285,node_1,,,,9.5
286,node_1,,,,9.533333333333333
287,node_1,,,,9.566666666666666
288,node_1,,,,9.6
289,node_1,,,,9.633333333333333
290,node_1,,,,9.666666666666666
291,node_1,,,,9.7
292,node_1,,,,9.733333333333333
293,node_1,,,,9.766666666666667
294,node_1,,,,9.8
295,node_1,,,,9.833333333333334
296,node_1,,,,9.866666666666667
297,node_1,,,,9.9
298,node_1,,,,9.933333333333334
299,node_1,,,,9.966666666666667
300,node_1,,,,10.0
301,node_1,,,,10.033333333333333
302,node_1,,,,10.066666666666666
303,node_1,,,,10.1
304,node_1,,,,10.133333333333333
305,node_1,,,,10.166666666666666
306,node_1,,,,10.2
307,node_1,,,,10.233333333333333
308,node_1,,,,10.266666666666667
309,node_1,,,,10.3
310,node_1,,,,10.333333333333334
311,node_1,,,,10.366666666666667
312,node_1,,,,10.4
313,node_1,,,,10.433333333333334
314,node_1,,,,10.466666666666667
315,node_1,,,,10.5
316,node_1,,,,10.533333333333333
317,node_1,,,,10.566666666666666
318,node_1,,,,10.6
319,node_1,,,,10.633333333333333
320,node_1,,,,10.666666666666666
321,node_1,,,,10.7
322,node_1,,,,10.733333333333333
323,node_1,,,,10.766666666666667
324,node_1,,,,10.8
325,node_1,,,,10.833333333333334
326,node_1,,,,10.866666666666667
327,node_1,,,,10.9
328,node_1,,,,10.933333333333334
329,node_1,,,,10.966666666666667
330,node_1,,,,11.0
331,node_1,,,,11.033333333333333
332,node_1,,,,11.066666666666666
333,node_1,,,,11.1
334,node_1,,,,11.133333333333333
335,node_1,,,,11.166666666666666
336,node_1,,,,11.2
337,node_1,,,,11.233333333333333
338,node_1,,,,11.266666666666667
339,node_1,,,,11.3
340,node_1,,,,11.333333333333334
341,node_1,,,,11.366666666666667
342,node_1,,,,11.4
343,node_1,,,,11.433333333333334
344,node_1,,,,11.466666666666667
345,node_1,,,,11.5
346,node_1,,,,11.533333333333333
347,node_1,,,,11.566666666666666
348,node_1,,,,11.6
349,node_1,,,,11.633333333333333
350,node_1,,,,11.666666666666666
351,node_1,,,,11.7
352,node_1,,,,11.733333333333333
353,node_1,,,,11.766666666666667
354,node_1,,,,11.8
355,node_1,,,,11.833333333333334
356,node_1,,,,11.866666666666667
357,node_1,,,,11.9
358,node_1,,,,11.933333333333334
359,node_1,,,,11.966666666666667
360,node_1,,,,12.0
361,node_1,,,,12.033333333333333
362,node_1,,,,12.066666666666666
363,node_1,,,,12.1
364,node_1,,,,12.133333333333333
365,node_1,,,,12.166666666666666
366,node_1,,,,12.2
367,node_1,,,,12.233333333333333
368,node_1,,,,12.266666666666667
369,node_1,,,,12.3
370,node_1,,,,12.333333333333334
371,node_1,,,,12.366666666666667
372,node_1,,,,12.4
373,node_1,,,,12.433333333333334
374,node_1,,,,12.466666666666667
375,node_1,,,,12.5
376,node_1,,,,12.533333333333333
377,node_1,,,,12.566666666666666
378,node_1,,,,12.6
379,node_1,,,,12.633333333333333
380,node_1,,,,12.666666666666666
381,node_1,,,,12.7
382,node_1,,,,12.733333333333333
383,node_1,,,,12.766666666666667
384,node_1,,,,12.8
385,node_1,,,,12.833333333333334
386,node_1,,,,12.866666666666667
387,node_1,,,,12.9
388,node_1,,,,12.933333333333334
389,node_1,,,,12.966666666666667
390,node_1,,,,13.0
391,node_1,,,,13.033333333333333
392,node_1,,,,13.066666666666666
393,node_1,,,,13.1
394,node_1,,,,13.133333333333333
395,node_1,,,,13.166666666666666
396,node_1,,,,13.2
397,node_1,,,,13.233333333333333
398,node_1,,,,13.266666666666667
399,node_1,,,,13.3
400,node_1,,,,13.333333333333334
401,node_1,,,,13.366666666666667
402,node_1,,,,13.4
403,node_1,,,,13.433333333333334
404,node_1,,,,13.466666666666667
405,node_1,,,,13.5
406,node_1,,,,13.533333333333333
407,node_1,,,,13.566666666666666
408,node_1,,,,13.6
409,node_1,,,,13.633333333333333
410,node_1,,,,13.666666666666666
411,node_1,,,,13.7
412,node_1,,,,13.733333333333333
413,node_1,,,,13.766666666666667
414,node_1,,,,13.8
415,node_1,,,,13.833333333333334
416,node_1,,,,13.866666666666667
417,node_1,,,,13.9
418,node_1,,,,13.933333333333334
419,node_1,,,,13.966666666666667
420,node_1,,,,14.0
421,node_1,,,,14.033333333333333
422,node_1,,,,14.066666666666666
423,node_1,,,,14.1
424,node_1,,,,14.133333333333333
425,node_1,,,,14.166666666666666
426,node_1,,,,14.2
427,node_1,,,,14.233333333333333
428,node_1,,,,14.266666666666667
429,node_1,,,,14.3
430,node_1,,,,14.333333333333334
431,node_1,,,,14.366666666666667
432,node_1,,,,14.4
433,node_1,,,,14.433333333333334
434,node_1,,,,14.466666666666667
435,node_1,,,,14.5
436,node_1,,,,14.533333333333333
437,node_1,,,,14.566666666666666
438,node_1,,,,14.6
439,node_1,,,,14.633333333333333
440,node_1,,,,14.666666666666666
441,node_1,,,,14.7
442,node_1,,,,14.733333333333333
443,node_1,,,,14.766666666666667
444,node_1,,,,14.8
445,node_1,,,,14.833333333333334
446,node_1,,,,14.866666666666667
447,node_1,,,,14.9
448,node_1,,,,14.933333333333334
449,node_1,,,,14.966666666666667
450,node_1,,,,15.0
451,node_1,,,,15.033333333333333
452,node_1,,,,15.066666666666666
453,node_1,,,,15.1
454,node_1,,,,15.133333333333333
455,node_1,,,,15.166666666666666
456,node_1,,,,15.2
457,node_1,,,,15.233333333333333
458,node_1,,,,15.266666666666667
459,node_1,,,,15.3
460,node_1,,,,15.333333333333334
461,node_1,,,,15.366666666666667
462,node_1,,,,15.4
463,node_1,,,,15.433333333333334
464,node_1,,,,15.466666666666667
465,node_1,,,,15.5
466,node_1,,,,15.533333333333333
467,node_1,,,,15.566666666666666
468,node_1,,,,15.6
469,node_1,,,,15.633333333333333
470,node_1,,,,15.666666666666666
471,node_1,,,,15.7
472,node_1,,,,15.733333333333333
473,node_1,,,,15.766666666666667
474,node_1,,,,15.8
475,node_1,,,,15.833333333333334
476,node_1,,,,15.866666666666667
477,node_1,,,,15.9
478,node_1,,,,15.933333333333334
479,node_1,,,,15.966666666666667
480,node_1,,,,16.0
481,node_1,,,,16.033333333333335
482,node_1,,,,16.066666666666666
483,node_1,,,,16.1
484,node_1,,,,16.133333333333333
485,node_1,,,,16.166666666666668
486,node_1,,,,16.2
487,node_1,,,,16.233333333333334
488,node_1,,,,16.266666666666666
489,node_1,,,,16.3
490,node_1,,,,16.333333333333332
491,node_1,,,,16.366666666666667
492,node_1,,,,16.4
493,node_1,,,,16.433333333333334
494,node_1,,,,16.466666666666665
495,node_1,,,,16.5
496,node_1,,,,16.533333333333335
497,node_1,,,,16.566666666666666
498,node_1,,,,16.6
499,node_1,,,,16.633333333333333
500,node_1,,,,16.666666666666668
501,node_1,,,,16.7
502,node_1,,,,16.733333333333334
503,node_1,,,,16.766666666666666
504,node_1,,,,16.8
505,node_1,,,,16.833333333333332
506,node_1,,,,16.866666666666667
507,node_1,,,,16.9
508,node_1,,,,16.933333333333334
509,node_1,,,,16.966666666666665
510,node_1,,,,17.0
511,node_1,,,,17.033333333333335
512,node_1,,,,17.066666666666666
513,node_1,,,,17.1
514,node_1,,,,17.133333333333333
515,node_1,,,,17.166666666666668
516,node_1,,,,17.2
517,node_1,,,,17.233333333333334
518,node_1,,,,17.266666666666666
519,node_1,,,,17.3
520,node_1,,,,17.333333333333332
521,node_1,,,,17.366666666666667
522,node_1,,,,17.4
523,node_1,,,,17.433333333333334
524,node_1,,,,17.466666666666665
525,node_1,,,,17.5
526,node_1,,,,17.533333333333335
527,node_1,,,,17.566666666666666
528,node_1,,,,17.6
529,node_1,,,,17.633333333333333
530,node_1,,,,17.666666666666668
531,node_1,,,,17.7
532,node_1,,,,17.733333333333334
533,node_1,,,,17.766666666666666
534,node_1,,,,17.8
535,node_1,,,,17.833333333333332
536,node_1,,,,17.866666666666667
537,node_1,,,,17.9
538,node_1,,,,17.933333333333334
539,node_1,,,,17.966666666666665
540,node_1,,,,18.0
541,node_1,,,,18.033333333333335
542,node_1,,,,18.066666666666666
543,node_1,,,,18.1
544,node_1,,,,18.133333333333333
545,node_1,,,,18.166666666666668
546,node_1,,,,18.2
547,node_1,,,,18.233333333333334
548,node_1,,,,18.266666666666666
549,node_1,,,,18.3
550,node_1,,,,18.333333333333332
551,node_1,,,,18.366666666666667
552,node_1,,,,18.4
553,node_1,,,,18.433333333333334
554,node_1,,,,18.466666666666665
555,node_1,,,,18.5
556,node_1,,,,18.533333333333335
557,node_1,,,,18.566666666666666
558,node_1,,,,18.6
559,node_1,,,,18.633333333333333
560,node_1,,,,18.666666666666668
561,node_1,,,,18.7
562,node_1,,,,18.733333333333334
563,node_1,,,,18.766666666666666
564,node_1,,,,18.8
565,node_1,,,,18.833333333333332
566,node_1,,,,18.866666666666667
567,node_1,,,,18.9
568,node_1,,,,18.933333333333334
569,node_1,,,,18.966666666666665
570,node_1,,,,19.0
571,node_1,,,,19.033333333333335
572,node_1,,,,19.066666666666666
573,node_1,,,,19.1
574,node_1,,,,19.133333333333333
575,node_1,,,,19.166666666666668
576,node_1,,,,19.2
577,node_1,,,,19.233333333333334
578,node_1,,,,19.266666666666666
579,node_1,,,,19.3
580,node_1,,,,19.333333333333332
581,node_1,,,,19.366666666666667
582,node_1,,,,19.4
583,node_1,,,,19.433333333333334
584,node_1,,,,19.466666666666665
585,node_1,,,,19.5
586,node_1,,,,19.533333333333335
587,node_1,,,,19.566666666666666
588,node_1,,,,19.6
589,node_1,,,,19.633333333333333
590,node_1,,,,19.666666666666668
591,node_1,,,,19.7
592,node_1,,,,19.733333333333334
593,node_1,,,,19.766666666666666
594,node_1,,,,19.8
595,node_1,,,,19.833333333333332
596,node_1,,,,19.866666666666667
597,node_1,,,,19.9
598,node_1,,,,19.933333333333334
599,node_1,,,,19.966666666666665
600,node_1,,,,20.0
601,node_1,,,,20.033333333333335
602,node_1,,,,20.066666666666666
603,node_1,,,,20.1
604,node_1,,,,20.133333333333333
605,node_1,,,,20.166666666666668
606,node_1,,,,20.2
607,node_1,,,,20.233333333333334
608,node_1,,,,20.266666666666666
609,node_1,,,,20.3
610,node_1,,,,20.333333333333332
611,node_1,,,,20.366666666666667
612,node_1,,,,20.4
613,node_1,,,,20.433333333333334
614,node_1,,,,20.466666666666665
615,node_1,,,,20.5
616,node_1,,,,20.533333333333335
617,node_1,,,,20.566666666666666
618,node_1,,,,20.6
619,node_1,,,,20.633333333333333
620,node_1,,,,20.666666666666668
621,node_1,,,,20.7
622,node_1,,,,20.733333333333334
623,node_1,,,,20.766666666666666
624,node_1,,,,20.8
625,node_1,,,,20.833333333333332
626,node_1,,,,20.866666666666667
627,node_1,,,,20.9
628,node_1,,,,20.933333333333334
629,node_1,,,,20.966666666666665
630,node_1,,,,21.0
631,node_1,,,,21.033333333333335
632,node_1,,,,21.066666666666666
633,node_1,,,,21.1
634,node_1,,,,21.133333333333333
635,node_1,,,,21.166666666666668
636,node_1,,,,21.2
637,node_1,,,,21.233333333333334
638,node_1,,,,21.266666666666666
639,node_1,,,,21.3
640,node_1,,,,21.333333333333332
641,node_1,,,,21.366666666666667
642,node_1,,,,21.4
643,node_1,,,,21.433333333333334
644,node_1,,,,21.466666666666665
645,node_1,,,,21.5
646,node_1,,,,21.533333333333335
647,node_1,,,,21.566666666666666
648,node_1,,,,21.6
649,node_1,,,,21.633333333333333
650,node_1,,,,21.666666666666668
651,node_1,,,,21.7
652,node_1,,,,21.733333333333334
653,node_1,,,,21.766666666666666
654,node_1,,,,21.8
655,node_1,,,,21.833333333333332
656,node_1,,,,21.866666666666667
657,node_1,,,,21.9
658,node_1,,,,21.933333333333334
659,node_1,,,,21.966666666666665
660,node_1,,,,22.0
661,node_1,,,,22.033333333333335
662,node_1,,,,22.066666666666666
663,node_1,,,,22.1
664,node_1,,,,22.133333333333333
665,node_1,,,,22.166666666666668
666,node_1,,,,22.2
667,node_1,,,,22.233333333333334
668,node_1,,,,22.266666666666666
669,node_1,,,,22.3
670,node_1,,,,22.333333333333332
671,node_1,,,,22.366666666666667
672,node_1,,,,22.4
673,node_1,,,,22.433333333333334
674,node_1,,,,22.466666666666665
675,node_1,,,,22.5
676,node_1,,,,22.533333333333335
677,node_1,,,,22.566666666666666
678,node_1,,,,22.6
679,node_1,,,,22.633333333333333
680,node_1,,,,22.666666666666668
681,node_1,,,,22.7
682,node_1,,,,22.733333333333334
683,node_1,,,,22.766666666666666
684,node_1,,,,22.8
685,node_1,,,,22.833333333333332
686,node_1,,,,22.866666666666667
687,node_1,,,,22.9
688,node_1,,,,22.933333333333334
689,node_1,,,,22.966666666666665
690,node_1,,,,23.0
691,node_1,,,,23.033333333333335
692,node_1,,,,23.066666666666666
693,node_1,,,,23.1
694,node_1,,,,23.133333333333333
695,node_1,,,,23.166666666666668
696,node_1,,,,23.2
697,node_1,,,,23.233333333333334
698,node_1,,,,23.266666666666666
699,node_1,,,,23.3
700,node_1,,,,23.333333333333332
701,node_1,,,,23.366666666666667
702,node_1,,,,23.4
703,node_1,,,,23.433333333333334
704,node_1,,,,23.466666666666665
705,node_1,,,,23.5
706,node_1,,,,23.533333333333335
707,node_1,,,,23.566666666666666
708,node_1,,,,23.6
709,node_1,,,,23.633333333333333
710,node_1,,,,23.666666666666668
711,node_1,,,,23.7
712,node_1,,,,23.733333333333334
713,node_1,,,,23.766666666666666
714,node_1,,,,23.8
715,node_1,,,,23.833333333333332
716,node_1,,,,23.866666666666667
717,node_1,,,,23.9
718,node_1,,,,23.933333333333334
719,node_1,,,,23.966666666666665
720,node_1,,,,24.0
721,node_1,,,,24.033333333333335
722,node_1,,,,24.066666666666666
723,node_1,,,,24.1
724,node_1,,,,24.133333333333333
725,node_1,,,,24.166666666666668
726,node_1,,,,24.2
727,node_1,,,,24.233333333333334
728,node_1,,,,24.266666666666666
729,node_1,,,,24.3
730,node_1,,,,24.333333333333332
731,node_1,,,,24.366666666666667
732,node_1,,,,24.4
733,node_1,,,,24.433333333333334
734,node_1,,,,24.466666666666665
735,node_1,,,,24.5
736,node_1,,,,24.533333333333335
737,node_1,,,,24.566666666666666
738,node_1,,,,24.6
739,node_1,,,,24.633333333333333
740,node_1,,,,24.666666666666668
741,node_1,,,,24.7
742,node_1,,,,24.733333333333334
743,node_1,,,,24.766666666666666
744,node_1,,,,24.8
745,node_1,,,,24.833333333333332
746,node_1,,,,24.866666666666667
747,node_1,,,,24.9
748,node_1,,,,24.933333333333334
749,node_1,,,,24.966666666666665
750,node_1,,,,25.0
751,node_1,,,,25.033333333333335
752,node_1,,,,25.066666666666666
753,node_1,,,,25.1
754,node_1,,,,25.133333333333333
755,node_1,,,,25.166666666666668
756,node_1,,,,25.2
757,node_1,,,,25.233333333333334
758,node_1,,,,25.266666666666666
759,node_1,,,,25.3
760,node_1,,,,25.333333333333332
761,node_1,,,,25.366666666666667
762,node_1,,,,25.4
763,node_1,,,,25.433333333333334
764,node_1,,,,25.466666666666665
765,node_1,,,,25.5
766,node_1,,,,25.533333333333335
767,node_1,,,,25.566666666666666
768,node_1,,,,25.6
769,node_1,,,,25.633333333333333
770,node_1,,,,25.666666666666668
771,node_1,,,,25.7
772,node_1,,,,25.733333333333334
773,node_1,,,,25.766666666666666
774,node_1,,,,25.8
775,node_1,,,,25.833333333333332
776,node_1,,,,25.866666666666667
777,node_1,,,,25.9
778,node_1,,,,25.933333333333334
779,node_1,,,,25.966666666666665
780,node_1,,,,26.0
781,node_1,,,,26.033333333333335
782,node_1,,,,26.066666666666666
783,node_1,,,,26.1
784,node_1,,,,26.133333333333333
785,node_1,,,,26.166666666666668
786,node_1,,,,26.2
787,node_1,,,,26.233333333333334
788,node_1,,,,26.266666666666666
789,node_1,,,,26.3
790,node_1,,,,26.333333333333332
791,node_1,,,,26.366666666666667
792,node_1,,,,26.4
793,node_1,,,,26.433333333333334
794,node_1,,,,26.466666666666665
795,node_1,,,,26.5
796,node_1,,,,26.533333333333335
797,node_1,,,,26.566666666666666
798,node_1,,,,26.6
799,node_1,,,,26.633333333333333
800,node_1,,,,26.666666666666668
801,node_1,,,,26.7
802,node_1,,,,26.733333333333334
803,node_1,,,,26.766666666666666
804,node_1,,,,26.8
805,node_1,,,,26.833333333333332
806,node_1,,,,26.866666666666667
807,node_1,,,,26.9
808,node_1,,,,26.933333333333334
809,node_1,,,,26.966666666666665
810,node_1,,,,27.0
811,node_1,,,,27.033333333333335
812,node_1,,,,27.066666666666666
813,node_1,,,,27.1
814,node_1,,,,27.133333333333333
815,node_1,,,,27.166666666666668
816,node_1,,,,27.2
817,node_1,,,,27.233333333333334
818,node_1,,,,27.266666666666666
819,node_1,,,,27.3
820,node_1,,,,27.333333333333332
821,node_1,,,,27.366666666666667
822,node_1,,,,27.4
823,node_1,,,,27.433333333333334
824,node_1,,,,27.466666666666665
825,node_1,,,,27.5
826,node_1,,,,27.533333333333335
827,node_1,,,,27.566666666666666
828,node_1,,,,27.6
829,node_1,,,,27.633333333333333
830,node_1,,,,27.666666666666668
831,node_1,,,,27.7
832,node_1,,,,27.733333333333334
833,node_1,,,,27.766666666666666
834,node_1,,,,27.8
835,node_1,,,,27.833333333333332
836,node_1,,,,27.866666666666667
837,node_1,,,,27.9
838,node_1,,,,27.933333333333334
839,node_1,,,,27.966666666666665
840,node_1,,,,28.0
841,node_1,,,,28.033333333333335
842,node_1,,,,28.066666666666666
843,node_1,,,,28.1
844,node_1,,,,28.133333333333333
845,node_1,,,,28.166666666666668
846,node_1,,,,28.2
847,node_1,,,,28.233333333333334
848,node_1,,,,28.266666666666666
849,node_1,,,,28.3
850,node_1,,,,28.333333333333332
851,node_1,,,,28.366666666666667
852,node_1,,,,28.4
853,node_1,,,,28.433333333333334
854,node_1,,,,28.466666666666665
855,node_1,,,,28.5
856,node_1,,,,28.533333333333335
857,node_1,,,,28.566666666666666
858,node_1,,,,28.6
859,node_1,,,,28.633333333333333
860,node_1,,,,28.666666666666668
861,node_1,,,,28.7
862,node_1,,,,28.733333333333334
863,node_1,,,,28.766666666666666
864,node_1,,,,28.8
865,node_1,,,,28.833333333333332
866,node_1,,,,28.866666666666667
867,node_1,,,,28.9
868,node_1,,,,28.933333333333334
869,node_1,,,,28.966666666666665
870,node_1,,,,29.0
871,node_1,,,,29.033333333333335
872,node_1,,,,29.066666666666666
873,node_1,,,,29.1
874,node_1,,,,29.133333333333333
875,node_1,,,,29.166666666666668
876,node_1,,,,29.2
877,node_1,,,,29.233333333333334
878,node_1,,,,29.266666666666666
879,node_1,,,,29.3
880,node_1,,,,29.333333333333332
881,node_1,,,,29.366666666666667
882,node_1,,,,29.4
883,node_1,,,,29.433333333333334
884,node_1,,,,29.466666666666665
885,node_1,,,,29.5
886,node_1,,,,29.533333333333335
887,node_1,,,,29.566666666666666
888,node_1,,,,29.6
889,node_1,,,,29.633333333333333
890,node_1,,,,29.666666666666668
891,node_1,,,,29.7
892,node_1,,,,29.733333333333334
893,node_1,,,,29.766666666666666
894,node_1,,,,29.8
895,node_1,,,,29.833333333333332
896,node_1,,,,29.866666666666667
897,node_1,,,,29.9
898,node_1,,,,29.933333333333334
899,node_1,,,,29.966666666666665
900,node_1,,,,30.0
901,node_1,,,,30.033333333333335
902,node_1,,,,30.066666666666666
903,node_1,,,,30.1
904,node_1,,,,30.133333333333333
905,node_1,,,,30.166666666666668
906,node_1,,,,30.2
907,node_1,,,,30.233333333333334
908,node_1,,,,30.266666666666666
909,node_1,,,,30.3
910,node_1,,,,30.333333333333332
911,node_1,,,,30.366666666666667
912,node_1,,,,30.4
913,node_1,,,,30.433333333333334
914,node_1,,,,30.466666666666665
915,node_1,,,,30.5
916,node_1,,,,30.533333333333335
917,node_1,,,,30.566666666666666
918,node_1,,,,30.6
919,node_1,,,,30.633333333333333
920,node_1,,,,30.666666666666668
921,node_1,,,,30.7
922,node_1,,,,30.733333333333334
923,node_1,,,,30.766666666666666
924,node_1,,,,30.8
925,node_1,,,,30.833333333333332
926,node_1,,,,30.866666666666667
927,node_1,,,,30.9
928,node_1,,,,30.933333333333334
929,node_1,,,,30.966666666666665
930,node_1,,,,31.0
931,node_1,,,,31.033333333333335
932,node_1,,,,31.066666666666666
933,node_1,,,,31.1
934,node_1,,,,31.133333333333333
935,node_1,,,,31.166666666666668
936,node_1,,,,31.2
937,node_1,,,,31.233333333333334
938,node_1,,,,31.266666666666666
939,node_1,,,,31.3
940,node_1,,,,31.333333333333332
941,node_1,,,,31.366666666666667
942,node_1,,,,31.4
943,node_1,,,,31.433333333333334
944,node_1,,,,31.466666666666665
945,node_1,,,,31.5
946,node_1,,,,31.533333333333335
947,node_1,,,,31.566666666666666
948,node_1,,,,31.6
949,node_1,,,,31.633333333333333
950,node_1,,,,31.666666666666668
951,node_1,,,,31.7
952,node_1,,,,31.733333333333334
953,node_1,,,,31.766666666666666
954,node_1,,,,31.8
955,node_1,,,,31.833333333333332
956,node_1,,,,31.866666666666667
957,node_1,,,,31.9
958,node_1,,,,31.933333333333334
959,node_1,,,,31.966666666666665
960,node_1,,,,32.0
961,node_1,,,,32.03333333333333
962,node_1,,,,32.06666666666667
963,node_1,,,,32.1
964,node_1,,,,32.13333333333333
965,node_1,,,,32.166666666666664
966,node_1,,,,32.2
967,node_1,,,,32.233333333333334
968,node_1,,,,32.266666666666666
969,node_1,,,,32.3
970,node_1,,,,32.333333333333336
971,node_1,,,,32.36666666666667
972,node_1,,,,32.4
973,node_1,,,,32.43333333333333
974,node_1,,,,32.46666666666667
975,node_1,,,,32.5
976,node_1,,,,32.53333333333333
977,node_1,,,,32.56666666666667
978,node_1,,,,32.6
979,node_1,,,,32.63333333333333
980,node_1,,,,32.666666666666664
981,node_1,,,,32.7
982,node_1,,,,32.733333333333334
983,node_1,,,,32.766666666666666
984,node_1,,,,32.8
985,node_1,,,,32.833333333333336
986,node_1,,,,32.86666666666667
987,node_1,,,,32.9
988,node_1,,,,32.93333333333333
989,node_1,,,,32.96666666666667
990,node_1,,,,33.0
991,node_1,,,,33.03333333333333
992,node_1,,,,33.06666666666667
993,node_1,,,,33.1
994,node_1,,,,33.13333333333333
995,node_1,,,,33.166666666666664
996,node_1,,,,33.2
997,node_1,,,,33.233333333333334
998,node_1,,,,33.266666666666666
999,node_1,,,,33.3
1000,node_1,,,,33.333333333333336
1001,node_1,,,,33.36666666666667
1002,node_1,,,,33.4
1003,node_1,,,,33.43333333333333
1004,node_1,,,,33.46666666666667
1005,node_1,,,,33.5
1006,node_1,,,,33.53333333333333
1007,node_1,,,,33.56666666666667
1008,node_1,,,,33.6
1009,node_1,,,,33.63333333333333
1010,node_1,,,,33.666666666666664
1011,node_1,,,,33.7
1012,node_1,,,,33.733333333333334
1013,node_1,,,,33.766666666666666
1014,node_1,,,,33.8
1015,node_1,,,,33.833333333333336
1016,node_1,,,,33.86666666666667
1017,node_1,,,,33.9
1018,node_1,,,,33.93333333333333
1019,node_1,,,,33.96666666666667
1020,node_1,,,,34.0
1021,node_1,,,,34.03333333333333
1022,node_1,,,,34.06666666666667
1023,node_1,,,,34.1
1024,node_1,,,,34.13333333333333
1025,node_1,,,,34.166666666666664
1026,node_1,,,,34.2
1027,node_1,,,,34.233333333333334
1028,node_1,,,,34.266666666666666
1029,node_1,,,,34.3
1030,node_1,,,,34.333333333333336
1031,node_1,,,,34.36666666666667
1032,node_1,,,,34.4
1033,node_1,,,,34.43333333333333
1034,node_1,,,,34.46666666666667
1035,node_1,,,,34.5
1036,node_1,,,,34.53333333333333
1037,node_1,,,,34.56666666666667
1038,node_1,,,,34.6
1039,node_1,,,,34.63333333333333
1040,node_1,,,,34.666666666666664
1041,node_1,,,,34.7
1042,node_1,,,,34.733333333333334
1043,node_1,,,,34.766666666666666
1044,node_1,,,,34.8
1045,node_1,,,,34.833333333333336
1046,node_1,,,,34.86666666666667
1047,node_1,,,,34.9
1048,node_1,,,,34.93333333333333
1049,node_1,,,,34.96666666666667
1050,node_1,,,,35.0
1051,node_1,,,,35.03333333333333
1052,node_1,,,,35.06666666666667
1053,node_1,,,,35.1
1054,node_1,,,,35.13333333333333
1055,node_1,,,,35.166666666666664
1056,node_1,,,,35.2
1057,node_1,,,,35.233333333333334
1058,node_1,,,,35.266666666666666
1059,node_1,,,,35.3
1060,node_1,,,,35.333333333333336
1061,node_1,,,,35.36666666666667
1062,node_1,,,,35.4
1063,node_1,,,,35.43333333333333
1064,node_1,,,,35.46666666666667
1065,node_1,,,,35.5
1066,node_1,,,,35.53333333333333
1067,node_1,,,,35.56666666666667
1068,node_1,,,,35.6
1069,node_1,,,,35.63333333333333
1070,node_1,,,,35.666666666666664
1071,node_1,,,,35.7
1072,node_1,,,,35.733333333333334
1073,node_1,,,,35.766666666666666
1074,node_1,,,,35.8
1075,node_1,,,,35.833333333333336
1076,node_1,,,,35.86666666666667
1077,node_1,,,,35.9
1078,node_1,,,,35.93333333333333
1079,node_1,,,,35.96666666666667
1080,node_1,,,,36.0
1081,node_1,,,,36.03333333333333
1082,node_1,,,,36.06666666666667
1083,node_1,,,,36.1
1084,node_1,,,,36.13333333333333
1085,node_1,,,,36.166666666666664
1086,node_1,,,,36.2
1087,node_1,,,,36.233333333333334
1088,node_1,,,,36.266666666666666
1089,node_1,,,,36.3
1090,node_1,,,,36.333333333333336
1091,node_1,,,,36.36666666666667
1092,node_1,,,,36.4
1093,node_1,,,,36.43333333333333
1094,node_1,,,,36.46666666666667
1095,node_1,,,,36.5
1096,node_1,,,,36.53333333333333
1097,node_1,,,,36.56666666666667
1098,node_1,,,,36.6
1099,node_1,,,,36.63333333333333
1100,node_1,,,,36.666666666666664
1101,node_1,,,,36.7
1102,node_1,,,,36.733333333333334
1103,node_1,,,,36.766666666666666
1104,node_1,,,,36.8
1105,node_1,,,,36.833333333333336
1106,node_1,,,,36.86666666666667
1107,node_1,,,,36.9
1108,node_1,,,,36.93333333333333
1109,node_1,,,,36.96666666666667
1110,node_1,,,,37.0
1111,node_1,,,,37.03333333333333
1112,node_1,,,,37.06666666666667
1113,node_1,,,,37.1
1114,node_1,,,,37.13333333333333
1115,node_1,,,,37.166666666666664
1116,node_1,,,,37.2
1117,node_1,,,,37.233333333333334
1118,node_1,,,,37.266666666666666
1119,node_1,,,,37.3
1120,node_1,,,,37.333333333333336
1121,node_1,,,,37.36666666666667
1122,node_1,,,,37.4
1123,node_1,,,,37.43333333333333
1124,node_1,,,,37.46666666666667
1125,node_1,,,,37.5
1126,node_1,,,,37.53333333333333
1127,node_1,,,,37.56666666666667
1128,node_1,,,,37.6
1129,node_1,,,,37.63333333333333
1130,node_1,,,,37.666666666666664
1131,node_1,,,,37.7
1132,node_1,,,,37.733333333333334
1133,node_1,,,,37.766666666666666
1134,node_1,,,,37.8
1135,node_1,,,,37.833333333333336
1136,node_1,,,,37.86666666666667
1137,node_1,,,,37.9
1138,node_1,,,,37.93333333333333
1139,node_1,,,,37.96666666666667
1140,node_1,,,,38.0
1141,node_1,,,,38.03333333333333
1142,node_1,,,,38.06666666666667
1143,node_1,,,,38.1
1144,node_1,,,,38.13333333333333
1145,node_1,,,,38.166666666666664
1146,node_1,,,,38.2
1147,node_1,,,,38.233333333333334
1148,node_1,,,,38.266666666666666
1149,node_1,,,,38.3
1150,node_1,,,,38.333333333333336
1151,node_1,,,,38.36666666666667
1152,node_1,,,,38.4
1153,node_1,,,,38.43333333333333
1154,node_1,,,,38.46666666666667
1155,node_1,,,,38.5
1156,node_1,,,,38.53333333333333
1157,node_1,,,,38.56666666666667
1158,node_1,,,,38.6
1159,node_1,,,,38.63333333333333
1160,node_1,,,,38.666666666666664
1161,node_1,,,,38.7
1162,node_1,,,,38.733333333333334
1163,node_1,,,,38.766666666666666
1164,node_1,,,,38.8
1165,node_1,,,,38.833333333333336
1166,node_1,,,,38.86666666666667
1167,node_1,,,,38.9
1168,node_1,,,,38.93333333333333
1169,node_1,,,,38.96666666666667
1170,node_1,,,,39.0
1171,node_1,,,,39.03333333333333
1172,node_1,,,,39.06666666666667
1173,node_1,,,,39.1
1174,node_1,,,,39.13333333333333
1175,node_1,,,,39.166666666666664
1176,node_1,,,,39.2
1177,node_1,,,,39.233333333333334
1178,node_1,,,,39.266666666666666
1179,node_1,,,,39.3
1180,node_1,,,,39.333333333333336
1181,node_1,,,,39.36666666666667
1182,node_1,,,,39.4
1183,node_1,,,,39.43333333333333
1184,node_1,,,,39.46666666666667
1185,node_1,,,,39.5
1186,node_1,,,,39.53333333333333
1187,node_1,,,,39.56666666666667
1188,node_1,,,,39.6
1189,node_1,,,,39.63333333333333
1190,node_1,,,,39.666666666666664
1191,node_1,,,,39.7
1192,node_1,,,,39.733333333333334
1193,node_1,,,,39.766666666666666
1194,node_1,,,,39.8
1195,node_1,,,,39.833333333333336
1196,node_1,,,,39.86666666666667
1197,node_1,,,,39.9
1198,node_1,,,,39.93333333333333
1199,node_1,,,,39.96666666666667
1200,node_1,,,,40.0
1201,node_1,,,,40.03333333333333
1202,node_1,,,,40.06666666666667
1203,node_1,,,,40.1
1204,node_1,,,,40.13333333333333
1205,node_1,,,,40.166666666666664
1206,node_1,,,,40.2
1207,node_1,,,,40.233333333333334
1208,node_1,,,,40.266666666666666
1209,node_1,,,,40.3
1210,node_1,,,,40.333333333333336
1211,node_1,,,,40.36666666666667
1212,node_1,,,,40.4
1213,node_1,,,,40.43333333333333
1214,node_1,,,,40.46666666666667
1215,node_1,,,,40.5
1216,node_1,,,,40.53333333333333
1217,node_1,,,,40.56666666666667
1218,node_1,,,,40.6
1219,node_1,,,,40.63333333333333
1220,node_1,,,,40.666666666666664
1221,node_1,,,,40.7
1222,node_1,,,,40.733333333333334
1223,node_1,,,,40.766666666666666
1224,node_1,,,,40.8
1225,node_1,,,,40.833333333333336
1226,node_1,,,,40.86666666666667
1227,node_1,,,,40.9
1228,node_1,,,,40.93333333333333
1229,node_1,,,,40.96666666666667
1230,node_1,,,,41.0
1231,node_1,,,,41.03333333333333
1232,node_1,,,,41.06666666666667
1233,node_1,,,,41.1
1234,node_1,,,,41.13333333333333
1235,node_1,,,,41.166666666666664
1236,node_1,,,,41.2
1237,node_1,,,,41.233333333333334
1238,node_1,,,,41.266666666666666
1239,node_1,,,,41.3
1240,node_1,,,,41.333333333333336
1241,node_1,,,,41.36666666666667
1242,node_1,,,,41.4
1243,node_1,,,,41.43333333333333
1244,node_1,,,,41.46666666666667
1245,node_1,,,,41.5
1246,node_1,,,,41.53333333333333
1247,node_1,,,,41.56666666666667
1248,node_1,,,,41.6
1249,node_1,,,,41.63333333333333
1250,node_1,,,,41.666666666666664
1251,node_1,,,,41.7
1252,node_1,,,,41.733333333333334
1253,node_1,,,,41.766666666666666
1254,node_1,,,,41.8
1255,node_1,,,,41.833333333333336
1256,node_1,,,,41.86666666666667
1257,node_1,,,,41.9
1258,node_1,,,,41.93333333333333
1259,node_1,,,,41.96666666666667
1260,node_1,,,,42.0
1261,node_1,,,,42.03333333333333
1262,node_1,,,,42.06666666666667
1263,node_1,,,,42.1
1264,node_1,,,,42.13333333333333
1265,node_1,,,,42.166666666666664
1266,node_1,,,,42.2
1267,node_1,,,,42.233333333333334
1268,node_1,,,,42.266666666666666
1269,node_1,,,,42.3
1270,node_1,,,,42.333333333333336
1271,node_1,,,,42.36666666666667
1272,node_1,,,,42.4
1273,node_1,,,,42.43333333333333
1274,node_1,,,,42.46666666666667
1275,node_1,,,,42.5
1276,node_1,,,,42.53333333333333
1277,node_1,,,,42.56666666666667
1278,node_1,,,,42.6
1279,node_1,,,,42.63333333333333
1280,node_1,,,,42.666666666666664
1281,node_1,,,,42.7
1282,node_1,,,,42.733333333333334
1283,node_1,,,,42.766666666666666
1284,node_1,,,,42.8
1285,node_1,,,,42.833333333333336
1286,node_1,,,,42.86666666666667
1287,node_1,,,,42.9
1288,node_1,,,,42.93333333333333
1289,node_1,,,,42.96666666666667
1290,node_1,,,,43.0
1291,node_1,,,,43.03333333333333
1292,node_1,,,,43.06666666666667
1293,node_1,,,,43.1
1294,node_1,,,,43.13333333333333
1295,node_1,,,,43.166666666666664
1296,node_1,,,,43.2
1297,node_1,,,,43.233333333333334
1298,node_1,,,,43.266666666666666
1299,node_1,,,,43.3
1300,node_1,,,,43.333333333333336
1301,node_1,,,,43.36666666666667
1302,node_1,,,,43.4
1303,node_1,,,,43.43333333333333
1304,node_1,,,,43.46666666666667
1305,node_1,,,,43.5
1306,node_1,,,,43.53333333333333
1307,node_1,,,,43.56666666666667
1308,node_1,,,,43.6
1309,node_1,,,,43.63333333333333
1310,node_1,,,,43.666666666666664
1311,node_1,,,,43.7
0,node_2,,,,0.0
1,node_2,,,,0.03333333333333333
2,node_2,,,,0.06666666666666667
3,node_2,,,,0.1
4,node_2,,,,0.13333333333333333
5,node_2,,,,0.16666666666666666
6,node_2,,,,0.2
7,node_2,,,,0.23333333333333334
8,node_2,,,,0.26666666666666666
9,node_2,,,,0.3
10,node_2,,,,0.3333333333333333
11,node_2,,,,0.36666666666666664
12,node_2,,,,0.4
13,node_2,,,,0.43333333333333335
14,node_2,,,,0.4666666666666667
15,node_2,,,,0.5
16,node_2,,,,0.5333333333333333
17,node_2,,,,0.5666666666666667
18,node_2,,,,0.6
19,node_2,,,,0.6333333333333333
20,node_2,,,,0.6666666666666666
21,node_2,,,,0.7
22,node_2,,,,0.7333333333333333
23,node_2,,,,0.7666666666666667
24,node_2,,,,0.8
25,node_2,,,,0.8333333333333334
26,node_2,,,,0.8666666666666667
27,node_2,,,,0.9
28,node_2,,,,0.9333333333333333
29,node_2,,,,0.9666666666666667
30,node_2,,,,1.0
31,node_2,,,,1.0333333333333334
32,node_2,,,,1.0666666666666667
33,node_2,,,,1.1
34,node_2,,,,1.1333333333333333
35,node_2,,,,1.1666666666666667
36,node_2,,,,1.2
37,node_2,,,,1.2333333333333334
38,node_2,,,,1.2666666666666666
39,node_2,,,,1.3
40,node_2,,,,1.3333333333333333
41,node_2,,,,1.3666666666666667
42,node_2,,,,1.4
43,node_2,,,,1.4333333333333333
44,node_2,,,,1.4666666666666666
45,node_2,,,,1.5
46,node_2,,,,1.5333333333333334
47,node_2,,,,1.5666666666666667
48,node_2,,,,1.6
49,node_2,,,,1.6333333333333333
50,node_2,,,,1.6666666666666667
51,node_2,,,,1.7
52,node_2,,,,1.7333333333333334
53,node_2,,,,1.7666666666666666
54,node_2,,,,1.8
55,node_2,,,,1.8333333333333333
56,node_2,,,,1.8666666666666667
57,node_2,,,,1.9
58,node_2,,,,1.9333333333333333
59,node_2,,,,1.9666666666666666
60,node_2,,,,2.0
61,node_2,,,,2.033333333333333
62,node_2,,,,2.066666666666667
63,node_2,,,,2.1
64,node_2,,,,2.1333333333333333
65,node_2,,,,2.1666666666666665
66,node_2,,,,2.2
67,node_2,,,,2.2333333333333334
68,node_2,,,,2.2666666666666666
69,node_2,,,,2.3
70,node_2,,,,2.3333333333333335
71,node_2,,,,2.3666666666666667
72,node_2,,,,2.4
73,node_2,,,,2.433333333333333
74,node_2,,,,2.466666666666667
75,node_2,,,,2.5
76,node_2,,,,2.533333333333333
77,node_2,,,,2.566666666666667
78,node_2,,,,2.6
79,node_2,,,,2.6333333333333333
80,node_2,,,,2.6666666666666665
81,node_2,,,,2.7
82,node_2,,,,2.7333333333333334
83,node_2,,,,2.7666666666666666
84,node_2,,,,2.8
85,node_2,,,,2.8333333333333335
86,node_2,,,,2.8666666666666667
87,node_2,,,,2.9
88,node_2,,,,2.933333333333333
89,node_2,,,,2.966666666666667
90,node_2,,,,3.0
91,node_2,,,,3.033333333333333
92,node_2,,,,3.066666666666667
93,node_2,,,,3.1
94,node_2,,,,3.1333333333333333
95,node_2,,,,3.1666666666666665
96,node_2,,,,3.2
97,node_2,,,,3.2333333333333334
98,node_2,,,,3.2666666666666666
99,node_2,,,,3.3
100,node_2,,,,3.3333333333333335
101,node_2,,,,3.3666666666666667
102,node_2,,,,3.4
103,node_2,,,,3.433333333333333
104,node_2,,,,3.466666666666667
105,node_2,,,,3.5
106,node_2,,,,3.533333333333333
107,node_2,,,,3.566666666666667
108,node_2,,,,3.6
109,node_2,,,,3.6333333333333333
110,node_2,,,,3.6666666666666665
111,node_2,,,,3.7
112,node_2,,,,3.7333333333333334
113,node_2,,,,3.7666666666666666
114,node_2,,,,3.8
115,node_2,,,,3.8333333333333335
116,node_2,,,,3.8666666666666667
117,node_2,,,,3.9
118,node_2,,,,3.933333333333333
119,node_2,,,,3.966666666666667
120,node_2,,,,4.0
121,node_2,,,,4.033333333333333
122,node_2,,,,4.066666666666666
123,node_2,,,,4.1
124,node_2,,,,4.133333333333334
125,node_2,,,,4.166666666666667
126,node_2,,,,4.2
127,node_2,,,,4.233333333333333
128,node_2,,,,4.266666666666667
129,node_2,,,,4.3
130,node_2,,,,4.333333333333333
131,node_2,,,,4.366666666666666
132,node_2,,,,4.4
133,node_2,,,,4.433333333333334
134,node_2,,,,4.466666666666667
135,node_2,,,,4.5
136,node_2,,,,4.533333333333333
137,node_2,,,,4.566666666666666
138,node_2,,,,4.6
139,node_2,,,,4.633333333333334
140,node_2,,,,4.666666666666667
141,node_2,,,,4.7
142,node_2,,,,4.733333333333333
143,node_2,,,,4.766666666666667
144,node_2,,,,4.8
145,node_2,,,,4.833333333333333
146,node_2,,,,4.866666666666666
147,node_2,,,,4.9
148,node_2,,,,4.933333333333334
149,node_2,,,,4.966666666666667
150,node_2,,,,5.0
151,node_2,,,,5.033333333333333
152,node_2,,,,5.066666666666666
153,node_2,,,,5.1
154,node_2,,,,5.133333333333334
155,node_2,,,,5.166666666666667
156,node_2,,,,5.2
157,node_2,,,,5.233333333333333
158,node_2,,,,5.266666666666667
159,node_2,,,,5.3
160,node_2,,,,5.333333333333333
161,node_2,,,,5.366666666666666
162,node_2,,,,5.4
163,node_2,,,,5.433333333333334
164,node_2,,,,5.466666666666667
165,node_2,,,,5.5
166,node_2,,,,5.533333333333333
167,node_2,,,,5.566666666666666
168,node_2,,,,5.6
169,node_2,,,,5.633333333333334
170,node_2,,,,5.666666666666667
171,node_2,,,,5.7
172,node_2,,,,5.733333333333333
173,node_2,,,,5.766666666666667
174,node_2,,,,5.8
175,node_2,,,,5.833333333333333
176,node_2,,,,5.866666666666666
177,node_2,,,,5.9
178,node_2,,,,5.933333333333334
179,node_2,,,,5.966666666666667
180,node_2,,,,6.0
181,node_2,,,,6.033333333333333
182,node_2,,,,6.066666666666666
183,node_2,,,,6.1
184,node_2,,,,6.133333333333334
185,node_2,,,,6.166666666666667
186,node_2,,,,6.2
187,node_2,,,,6.233333333333333
188,node_2,,,,6.266666666666667
189,node_2,,,,6.3
190,node_2,,,,6.333333333333333
191,node_2,,,,6.366666666666666
192,node_2,,,,6.4
193,node_2,,,,6.433333333333334
194,node_2,,,,6.466666666666667
195,node_2,,,,6.5
196,node_2,,,,6.533333333333333
197,node_2,,,,6.566666666666666
198,node_2,,,,6.6
199,node_2,,,,6.633333333333334
200,node_2,,,,6.666666666666667
201,node_2,,,,6.7
202,node_2,,,,6.733333333333333
203,node_2,,,,6.766666666666667
204,node_2,,,,6.8
205,node_2,,,,6.833333333333333
206,node_2,,,,6.866666666666666
207,node_2,,,,6.9
208,node_2,,,,6.933333333333334
209,node_2,,,,6.966666666666667
210,node_2,,,,7.0
211,node_2,,,,7.033333333333333
212,node_2,,,,7.066666666666666
213,node_2,,,,7.1
214,node_2,,,,7.133333333333334
215,node_2,,,,7.166666666666667
216,node_2,,,,7.2
217,node_2,,,,7.233333333333333
218,node_2,,,,7.266666666666667
219,node_2,,,,7.3
220,node_2,,,,7.333333333333333
221,node_2,,,,7.366666666666666
222,node_2,,,,7.4
223,node_2,,,,7.433333333333334
224,node_2,,,,7.466666666666667
225,node_2,,,,7.5
226,node_2,,,,7.533333333333333
227,node_2,,,,7.566666666666666
228,node_2,,,,7.6
229,node_2,,,,7.633333333333334
230,node_2,,,,7.666666666666667
231,node_2,,,,7.7
232,node_2,,,,7.733333333333333
233,node_2,,,,7.766666666666667
234,node_2,,,,7.8
235,node_2,,,,7.833333333333333
236,node_2,,,,7.866666666666666
237,node_2,,,,7.9
238,node_2,,,,7.933333333333334
239,node_2,,,,7.966666666666667
240,node_2,,,,8.0
241,node_2,,,,8.033333333333333
242,node_2,,,,8.066666666666666
243,node_2,,,,8.1
244,node_2,,,,8.133333333333333
245,node_2,,,,8.166666666666666
246,node_2,,,,8.2
247,node_2,,,,8.233333333333333
248,node_2,,,,8.266666666666667
249,node_2,,,,8.3
250,node_2,,,,8.333333333333334
251,node_2,,,,8.366666666666667
252,node_2,,,,8.4
253,node_2,,,,8.433333333333334
254,node_2,,,,8.466666666666667
255,node_2,,,,8.5
256,node_2,,,,8.533333333333333
257,node_2,,,,8.566666666666666
258,node_2,,,,8.6
259,node_2,,,,8.633333333333333
260,node_2,,,,8.666666666666666
261,node_2,,,,8.7
262,node_2,,,,8.733333333333333
263,node_2,,,,8.766666666666667
264,node_2,,,,8.8
265,node_2,,,,8.833333333333334
266,node_2,,,,8.866666666666667
267,node_2,,,,8.9
268,node_2,,,,8.933333333333334
269,node_2,,,,8.966666666666667
270,node_2,,,,9.0
271,node_2,,,,9.033333333333333
272,node_2,,,,9.066666666666666
273,node_2,,,,9.1
274,node_2,,,,9.133333333333333
275,node_2,,,,9.166666666666666
276,node_2,,,,9.2
277,node_2,,,,9.233333333333333
278,node_2,,,,9.266666666666667
279,node_2,,,,9.3
280,node_2,,,,9.333333333333334
281,node_2,,,,9.366666666666667
282,node_2,,,,9.4
283,node_2,,,,9.433333333333334
284,node_2,,,,9.466666666666667
285,node_2,,,,9.5
286,node_2,,,,9.533333333333333
287,node_2,,,,9.566666666666666
288,node_2,,,,9.6
289,node_2,,,,9.633333333333333
290,node_2,,,,9.666666666666666
291,node_2,,,,9.7
292,node_2,,,,9.733333333333333
293,node_2,,,,9.766666666666667
294,node_2,,,,9.8
295,node_2,,,,9.833333333333334
296,node_2,,,,9.866666666666667
297,node_2,,,,9.9
298,node_2,,,,9.933333333333334
299,node_2,,,,9.966666666666667
300,node_2,,,,10.0
301,node_2,,,,10.033333333333333
302,node_2,,,,10.066666666666666
303,node_2,,,,10.1
304,node_2,,,,10.133333333333333
305,node_2,,,,10.166666666666666
306,node_2,,,,10.2
307,node_2,,,,10.233333333333333
308,node_2,,,,10.266666666666667
309,node_2,,,,10.3
310,node_2,,,,10.333333333333334
311,node_2,,,,10.366666666666667
312,node_2,,,,10.4
313,node_2,,,,10.433333333333334
314,node_2,,,,10.466666666666667
315,node_2,,,,10.5
316,node_2,,,,10.533333333333333
317,node_2,,,,10.566666666666666
318,node_2,,,,10.6
319,node_2,,,,10.633333333333333
320,node_2,,,,10.666666666666666
321,node_2,,,,10.7
322,node_2,,,,10.733333333333333
323,node_2,,,,10.766666666666667
324,node_2,,,,10.8
325,node_2,,,,10.833333333333334
326,node_2,,,,10.866666666666667
327,node_2,,,,10.9
328,node_2,,,,10.933333333333334
329,node_2,,,,10.966666666666667
330,node_2,,,,11.0
331,node_2,,,,11.033333333333333
332,node_2,,,,11.066666666666666
333,node_2,,,,11.1
334,node_2,,,,11.133333333333333
335,node_2,,,,11.166666666666666
336,node_2,,,,11.2
337,node_2,,,,11.233333333333333
338,node_2,,,,11.266666666666667
339,node_2,,,,11.3
340,node_2,,,,11.333333333333334
341,node_2,,,,11.366666666666667
342,node_2,,,,11.4
343,node_2,,,,11.433333333333334
344,node_2,,,,11.466666666666667
345,node_2,,,,11.5
346,node_2,,,,11.533333333333333
347,node_2,,,,11.566666666666666
348,node_2,,,,11.6
349,node_2,,,,11.633333333333333
350,node_2,,,,11.666666666666666
351,node_2,,,,11.7
352,node_2,,,,11.733333333333333
353,node_2,,,,11.766666666666667
354,node_2,,,,11.8
355,node_2,,,,11.833333333333334
356,node_2,,,,11.866666666666667
357,node_2,,,,11.9
358,node_2,,,,11.933333333333334
359,node_2,,,,11.966666666666667
360,node_2,,,,12.0
361,node_2,,,,12.033333333333333
362,node_2,,,,12.066666666666666
363,node_2,,,,12.1
364,node_2,,,,12.133333333333333
365,node_2,,,,12.166666666666666
366,node_2,,,,12.2
367,node_2,,,,12.233333333333333
368,node_2,,,,12.266666666666667
369,node_2,,,,12.3
370,node_2,,,,12.333333333333334
371,node_2,,,,12.366666666666667
372,node_2,,,,12.4
373,node_2,,,,12.433333333333334
374,node_2,,,,12.466666666666667
375,node_2,,,,12.5
376,node_2,,,,12.533333333333333
377,node_2,,,,12.566666666666666
378,node_2,,,,12.6
379,node_2,,,,12.633333333333333
380,node_2,,,,12.666666666666666
381,node_2,,,,12.7
382,node_2,,,,12.733333333333333
383,node_2,,,,12.766666666666667
384,node_2,,,,12.8
385,node_2,,,,12.833333333333334
386,node_2,,,,12.866666666666667
387,node_2,,,,12.9
388,node_2,,,,12.933333333333334
389,node_2,,,,12.966666666666667
390,node_2,,,,13.0
391,node_2,,,,13.033333333333333
392,node_2,,,,13.066666666666666
393,node_2,,,,13.1
394,node_2,,,,13.133333333333333
395,node_2,,,,13.166666666666666
396,node_2,,,,13.2
397,node_2,,,,13.233333333333333
398,node_2,,,,13.266666666666667
399,node_2,,,,13.3
400,node_2,,,,13.333333333333334
401,node_2,,,,13.366666666666667
402,node_2,,,,13.4
403,node_2,,,,13.433333333333334
404,node_2,,,,13.466666666666667
405,node_2,,,,13.5
406,node_2,,,,13.533333333333333
407,node_2,,,,13.566666666666666
408,node_2,,,,13.6
409,node_2,,,,13.633333333333333
410,node_2,,,,13.666666666666666
411,node_2,,,,13.7
412,node_2,,,,13.733333333333333
413,node_2,,,,13.766666666666667
414,node_2,,,,13.8
415,node_2,,,,13.833333333333334
416,node_2,,,,13.866666666666667
417,node_2,,,,13.9
418,node_2,,,,13.933333333333334
419,node_2,,,,13.966666666666667
420,node_2,,,,14.0
421,node_2,,,,14.033333333333333
422,node_2,,,,14.066666666666666
423,node_2,,,,14.1
424,node_2,,,,14.133333333333333
425,node_2,,,,14.166666666666666
426,node_2,,,,14.2
427,node_2,,,,14.233333333333333
428,node_2,,,,14.266666666666667
429,node_2,,,,14.3
430,node_2,,,,14.333333333333334
431,node_2,,,,14.366666666666667
432,node_2,,,,14.4
433,node_2,,,,14.433333333333334
434,node_2,,,,14.466666666666667
435,node_2,,,,14.5
436,node_2,,,,14.533333333333333
437,node_2,,,,14.566666666666666
438,node_2,,,,14.6
439,node_2,,,,14.633333333333333
440,node_2,,,,14.666666666666666
441,node_2,,,,14.7
442,node_2,,,,14.733333333333333
443,node_2,,,,14.766666666666667
444,node_2,,,,14.8
445,node_2,,,,14.833333333333334
446,node_2,,,,14.866666666666667
447,node_2,,,,14.9
448,node_2,,,,14.933333333333334
449,node_2,,,,14.966666666666667
450,node_2,,,,15.0
451,node_2,,,,15.033333333333333
452,node_2,,,,15.066666666666666
453,node_2,,,,15.1
454,node_2,,,,15.133333333333333
455,node_2,,,,15.166666666666666
456,node_2,,,,15.2
457,node_2,,,,15.233333333333333
458,node_2,,,,15.266666666666667
459,node_2,,,,15.3
460,node_2,,,,15.333333333333334
461,node_2,,,,15.366666666666667
462,node_2,,,,15.4
463,node_2,,,,15.433333333333334
464,node_2,,,,15.466666666666667
465,node_2,,,,15.5
466,node_2,,,,15.533333333333333
467,node_2,,,,15.566666666666666
468,node_2,,,,15.6
469,node_2,,,,15.633333333333333
470,node_2,,,,15.666666666666666
471,node_2,,,,15.7
472,node_2,,,,15.733333333333333
473,node_2,,,,15.766666666666667
474,node_2,,,,15.8
475,node_2,,,,15.833333333333334
476,node_2,,,,15.866666666666667
477,node_2,,,,15.9
478,node_2,,,,15.933333333333334
479,node_2,,,,15.966666666666667
480,node_2,,,,16.0
481,node_2,,,,16.033333333333335
482,node_2,,,,16.066666666666666
483,node_2,,,,16.1
484,node_2,,,,16.133333333333333
485,node_2,,,,16.166666666666668
486,node_2,,,,16.2
487,node_2,,,,16.233333333333334
488,node_2,,,,16.266666666666666
489,node_2,,,,16.3
490,node_2,,,,16.333333333333332
491,node_2,,,,16.366666666666667
492,node_2,,,,16.4
493,node_2,,,,16.433333333333334
494,node_2,,,,16.466666666666665
495,node_2,,,,16.5
496,node_2,,,,16.533333333333335
497,node_2,,,,16.566666666666666
498,node_2,,,,16.6
499,node_2,,,,16.633333333333333
500,node_2,,,,16.666666666666668
501,node_2,,,,16.7
502,node_2,,,,16.733333333333334
503,node_2,,,,16.766666666666666
504,node_2,,,,16.8
505,node_2,,,,16.833333333333332
506,node_2,,,,16.866666666666667
507,node_2,,,,16.9
508,node_2,,,,16.933333333333334
509,node_2,,,,16.966666666666665
510,node_2,,,,17.0
511,node_2,,,,17.033333333333335
512,node_2,,,,17.066666666666666
513,node_2,,,,17.1
514,node_2,,,,17.133333333333333
515,node_2,,,,17.166666666666668
516,node_2,,,,17.2
517,node_2,,,,17.233333333333334
518,node_2,,,,17.266666666666666
519,node_2,,,,17.3
520,node_2,,,,17.333333333333332
521,node_2,,,,17.366666666666667
522,node_2,,,,17.4
523,node_2,,,,17.433333333333334
524,node_2,,,,17.466666666666665
525,node_2,,,,17.5
526,node_2,,,,17.533333333333335
527,node_2,,,,17.566666666666666
528,node_2,,,,17.6
529,node_2,,,,17.633333333333333
530,node_2,,,,17.666666666666668
531,node_2,,,,17.7
532,node_2,,,,17.733333333333334
533,node_2,,,,17.766666666666666
534,node_2,,,,17.8
535,node_2,,,,17.833333333333332
536,node_2,,,,17.866666666666667
537,node_2,,,,17.9
538,node_2,,,,17.933333333333334
539,node_2,,,,17.966666666666665
540,node_2,,,,18.0
541,node_2,,,,18.033333333333335
542,node_2,,,,18.066666666666666
543,node_2,,,,18.1
544,node_2,,,,18.133333333333333
545,node_2,,,,18.166666666666668
546,node_2,,,,18.2
547,node_2,,,,18.233333333333334
548,node_2,,,,18.266666666666666
549,node_2,,,,18.3
550,node_2,,,,18.333333333333332
551,node_2,,,,18.366666666666667
552,node_2,,,,18.4
553,node_2,,,,18.433333333333334
554,node_2,,,,18.466666666666665
555,node_2,,,,18.5
556,node_2,,,,18.533333333333335
557,node_2,,,,18.566666666666666
558,node_2,,,,18.6
559,node_2,,,,18.633333333333333
560,node_2,,,,18.666666666666668
561,node_2,,,,18.7
562,node_2,,,,18.733333333333334
563,node_2,,,,18.766666666666666
564,node_2,,,,18.8
565,node_2,,,,18.833333333333332
566,node_2,,,,18.866666666666667
567,node_2,,,,18.9
568,node_2,,,,18.933333333333334
569,node_2,,,,18.966666666666665
570,node_2,,,,19.0
571,node_2,,,,19.033333333333335
572,node_2,,,,19.066666666666666
573,node_2,,,,19.1
574,node_2,,,,19.133333333333333
575,node_2,,,,19.166666666666668
576,node_2,,,,19.2
577,node_2,,,,19.233333333333334
578,node_2,,,,19.266666666666666
579,node_2,,,,19.3
580,node_2,,,,19.333333333333332
581,node_2,,,,19.366666666666667
582,node_2,,,,19.4
583,node_2,,,,19.433333333333334
584,node_2,,,,19.466666666666665
585,node_2,,,,19.5
586,node_2,,,,19.533333333333335
587,node_2,,,,19.566666666666666
588,node_2,,,,19.6
589,node_2,,,,19.633333333333333
590,node_2,,,,19.666666666666668
591,node_2,,,,19.7
592,node_2,,,,19.733333333333334
593,node_2,,,,19.766666666666666
594,node_2,,,,19.8
595,node_2,,,,19.833333333333332
596,node_2,,,,19.866666666666667
597,node_2,,,,19.9
598,node_2,,,,19.933333333333334
599,node_2,,,,19.966666666666665
600,node_2,,,,20.0
601,node_2,,,,20.033333333333335
602,node_2,,,,20.066666666666666
603,node_2,,,,20.1
604,node_2,,,,20.133333333333333
605,node_2,,,,20.166666666666668
606,node_2,,,,20.2
607,node_2,,,,20.233333333333334
608,node_2,,,,20.266666666666666
609,node_2,,,,20.3
610,node_2,,,,20.333333333333332
611,node_2,,,,20.366666666666667
612,node_2,,,,20.4
613,node_2,,,,20.433333333333334
614,node_2,,,,20.466666666666665
615,node_2,,,,20.5
616,node_2,,,,20.533333333333335
617,node_2,,,,20.566666666666666
618,node_2,,,,20.6
619,node_2,,,,20.633333333333333
620,node_2,,,,20.666666666666668
621,node_2,,,,20.7
622,node_2,,,,20.733333333333334
623,node_2,,,,20.766666666666666
624,node_2,,,,20.8
625,node_2,,,,20.833333333333332
626,node_2,,,,20.866666666666667
627,node_2,,,,20.9
628,node_2,,,,20.933333333333334
629,node_2,,,,20.966666666666665
630,node_2,,,,21.0
631,node_2,,,,21.033333333333335
632,node_2,,,,21.066666666666666
633,node_2,,,,21.1
634,node_2,,,,21.133333333333333
635,node_2,,,,21.166666666666668
636,node_2,,,,21.2
637,node_2,,,,21.233333333333334
638,node_2,,,,21.266666666666666
639,node_2,,,,21.3
640,node_2,,,,21.333333333333332
641,node_2,,,,21.366666666666667
642,node_2,,,,21.4
643,node_2,,,,21.433333333333334
644,node_2,,,,21.466666666666665
645,node_2,,,,21.5
646,node_2,,,,21.533333333333335
647,node_2,,,,21.566666666666666
648,node_2,,,,21.6
649,node_2,,,,21.633333333333333
650,node_2,,,,21.666666666666668
651,node_2,,,,21.7
652,node_2,,,,21.733333333333334
653,node_2,,,,21.766666666666666
654,node_2,,,,21.8
655,node_2,,,,21.833333333333332
656,node_2,,,,21.866666666666667
657,node_2,,,,21.9
658,node_2,,,,21.933333333333334
659,node_2,,,,21.966666666666665
660,node_2,,,,22.0
661,node_2,,,,22.033333333333335
662,node_2,,,,22.066666666666666
663,node_2,,,,22.1
664,node_2,,,,22.133333333333333
665,node_2,,,,22.166666666666668
666,node_2,,,,22.2
667,node_2,,,,22.233333333333334
668,node_2,,,,22.266666666666666
669,node_2,,,,22.3
670,node_2,,,,22.333333333333332
671,node_2,,,,22.366666666666667
672,node_2,,,,22.4
673,node_2,,,,22.433333333333334
674,node_2,,,,22.466666666666665
675,node_2,,,,22.5
676,node_2,,,,22.533333333333335
677,node_2,,,,22.566666666666666
678,node_2,,,,22.6
679,node_2,,,,22.633333333333333
680,node_2,,,,22.666666666666668
681,node_2,,,,22.7
682,node_2,,,,22.733333333333334
683,node_2,,,,22.766666666666666
684,node_2,,,,22.8
685,node_2,,,,22.833333333333332
686,node_2,,,,22.866666666666667
687,node_2,,,,22.9
688,node_2,,,,22.933333333333334
689,node_2,,,,22.966666666666665
690,node_2,,,,23.0
691,node_2,,,,23.033333333333335
692,node_2,,,,23.066666666666666
693,node_2,,,,23.1
694,node_2,,,,23.133333333333333
695,node_2,,,,23.166666666666668
696,node_2,,,,23.2
697,node_2,,,,23.233333333333334
698,node_2,,,,23.266666666666666
699,node_2,,,,23.3
700,node_2,,,,23.333333333333332
701,node_2,,,,23.366666666666667
702,node_2,,,,23.4
703,node_2,,,,23.433333333333334
704,node_2,,,,23.466666666666665
705,node_2,,,,23.5
706,node_2,,,,23.533333333333335
707,node_2,,,,23.566666666666666
708,node_2,,,,23.6
709,node_2,,,,23.633333333333333
710,node_2,,,,23.666666666666668
711,node_2,,,,23.7
712,node_2,,,,23.733333333333334
713,node_2,,,,23.766666666666666
714,node_2,,,,23.8
715,node_2,,,,23.833333333333332
716,node_2,,,,23.866666666666667
717,node_2,,,,23.9
718,node_2,,,,23.933333333333334
719,node_2,,,,23.966666666666665
720,node_2,,,,24.0
721,node_2,,,,24.033333333333335
722,node_2,,,,24.066666666666666
723,node_2,,,,24.1
724,node_2,,,,24.133333333333333
725,node_2,,,,24.166666666666668
726,node_2,,,,24.2
727,node_2,,,,24.233333333333334
728,node_2,,,,24.266666666666666
729,node_2,,,,24.3
730,node_2,,,,24.333333333333332
731,node_2,,,,24.366666666666667
732,node_2,,,,24.4
733,node_2,,,,24.433333333333334
734,node_2,,,,24.466666666666665
735,node_2,,,,24.5
736,node_2,,,,24.533333333333335
737,node_2,,,,24.566666666666666
738,node_2,,,,24.6
739,node_2,,,,24.633333333333333
740,node_2,,,,24.666666666666668
741,node_2,,,,24.7
742,node_2,,,,24.733333333333334
743,node_2,,,,24.766666666666666
744,node_2,,,,24.8
745,node_2,,,,24.833333333333332
746,node_2,,,,24.866666666666667
747,node_2,,,,24.9
748,node_2,,,,24.933333333333334
749,node_2,,,,24.966666666666665
750,node_2,,,,25.0
751,node_2,,,,25.033333333333335
752,node_2,,,,25.066666666666666
753,node_2,,,,25.1
754,node_2,,,,25.133333333333333
755,node_2,,,,25.166666666666668
756,node_2,,,,25.2
757,node_2,,,,25.233333333333334
758,node_2,,,,25.266666666666666
759,node_2,,,,25.3
760,node_2,,,,25.333333333333332
761,node_2,,,,25.366666666666667
762,node_2,,,,25.4
763,node_2,,,,25.433333333333334
764,node_2,,,,25.466666666666665
765,node_2,,,,25.5
766,node_2,,,,25.533333333333335
767,node_2,,,,25.566666666666666
768,node_2,,,,25.6
769,node_2,,,,25.633333333333333
770,node_2,,,,25.666666666666668
771,node_2,,,,25.7
772,node_2,,,,25.733333333333334
773,node_2,,,,25.766666666666666
774,node_2,,,,25.8
775,node_2,,,,25.833333333333332
776,node_2,,,,25.866666666666667
777,node_2,,,,25.9
778,node_2,,,,25.933333333333334
779,node_2,,,,25.966666666666665
780,node_2,,,,26.0
781,node_2,,,,26.033333333333335
782,node_2,,,,26.066666666666666
783,node_2,,,,26.1
784,node_2,,,,26.133333333333333
785,node_2,,,,26.166666666666668
786,node_2,,,,26.2
787,node_2,,,,26.233333333333334
788,node_2,,,,26.266666666666666
789,node_2,,,,26.3
790,node_2,,,,26.333333333333332
791,node_2,,,,26.366666666666667
792,node_2,,,,26.4
793,node_2,,,,26.433333333333334
794,node_2,,,,26.466666666666665
795,node_2,,,,26.5
796,node_2,,,,26.533333333333335
797,node_2,,,,26.566666666666666
798,node_2,,,,26.6
799,node_2,,,,26.633333333333333
800,node_2,,,,26.666666666666668
801,node_2,,,,26.7
802,node_2,,,,26.733333333333334
803,node_2,,,,26.766666666666666
804,node_2,,,,26.8
805,node_2,,,,26.833333333333332
806,node_2,,,,26.866666666666667
807,node_2,,,,26.9
808,node_2,,,,26.933333333333334
809,node_2,,,,26.966666666666665
810,node_2,,,,27.0
811,node_2,,,,27.033333333333335
812,node_2,,,,27.066666666666666
813,node_2,,,,27.1
814,node_2,,,,27.133333333333333
815,node_2,,,,27.166666666666668
816,node_2,,,,27.2
817,node_2,,,,27.233333333333334
818,node_2,,,,27.266666666666666
819,node_2,,,,27.3
820,node_2,,,,27.333333333333332
821,node_2,,,,27.366666666666667
822,node_2,,,,27.4
823,node_2,,,,27.433333333333334
824,node_2,,,,27.466666666666665
825,node_2,,,,27.5
826,node_2,,,,27.533333333333335
827,node_2,,,,27.566666666666666
828,node_2,,,,27.6
829,node_2,,,,27.633333333333333
830,node_2,,,,27.666666666666668
831,node_2,,,,27.7
832,node_2,,,,27.733333333333334
833,node_2,,,,27.766666666666666
834,node_2,,,,27.8
835,node_2,,,,27.833333333333332
836,node_2,,,,27.866666666666667
837,node_2,,,,27.9
838,node_2,,,,27.933333333333334
839,node_2,,,,27.966666666666665
840,node_2,,,,28.0
841,node_2,,,,28.033333333333335
842,node_2,,,,28.066666666666666
843,node_2,,,,28.1
844,node_2,,,,28.133333333333333
845,node_2,,,,28.166666666666668
846,node_2,,,,28.2
847,node_2,,,,28.233333333333334
848,node_2,,,,28.266666666666666
849,node_2,,,,28.3
850,node_2,,,,28.333333333333332
851,node_2,,,,28.366666666666667
852,node_2,,,,28.4
853,node_2,,,,28.433333333333334
854,node_2,,,,28.466666666666665
855,node_2,,,,28.5
856,node_2,,,,28.533333333333335
857,node_2,,,,28.566666666666666
858,node_2,,,,28.6
859,node_2,,,,28.633333333333333
860,node_2,,,,28.666666666666668
861,node_2,,,,28.7
862,node_2,,,,28.733333333333334
863,node_2,,,,28.766666666666666
864,node_2,,,,28.8
865,node_2,,,,28.833333333333332
866,node_2,,,,28.866666666666667
867,node_2,,,,28.9
868,node_2,,,,28.933333333333334
869,node_2,,,,28.966666666666665
870,node_2,,,,29.0
871,node_2,,,,29.033333333333335
872,node_2,,,,29.066666666666666
873,node_2,,,,29.1
874,node_2,,,,29.133333333333333
875,node_2,,,,29.166666666666668
876,node_2,,,,29.2
877,node_2,,,,29.233333333333334
878,node_2,,,,29.266666666666666
879,node_2,,,,29.3
880,node_2,,,,29.333333333333332
881,node_2,,,,29.366666666666667
882,node_2,,,,29.4
883,node_2,,,,29.433333333333334
884,node_2,,,,29.466666666666665
885,node_2,,,,29.5
886,node_2,,,,29.533333333333335
887,node_2,,,,29.566666666666666
888,node_2,,,,29.6
889,node_2,,,,29.633333333333333
890,node_2,,,,29.666666666666668
891,node_2,,,,29.7
892,node_2,,,,29.733333333333334
893,node_2,,,,29.766666666666666
894,node_2,,,,29.8
895,node_2,,,,29.833333333333332
896,node_2,,,,29.866666666666667
897,node_2,,,,29.9
898,node_2,,,,29.933333333333334
899,node_2,,,,29.966666666666665
900,node_2,,,,30.0
901,node_2,,,,30.033333333333335
902,node_2,,,,30.066666666666666
903,node_2,,,,30.1
904,node_2,,,,30.133333333333333
905,node_2,,,,30.166666666666668
906,node_2,,,,30.2
907,node_2,,,,30.233333333333334
908,node_2,,,,30.266666666666666
909,node_2,,,,30.3
910,node_2,,,,30.333333333333332
911,node_2,,,,30.366666666666667
912,node_2,,,,30.4
913,node_2,,,,30.433333333333334
914,node_2,,,,30.466666666666665
915,node_2,,,,30.5
916,node_2,,,,30.533333333333335
917,node_2,,,,30.566666666666666
918,node_2,,,,30.6
919,node_2,,,,30.633333333333333
920,node_2,,,,30.666666666666668
921,node_2,,,,30.7
922,node_2,,,,30.733333333333334
923,node_2,,,,30.766666666666666
924,node_2,,,,30.8
925,node_2,,,,30.833333333333332
926,node_2,,,,30.866666666666667
927,node_2,,,,30.9
928,node_2,,,,30.933333333333334
929,node_2,,,,30.966666666666665
930,node_2,,,,31.0
931,node_2,,,,31.033333333333335
932,node_2,,,,31.066666666666666
933,node_2,,,,31.1
934,node_2,,,,31.133333333333333
935,node_2,,,,31.166666666666668
936,node_2,,,,31.2
937,node_2,,,,31.233333333333334
938,node_2,,,,31.266666666666666
939,node_2,,,,31.3
940,node_2,,,,31.333333333333332
941,node_2,,,,31.366666666666667
942,node_2,,,,31.4
943,node_2,,,,31.433333333333334
944,node_2,,,,31.466666666666665
945,node_2,,,,31.5
946,node_2,,,,31.533333333333335
947,node_2,,,,31.566666666666666
948,node_2,,,,31.6
949,node_2,,,,31.633333333333333
950,node_2,,,,31.666666666666668
951,node_2,,,,31.7
952,node_2,,,,31.733333333333334
953,node_2,,,,31.766666666666666
954,node_2,,,,31.8
955,node_2,,,,31.833333333333332
956,node_2,,,,31.866666666666667
957,node_2,,,,31.9
958,node_2,,,,31.933333333333334
959,node_2,,,,31.966666666666665
960,node_2,,,,32.0
961,node_2,,,,32.03333333333333
962,node_2,,,,32.06666666666667
963,node_2,,,,32.1
964,node_2,,,,32.13333333333333
965,node_2,,,,32.166666666666664
966,node_2,,,,32.2
967,node_2,,,,32.233333333333334
968,node_2,,,,32.266666666666666
969,node_2,,,,32.3
970,node_2,,,,32.333333333333336
971,node_2,,,,32.36666666666667
972,node_2,,,,32.4
973,node_2,,,,32.43333333333333
974,node_2,,,,32.46666666666667
975,node_2,,,,32.5
976,node_2,,,,32.53333333333333
977,node_2,,,,32.56666666666667
978,node_2,,,,32.6
979,node_2,,,,32.63333333333333
980,node_2,,,,32.666666666666664
981,node_2,,,,32.7
982,node_2,,,,32.733333333333334
983,node_2,,,,32.766666666666666
984,node_2,,,,32.8
985,node_2,,,,32.833333333333336
986,node_2,,,,32.86666666666667
987,node_2,,,,32.9
988,node_2,,,,32.93333333333333
989,node_2,,,,32.96666666666667
990,node_2,,,,33.0
991,node_2,,,,33.03333333333333
992,node_2,,,,33.06666666666667
993,node_2,,,,33.1
994,node_2,,,,33.13333333333333
995,node_2,,,,33.166666666666664
996,node_2,,,,33.2
997,node_2,,,,33.233333333333334
998,node_2,,,,33.266666666666666
999,node_2,,,,33.3
1000,node_2,,,,33.333333333333336
1001,node_2,,,,33.36666666666667
1002,node_2,,,,33.4
1003,node_2,,,,33.43333333333333
1004,node_2,,,,33.46666666666667
1005,node_2,,,,33.5
1006,node_2,,,,33.53333333333333
1007,node_2,,,,33.56666666666667
1008,node_2,,,,33.6
1009,node_2,,,,33.63333333333333
1010,node_2,,,,33.666666666666664
1011,node_2,,,,33.7
1012,node_2,,,,33.733333333333334
1013,node_2,,,,33.766666666666666
1014,node_2,,,,33.8
1015,node_2,,,,33.833333333333336
1016,node_2,,,,33.86666666666667
1017,node_2,,,,33.9
1018,node_2,,,,33.93333333333333
1019,node_2,,,,33.96666666666667
1020,node_2,,,,34.0
1021,node_2,,,,34.03333333333333
1022,node_2,,,,34.06666666666667
1023,node_2,,,,34.1
1024,node_2,,,,34.13333333333333
1025,node_2,,,,34.166666666666664
1026,node_2,,,,34.2
1027,node_2,,,,34.233333333333334
1028,node_2,,,,34.266666666666666
1029,node_2,,,,34.3
1030,node_2,,,,34.333333333333336
1031,node_2,,,,34.36666666666667
1032,node_2,,,,34.4
1033,node_2,,,,34.43333333333333
1034,node_2,,,,34.46666666666667
1035,node_2,,,,34.5
1036,node_2,,,,34.53333333333333
1037,node_2,,,,34.56666666666667
1038,node_2,,,,34.6
1039,node_2,,,,34.63333333333333
1040,node_2,,,,34.666666666666664
1041,node_2,,,,34.7
1042,node_2,,,,34.733333333333334
1043,node_2,,,,34.766666666666666
1044,node_2,,,,34.8
1045,node_2,,,,34.833333333333336
1046,node_2,,,,34.86666666666667
1047,node_2,,,,34.9
1048,node_2,,,,34.93333333333333
1049,node_2,,,,34.96666666666667
1050,node_2,,,,35.0
1051,node_2,,,,35.03333333333333
1052,node_2,,,,35.06666666666667
1053,node_2,,,,35.1
1054,node_2,,,,35.13333333333333
1055,node_2,,,,35.166666666666664
1056,node_2,,,,35.2
1057,node_2,,,,35.233333333333334
1058,node_2,,,,35.266666666666666
1059,node_2,,,,35.3
1060,node_2,,,,35.333333333333336
1061,node_2,,,,35.36666666666667
1062,node_2,,,,35.4
1063,node_2,,,,35.43333333333333
1064,node_2,,,,35.46666666666667
1065,node_2,,,,35.5
1066,node_2,,,,35.53333333333333
1067,node_2,,,,35.56666666666667
1068,node_2,,,,35.6
1069,node_2,,,,35.63333333333333
1070,node_2,,,,35.666666666666664
1071,node_2,,,,35.7
1072,node_2,,,,35.733333333333334
1073,node_2,,,,35.766666666666666
1074,node_2,,,,35.8
1075,node_2,,,,35.833333333333336
1076,node_2,,,,35.86666666666667
1077,node_2,,,,35.9
1078,node_2,,,,35.93333333333333
1079,node_2,,,,35.96666666666667
1080,node_2,,,,36.0
1081,node_2,,,,36.03333333333333
1082,node_2,,,,36.06666666666667
1083,node_2,,,,36.1
1084,node_2,,,,36.13333333333333
1085,node_2,,,,36.166666666666664
1086,node_2,,,,36.2
1087,node_2,,,,36.233333333333334
1088,node_2,,,,36.266666666666666
1089,node_2,,,,36.3
1090,node_2,,,,36.333333333333336
1091,node_2,,,,36.36666666666667
1092,node_2,,,,36.4
1093,node_2,,,,36.43333333333333
1094,node_2,,,,36.46666666666667
1095,node_2,,,,36.5
1096,node_2,,,,36.53333333333333
1097,node_2,,,,36.56666666666667
1098,node_2,,,,36.6
1099,node_2,,,,36.63333333333333
1100,node_2,,,,36.666666666666664
1101,node_2,,,,36.7
1102,node_2,,,,36.733333333333334
1103,node_2,,,,36.766666666666666
1104,node_2,,,,36.8
1105,node_2,,,,36.833333333333336
1106,node_2,,,,36.86666666666667
1107,node_2,,,,36.9
1108,node_2,,,,36.93333333333333
1109,node_2,,,,36.96666666666667
1110,node_2,,,,37.0
1111,node_2,,,,37.03333333333333
1112,node_2,,,,37.06666666666667
1113,node_2,,,,37.1
1114,node_2,,,,37.13333333333333
1115,node_2,,,,37.166666666666664
1116,node_2,,,,37.2
1117,node_2,,,,37.233333333333334
1118,node_2,,,,37.266666666666666
1119,node_2,,,,37.3
1120,node_2,,,,37.333333333333336
1121,node_2,,,,37.36666666666667
1122,node_2,,,,37.4
1123,node_2,,,,37.43333333333333
1124,node_2,,,,37.46666666666667
1125,node_2,,,,37.5
1126,node_2,,,,37.53333333333333
1127,node_2,,,,37.56666666666667
1128,node_2,,,,37.6
1129,node_2,,,,37.63333333333333
1130,node_2,,,,37.666666666666664
1131,node_2,,,,37.7
1132,node_2,,,,37.733333333333334
1133,node_2,,,,37.766666666666666
1134,node_2,,,,37.8
1135,node_2,,,,37.833333333333336
1136,node_2,,,,37.86666666666667
1137,node_2,,,,37.9
1138,node_2,,,,37.93333333333333
1139,node_2,,,,37.96666666666667
1140,node_2,,,,38.0
1141,node_2,,,,38.03333333333333
1142,node_2,,,,38.06666666666667
1143,node_2,,,,38.1
1144,node_2,,,,38.13333333333333
1145,node_2,,,,38.166666666666664
1146,node_2,,,,38.2
1147,node_2,,,,38.233333333333334
1148,node_2,,,,38.266666666666666
1149,node_2,,,,38.3
1150,node_2,,,,38.333333333333336
1151,node_2,,,,38.36666666666667
1152,node_2,,,,38.4
1153,node_2,,,,38.43333333333333
1154,node_2,,,,38.46666666666667
1155,node_2,,,,38.5
1156,node_2,,,,38.53333333333333
1157,node_2,,,,38.56666666666667
1158,node_2,,,,38.6
1159,node_2,,,,38.63333333333333
1160,node_2,,,,38.666666666666664
1161,node_2,,,,38.7
1162,node_2,,,,38.733333333333334
1163,node_2,,,,38.766666666666666
1164,node_2,,,,38.8
1165,node_2,,,,38.833333333333336
1166,node_2,,,,38.86666666666667
1167,node_2,,,,38.9
1168,node_2,,,,38.93333333333333
1169,node_2,,,,38.96666666666667
1170,node_2,,,,39.0
1171,node_2,,,,39.03333333333333
1172,node_2,,,,39.06666666666667
1173,node_2,,,,39.1
1174,node_2,,,,39.13333333333333
1175,node_2,,,,39.166666666666664
1176,node_2,,,,39.2
1177,node_2,,,,39.233333333333334
1178,node_2,,,,39.266666666666666
1179,node_2,,,,39.3
1180,node_2,,,,39.333333333333336
1181,node_2,,,,39.36666666666667
1182,node_2,,,,39.4
1183,node_2,,,,39.43333333333333
1184,node_2,,,,39.46666666666667
1185,node_2,,,,39.5
1186,node_2,,,,39.53333333333333
1187,node_2,,,,39.56666666666667
1188,node_2,,,,39.6
1189,node_2,,,,39.63333333333333
1190,node_2,,,,39.666666666666664
1191,node_2,,,,39.7
1192,node_2,,,,39.733333333333334
1193,node_2,,,,39.766666666666666
1194,node_2,,,,39.8
1195,node_2,,,,39.833333333333336
1196,node_2,,,,39.86666666666667
1197,node_2,,,,39.9
1198,node_2,,,,39.93333333333333
1199,node_2,,,,39.96666666666667
1200,node_2,,,,40.0
1201,node_2,,,,40.03333333333333
1202,node_2,,,,40.06666666666667
1203,node_2,,,,40.1
1204,node_2,,,,40.13333333333333
1205,node_2,,,,40.166666666666664
1206,node_2,,,,40.2
1207,node_2,,,,40.233333333333334
1208,node_2,,,,40.266666666666666
1209,node_2,,,,40.3
1210,node_2,,,,40.333333333333336
1211,node_2,,,,40.36666666666667
1212,node_2,,,,40.4
1213,node_2,,,,40.43333333333333
1214,node_2,,,,40.46666666666667
1215,node_2,,,,40.5
1216,node_2,,,,40.53333333333333
1217,node_2,,,,40.56666666666667
1218,node_2,,,,40.6
1219,node_2,,,,40.63333333333333
1220,node_2,,,,40.666666666666664
1221,node_2,,,,40.7
1222,node_2,,,,40.733333333333334
1223,node_2,,,,40.766666666666666
1224,node_2,,,,40.8
1225,node_2,,,,40.833333333333336
1226,node_2,,,,40.86666666666667
1227,node_2,,,,40.9
1228,node_2,,,,40.93333333333333
1229,node_2,,,,40.96666666666667
1230,node_2,,,,41.0
1231,node_2,,,,41.03333333333333
1232,node_2,,,,41.06666666666667
1233,node_2,,,,41.1
1234,node_2,,,,41.13333333333333
1235,node_2,,,,41.166666666666664
1236,node_2,,,,41.2
1237,node_2,,,,41.233333333333334
1238,node_2,,,,41.266666666666666
1239,node_2,,,,41.3
1240,node_2,,,,41.333333333333336
1241,node_2,,,,41.36666666666667
1242,node_2,,,,41.4
1243,node_2,,,,41.43333333333333
1244,node_2,,,,41.46666666666667
1245,node_2,,,,41.5
1246,node_2,,,,41.53333333333333
1247,node_2,,,,41.56666666666667
1248,node_2,,,,41.6
1249,node_2,,,,41.63333333333333
1250,node_2,,,,41.666666666666664
1251,node_2,,,,41.7
1252,node_2,,,,41.733333333333334
1253,node_2,,,,41.766666666666666
1254,node_2,,,,41.8
1255,node_2,,,,41.833333333333336
1256,node_2,,,,41.86666666666667
1257,node_2,,,,41.9
1258,node_2,,,,41.93333333333333
1259,node_2,,,,41.96666666666667
1260,node_2,,,,42.0
1261,node_2,,,,42.03333333333333
1262,node_2,,,,42.06666666666667
1263,node_2,,,,42.1
1264,node_2,,,,42.13333333333333
1265,node_2,,,,42.166666666666664
1266,node_2,,,,42.2
1267,node_2,,,,42.233333333333334
1268,node_2,,,,42.266666666666666
1269,node_2,,,,42.3
1270,node_2,,,,42.333333333333336
1271,node_2,,,,42.36666666666667
1272,node_2,,,,42.4
1273,node_2,,,,42.43333333333333
1274,node_2,,,,42.46666666666667
1275,node_2,,,,42.5
1276,node_2,,,,42.53333333333333
1277,node_2,,,,42.56666666666667
1278,node_2,,,,42.6
1279,node_2,,,,42.63333333333333
1280,node_2,,,,42.666666666666664
1281,node_2,,,,42.7
1282,node_2,,,,42.733333333333334
1283,node_2,,,,42.766666666666666
1284,node_2,,,,42.8
1285,node_2,,,,42.833333333333336
1286,node_2,,,,42.86666666666667
1287,node_2,,,,42.9
1288,node_2,,,,42.93333333333333
1289,node_2,,,,42.96666666666667
1290,node_2,,,,43.0
1291,node_2,,,,43.03333333333333
1292,node_2,,,,43.06666666666667
1293,node_2,,,,43.1
1294,node_2,,,,43.13333333333333
1295,node_2,,,,43.166666666666664
1296,node_2,,,,43.2
1297,node_2,,,,43.233333333333334
1298,node_2,,,,43.266666666666666
1299,node_2,,,,43.3
1300,node_2,,,,43.333333333333336
1301,node_2,,,,43.36666666666667
1302,node_2,,,,43.4
1303,node_2,,,,43.43333333333333
1304,node_2,,,,43.46666666666667
1305,node_2,,,,43.5
1306,node_2,,,,43.53333333333333
1307,node_2,,,,43.56666666666667
1308,node_2,,,,43.6
1309,node_2,,,,43.63333333333333
1310,node_2,,,,43.666666666666664
1311,node_2,,,,43.7
0,node_3,,,,0.0
1,node_3,,,,0.03333333333333333
2,node_3,,,,0.06666666666666667
3,node_3,,,,0.1
4,node_3,,,,0.13333333333333333
5,node_3,,,,0.16666666666666666
6,node_3,,,,0.2
7,node_3,,,,0.23333333333333334
8,node_3,,,,0.26666666666666666
9,node_3,,,,0.3
10,node_3,,,,0.3333333333333333
11,node_3,,,,0.36666666666666664
12,node_3,,,,0.4
13,node_3,,,,0.43333333333333335
14,node_3,,,,0.4666666666666667
15,node_3,,,,0.5
16,node_3,,,,0.5333333333333333
17,node_3,,,,0.5666666666666667
18,node_3,,,,0.6
19,node_3,,,,0.6333333333333333
20,node_3,,,,0.6666666666666666
21,node_3,,,,0.7
22,node_3,,,,0.7333333333333333
23,node_3,,,,0.7666666666666667
24,node_3,,,,0.8
25,node_3,,,,0.8333333333333334
26,node_3,,,,0.8666666666666667
27,node_3,,,,0.9
28,node_3,,,,0.9333333333333333
29,node_3,,,,0.9666666666666667
30,node_3,,,,1.0
31,node_3,,,,1.0333333333333334
32,node_3,,,,1.0666666666666667
33,node_3,,,,1.1
34,node_3,,,,1.1333333333333333
35,node_3,,,,1.1666666666666667
36,node_3,,,,1.2
37,node_3,,,,1.2333333333333334
38,node_3,,,,1.2666666666666666
39,node_3,,,,1.3
40,node_3,,,,1.3333333333333333
41,node_3,,,,1.3666666666666667
42,node_3,,,,1.4
43,node_3,,,,1.4333333333333333
44,node_3,,,,1.4666666666666666
45,node_3,,,,1.5
46,node_3,,,,1.5333333333333334
47,node_3,,,,1.5666666666666667
48,node_3,,,,1.6
49,node_3,,,,1.6333333333333333
50,node_3,,,,1.6666666666666667
51,node_3,,,,1.7
52,node_3,,,,1.7333333333333334
53,node_3,,,,1.7666666666666666
54,node_3,,,,1.8
55,node_3,,,,1.8333333333333333
56,node_3,,,,1.8666666666666667
57,node_3,,,,1.9
58,node_3,,,,1.9333333333333333
59,node_3,,,,1.9666666666666666
60,node_3,,,,2.0
61,node_3,,,,2.033333333333333
62,node_3,,,,2.066666666666667
63,node_3,,,,2.1
64,node_3,,,,2.1333333333333333
65,node_3,,,,2.1666666666666665
66,node_3,,,,2.2
67,node_3,,,,2.2333333333333334
68,node_3,,,,2.2666666666666666
69,node_3,,,,2.3
70,node_3,,,,2.3333333333333335
71,node_3,,,,2.3666666666666667
72,node_3,,,,2.4
73,node_3,,,,2.433333333333333
74,node_3,,,,2.466666666666667
75,node_3,,,,2.5
76,node_3,,,,2.533333333333333
77,node_3,,,,2.566666666666667
78,node_3,,,,2.6
79,node_3,,,,2.6333333333333333
80,node_3,,,,2.6666666666666665
81,node_3,,,,2.7
82,node_3,,,,2.7333333333333334
83,node_3,,,,2.7666666666666666
84,node_3,,,,2.8
85,node_3,,,,2.8333333333333335
86,node_3,,,,2.8666666666666667
87,node_3,,,,2.9
88,node_3,,,,2.933333333333333
89,node_3,,,,2.966666666666667
90,node_3,,,,3.0
91,node_3,,,,3.033333333333333
92,node_3,,,,3.066666666666667
93,node_3,,,,3.1
94,node_3,,,,3.1333333333333333
95,node_3,,,,3.1666666666666665
96,node_3,,,,3.2
97,node_3,,,,3.2333333333333334
98,node_3,,,,3.2666666666666666
99,node_3,,,,3.3
100,node_3,,,,3.3333333333333335
101,node_3,,,,3.3666666666666667
102,node_3,,,,3.4
103,node_3,,,,3.433333333333333
104,node_3,,,,3.466666666666667
105,node_3,,,,3.5
106,node_3,,,,3.533333333333333
107,node_3,,,,3.566666666666667
108,node_3,,,,3.6
109,node_3,,,,3.6333333333333333
110,node_3,,,,3.6666666666666665
111,node_3,,,,3.7
112,node_3,,,,3.7333333333333334
113,node_3,,,,3.7666666666666666
114,node_3,,,,3.8
115,node_3,,,,3.8333333333333335
116,node_3,,,,3.8666666666666667
117,node_3,,,,3.9
118,node_3,,,,3.933333333333333
119,node_3,,,,3.966666666666667
120,node_3,,,,4.0
121,node_3,,,,4.033333333333333
122,node_3,,,,4.066666666666666
123,node_3,,,,4.1
124,node_3,,,,4.133333333333334
125,node_3,,,,4.166666666666667
126,node_3,,,,4.2
127,node_3,,,,4.233333333333333
128,node_3,,,,4.266666666666667
129,node_3,,,,4.3
130,node_3,,,,4.333333333333333
131,node_3,,,,4.366666666666666
132,node_3,,,,4.4
133,node_3,,,,4.433333333333334
134,node_3,,,,4.466666666666667
135,node_3,,,,4.5
136,node_3,,,,4.533333333333333
137,node_3,,,,4.566666666666666
138,node_3,,,,4.6
139,node_3,,,,4.633333333333334
140,node_3,,,,4.666666666666667
141,node_3,,,,4.7
142,node_3,,,,4.733333333333333
143,node_3,,,,4.766666666666667
144,node_3,,,,4.8
145,node_3,,,,4.833333333333333
146,node_3,,,,4.866666666666666
147,node_3,,,,4.9
148,node_3,,,,4.933333333333334
149,node_3,,,,4.966666666666667
150,node_3,,,,5.0
151,node_3,,,,5.033333333333333
152,node_3,,,,5.066666666666666
153,node_3,,,,5.1
154,node_3,,,,5.133333333333334
155,node_3,,,,5.166666666666667
156,node_3,,,,5.2
157,node_3,,,,5.233333333333333
158,node_3,,,,5.266666666666667
159,node_3,,,,5.3
160,node_3,,,,5.333333333333333
161,node_3,,,,5.366666666666666
162,node_3,,,,5.4
163,node_3,,,,5.433333333333334
164,node_3,,,,5.466666666666667
165,node_3,,,,5.5
166,node_3,,,,5.533333333333333
167,node_3,,,,5.566666666666666
168,node_3,,,,5.6
169,node_3,,,,5.633333333333334
170,node_3,,,,5.666666666666667
171,node_3,,,,5.7
172,node_3,,,,5.733333333333333
173,node_3,,,,5.766666666666667
174,node_3,,,,5.8
175,node_3,,,,5.833333333333333
176,node_3,,,,5.866666666666666
177,node_3,,,,5.9
178,node_3,,,,5.933333333333334
179,node_3,,,,5.966666666666667
180,node_3,,,,6.0
181,node_3,,,,6.033333333333333
182,node_3,,,,6.066666666666666
183,node_3,,,,6.1
184,node_3,,,,6.133333333333334
185,node_3,,,,6.166666666666667
186,node_3,,,,6.2
187,node_3,,,,6.233333333333333
188,node_3,,,,6.266666666666667
189,node_3,,,,6.3
190,node_3,,,,6.333333333333333
191,node_3,,,,6.366666666666666
192,node_3,,,,6.4
193,node_3,,,,6.433333333333334
194,node_3,,,,6.466666666666667
195,node_3,,,,6.5
196,node_3,,,,6.533333333333333
197,node_3,,,,6.566666666666666
198,node_3,,,,6.6
199,node_3,,,,6.633333333333334
200,node_3,,,,6.666666666666667
201,node_3,,,,6.7
202,node_3,,,,6.733333333333333
203,node_3,,,,6.766666666666667
204,node_3,,,,6.8
205,node_3,,,,6.833333333333333
206,node_3,,,,6.866666666666666
207,node_3,,,,6.9
208,node_3,,,,6.933333333333334
209,node_3,,,,6.966666666666667
210,node_3,,,,7.0
211,node_3,,,,7.033333333333333
212,node_3,,,,7.066666666666666
213,node_3,,,,7.1
214,node_3,,,,7.133333333333334
215,node_3,,,,7.166666666666667
216,node_3,,,,7.2
217,node_3,,,,7.233333333333333
218,node_3,,,,7.266666666666667
219,node_3,,,,7.3
220,node_3,,,,7.333333333333333
221,node_3,,,,7.366666666666666
222,node_3,,,,7.4
223,node_3,,,,7.433333333333334
224,node_3,,,,7.466666666666667
225,node_3,,,,7.5
226,node_3,,,,7.533333333333333
227,node_3,,,,7.566666666666666
228,node_3,,,,7.6
229,node_3,,,,7.633333333333334
230,node_3,,,,7.666666666666667
231,node_3,,,,7.7
232,node_3,,,,7.733333333333333
233,node_3,,,,7.766666666666667
234,node_3,,,,7.8
235,node_3,,,,7.833333333333333
236,node_3,,,,7.866666666666666
237,node_3,,,,7.9
238,node_3,,,,7.933333333333334
239,node_3,,,,7.966666666666667
240,node_3,,,,8.0
241,node_3,,,,8.033333333333333
242,node_3,,,,8.066666666666666
243,node_3,,,,8.1
244,node_3,-0.18096860929713604,0.0015609069761728222,0.6010743367825221,8.133333333333333
245,node_3,-0.1812012072344157,0.004061532964528389,0.6092466803342471,8.166666666666666
246,node_3,,,,8.2
247,node_3,,,,8.233333333333333
248,node_3,,,,8.266666666666667
249,node_3,,,,8.3
250,node_3,,,,8.333333333333334
251,node_3,,,,8.366666666666667
252,node_3,,,,8.4
253,node_3,,,,8.433333333333334
254,node_3,,,,8.466666666666667
255,node_3,,,,8.5
256,node_3,,,,8.533333333333333
257,node_3,,,,8.566666666666666
258,node_3,,,,8.6
259,node_3,,,,8.633333333333333
260,node_3,,,,8.666666666666666
261,node_3,,,,8.7
262,node_3,,,,8.733333333333333
263,node_3,,,,8.766666666666667
264,node_3,,,,8.8
265,node_3,,,,8.833333333333334
266,node_3,,,,8.866666666666667
267,node_3,,,,8.9
268,node_3,,,,8.933333333333334
269,node_3,,,,8.966666666666667
270,node_3,,,,9.0
271,node_3,,,,9.033333333333333
272,node_3,,,,9.066666666666666
273,node_3,,,,9.1
274,node_3,,,,9.133333333333333
275,node_3,,,,9.166666666666666
276,node_3,,,,9.2
277,node_3,,,,9.233333333333333
278,node_3,,,,9.266666666666667
279,node_3,,,,9.3
280,node_3,,,,9.333333333333334
281,node_3,,,,9.366666666666667
282,node_3,,,,9.4
283,node_3,,,,9.433333333333334
284,node_3,,,,9.466666666666667
285,node_3,,,,9.5
286,node_3,,,,9.533333333333333
287,node_3,,,,9.566666666666666
288,node_3,,,,9.6
289,node_3,,,,9.633333333333333
290,node_3,,,,9.666666666666666
291,node_3,,,,9.7
292,node_3,,,,9.733333333333333
293,node_3,,,,9.766666666666667
294,node_3,,,,9.8
295,node_3,,,,9.833333333333334
296,node_3,,,,9.866666666666667
297,node_3,,,,9.9
298,node_3,,,,9.933333333333334
299,node_3,,,,9.966666666666667
300,node_3,,,,10.0
301,node_3,,,,10.033333333333333
302,node_3,,,,10.066666666666666
303,node_3,,,,10.1
304,node_3,,,,10.133333333333333
305,node_3,,,,10.166666666666666
306,node_3,,,,10.2
307,node_3,,,,10.233333333333333
308,node_3,,,,10.266666666666667
309,node_3,,,,10.3
310,node_3,,,,10.333333333333334
311,node_3,,,,10.366666666666667
312,node_3,,,,10.4
313,node_3,,,,10.433333333333334
314,node_3,,,,10.466666666666667
315,node_3,,,,10.5
316,node_3,,,,10.533333333333333
317,node_3,,,,10.566666666666666
318,node_3,,,,10.6
319,node_3,,,,10.633333333333333
320,node_3,,,,10.666666666666666
321,node_3,,,,10.7
322,node_3,,,,10.733333333333333
323,node_3,,,,10.766666666666667
324,node_3,,,,10.8
325,node_3,,,,10.833333333333334
326,node_3,,,,10.866666666666667
327,node_3,,,,10.9
328,node_3,,,,10.933333333333334
329,node_3,,,,10.966666666666667
330,node_3,,,,11.0
331,node_3,,,,11.033333333333333
332,node_3,,,,11.066666666666666
333,node_3,,,,11.1
334,node_3,,,,11.133333333333333
335,node_3,,,,11.166666666666666
336,node_3,,,,11.2
337,node_3,,,,11.233333333333333
338,node_3,,,,11.266666666666667
339,node_3,,,,11.3
340,node_3,,,,11.333333333333334
341,node_3,,,,11.366666666666667
342,node_3,,,,11.4
343,node_3,,,,11.433333333333334
344,node_3,,,,11.466666666666667
345,node_3,,,,11.5
346,node_3,,,,11.533333333333333
347,node_3,,,,11.566666666666666
348,node_3,,,,11.6
349,node_3,,,,11.633333333333333
350,node_3,,,,11.666666666666666
351,node_3,,,,11.7
352,node_3,,,,11.733333333333333
353,node_3,,,,11.766666666666667
354,node_3,,,,11.8
355,node_3,,,,11.833333333333334
356,node_3,,,,11.866666666666667
357,node_3,,,,11.9
358,node_3,,,,11.933333333333334
359,node_3,,,,11.966666666666667
360,node_3,,,,12.0
361,node_3,,,,12.033333333333333
362,node_3,,,,12.066666666666666
363,node_3,,,,12.1
364,node_3,,,,12.133333333333333
365,node_3,,,,12.166666666666666
366,node_3,,,,12.2
367,node_3,,,,12.233333333333333
368,node_3,,,,12.266666666666667
369,node_3,,,,12.3
370,node_3,,,,12.333333333333334
371,node_3,,,,12.366666666666667
372,node_3,,,,12.4
373,node_3,,,,12.433333333333334
374,node_3,,,,12.466666666666667
375,node_3,,,,12.5
376,node_3,,,,12.533333333333333
377,node_3,,,,12.566666666666666
378,node_3,,,,12.6
379,node_3,,,,12.633333333333333
380,node_3,,,,12.666666666666666
381,node_3,,,,12.7
382,node_3,,,,12.733333333333333
383,node_3,,,,12.766666666666667
384,node_3,,,,12.8
385,node_3,,,,12.833333333333334
386,node_3,,,,12.866666666666667
387,node_3,,,,12.9
388,node_3,,,,12.933333333333334
389,node_3,,,,12.966666666666667
390,node_3,,,,13.0
391,node_3,,,,13.033333333333333
392,node_3,,,,13.066666666666666
393,node_3,,,,13.1
394,node_3,,,,13.133333333333333
395,node_3,,,,13.166666666666666
396,node_3,,,,13.2
397,node_3,,,,13.233333333333333
398,node_3,,,,13.266666666666667
399,node_3,,,,13.3
400,node_3,,,,13.333333333333334
401,node_3,,,,13.366666666666667
402,node_3,,,,13.4
403,node_3,,,,13.433333333333334
404,node_3,,,,13.466666666666667
405,node_3,,,,13.5
406,node_3,,,,13.533333333333333
407,node_3,,,,13.566666666666666
408,node_3,,,,13.6
409,node_3,,,,13.633333333333333
410,node_3,,,,13.666666666666666
411,node_3,,,,13.7
412,node_3,,,,13.733333333333333
413,node_3,,,,13.766666666666667
414,node_3,,,,13.8
415,node_3,,,,13.833333333333334
416,node_3,,,,13.866666666666667
417,node_3,,,,13.9
418,node_3,,,,13.933333333333334
419,node_3,,,,13.966666666666667
420,node_3,,,,14.0
421,node_3,,,,14.033333333333333
422,node_3,,,,14.066666666666666
423,node_3,,,,14.1
424,node_3,,,,14.133333333333333
425,node_3,,,,14.166666666666666
426,node_3,,,,14.2
427,node_3,,,,14.233333333333333
428,node_3,,,,14.266666666666667
429,node_3,,,,14.3
430,node_3,,,,14.333333333333334
431,node_3,,,,14.366666666666667
432,node_3,,,,14.4
433,node_3,,,,14.433333333333334
434,node_3,,,,14.466666666666667
435,node_3,,,,14.5
436,node_3,,,,14.533333333333333
437,node_3,,,,14.566666666666666
438,node_3,,,,14.6
439,node_3,,,,14.633333333333333
440,node_3,,,,14.666666666666666
441,node_3,,,,14.7
442,node_3,,,,14.733333333333333
443,node_3,,,,14.766666666666667
444,node_3,,,,14.8
445,node_3,,,,14.833333333333334
446,node_3,,,,14.866666666666667
447,node_3,,,,14.9
448,node_3,,,,14.933333333333334
449,node_3,,,,14.966666666666667
450,node_3,,,,15.0
451,node_3,,,,15.033333333333333
452,node_3,,,,15.066666666666666
453,node_3,,,,15.1
454,node_3,,,,15.133333333333333
455,node_3,,,,15.166666666666666
456,node_3,,,,15.2
457,node_3,,,,15.233333333333333
458,node_3,,,,15.266666666666667
459,node_3,,,,15.3
460,node_3,,,,15.333333333333334
461,node_3,,,,15.366666666666667
462,node_3,,,,15.4
463,node_3,,,,15.433333333333334
464,node_3,,,,15.466666666666667
465,node_3,,,,15.5
466,node_3,,,,15.533333333333333
467,node_3,,,,15.566666666666666
468,node_3,,,,15.6
469,node_3,,,,15.633333333333333
470,node_3,,,,15.666666666666666
471,node_3,,,,15.7
472,node_3,,,,15.733333333333333
473,node_3,,,,15.766666666666667
474,node_3,,,,15.8
475,node_3,,,,15.833333333333334
476,node_3,,,,15.866666666666667
477,node_3,,,,15.9
478,node_3,,,,15.933333333333334
479,node_3,,,,15.966666666666667
480,node_3,,,,16.0
481,node_3,,,,16.033333333333335
482,node_3,,,,16.066666666666666
483,node_3,,,,16.1
484,node_3,,,,16.133333333333333
485,node_3,,,,16.166666666666668
486,node_3,,,,16.2
487,node_3,,,,16.233333333333334
488,node_3,,,,16.266666666666666
489,node_3,,,,16.3
490,node_3,,,,16.333333333333332
491,node_3,,,,16.366666666666667
492,node_3,,,,16.4
493,node_3,,,,16.433333333333334
494,node_3,,,,16.466666666666665
495,node_3,,,,16.5
496,node_3,,,,16.533333333333335
497,node_3,,,,16.566666666666666
498,node_3,,,,16.6
499,node_3,,,,16.633333333333333
500,node_3,,,,16.666666666666668
501,node_3,,,,16.7
502,node_3,,,,16.733333333333334
503,node_3,,,,16.766666666666666
504,node_3,,,,16.8
505,node_3,,,,16.833333333333332
506,node_3,,,,16.866666666666667
507,node_3,,,,16.9
508,node_3,,,,16.933333333333334
509,node_3,,,,16.966666666666665
510,node_3,,,,17.0
511,node_3,,,,17.033333333333335
512,node_3,,,,17.066666666666666
513,node_3,,,,17.1
514,node_3,,,,17.133333333333333
515,node_3,,,,17.166666666666668
516,node_3,,,,17.2
517,node_3,,,,17.233333333333334
518,node_3,,,,17.266666666666666
519,node_3,,,,17.3
520,node_3,,,,17.333333333333332
521,node_3,,,,17.366666666666667
522,node_3,,,,17.4
523,node_3,,,,17.433333333333334
524,node_3,,,,17.466666666666665
525,node_3,,,,17.5
526,node_3,,,,17.533333333333335
527,node_3,,,,17.566666666666666
528,node_3,,,,17.6
529,node_3,,,,17.633333333333333
530,node_3,,,,17.666666666666668
531,node_3,,,,17.7
532,node_3,,,,17.733333333333334
533,node_3,,,,17.766666666666666
534,node_3,,,,17.8
535,node_3,,,,17.833333333333332
536,node_3,,,,17.866666666666667
537,node_3,,,,17.9
538,node_3,,,,17.933333333333334
539,node_3,,,,17.966666666666665
540,node_3,,,,18.0
541,node_3,,,,18.033333333333335
542,node_3,,,,18.066666666666666
543,node_3,,,,18.1
544,node_3,,,,18.133333333333333
545,node_3,,,,18.166666666666668
546,node_3,,,,18.2
547,node_3,,,,18.233333333333334
548,node_3,,,,18.266666666666666
549,node_3,,,,18.3
550,node_3,,,,18.333333333333332
551,node_3,,,,18.366666666666667
552,node_3,,,,18.4
553,node_3,,,,18.433333333333334
554,node_3,,,,18.466666666666665
555,node_3,,,,18.5
556,node_3,,,,18.533333333333335
557,node_3,,,,18.566666666666666
558,node_3,,,,18.6
559,node_3,,,,18.633333333333333
560,node_3,,,,18.666666666666668
561,node_3,,,,18.7
562,node_3,,,,18.733333333333334
563,node_3,,,,18.766666666666666
564,node_3,,,,18.8
565,node_3,,,,18.833333333333332
566,node_3,,,,18.866666666666667
567,node_3,,,,18.9
568,node_3,,,,18.933333333333334
569,node_3,,,,18.966666666666665
570,node_3,,,,19.0
571,node_3,,,,19.033333333333335
572,node_3,,,,19.066666666666666
573,node_3,,,,19.1
574,node_3,,,,19.133333333333333
575,node_3,,,,19.166666666666668
576,node_3,,,,19.2
577,node_3,,,,19.233333333333334
578,node_3,,,,19.266666666666666
579,node_3,,,,19.3
580,node_3,,,,19.333333333333332
581,node_3,,,,19.366666666666667
582,node_3,,,,19.4
583,node_3,,,,19.433333333333334
584,node_3,,,,19.466666666666665
585,node_3,,,,19.5
586,node_3,,,,19.533333333333335
587,node_3,,,,19.566666666666666
588,node_3,,,,19.6
589,node_3,,,,19.633333333333333
590,node_3,,,,19.666666666666668
591,node_3,,,,19.7
592,node_3,,,,19.733333333333334
593,node_3,,,,19.766666666666666
594,node_3,,,,19.8
595,node_3,,,,19.833333333333332
596,node_3,,,,19.866666666666667
597,node_3,,,,19.9
598,node_3,,,,19.933333333333334
599,node_3,,,,19.966666666666665
600,node_3,,,,20.0
601,node_3,,,,20.033333333333335
602,node_3,,,,20.066666666666666
603,node_3,,,,20.1
604,node_3,,,,20.133333333333333
605,node_3,,,,20.166666666666668
606,node_3,,,,20.2
607,node_3,,,,20.233333333333334
608,node_3,,,,20.266666666666666
609,node_3,,,,20.3
610,node_3,,,,20.333333333333332
611,node_3,,,,20.366666666666667
612,node_3,,,,20.4
613,node_3,,,,20.433333333333334
614,node_3,,,,20.466666666666665
615,node_3,,,,20.5
616,node_3,,,,20.533333333333335
617,node_3,,,,20.566666666666666
618,node_3,,,,20.6
619,node_3,,,,20.633333333333333
620,node_3,,,,20.666666666666668
621,node_3,,,,20.7
622,node_3,,,,20.733333333333334
623,node_3,,,,20.766666666666666
624,node_3,,,,20.8
625,node_3,,,,20.833333333333332
626,node_3,,,,20.866666666666667
627,node_3,,,,20.9
628,node_3,,,,20.933333333333334
629,node_3,,,,20.966666666666665
630,node_3,,,,21.0
631,node_3,,,,21.033333333333335
632,node_3,,,,21.066666666666666
633,node_3,,,,21.1
634,node_3,,,,21.133333333333333
635,node_3,,,,21.166666666666668
636,node_3,,,,21.2
637,node_3,,,,21.233333333333334
638,node_3,,,,21.266666666666666
639,node_3,,,,21.3
640,node_3,,,,21.333333333333332
641,node_3,,,,21.366666666666667
642,node_3,,,,21.4
643,node_3,,,,21.433333333333334
644,node_3,,,,21.466666666666665
645,node_3,,,,21.5
646,node_3,,,,21.533333333333335
647,node_3,,,,21.566666666666666
648,node_3,,,,21.6
649,node_3,,,,21.633333333333333
650,node_3,,,,21.666666666666668
651,node_3,,,,21.7
652,node_3,,,,21.733333333333334
653,node_3,,,,21.766666666666666
654,node_3,,,,21.8
655,node_3,,,,21.833333333333332
656,node_3,,,,21.866666666666667
657,node_3,,,,21.9
658,node_3,,,,21.933333333333334
659,node_3,,,,21.966666666666665
660,node_3,,,,22.0
661,node_3,,,,22.033333333333335
662,node_3,,,,22.066666666666666
663,node_3,,,,22.1
664,node_3,,,,22.133333333333333
665,node_3,,,,22.166666666666668
666,node_3,,,,22.2
667,node_3,,,,22.233333333333334
668,node_3,,,,22.266666666666666
669,node_3,,,,22.3
670,node_3,,,,22.333333333333332
671,node_3,,,,22.366666666666667
672,node_3,,,,22.4
673,node_3,,,,22.433333333333334
674,node_3,,,,22.466666666666665
675,node_3,,,,22.5
676,node_3,,,,22.533333333333335
677,node_3,,,,22.566666666666666
678,node_3,,,,22.6
679,node_3,,,,22.633333333333333
680,node_3,,,,22.666666666666668
681,node_3,,,,22.7
682,node_3,,,,22.733333333333334
683,node_3,,,,22.766666666666666
684,node_3,,,,22.8
685,node_3,,,,22.833333333333332
686,node_3,,,,22.866666666666667
687,node_3,,,,22.9
688,node_3,,,,22.933333333333334
689,node_3,,,,22.966666666666665
690,node_3,,,,23.0
691,node_3,,,,23.033333333333335
692,node_3,,,,23.066666666666666
693,node_3,,,,23.1
694,node_3,,,,23.133333333333333
695,node_3,,,,23.166666666666668
696,node_3,,,,23.2
697,node_3,,,,23.233333333333334
698,node_3,,,,23.266666666666666
699,node_3,,,,23.3
700,node_3,,,,23.333333333333332
701,node_3,,,,23.366666666666667
702,node_3,,,,23.4
703,node_3,,,,23.433333333333334
704,node_3,,,,23.466666666666665
705,node_3,,,,23.5
706,node_3,,,,23.533333333333335
707,node_3,,,,23.566666666666666
708,node_3,,,,23.6
709,node_3,,,,23.633333333333333
710,node_3,,,,23.666666666666668
711,node_3,,,,23.7
712,node_3,,,,23.733333333333334
713,node_3,,,,23.766666666666666
714,node_3,,,,23.8
715,node_3,,,,23.833333333333332
716,node_3,,,,23.866666666666667
717,node_3,,,,23.9
718,node_3,,,,23.933333333333334
719,node_3,,,,23.966666666666665
720,node_3,,,,24.0
721,node_3,,,,24.033333333333335
722,node_3,,,,24.066666666666666
723,node_3,,,,24.1
724,node_3,,,,24.133333333333333
725,node_3,,,,24.166666666666668
726,node_3,,,,24.2
727,node_3,,,,24.233333333333334
728,node_3,,,,24.266666666666666
729,node_3,,,,24.3
730,node_3,,,,24.333333333333332
731,node_3,,,,24.366666666666667
732,node_3,,,,24.4
733,node_3,,,,24.433333333333334
734,node_3,,,,24.466666666666665
735,node_3,,,,24.5
736,node_3,,,,24.533333333333335
737,node_3,,,,24.566666666666666
738,node_3,,,,24.6
739,node_3,,,,24.633333333333333
740,node_3,,,,24.666666666666668
741,node_3,,,,24.7
742,node_3,,,,24.733333333333334
743,node_3,,,,24.766666666666666
744,node_3,,,,24.8
745,node_3,,,,24.833333333333332
746,node_3,,,,24.866666666666667
747,node_3,,,,24.9
748,node_3,,,,24.933333333333334
749,node_3,,,,24.966666666666665
750,node_3,,,,25.0
751,node_3,,,,25.033333333333335
752,node_3,,,,25.066666666666666
753,node_3,,,,25.1
754,node_3,,,,25.133333333333333
755,node_3,,,,25.166666666666668
756,node_3,,,,25.2
757,node_3,,,,25.233333333333334
758,node_3,,,,25.266666666666666
759,node_3,,,,25.3
760,node_3,,,,25.333333333333332
761,node_3,,,,25.366666666666667
762,node_3,,,,25.4
763,node_3,,,,25.433333333333334
764,node_3,,,,25.466666666666665
765,node_3,,,,25.5
766,node_3,,,,25.533333333333335
767,node_3,,,,25.566666666666666
768,node_3,,,,25.6
769,node_3,,,,25.633333333333333
770,node_3,,,,25.666666666666668
771,node_3,,,,25.7
772,node_3,,,,25.733333333333334
773,node_3,,,,25.766666666666666
774,node_3,,,,25.8
775,node_3,,,,25.833333333333332
776,node_3,,,,25.866666666666667
777,node_3,,,,25.9
778,node_3,,,,25.933333333333334
779,node_3,,,,25.966666666666665
780,node_3,,,,26.0
781,node_3,,,,26.033333333333335
782,node_3,,,,26.066666666666666
783,node_3,,,,26.1
784,node_3,,,,26.133333333333333
785,node_3,,,,26.166666666666668
786,node_3,,,,26.2
787,node_3,,,,26.233333333333334
788,node_3,,,,26.266666666666666
789,node_3,,,,26.3
790,node_3,,,,26.333333333333332
791,node_3,,,,26.366666666666667
792,node_3,,,,26.4
793,node_3,,,,26.433333333333334
794,node_3,,,,26.466666666666665
795,node_3,,,,26.5
796,node_3,,,,26.533333333333335
797,node_3,,,,26.566666666666666
798,node_3,,,,26.6
799,node_3,,,,26.633333333333333
800,node_3,,,,26.666666666666668
801,node_3,,,,26.7
802,node_3,,,,26.733333333333334
803,node_3,,,,26.766666666666666
804,node_3,,,,26.8
805,node_3,,,,26.833333333333332
806,node_3,,,,26.866666666666667
807,node_3,,,,26.9
808,node_3,,,,26.933333333333334
809,node_3,,,,26.966666666666665
810,node_3,,,,27.0
811,node_3,,,,27.033333333333335
812,node_3,,,,27.066666666666666
813,node_3,,,,27.1
814,node_3,,,,27.133333333333333
815,node_3,,,,27.166666666666668
816,node_3,,,,27.2
817,node_3,,,,27.233333333333334
818,node_3,,,,27.266666666666666
819,node_3,,,,27.3
820,node_3,,,,27.333333333333332
821,node_3,,,,27.366666666666667
822,node_3,,,,27.4
823,node_3,,,,27.433333333333334
824,node_3,,,,27.466666666666665
825,node_3,,,,27.5
826,node_3,,,,27.533333333333335
827,node_3,,,,27.566666666666666
828,node_3,,,,27.6
829,node_3,,,,27.633333333333333
830,node_3,,,,27.666666666666668
831,node_3,,,,27.7
832,node_3,,,,27.733333333333334
833,node_3,,,,27.766666666666666
834,node_3,,,,27.8
835,node_3,,,,27.833333333333332
836,node_3,,,,27.866666666666667
837,node_3,,,,27.9
838,node_3,,,,27.933333333333334
839,node_3,,,,27.966666666666665
840,node_3,,,,28.0
841,node_3,,,,28.033333333333335
842,node_3,,,,28.066666666666666
843,node_3,,,,28.1
844,node_3,,,,28.133333333333333
845,node_3,,,,28.166666666666668
846,node_3,,,,28.2
847,node_3,,,,28.233333333333334
848,node_3,,,,28.266666666666666
849,node_3,,,,28.3
850,node_3,,,,28.333333333333332
851,node_3,,,,28.366666666666667
852,node_3,,,,28.4
853,node_3,,,,28.433333333333334
854,node_3,,,,28.466666666666665
855,node_3,,,,28.5
856,node_3,,,,28.533333333333335
857,node_3,,,,28.566666666666666
858,node_3,,,,28.6
859,node_3,,,,28.633333333333333
860,node_3,,,,28.666666666666668
861,node_3,,,,28.7
862,node_3,,,,28.733333333333334
863,node_3,,,,28.766666666666666
864,node_3,,,,28.8
865,node_3,,,,28.833333333333332
866,node_3,,,,28.866666666666667
867,node_3,,,,28.9
868,node_3,,,,28.933333333333334
869,node_3,,,,28.966666666666665
870,node_3,,,,29.0
871,node_3,,,,29.033333333333335
872,node_3,,,,29.066666666666666
873,node_3,,,,29.1
874,node_3,,,,29.133333333333333
875,node_3,,,,29.166666666666668
876,node_3,,,,29.2
877,node_3,,,,29.233333333333334
878,node_3,,,,29.266666666666666
879,node_3,,,,29.3
880,node_3,,,,29.333333333333332
881,node_3,,,,29.366666666666667
882,node_3,,,,29.4
883,node_3,,,,29.433333333333334
884,node_3,,,,29.466666666666665
885,node_3,,,,29.5
886,node_3,,,,29.533333333333335
887,node_3,,,,29.566666666666666
888,node_3,,,,29.6
889,node_3,,,,29.633333333333333
890,node_3,,,,29.666666666666668
891,node_3,,,,29.7
892,node_3,,,,29.733333333333334
893,node_3,,,,29.766666666666666
894,node_3,,,,29.8
895,node_3,,,,29.833333333333332
896,node_3,,,,29.866666666666667
897,node_3,,,,29.9
898,node_3,,,,29.933333333333334
899,node_3,,,,29.966666666666665
900,node_3,,,,30.0
901,node_3,,,,30.033333333333335
902,node_3,,,,30.066666666666666
903,node_3,,,,30.1
904,node_3,,,,30.133333333333333
905,node_3,,,,30.166666666666668
906,node_3,,,,30.2
907,node_3,,,,30.233333333333334
908,node_3,,,,30.266666666666666
909,node_3,,,,30.3
910,node_3,,,,30.333333333333332
911,node_3,,,,30.366666666666667
912,node_3,,,,30.4
913,node_3,,,,30.433333333333334
914,node_3,,,,30.466666666666665
915,node_3,,,,30.5
916,node_3,,,,30.533333333333335
917,node_3,,,,30.566666666666666
918,node_3,,,,30.6
919,node_3,,,,30.633333333333333
920,node_3,,,,30.666666666666668
921,node_3,,,,30.7
922,node_3,,,,30.733333333333334
923,node_3,,,,30.766666666666666
924,node_3,,,,30.8
925,node_3,,,,30.833333333333332
926,node_3,,,,30.866666666666667
927,node_3,,,,30.9
928,node_3,,,,30.933333333333334
929,node_3,,,,30.966666666666665
930,node_3,,,,31.0
931,node_3,,,,31.033333333333335
932,node_3,,,,31.066666666666666
933,node_3,,,,31.1
934,node_3,,,,31.133333333333333
935,node_3,,,,31.166666666666668
936,node_3,,,,31.2
937,node_3,,,,31.233333333333334
938,node_3,,,,31.266666666666666
939,node_3,,,,31.3
940,node_3,,,,31.333333333333332
941,node_3,,,,31.366666666666667
942,node_3,,,,31.4
943,node_3,,,,31.433333333333334
944,node_3,,,,31.466666666666665
945,node_3,,,,31.5
946,node_3,,,,31.533333333333335
947,node_3,,,,31.566666666666666
948,node_3,,,,31.6
949,node_3,,,,31.633333333333333
950,node_3,,,,31.666666666666668
951,node_3,,,,31.7
952,node_3,,,,31.733333333333334
953,node_3,,,,31.766666666666666
954,node_3,,,,31.8
955,node_3,,,,31.833333333333332
956,node_3,,,,31.866666666666667
957,node_3,,,,31.9
958,node_3,,,,31.933333333333334
959,node_3,,,,31.966666666666665
960,node_3,,,,32.0
961,node_3,,,,32.03333333333333
962,node_3,,,,32.06666666666667
963,node_3,,,,32.1
964,node_3,,,,32.13333333333333
965,node_3,,,,32.166666666666664
966,node_3,,,,32.2
967,node_3,,,,32.233333333333334
968,node_3,,,,32.266666666666666
969,node_3,,,,32.3
970,node_3,,,,32.333333333333336
971,node_3,,,,32.36666666666667
972,node_3,,,,32.4
973,node_3,,,,32.43333333333333
974,node_3,,,,32.46666666666667
975,node_3,,,,32.5
976,node_3,,,,32.53333333333333
977,node_3,,,,32.56666666666667
978,node_3,,,,32.6
979,node_3,,,,32.63333333333333
980,node_3,,,,32.666666666666664
981,node_3,,,,32.7
982,node_3,,,,32.733333333333334
983,node_3,,,,32.766666666666666
984,node_3,,,,32.8
985,node_3,,,,32.833333333333336
986,node_3,,,,32.86666666666667
987,node_3,,,,32.9
988,node_3,,,,32.93333333333333
989,node_3,,,,32.96666666666667
990,node_3,,,,33.0
991,node_3,,,,33.03333333333333
992,node_3,,,,33.06666666666667
993,node_3,,,,33.1
994,node_3,,,,33.13333333333333
995,node_3,,,,33.166666666666664
996,node_3,,,,33.2
997,node_3,,,,33.233333333333334
998,node_3,,,,33.266666666666666
999,node_3,,,,33.3
1000,node_3,,,,33.333333333333336
1001,node_3,,,,33.36666666666667
1002,node_3,,,,33.4
1003,node_3,,,,33.43333333333333
1004,node_3,,,,33.46666666666667
1005,node_3,,,,33.5
1006,node_3,,,,33.53333333333333
1007,node_3,,,,33.56666666666667
1008,node_3,,,,33.6
1009,node_3,,,,33.63333333333333
1010,node_3,,,,33.666666666666664
1011,node_3,,,,33.7
1012,node_3,,,,33.733333333333334
1013,node_3,,,,33.766666666666666
1014,node_3,,,,33.8
1015,node_3,,,,33.833333333333336
1016,node_3,,,,33.86666666666667
1017,node_3,,,,33.9
1018,node_3,,,,33.93333333333333
1019,node_3,,,,33.96666666666667
1020,node_3,,,,34.0
1021,node_3,,,,34.03333333333333
1022,node_3,,,,34.06666666666667
1023,node_3,,,,34.1
1024,node_3,,,,34.13333333333333
1025,node_3,,,,34.166666666666664
1026,node_3,,,,34.2
1027,node_3,,,,34.233333333333334
1028,node_3,,,,34.266666666666666
1029,node_3,,,,34.3
1030,node_3,,,,34.333333333333336
1031,node_3,,,,34.36666666666667
1032,node_3,,,,34.4
1033,node_3,,,,34.43333333333333
1034,node_3,,,,34.46666666666667
1035,node_3,,,,34.5
1036,node_3,,,,34.53333333333333
1037,node_3,,,,34.56666666666667
1038,node_3,,,,34.6
1039,node_3,,,,34.63333333333333
1040,node_3,,,,34.666666666666664
1041,node_3,,,,34.7
1042,node_3,,,,34.733333333333334
1043,node_3,,,,34.766666666666666
1044,node_3,,,,34.8
1045,node_3,,,,34.833333333333336
1046,node_3,,,,34.86666666666667
1047,node_3,,,,34.9
1048,node_3,,,,34.93333333333333
1049,node_3,,,,34.96666666666667
1050,node_3,,,,35.0
1051,node_3,,,,35.03333333333333
1052,node_3,,,,35.06666666666667
1053,node_3,,,,35.1
1054,node_3,,,,35.13333333333333
1055,node_3,,,,35.166666666666664
1056,node_3,,,,35.2
1057,node_3,,,,35.233333333333334
1058,node_3,,,,35.266666666666666
1059,node_3,,,,35.3
1060,node_3,,,,35.333333333333336
1061,node_3,,,,35.36666666666667
1062,node_3,,,,35.4
1063,node_3,,,,35.43333333333333
1064,node_3,,,,35.46666666666667
1065,node_3,,,,35.5
1066,node_3,,,,35.53333333333333
1067,node_3,,,,35.56666666666667
1068,node_3,,,,35.6
1069,node_3,,,,35.63333333333333
1070,node_3,,,,35.666666666666664
1071,node_3,,,,35.7
1072,node_3,,,,35.733333333333334
1073,node_3,,,,35.766666666666666
1074,node_3,,,,35.8
1075,node_3,,,,35.833333333333336
1076,node_3,,,,35.86666666666667
1077,node_3,,,,35.9
1078,node_3,,,,35.93333333333333
1079,node_3,,,,35.96666666666667
1080,node_3,,,,36.0
1081,node_3,,,,36.03333333333333
1082,node_3,,,,36.06666666666667
1083,node_3,,,,36.1
1084,node_3,,,,36.13333333333333
1085,node_3,,,,36.166666666666664
1086,node_3,,,,36.2
1087,node_3,,,,36.233333333333334
1088,node_3,,,,36.266666666666666
1089,node_3,,,,36.3
1090,node_3,,,,36.333333333333336
1091,node_3,,,,36.36666666666667
1092,node_3,,,,36.4
1093,node_3,,,,36.43333333333333
1094,node_3,,,,36.46666666666667
1095,node_3,,,,36.5
1096,node_3,,,,36.53333333333333
1097,node_3,,,,36.56666666666667
1098,node_3,,,,36.6
1099,node_3,,,,36.63333333333333
1100,node_3,,,,36.666666666666664
1101,node_3,,,,36.7
1102,node_3,,,,36.733333333333334
1103,node_3,,,,36.766666666666666
1104,node_3,,,,36.8
1105,node_3,,,,36.833333333333336
1106,node_3,,,,36.86666666666667
1107,node_3,,,,36.9
1108,node_3,,,,36.93333333333333
1109,node_3,,,,36.96666666666667
1110,node_3,,,,37.0
1111,node_3,,,,37.03333333333333
1112,node_3,,,,37.06666666666667
1113,node_3,,,,37.1
1114,node_3,,,,37.13333333333333
1115,node_3,,,,37.166666666666664
1116,node_3,,,,37.2
1117,node_3,,,,37.233333333333334
1118,node_3,,,,37.266666666666666
1119,node_3,,,,37.3
1120,node_3,,,,37.333333333333336
1121,node_3,,,,37.36666666666667
1122,node_3,,,,37.4
1123,node_3,,,,37.43333333333333
1124,node_3,,,,37.46666666666667
1125,node_3,,,,37.5
1126,node_3,,,,37.53333333333333
1127,node_3,,,,37.56666666666667
1128,node_3,,,,37.6
1129,node_3,,,,37.63333333333333
1130,node_3,,,,37.666666666666664
1131,node_3,,,,37.7
1132,node_3,,,,37.733333333333334
1133,node_3,,,,37.766666666666666
1134,node_3,,,,37.8
1135,node_3,,,,37.833333333333336
1136,node_3,,,,37.86666666666667
1137,node_3,,,,37.9
1138,node_3,,,,37.93333333333333
1139,node_3,,,,37.96666666666667
1140,node_3,,,,38.0
1141,node_3,,,,38.03333333333333
1142,node_3,,,,38.06666666666667
1143,node_3,,,,38.1
1144,node_3,,,,38.13333333333333
1145,node_3,,,,38.166666666666664
1146,node_3,,,,38.2
1147,node_3,,,,38.233333333333334
1148,node_3,,,,38.266666666666666
1149,node_3,,,,38.3
1150,node_3,,,,38.333333333333336
1151,node_3,,,,38.36666666666667
1152,node_3,,,,38.4
1153,node_3,,,,38.43333333333333
1154,node_3,,,,38.46666666666667
1155,node_3,,,,38.5
1156,node_3,,,,38.53333333333333
1157,node_3,,,,38.56666666666667
1158,node_3,,,,38.6
1159,node_3,,,,38.63333333333333
1160,node_3,,,,38.666666666666664
1161,node_3,,,,38.7
1162,node_3,,,,38.733333333333334
1163,node_3,,,,38.766666666666666
1164,node_3,,,,38.8
1165,node_3,,,,38.833333333333336
1166,node_3,,,,38.86666666666667
1167,node_3,,,,38.9
1168,node_3,,,,38.93333333333333
1169,node_3,,,,38.96666666666667
1170,node_3,,,,39.0
1171,node_3,,,,39.03333333333333
1172,node_3,,,,39.06666666666667
1173,node_3,,,,39.1
1174,node_3,,,,39.13333333333333
1175,node_3,,,,39.166666666666664
1176,node_3,,,,39.2
1177,node_3,,,,39.233333333333334
1178,node_3,,,,39.266666666666666
1179,node_3,,,,39.3
1180,node_3,,,,39.333333333333336
1181,node_3,,,,39.36666666666667
1182,node_3,,,,39.4
1183,node_3,,,,39.43333333333333
1184,node_3,,,,39.46666666666667
1185,node_3,,,,39.5
1186,node_3,,,,39.53333333333333
1187,node_3,,,,39.56666666666667
1188,node_3,,,,39.6
1189,node_3,,,,39.63333333333333
1190,node_3,,,,39.666666666666664
1191,node_3,,,,39.7
1192,node_3,,,,39.733333333333334
1193,node_3,,,,39.766666666666666
1194,node_3,,,,39.8
1195,node_3,,,,39.833333333333336
1196,node_3,,,,39.86666666666667
1197,node_3,,,,39.9
1198,node_3,,,,39.93333333333333
1199,node_3,,,,39.96666666666667
1200,node_3,,,,40.0
1201,node_3,,,,40.03333333333333
1202,node_3,,,,40.06666666666667
1203,node_3,,,,40.1
1204,node_3,,,,40.13333333333333
1205,node_3,,,,40.166666666666664
1206,node_3,,,,40.2
1207,node_3,,,,40.233333333333334
1208,node_3,,,,40.266666666666666
1209,node_3,,,,40.3
1210,node_3,,,,40.333333333333336
1211,node_3,,,,40.36666666666667
1212,node_3,,,,40.4
1213,node_3,,,,40.43333333333333
1214,node_3,,,,40.46666666666667
1215,node_3,,,,40.5
1216,node_3,,,,40.53333333333333
1217,node_3,,,,40.56666666666667
1218,node_3,,,,40.6
1219,node_3,,,,40.63333333333333
1220,node_3,,,,40.666666666666664
1221,node_3,,,,40.7
1222,node_3,,,,40.733333333333334
1223,node_3,,,,40.766666666666666
1224,node_3,,,,40.8
1225,node_3,,,,40.833333333333336
1226,node_3,,,,40.86666666666667
1227,node_3,,,,40.9
1228,node_3,,,,40.93333333333333
1229,node_3,,,,40.96666666666667
1230,node_3,,,,41.0
1231,node_3,,,,41.03333333333333
1232,node_3,,,,41.06666666666667
1233,node_3,,,,41.1
1234,node_3,,,,41.13333333333333
1235,node_3,,,,41.166666666666664
1236,node_3,,,,41.2
1237,node_3,,,,41.233333333333334
1238,node_3,,,,41.266666666666666
1239,node_3,,,,41.3
1240,node_3,,,,41.333333333333336
1241,node_3,,,,41.36666666666667
1242,node_3,,,,41.4
1243,node_3,,,,41.43333333333333
1244,node_3,,,,41.46666666666667
1245,node_3,,,,41.5
1246,node_3,,,,41.53333333333333
1247,node_3,,,,41.56666666666667
1248,node_3,,,,41.6
1249,node_3,,,,41.63333333333333
1250,node_3,,,,41.666666666666664
1251,node_3,,,,41.7
1252,node_3,,,,41.733333333333334
1253,node_3,,,,41.766666666666666
1254,node_3,,,,41.8
1255,node_3,,,,41.833333333333336
1256,node_3,,,,41.86666666666667
1257,node_3,,,,41.9
1258,node_3,,,,41.93333333333333
1259,node_3,,,,41.96666666666667
1260,node_3,,,,42.0
1261,node_3,,,,42.03333333333333
1262,node_3,,,,42.06666666666667
1263,node_3,,,,42.1
1264,node_3,,,,42.13333333333333
1265,node_3,,,,42.166666666666664
1266,node_3,,,,42.2
1267,node_3,,,,42.233333333333334
1268,node_3,,,,42.266666666666666
1269,node_3,,,,42.3
1270,node_3,,,,42.333333333333336
1271,node_3,,,,42.36666666666667
1272,node_3,,,,42.4
1273,node_3,,,,42.43333333333333
1274,node_3,,,,42.46666666666667
1275,node_3,,,,42.5
1276,node_3,,,,42.53333333333333
1277,node_3,,,,42.56666666666667
1278,node_3,,,,42.6
1279,node_3,,,,42.63333333333333
1280,node_3,,,,42.666666666666664
1281,node_3,,,,42.7
1282,node_3,,,,42.733333333333334
1283,node_3,,,,42.766666666666666
1284,node_3,,,,42.8
1285,node_3,,,,42.833333333333336
1286,node_3,,,,42.86666666666667
1287,node_3,,,,42.9
1288,node_3,,,,42.93333333333333
1289,node_3,,,,42.96666666666667
1290,node_3,,,,43.0
1291,node_3,,,,43.03333333333333
1292,node_3,,,,43.06666666666667
1293,node_3,,,,43.1
1294,node_3,,,,43.13333333333333
1295,node_3,,,,43.166666666666664
1296,node_3,,,,43.2
1297,node_3,,,,43.233333333333334
1298,node_3,,,,43.266666666666666
1299,node_3,,,,43.3
1300,node_3,,,,43.333333333333336
1301,node_3,,,,43.36666666666667
1302,node_3,,,,43.4
1303,node_3,,,,43.43333333333333
1304,node_3,,,,43.46666666666667
1305,node_3,,,,43.5
1306,node_3,,,,43.53333333333333
1307,node_3,,,,43.56666666666667
1308,node_3,,,,43.6
1309,node_3,,,,43.63333333333333
1310,node_3,,,,43.666666666666664
1311,node_3,,,,43.7
0,node_4,,,,0.0
1,node_4,,,,0.03333333333333333
2,node_4,,,,0.06666666666666667
3,node_4,,,,0.1
4,node_4,,,,0.13333333333333333
5,node_4,,,,0.16666666666666666
6,node_4,,,,0.2
7,node_4,,,,0.23333333333333334
8,node_4,,,,0.26666666666666666
9,node_4,,,,0.3
10,node_4,,,,0.3333333333333333
11,node_4,,,,0.36666666666666664
12,node_4,,,,0.4
13,node_4,,,,0.43333333333333335
14,node_4,,,,0.4666666666666667
15,node_4,,,,0.5
16,node_4,,,,0.5333333333333333
17,node_4,,,,0.5666666666666667
18,node_4,,,,0.6
19,node_4,,,,0.6333333333333333
20,node_4,,,,0.6666666666666666
21,node_4,,,,0.7
22,node_4,,,,0.7333333333333333
23,node_4,,,,0.7666666666666667
24,node_4,,,,0.8
25,node_4,,,,0.8333333333333334
26,node_4,,,,0.8666666666666667
27,node_4,,,,0.9
28,node_4,,,,0.9333333333333333
29,node_4,,,,0.9666666666666667
30,node_4,,,,1.0
31,node_4,,,,1.0333333333333334
32,node_4,,,,1.0666666666666667
33,node_4,,,,1.1
34,node_4,,,,1.1333333333333333
35,node_4,,,,1.1666666666666667
36,node_4,,,,1.2
37,node_4,,,,1.2333333333333334
38,node_4,,,,1.2666666666666666
39,node_4,,,,1.3
40,node_4,,,,1.3333333333333333
41,node_4,,,,1.3666666666666667
42,node_4,,,,1.4
43,node_4,,,,1.4333333333333333
44,node_4,,,,1.4666666666666666
45,node_4,,,,1.5
46,node_4,,,,1.5333333333333334
47,node_4,,,,1.5666666666666667
48,node_4,,,,1.6
49,node_4,,,,1.6333333333333333
50,node_4,,,,1.6666666666666667
51,node_4,,,,1.7
52,node_4,,,,1.7333333333333334
53,node_4,,,,1.7666666666666666
54,node_4,,,,1.8
55,node_4,,,,1.8333333333333333
56,node_4,,,,1.8666666666666667
57,node_4,,,,1.9
58,node_4,,,,1.9333333333333333
59,node_4,,,,1.9666666666666666
60,node_4,,,,2.0
61,node_4,,,,2.033333333333333
62,node_4,,,,2.066666666666667
63,node_4,,,,2.1
64,node_4,,,,2.1333333333333333
65,node_4,,,,2.1666666666666665
66,node_4,,,,2.2
67,node_4,,,,2.2333333333333334
68,node_4,,,,2.2666666666666666
69,node_4,,,,2.3
70,node_4,,,,2.3333333333333335
71,node_4,,,,2.3666666666666667
72,node_4,,,,2.4
73,node_4,,,,2.433333333333333
74,node_4,,,,2.466666666666667
75,node_4,,,,2.5
76,node_4,,,,2.533333333333333
77,node_4,,,,2.566666666666667
78,node_4,,,,2.6
79,node_4,,,,2.6333333333333333
80,node_4,,,,2.6666666666666665
81,node_4,,,,2.7
82,node_4,,,,2.7333333333333334
83,node_4,,,,2.7666666666666666
84,node_4,,,,2.8
85,node_4,,,,2.8333333333333335
86,node_4,,,,2.8666666666666667
87,node_4,,,,2.9
88,node_4,,,,2.933333333333333
89,node_4,,,,2.966666666666667
90,node_4,,,,3.0
91,node_4,,,,3.033333333333333
92,node_4,,,,3.066666666666667
93,node_4,,,,3.1
94,node_4,,,,3.1333333333333333
95,node_4,,,,3.1666666666666665
96,node_4,,,,3.2
97,node_4,,,,3.2333333333333334
98,node_4,,,,3.2666666666666666
99,node_4,,,,3.3
100,node_4,,,,3.3333333333333335
101,node_4,,,,3.3666666666666667
102,node_4,,,,3.4
103,node_4,,,,3.433333333333333
104,node_4,,,,3.466666666666667
105,node_4,,,,3.5
106,node_4,,,,3.533333333333333
107,node_4,,,,3.566666666666667
108,node_4,,,,3.6
109,node_4,,,,3.6333333333333333
110,node_4,,,,3.6666666666666665
111,node_4,,,,3.7
112,node_4,,,,3.7333333333333334
113,node_4,,,,3.7666666666666666
114,node_4,,,,3.8
115,node_4,,,,3.8333333333333335
116,node_4,,,,3.8666666666666667
117,node_4,,,,3.9
118,node_4,,,,3.933333333333333
119,node_4,,,,3.966666666666667
120,node_4,,,,4.0
121,node_4,,,,4.033333333333333
122,node_4,,,,4.066666666666666
123,node_4,,,,4.1
124,node_4,,,,4.133333333333334
125,node_4,,,,4.166666666666667
126,node_4,,,,4.2
127,node_4,,,,4.233333333333333
128,node_4,,,,4.266666666666667
129,node_4,,,,4.3
130,node_4,,,,4.333333333333333
131,node_4,,,,4.366666666666666
132,node_4,,,,4.4
133,node_4,,,,4.433333333333334
134,node_4,,,,4.466666666666667
135,node_4,,,,4.5
136,node_4,,,,4.533333333333333
137,node_4,,,,4.566666666666666
138,node_4,,,,4.6
139,node_4,,,,4.633333333333334
140,node_4,,,,4.666666666666667
141,node_4,,,,4.7
142,node_4,,,,4.733333333333333
143,node_4,,,,4.766666666666667
144,node_4,,,,4.8
145,node_4,,,,4.833333333333333
146,node_4,,,,4.866666666666666
147,node_4,,,,4.9
148,node_4,,,,4.933333333333334
149,node_4,,,,4.966666666666667
150,node_4,,,,5.0
151,node_4,,,,5.033333333333333
152,node_4,,,,5.066666666666666
153,node_4,,,,5.1
154,node_4,,,,5.133333333333334
155,node_4,,,,5.166666666666667
156,node_4,,,,5.2
157,node_4,,,,5.233333333333333
158,node_4,,,,5.266666666666667
159,node_4,,,,5.3
160,node_4,,,,5.333333333333333
161,node_4,,,,5.366666666666666
162,node_4,,,,5.4
163,node_4,,,,5.433333333333334
164,node_4,,,,5.466666666666667
165,node_4,,,,5.5
166,node_4,,,,5.533333333333333
167,node_4,,,,5.566666666666666
168,node_4,,,,5.6
169,node_4,,,,5.633333333333334
170,node_4,,,,5.666666666666667
171,node_4,,,,5.7
172,node_4,,,,5.733333333333333
173,node_4,,,,5.766666666666667
174,node_4,,,,5.8
175,node_4,,,,5.833333333333333
176,node_4,,,,5.866666666666666
177,node_4,,,,5.9
178,node_4,,,,5.933333333333334
179,node_4,,,,5.966666666666667
180,node_4,,,,6.0
181,node_4,,,,6.033333333333333
182,node_4,,,,6.066666666666666
183,node_4,,,,6.1
184,node_4,,,,6.133333333333334
185,node_4,,,,6.166666666666667
186,node_4,,,,6.2
187,node_4,,,,6.233333333333333
188,node_4,,,,6.266666666666667
189,node_4,,,,6.3
190,node_4,,,,6.333333333333333
191,node_4,,,,6.366666666666666
192,node_4,,,,6.4
193,node_4,,,,6.433333333333334
194,node_4,,,,6.466666666666667
195,node_4,,,,6.5
196,node_4,,,,6.533333333333333
197,node_4,,,,6.566666666666666
198,node_4,,,,6.6
199,node_4,,,,6.633333333333334
200,node_4,,,,6.666666666666667
201,node_4,,,,6.7
202,node_4,,,,6.733333333333333
203,node_4,,,,6.766666666666667
204,node_4,,,,6.8
205,node_4,,,,6.833333333333333
206,node_4,,,,6.866666666666666
207,node_4,,,,6.9
208,node_4,,,,6.933333333333334
209,node_4,,,,6.966666666666667
210,node_4,,,,7.0
211,node_4,,,,7.033333333333333
212,node_4,,,,7.066666666666666
213,node_4,,,,7.1
214,node_4,,,,7.133333333333334
215,node_4,,,,7.166666666666667
216,node_4,,,,7.2
217,node_4,,,,7.233333333333333
218,node_4,,,,7.266666666666667
219,node_4,,,,7.3
220,node_4,,,,7.333333333333333
221,node_4,,,,7.366666666666666
222,node_4,,,,7.4
223,node_4,,,,7.433333333333334
224,node_4,,,,7.466666666666667
225,node_4,,,,7.5
226,node_4,,,,7.533333333333333
227,node_4,,,,7.566666666666666
228,node_4,,,,7.6
229,node_4,,,,7.633333333333334
230,node_4,,,,7.666666666666667
231,node_4,,,,7.7
232,node_4,,,,7.733333333333333
233,node_4,,,,7.766666666666667
234,node_4,,,,7.8
235,node_4,,,,7.833333333333333
236,node_4,,,,7.866666666666666
237,node_4,,,,7.9
238,node_4,,,,7.933333333333334
239,node_4,,,,7.966666666666667
240,node_4,,,,8.0
241,node_4,,,,8.033333333333333
242,node_4,,,,8.066666666666666
243,node_4,,,,8.1
244,node_4,,,,8.133333333333333
245,node_4,,,,8.166666666666666
246,node_4,,,,8.2
247,node_4,,,,8.233333333333333
248,node_4,,,,8.266666666666667
249,node_4,,,,8.3
250,node_4,,,,8.333333333333334
251,node_4,,,,8.366666666666667
252,node_4,,,,8.4
253,node_4,,,,8.433333333333334
254,node_4,,,,8.466666666666667
255,node_4,,,,8.5
256,node_4,,,,8.533333333333333
257,node_4,,,,8.566666666666666
258,node_4,,,,8.6
259,node_4,,,,8.633333333333333
260,node_4,,,,8.666666666666666
261,node_4,,,,8.7
262,node_4,,,,8.733333333333333
263,node_4,,,,8.766666666666667
264,node_4,,,,8.8
265,node_4,,,,8.833333333333334
266,node_4,,,,8.866666666666667
267,node_4,,,,8.9
268,node_4,,,,8.933333333333334
269,node_4,,,,8.966666666666667
270,node_4,,,,9.0
271,node_4,,,,9.033333333333333
272,node_4,,,,9.066666666666666
273,node_4,,,,9.1
274,node_4,,,,9.133333333333333
275,node_4,,,,9.166666666666666
276,node_4,,,,9.2
277,node_4,,,,9.233333333333333
278,node_4,,,,9.266666666666667
279,node_4,,,,9.3
280,node_4,,,,9.333333333333334
281,node_4,,,,9.366666666666667
282,node_4,,,,9.4
283,node_4,,,,9.433333333333334
284,node_4,,,,9.466666666666667
285,node_4,,,,9.5
286,node_4,,,,9.533333333333333
287,node_4,,,,9.566666666666666
288,node_4,,,,9.6
289,node_4,,,,9.633333333333333
290,node_4,,,,9.666666666666666
291,node_4,,,,9.7
292,node_4,,,,9.733333333333333
293,node_4,,,,9.766666666666667
294,node_4,,,,9.8
295,node_4,,,,9.833333333333334
296,node_4,,,,9.866666666666667
297,node_4,,,,9.9
298,node_4,,,,9.933333333333334
299,node_4,,,,9.966666666666667
300,node_4,,,,10.0
301,node_4,,,,10.033333333333333
302,node_4,,,,10.066666666666666
303,node_4,,,,10.1
304,node_4,,,,10.133333333333333
305,node_4,,,,10.166666666666666
306,node_4,,,,10.2
307,node_4,,,,10.233333333333333
308,node_4,,,,10.266666666666667
309,node_4,,,,10.3
310,node_4,,,,10.333333333333334
311,node_4,,,,10.366666666666667
312,node_4,,,,10.4
313,node_4,,,,10.433333333333334
314,node_4,,,,10.466666666666667
315,node_4,,,,10.5
316,node_4,,,,10.533333333333333
317,node_4,,,,10.566666666666666
318,node_4,,,,10.6
319,node_4,,,,10.633333333333333
320,node_4,,,,10.666666666666666
321,node_4,,,,10.7
322,node_4,,,,10.733333333333333
323,node_4,,,,10.766666666666667
324,node_4,,,,10.8
325,node_4,,,,10.833333333333334
326,node_4,,,,10.866666666666667
327,node_4,,,,10.9
328,node_4,,,,10.933333333333334
329,node_4,,,,10.966666666666667
330,node_4,,,,11.0
331,node_4,,,,11.033333333333333
332,node_4,,,,11.066666666666666
333,node_4,,,,11.1
334,node_4,,,,11.133333333333333
335,node_4,,,,11.166666666666666
336,node_4,,,,11.2
337,node_4,,,,11.233333333333333
338,node_4,,,,11.266666666666667
339,node_4,,,,11.3
340,node_4,,,,11.333333333333334
341,node_4,,,,11.366666666666667
342,node_4,,,,11.4
343,node_4,,,,11.433333333333334
344,node_4,,,,11.466666666666667
345,node_4,,,,11.5
346,node_4,,,,11.533333333333333
347,node_4,,,,11.566666666666666
348,node_4,,,,11.6
349,node_4,,,,11.633333333333333
350,node_4,,,,11.666666666666666
351,node_4,,,,11.7
352,node_4,,,,11.733333333333333
353,node_4,,,,11.766666666666667
354,node_4,,,,11.8
355,node_4,,,,11.833333333333334
356,node_4,,,,11.866666666666667
357,node_4,,,,11.9
358,node_4,,,,11.933333333333334
359,node_4,,,,11.966666666666667
360,node_4,,,,12.0
361,node_4,,,,12.033333333333333
362,node_4,,,,12.066666666666666
363,node_4,,,,12.1
364,node_4,,,,12.133333333333333
365,node_4,,,,12.166666666666666
366,node_4,,,,12.2
367,node_4,,,,12.233333333333333
368,node_4,,,,12.266666666666667
369,node_4,,,,12.3
370,node_4,,,,12.333333333333334
371,node_4,,,,12.366666666666667
372,node_4,,,,12.4
373,node_4,,,,12.433333333333334
374,node_4,,,,12.466666666666667
375,node_4,,,,12.5
376,node_4,,,,12.533333333333333
377,node_4,,,,12.566666666666666
378,node_4,,,,12.6
379,node_4,,,,12.633333333333333
380,node_4,,,,12.666666666666666
381,node_4,,,,12.7
382,node_4,,,,12.733333333333333
383,node_4,,,,12.766666666666667
384,node_4,,,,12.8
385,node_4,,,,12.833333333333334
386,node_4,,,,12.866666666666667
387,node_4,,,,12.9
388,node_4,,,,12.933333333333334
389,node_4,,,,12.966666666666667
390,node_4,,,,13.0
391,node_4,,,,13.033333333333333
392,node_4,,,,13.066666666666666
393,node_4,,,,13.1
394,node_4,,,,13.133333333333333
395,node_4,,,,13.166666666666666
396,node_4,,,,13.2
397,node_4,,,,13.233333333333333
398,node_4,,,,13.266666666666667
399,node_4,,,,13.3
400,node_4,,,,13.333333333333334
401,node_4,,,,13.366666666666667
402,node_4,,,,13.4
403,node_4,,,,13.433333333333334
404,node_4,,,,13.466666666666667
405,node_4,,,,13.5
406,node_4,,,,13.533333333333333
407,node_4,,,,13.566666666666666
408,node_4,,,,13.6
409,node_4,,,,13.633333333333333
410,node_4,,,,13.666666666666666
411,node_4,,,,13.7
412,node_4,,,,13.733333333333333
413,node_4,,,,13.766666666666667
414,node_4,,,,13.8
415,node_4,,,,13.833333333333334
416,node_4,,,,13.866666666666667
417,node_4,,,,13.9
418,node_4,,,,13.933333333333334
419,node_4,,,,13.966666666666667
420,node_4,,,,14.0
421,node_4,,,,14.033333333333333
422,node_4,,,,14.066666666666666
423,node_4,,,,14.1
424,node_4,,,,14.133333333333333
425,node_4,,,,14.166666666666666
426,node_4,,,,14.2
427,node_4,,,,14.233333333333333
428,node_4,,,,14.266666666666667
429,node_4,,,,14.3
430,node_4,,,,14.333333333333334
431,node_4,,,,14.366666666666667
432,node_4,,,,14.4
433,node_4,,,,14.433333333333334
434,node_4,,,,14.466666666666667
435,node_4,,,,14.5
436,node_4,,,,14.533333333333333
437,node_4,,,,14.566666666666666
438,node_4,,,,14.6
439,node_4,,,,14.633333333333333
440,node_4,,,,14.666666666666666
441,node_4,,,,14.7
442,node_4,,,,14.733333333333333
443,node_4,,,,14.766666666666667
444,node_4,,,,14.8
445,node_4,,,,14.833333333333334
446,node_4,,,,14.866666666666667
447,node_4,,,,14.9
448,node_4,,,,14.933333333333334
449,node_4,,,,14.966666666666667
450,node_4,,,,15.0
451,node_4,,,,15.033333333333333
452,node_4,,,,15.066666666666666
453,node_4,,,,15.1
454,node_4,,,,15.133333333333333
455,node_4,,,,15.166666666666666
456,node_4,,,,15.2
457,node_4,,,,15.233333333333333
458,node_4,,,,15.266666666666667
459,node_4,,,,15.3
460,node_4,,,,15.333333333333334
461,node_4,,,,15.366666666666667
462,node_4,,,,15.4
463,node_4,,,,15.433333333333334
464,node_4,,,,15.466666666666667
465,node_4,,,,15.5
466,node_4,,,,15.533333333333333
467,node_4,,,,15.566666666666666
468,node_4,,,,15.6
469,node_4,,,,15.633333333333333
470,node_4,,,,15.666666666666666
471,node_4,,,,15.7
472,node_4,,,,15.733333333333333
473,node_4,,,,15.766666666666667
474,node_4,,,,15.8
475,node_4,,,,15.833333333333334
476,node_4,,,,15.866666666666667
477,node_4,,,,15.9
478,node_4,,,,15.933333333333334
479,node_4,,,,15.966666666666667
480,node_4,,,,16.0
481,node_4,,,,16.033333333333335
482,node_4,,,,16.066666666666666
483,node_4,,,,16.1
484,node_4,,,,16.133333333333333
485,node_4,,,,16.166666666666668
486,node_4,,,,16.2
487,node_4,,,,16.233333333333334
488,node_4,,,,16.266666666666666
489,node_4,,,,16.3
490,node_4,,,,16.333333333333332
491,node_4,,,,16.366666666666667
492,node_4,,,,16.4
493,node_4,,,,16.433333333333334
494,node_4,,,,16.466666666666665
495,node_4,,,,16.5
496,node_4,,,,16.533333333333335
497,node_4,,,,16.566666666666666
498,node_4,,,,16.6
499,node_4,,,,16.633333333333333
500,node_4,,,,16.666666666666668
501,node_4,,,,16.7
502,node_4,,,,16.733333333333334
503,node_4,,,,16.766666666666666
504,node_4,,,,16.8
505,node_4,,,,16.833333333333332
506,node_4,,,,16.866666666666667
507,node_4,,,,16.9
508,node_4,,,,16.933333333333334
509,node_4,,,,16.966666666666665
510,node_4,,,,17.0
511,node_4,,,,17.033333333333335
512,node_4,,,,17.066666666666666
513,node_4,,,,17.1
514,node_4,,,,17.133333333333333
515,node_4,,,,17.166666666666668
516,node_4,,,,17.2
517,node_4,,,,17.233333333333334
518,node_4,,,,17.266666666666666
519,node_4,,,,17.3
520,node_4,,,,17.333333333333332
521,node_4,,,,17.366666666666667
522,node_4,,,,17.4
523,node_4,,,,17.433333333333334
524,node_4,,,,17.466666666666665
525,node_4,,,,17.5
526,node_4,,,,17.533333333333335
527,node_4,,,,17.566666666666666
528,node_4,,,,17.6
529,node_4,,,,17.633333333333333
530,node_4,,,,17.666666666666668
531,node_4,,,,17.7
532,node_4,,,,17.733333333333334
533,node_4,,,,17.766666666666666
534,node_4,,,,17.8
535,node_4,,,,17.833333333333332
536,node_4,,,,17.866666666666667
537,node_4,,,,17.9
538,node_4,,,,17.933333333333334
539,node_4,,,,17.966666666666665
540,node_4,,,,18.0
541,node_4,,,,18.033333333333335
542,node_4,,,,18.066666666666666
543,node_4,,,,18.1
544,node_4,,,,18.133333333333333
545,node_4,,,,18.166666666666668
546,node_4,,,,18.2
547,node_4,,,,18.233333333333334
548,node_4,,,,18.266666666666666
549,node_4,,,,18.3
550,node_4,,,,18.333333333333332
551,node_4,,,,18.366666666666667
552,node_4,,,,18.4
553,node_4,,,,18.433333333333334
554,node_4,,,,18.466666666666665
555,node_4,,,,18.5
556,node_4,,,,18.533333333333335
557,node_4,,,,18.566666666666666
558,node_4,,,,18.6
559,node_4,,,,18.633333333333333
560,node_4,,,,18.666666666666668
561,node_4,,,,18.7
562,node_4,,,,18.733333333333334
563,node_4,,,,18.766666666666666
564,node_4,,,,18.8
565,node_4,,,,18.833333333333332
566,node_4,,,,18.866666666666667
567,node_4,,,,18.9
568,node_4,,,,18.933333333333334
569,node_4,,,,18.966666666666665
570,node_4,,,,19.0
571,node_4,,,,19.033333333333335
572,node_4,,,,19.066666666666666
573,node_4,,,,19.1
574,node_4,,,,19.133333333333333
575,node_4,,,,19.166666666666668
576,node_4,,,,19.2
577,node_4,,,,19.233333333333334
578,node_4,,,,19.266666666666666
579,node_4,,,,19.3
580,node_4,,,,19.333333333333332
581,node_4,,,,19.366666666666667
582,node_4,,,,19.4
583,node_4,,,,19.433333333333334
584,node_4,,,,19.466666666666665
585,node_4,,,,19.5
586,node_4,,,,19.533333333333335
587,node_4,,,,19.566666666666666
588,node_4,,,,19.6
589,node_4,,,,19.633333333333333
590,node_4,,,,19.666666666666668
591,node_4,,,,19.7
592,node_4,,,,19.733333333333334
593,node_4,,,,19.766666666666666
594,node_4,,,,19.8
595,node_4,,,,19.833333333333332
596,node_4,,,,19.866666666666667
597,node_4,,,,19.9
598,node_4,,,,19.933333333333334
599,node_4,,,,19.966666666666665
600,node_4,,,,20.0
601,node_4,,,,20.033333333333335
602,node_4,,,,20.066666666666666
603,node_4,,,,20.1
604,node_4,,,,20.133333333333333
605,node_4,,,,20.166666666666668
606,node_4,,,,20.2
607,node_4,,,,20.233333333333334
608,node_4,,,,20.266666666666666
609,node_4,,,,20.3
610,node_4,,,,20.333333333333332
611,node_4,,,,20.366666666666667
612,node_4,,,,20.4
613,node_4,,,,20.433333333333334
614,node_4,,,,20.466666666666665
615,node_4,,,,20.5
616,node_4,,,,20.533333333333335
617,node_4,,,,20.566666666666666
618,node_4,,,,20.6
619,node_4,,,,20.633333333333333
620,node_4,,,,20.666666666666668
621,node_4,,,,20.7
622,node_4,,,,20.733333333333334
623,node_4,,,,20.766666666666666
624,node_4,,,,20.8
625,node_4,,,,20.833333333333332
626,node_4,,,,20.866666666666667
627,node_4,,,,20.9
628,node_4,,,,20.933333333333334
629,node_4,,,,20.966666666666665
630,node_4,,,,21.0
631,node_4,,,,21.033333333333335
632,node_4,,,,21.066666666666666
633,node_4,,,,21.1
634,node_4,,,,21.133333333333333
635,node_4,,,,21.166666666666668
636,node_4,,,,21.2
637,node_4,,,,21.233333333333334
638,node_4,,,,21.266666666666666
639,node_4,,,,21.3
640,node_4,,,,21.333333333333332
641,node_4,,,,21.366666666666667
642,node_4,,,,21.4
643,node_4,,,,21.433333333333334
644,node_4,,,,21.466666666666665
645,node_4,,,,21.5
646,node_4,,,,21.533333333333335
647,node_4,,,,21.566666666666666
648,node_4,,,,21.6
649,node_4,,,,21.633333333333333
650,node_4,,,,21.666666666666668
651,node_4,,,,21.7
652,node_4,,,,21.733333333333334
653,node_4,,,,21.766666666666666
654,node_4,,,,21.8
655,node_4,,,,21.833333333333332
656,node_4,,,,21.866666666666667
657,node_4,,,,21.9
658,node_4,,,,21.933333333333334
659,node_4,,,,21.966666666666665
660,node_4,,,,22.0
661,node_4,,,,22.033333333333335
662,node_4,,,,22.066666666666666
663,node_4,,,,22.1
664,node_4,,,,22.133333333333333
665,node_4,,,,22.166666666666668
666,node_4,,,,22.2
667,node_4,,,,22.233333333333334
668,node_4,,,,22.266666666666666
669,node_4,,,,22.3
670,node_4,,,,22.333333333333332
671,node_4,,,,22.366666666666667
672,node_4,,,,22.4
673,node_4,,,,22.433333333333334
674,node_4,,,,22.466666666666665
675,node_4,,,,22.5
676,node_4,,,,22.533333333333335
677,node_4,,,,22.566666666666666
678,node_4,,,,22.6
679,node_4,,,,22.633333333333333
680,node_4,,,,22.666666666666668
681,node_4,,,,22.7
682,node_4,,,,22.733333333333334
683,node_4,,,,22.766666666666666
684,node_4,,,,22.8
685,node_4,,,,22.833333333333332
686,node_4,,,,22.866666666666667
687,node_4,,,,22.9
688,node_4,,,,22.933333333333334
689,node_4,,,,22.966666666666665
690,node_4,,,,23.0
691,node_4,,,,23.033333333333335
692,node_4,,,,23.066666666666666
693,node_4,,,,23.1
694,node_4,,,,23.133333333333333
695,node_4,,,,23.166666666666668
696,node_4,,,,23.2
697,node_4,,,,23.233333333333334
698,node_4,,,,23.266666666666666
699,node_4,,,,23.3
700,node_4,,,,23.333333333333332
701,node_4,,,,23.366666666666667
702,node_4,,,,23.4
703,node_4,,,,23.433333333333334
704,node_4,,,,23.466666666666665
705,node_4,,,,23.5
706,node_4,,,,23.533333333333335
707,node_4,,,,23.566666666666666
708,node_4,,,,23.6
709,node_4,,,,23.633333333333333
710,node_4,,,,23.666666666666668
711,node_4,,,,23.7
712,node_4,,,,23.733333333333334
713,node_4,,,,23.766666666666666
714,node_4,,,,23.8
715,node_4,,,,23.833333333333332
716,node_4,,,,23.866666666666667
717,node_4,,,,23.9
718,node_4,,,,23.933333333333334
719,node_4,,,,23.966666666666665
720,node_4,,,,24.0
721,node_4,,,,24.033333333333335
722,node_4,,,,24.066666666666666
723,node_4,,,,24.1
724,node_4,,,,24.133333333333333
725,node_4,,,,24.166666666666668
726,node_4,,,,24.2
727,node_4,,,,24.233333333333334
728,node_4,,,,24.266666666666666
729,node_4,,,,24.3
730,node_4,,,,24.333333333333332
731,node_4,,,,24.366666666666667
732,node_4,,,,24.4
733,node_4,,,,24.433333333333334
734,node_4,,,,24.466666666666665
735,node_4,,,,24.5
736,node_4,,,,24.533333333333335
737,node_4,,,,24.566666666666666
738,node_4,,,,24.6
739,node_4,,,,24.633333333333333
740,node_4,,,,24.666666666666668
741,node_4,,,,24.7
742,node_4,,,,24.733333333333334
743,node_4,,,,24.766666666666666
744,node_4,,,,24.8
745,node_4,,,,24.833333333333332
746,node_4,,,,24.866666666666667
747,node_4,,,,24.9
748,node_4,,,,24.933333333333334
749,node_4,,,,24.966666666666665
750,node_4,,,,25.0
751,node_4,,,,25.033333333333335
752,node_4,,,,25.066666666666666
753,node_4,,,,25.1
754,node_4,,,,25.133333333333333
755,node_4,,,,25.166666666666668
756,node_4,,,,25.2
757,node_4,,,,25.233333333333334
758,node_4,,,,25.266666666666666
759,node_4,,,,25.3
760,node_4,,,,25.333333333333332
761,node_4,,,,25.366666666666667
762,node_4,,,,25.4
763,node_4,,,,25.433333333333334
764,node_4,,,,25.466666666666665
765,node_4,,,,25.5
766,node_4,,,,25.533333333333335
767,node_4,,,,25.566666666666666
768,node_4,,,,25.6
769,node_4,,,,25.633333333333333
770,node_4,,,,25.666666666666668
771,node_4,,,,25.7
772,node_4,,,,25.733333333333334
773,node_4,,,,25.766666666666666
774,node_4,,,,25.8
775,node_4,,,,25.833333333333332
776,node_4,,,,25.866666666666667
777,node_4,,,,25.9
778,node_4,,,,25.933333333333334
779,node_4,,,,25.966666666666665
780,node_4,,,,26.0
781,node_4,,,,26.033333333333335
782,node_4,,,,26.066666666666666
783,node_4,,,,26.1
784,node_4,,,,26.133333333333333
785,node_4,,,,26.166666666666668
786,node_4,,,,26.2
787,node_4,,,,26.233333333333334
788,node_4,,,,26.266666666666666
789,node_4,,,,26.3
790,node_4,,,,26.333333333333332
791,node_4,,,,26.366666666666667
792,node_4,,,,26.4
793,node_4,,,,26.433333333333334
794,node_4,,,,26.466666666666665
795,node_4,,,,26.5
796,node_4,,,,26.533333333333335
797,node_4,,,,26.566666666666666
798,node_4,,,,26.6
799,node_4,,,,26.633333333333333
800,node_4,,,,26.666666666666668
801,node_4,,,,26.7
802,node_4,,,,26.733333333333334
803,node_4,,,,26.766666666666666
804,node_4,,,,26.8
805,node_4,,,,26.833333333333332
806,node_4,,,,26.866666666666667
807,node_4,,,,26.9
808,node_4,,,,26.933333333333334
809,node_4,,,,26.966666666666665
810,node_4,,,,27.0
811,node_4,,,,27.033333333333335
812,node_4,,,,27.066666666666666
813,node_4,,,,27.1
814,node_4,,,,27.133333333333333
815,node_4,,,,27.166666666666668
816,node_4,,,,27.2
817,node_4,,,,27.233333333333334
818,node_4,,,,27.266666666666666
819,node_4,,,,27.3
820,node_4,,,,27.333333333333332
821,node_4,,,,27.366666666666667
822,node_4,,,,27.4
823,node_4,,,,27.433333333333334
824,node_4,,,,27.466666666666665
825,node_4,,,,27.5
826,node_4,,,,27.533333333333335
827,node_4,,,,27.566666666666666
828,node_4,,,,27.6
829,node_4,,,,27.633333333333333
830,node_4,,,,27.666666666666668
831,node_4,,,,27.7
832,node_4,,,,27.733333333333334
833,node_4,,,,27.766666666666666
834,node_4,,,,27.8
835,node_4,,,,27.833333333333332
836,node_4,,,,27.866666666666667
837,node_4,,,,27.9
838,node_4,,,,27.933333333333334
839,node_4,,,,27.966666666666665
840,node_4,,,,28.0
841,node_4,,,,28.033333333333335
842,node_4,,,,28.066666666666666
843,node_4,,,,28.1
844,node_4,,,,28.133333333333333
845,node_4,,,,28.166666666666668
846,node_4,,,,28.2
847,node_4,,,,28.233333333333334
848,node_4,,,,28.266666666666666
849,node_4,,,,28.3
850,node_4,,,,28.333333333333332
851,node_4,,,,28.366666666666667
852,node_4,,,,28.4
853,node_4,,,,28.433333333333334
854,node_4,,,,28.466666666666665
855,node_4,,,,28.5
856,node_4,,,,28.533333333333335
857,node_4,,,,28.566666666666666
858,node_4,,,,28.6
859,node_4,,,,28.633333333333333
860,node_4,,,,28.666666666666668
861,node_4,,,,28.7
862,node_4,,,,28.733333333333334
863,node_4,,,,28.766666666666666
864,node_4,,,,28.8
865,node_4,,,,28.833333333333332
866,node_4,,,,28.866666666666667
867,node_4,,,,28.9
868,node_4,,,,28.933333333333334
869,node_4,,,,28.966666666666665
870,node_4,,,,29.0
871,node_4,,,,29.033333333333335
872,node_4,,,,29.066666666666666
873,node_4,,,,29.1
874,node_4,,,,29.133333333333333
875,node_4,,,,29.166666666666668
876,node_4,,,,29.2
877,node_4,,,,29.233333333333334
878,node_4,,,,29.266666666666666
879,node_4,,,,29.3
880,node_4,,,,29.333333333333332
881,node_4,,,,29.366666666666667
882,node_4,,,,29.4
883,node_4,,,,29.433333333333334
884,node_4,,,,29.466666666666665
885,node_4,,,,29.5
886,node_4,,,,29.533333333333335
887,node_4,,,,29.566666666666666
888,node_4,,,,29.6
889,node_4,,,,29.633333333333333
890,node_4,,,,29.666666666666668
891,node_4,,,,29.7
892,node_4,,,,29.733333333333334
893,node_4,,,,29.766666666666666
894,node_4,,,,29.8
895,node_4,,,,29.833333333333332
896,node_4,,,,29.866666666666667
897,node_4,,,,29.9
898,node_4,,,,29.933333333333334
899,node_4,,,,29.966666666666665
900,node_4,,,,30.0
901,node_4,,,,30.033333333333335
902,node_4,,,,30.066666666666666
903,node_4,,,,30.1
904,node_4,,,,30.133333333333333
905,node_4,,,,30.166666666666668
906,node_4,,,,30.2
907,node_4,,,,30.233333333333334
908,node_4,,,,30.266666666666666
909,node_4,,,,30.3
910,node_4,,,,30.333333333333332
911,node_4,,,,30.366666666666667
912,node_4,,,,30.4
913,node_4,,,,30.433333333333334
914,node_4,,,,30.466666666666665
915,node_4,,,,30.5
916,node_4,,,,30.533333333333335
917,node_4,,,,30.566666666666666
918,node_4,,,,30.6
919,node_4,,,,30.633333333333333
920,node_4,,,,30.666666666666668
921,node_4,,,,30.7
922,node_4,,,,30.733333333333334
923,node_4,,,,30.766666666666666
924,node_4,,,,30.8
925,node_4,,,,30.833333333333332
926,node_4,,,,30.866666666666667
927,node_4,,,,30.9
928,node_4,,,,30.933333333333334
929,node_4,,,,30.966666666666665
930,node_4,,,,31.0
931,node_4,,,,31.033333333333335
932,node_4,,,,31.066666666666666
933,node_4,,,,31.1
934,node_4,,,,31.133333333333333
935,node_4,,,,31.166666666666668
936,node_4,,,,31.2
937,node_4,,,,31.233333333333334
938,node_4,,,,31.266666666666666
939,node_4,,,,31.3
940,node_4,,,,31.333333333333332
941,node_4,,,,31.366666666666667
942,node_4,,,,31.4
943,node_4,,,,31.433333333333334
944,node_4,,,,31.466666666666665
945,node_4,,,,31.5
946,node_4,,,,31.533333333333335
947,node_4,,,,31.566666666666666
948,node_4,,,,31.6
949,node_4,,,,31.633333333333333
950,node_4,,,,31.666666666666668
951,node_4,,,,31.7
952,node_4,,,,31.733333333333334
953,node_4,,,,31.766666666666666
954,node_4,,,,31.8
955,node_4,,,,31.833333333333332
956,node_4,,,,31.866666666666667
957,node_4,,,,31.9
958,node_4,,,,31.933333333333334
959,node_4,,,,31.966666666666665
960,node_4,,,,32.0
961,node_4,,,,32.03333333333333
962,node_4,,,,32.06666666666667
963,node_4,,,,32.1
964,node_4,,,,32.13333333333333
965,node_4,,,,32.166666666666664
966,node_4,,,,32.2
967,node_4,,,,32.233333333333334
968,node_4,,,,32.266666666666666
969,node_4,,,,32.3
970,node_4,,,,32.333333333333336
971,node_4,,,,32.36666666666667
972,node_4,,,,32.4
973,node_4,,,,32.43333333333333
974,node_4,,,,32.46666666666667
975,node_4,,,,32.5
976,node_4,,,,32.53333333333333
977,node_4,,,,32.56666666666667
978,node_4,,,,32.6
979,node_4,,,,32.63333333333333
980,node_4,,,,32.666666666666664
981,node_4,,,,32.7
982,node_4,,,,32.733333333333334
983,node_4,,,,32.766666666666666
984,node_4,,,,32.8
985,node_4,,,,32.833333333333336
986,node_4,,,,32.86666666666667
987,node_4,,,,32.9
988,node_4,,,,32.93333333333333
989,node_4,,,,32.96666666666667
990,node_4,,,,33.0
991,node_4,,,,33.03333333333333
992,node_4,,,,33.06666666666667
993,node_4,,,,33.1
994,node_4,,,,33.13333333333333
995,node_4,,,,33.166666666666664
996,node_4,,,,33.2
997,node_4,,,,33.233333333333334
998,node_4,,,,33.266666666666666
999,node_4,,,,33.3
1000,node_4,,,,33.333333333333336
1001,node_4,,,,33.36666666666667
1002,node_4,,,,33.4
1003,node_4,,,,33.43333333333333
1004,node_4,,,,33.46666666666667
1005,node_4,,,,33.5
1006,node_4,,,,33.53333333333333
1007,node_4,,,,33.56666666666667
1008,node_4,,,,33.6
1009,node_4,,,,33.63333333333333
1010,node_4,,,,33.666666666666664
1011,node_4,,,,33.7
1012,node_4,,,,33.733333333333334
1013,node_4,,,,33.766666666666666
1014,node_4,,,,33.8
1015,node_4,,,,33.833333333333336
1016,node_4,,,,33.86666666666667
1017,node_4,,,,33.9
1018,node_4,,,,33.93333333333333
1019,node_4,,,,33.96666666666667
1020,node_4,,,,34.0
1021,node_4,,,,34.03333333333333
1022,node_4,,,,34.06666666666667
1023,node_4,,,,34.1
1024,node_4,,,,34.13333333333333
1025,node_4,,,,34.166666666666664
1026,node_4,,,,34.2
1027,node_4,,,,34.233333333333334
1028,node_4,,,,34.266666666666666
1029,node_4,,,,34.3
1030,node_4,,,,34.333333333333336
1031,node_4,,,,34.36666666666667
1032,node_4,,,,34.4
1033,node_4,,,,34.43333333333333
1034,node_4,,,,34.46666666666667
1035,node_4,,,,34.5
1036,node_4,,,,34.53333333333333
1037,node_4,,,,34.56666666666667
1038,node_4,,,,34.6
1039,node_4,,,,34.63333333333333
1040,node_4,,,,34.666666666666664
1041,node_4,,,,34.7
1042,node_4,,,,34.733333333333334
1043,node_4,,,,34.766666666666666
1044,node_4,,,,34.8
1045,node_4,,,,34.833333333333336
1046,node_4,,,,34.86666666666667
1047,node_4,,,,34.9
1048,node_4,,,,34.93333333333333
1049,node_4,,,,34.96666666666667
1050,node_4,,,,35.0
1051,node_4,,,,35.03333333333333
1052,node_4,,,,35.06666666666667
1053,node_4,,,,35.1
1054,node_4,,,,35.13333333333333
1055,node_4,,,,35.166666666666664
1056,node_4,,,,35.2
1057,node_4,,,,35.233333333333334
1058,node_4,,,,35.266666666666666
1059,node_4,,,,35.3
1060,node_4,,,,35.333333333333336
1061,node_4,,,,35.36666666666667
1062,node_4,,,,35.4
1063,node_4,,,,35.43333333333333
1064,node_4,,,,35.46666666666667
1065,node_4,,,,35.5
1066,node_4,,,,35.53333333333333
1067,node_4,,,,35.56666666666667
1068,node_4,,,,35.6
1069,node_4,,,,35.63333333333333
1070,node_4,,,,35.666666666666664
1071,node_4,,,,35.7
1072,node_4,,,,35.733333333333334
1073,node_4,,,,35.766666666666666
1074,node_4,,,,35.8
1075,node_4,,,,35.833333333333336
1076,node_4,,,,35.86666666666667
1077,node_4,,,,35.9
1078,node_4,,,,35.93333333333333
1079,node_4,,,,35.96666666666667
1080,node_4,,,,36.0
1081,node_4,,,,36.03333333333333
1082,node_4,,,,36.06666666666667
1083,node_4,,,,36.1
1084,node_4,,,,36.13333333333333
1085,node_4,,,,36.166666666666664
1086,node_4,,,,36.2
1087,node_4,,,,36.233333333333334
1088,node_4,,,,36.266666666666666
1089,node_4,,,,36.3
1090,node_4,,,,36.333333333333336
1091,node_4,,,,36.36666666666667
1092,node_4,,,,36.4
1093,node_4,,,,36.43333333333333
1094,node_4,,,,36.46666666666667
1095,node_4,,,,36.5
1096,node_4,,,,36.53333333333333
1097,node_4,,,,36.56666666666667
1098,node_4,,,,36.6
1099,node_4,,,,36.63333333333333
1100,node_4,,,,36.666666666666664
1101,node_4,,,,36.7
1102,node_4,,,,36.733333333333334
1103,node_4,,,,36.766666666666666
1104,node_4,,,,36.8
1105,node_4,,,,36.833333333333336
1106,node_4,,,,36.86666666666667
1107,node_4,,,,36.9
1108,node_4,,,,36.93333333333333
1109,node_4,,,,36.96666666666667
1110,node_4,,,,37.0
1111,node_4,,,,37.03333333333333
1112,node_4,,,,37.06666666666667
1113,node_4,,,,37.1
1114,node_4,,,,37.13333333333333
1115,node_4,,,,37.166666666666664
1116,node_4,,,,37.2
1117,node_4,,,,37.233333333333334
1118,node_4,,,,37.266666666666666
1119,node_4,,,,37.3
1120,node_4,,,,37.333333333333336
1121,node_4,,,,37.36666666666667
1122,node_4,,,,37.4
1123,node_4,,,,37.43333333333333
1124,node_4,,,,37.46666666666667
1125,node_4,,,,37.5
1126,node_4,,,,37.53333333333333
1127,node_4,,,,37.56666666666667
1128,node_4,,,,37.6
1129,node_4,,,,37.63333333333333
1130,node_4,,,,37.666666666666664
1131,node_4,,,,37.7
1132,node_4,,,,37.733333333333334
1133,node_4,,,,37.766666666666666
1134,node_4,,,,37.8
1135,node_4,,,,37.833333333333336
1136,node_4,,,,37.86666666666667
1137,node_4,,,,37.9
1138,node_4,,,,37.93333333333333
1139,node_4,,,,37.96666666666667
1140,node_4,,,,38.0
1141,node_4,,,,38.03333333333333
1142,node_4,,,,38.06666666666667
1143,node_4,,,,38.1
1144,node_4,,,,38.13333333333333
1145,node_4,,,,38.166666666666664
1146,node_4,,,,38.2
1147,node_4,,,,38.233333333333334
1148,node_4,,,,38.266666666666666
1149,node_4,,,,38.3
1150,node_4,,,,38.333333333333336
1151,node_4,,,,38.36666666666667
1152,node_4,,,,38.4
1153,node_4,,,,38.43333333333333
1154,node_4,,,,38.46666666666667
1155,node_4,,,,38.5
1156,node_4,,,,38.53333333333333
1157,node_4,,,,38.56666666666667
1158,node_4,,,,38.6
1159,node_4,,,,38.63333333333333
1160,node_4,,,,38.666666666666664
1161,node_4,,,,38.7
1162,node_4,,,,38.733333333333334
1163,node_4,,,,38.766666666666666
1164,node_4,,,,38.8
1165,node_4,,,,38.833333333333336
1166,node_4,,,,38.86666666666667
1167,node_4,,,,38.9
1168,node_4,,,,38.93333333333333
1169,node_4,,,,38.96666666666667
1170,node_4,,,,39.0
1171,node_4,,,,39.03333333333333
1172,node_4,,,,39.06666666666667
1173,node_4,,,,39.1
1174,node_4,,,,39.13333333333333
1175,node_4,,,,39.166666666666664
1176,node_4,,,,39.2
1177,node_4,,,,39.233333333333334
1178,node_4,,,,39.266666666666666
1179,node_4,,,,39.3
1180,node_4,,,,39.333333333333336
1181,node_4,,,,39.36666666666667
1182,node_4,,,,39.4
1183,node_4,,,,39.43333333333333
1184,node_4,,,,39.46666666666667
1185,node_4,,,,39.5
1186,node_4,,,,39.53333333333333
1187,node_4,,,,39.56666666666667
1188,node_4,,,,39.6
1189,node_4,,,,39.63333333333333
1190,node_4,,,,39.666666666666664
1191,node_4,,,,39.7
1192,node_4,,,,39.733333333333334
1193,node_4,,,,39.766666666666666
1194,node_4,,,,39.8
1195,node_4,,,,39.833333333333336
1196,node_4,,,,39.86666666666667
1197,node_4,,,,39.9
1198,node_4,,,,39.93333333333333
1199,node_4,,,,39.96666666666667
1200,node_4,,,,40.0
1201,node_4,,,,40.03333333333333
1202,node_4,,,,40.06666666666667
1203,node_4,,,,40.1
1204,node_4,,,,40.13333333333333
1205,node_4,,,,40.166666666666664
1206,node_4,,,,40.2
1207,node_4,,,,40.233333333333334
1208,node_4,,,,40.266666666666666
1209,node_4,,,,40.3
1210,node_4,,,,40.333333333333336
1211,node_4,,,,40.36666666666667
1212,node_4,,,,40.4
1213,node_4,,,,40.43333333333333
1214,node_4,,,,40.46666666666667
1215,node_4,,,,40.5
1216,node_4,,,,40.53333333333333
1217,node_4,,,,40.56666666666667
1218,node_4,,,,40.6
1219,node_4,,,,40.63333333333333
1220,node_4,,,,40.666666666666664
1221,node_4,,,,40.7
1222,node_4,,,,40.733333333333334
1223,node_4,,,,40.766666666666666
1224,node_4,,,,40.8
1225,node_4,,,,40.833333333333336
1226,node_4,,,,40.86666666666667
1227,node_4,,,,40.9
1228,node_4,,,,40.93333333333333
1229,node_4,,,,40.96666666666667
1230,node_4,,,,41.0
1231,node_4,,,,41.03333333333333
1232,node_4,,,,41.06666666666667
1233,node_4,,,,41.1
1234,node_4,,,,41.13333333333333
1235,node_4,,,,41.166666666666664
1236,node_4,,,,41.2
1237,node_4,,,,41.233333333333334
1238,node_4,,,,41.266666666666666
1239,node_4,,,,41.3
1240,node_4,,,,41.333333333333336
1241,node_4,,,,41.36666666666667
1242,node_4,,,,41.4
1243,node_4,,,,41.43333333333333
1244,node_4,,,,41.46666666666667
1245,node_4,,,,41.5
1246,node_4,,,,41.53333333333333
1247,node_4,,,,41.56666666666667
1248,node_4,,,,41.6
1249,node_4,,,,41.63333333333333
1250,node_4,,,,41.666666666666664
1251,node_4,,,,41.7
1252,node_4,,,,41.733333333333334
1253,node_4,,,,41.766666666666666
1254,node_4,,,,41.8
1255,node_4,,,,41.833333333333336
1256,node_4,,,,41.86666666666667
1257,node_4,,,,41.9
1258,node_4,,,,41.93333333333333
1259,node_4,,,,41.96666666666667
1260,node_4,,,,42.0
1261,node_4,,,,42.03333333333333
1262,node_4,,,,42.06666666666667
1263,node_4,,,,42.1
1264,node_4,,,,42.13333333333333
1265,node_4,,,,42.166666666666664
1266,node_4,,,,42.2
1267,node_4,,,,42.233333333333334
1268,node_4,,,,42.266666666666666
1269,node_4,,,,42.3
1270,node_4,,,,42.333333333333336
1271,node_4,,,,42.36666666666667
1272,node_4,,,,42.4
1273,node_4,,,,42.43333333333333
1274,node_4,,,,42.46666666666667
1275,node_4,,,,42.5
1276,node_4,,,,42.53333333333333
1277,node_4,,,,42.56666666666667
1278,node_4,,,,42.6
1279,node_4,,,,42.63333333333333
1280,node_4,,,,42.666666666666664
1281,node_4,,,,42.7
1282,node_4,,,,42.733333333333334
1283,node_4,,,,42.766666666666666
1284,node_4,,,,42.8
1285,node_4,,,,42.833333333333336
1286,node_4,,,,42.86666666666667
1287,node_4,,,,42.9
1288,node_4,,,,42.93333333333333
1289,node_4,,,,42.96666666666667
1290,node_4,,,,43.0
1291,node_4,,,,43.03333333333333
1292,node_4,,,,43.06666666666667
1293,node_4,,,,43.1
1294,node_4,,,,43.13333333333333
1295,node_4,,,,43.166666666666664
1296,node_4,,,,43.2
1297,node_4,,,,43.233333333333334
1298,node_4,,,,43.266666666666666
1299,node_4,,,,43.3
1300,node_4,,,,43.333333333333336
1301,node_4,,,,43.36666666666667
1302,node_4,,,,43.4
1303,node_4,,,,43.43333333333333
1304,node_4,,,,43.46666666666667
1305,node_4,,,,43.5
1306,node_4,,,,43.53333333333333
1307,node_4,,,,43.56666666666667
1308,node_4,,,,43.6
1309,node_4,,,,43.63333333333333
1310,node_4,,,,43.666666666666664
1311,node_4,,,,43.7
0,node_5,,,,0.0
1,node_5,,,,0.03333333333333333
2,node_5,,,,0.06666666666666667
3,node_5,,,,0.1
4,node_5,,,,0.13333333333333333
5,node_5,,,,0.16666666666666666
6,node_5,,,,0.2
7,node_5,,,,0.23333333333333334
8,node_5,,,,0.26666666666666666
9,node_5,,,,0.3
10,node_5,,,,0.3333333333333333
11,node_5,,,,0.36666666666666664
12,node_5,,,,0.4
13,node_5,,,,0.43333333333333335
14,node_5,,,,0.4666666666666667
15,node_5,,,,0.5
16,node_5,,,,0.5333333333333333
17,node_5,,,,0.5666666666666667
18,node_5,,,,0.6
19,node_5,,,,0.6333333333333333
20,node_5,,,,0.6666666666666666
21,node_5,,,,0.7
22,node_5,,,,0.7333333333333333
23,node_5,,,,0.7666666666666667
24,node_5,,,,0.8
25,node_5,,,,0.8333333333333334
26,node_5,,,,0.8666666666666667
27,node_5,,,,0.9
28,node_5,,,,0.9333333333333333
29,node_5,,,,0.9666666666666667
30,node_5,,,,1.0
31,node_5,,,,1.0333333333333334
32,node_5,,,,1.0666666666666667
33,node_5,,,,1.1
34,node_5,,,,1.1333333333333333
35,node_5,,,,1.1666666666666667
36,node_5,,,,1.2
37,node_5,,,,1.2333333333333334
38,node_5,,,,1.2666666666666666
39,node_5,,,,1.3
40,node_5,,,,1.3333333333333333
41,node_5,,,,1.3666666666666667
42,node_5,,,,1.4
43,node_5,,,,1.4333333333333333
44,node_5,,,,1.4666666666666666
45,node_5,,,,1.5
46,node_5,,,,1.5333333333333334
47,node_5,,,,1.5666666666666667
48,node_5,,,,1.6
49,node_5,,,,1.6333333333333333
50,node_5,,,,1.6666666666666667
51,node_5,,,,1.7
52,node_5,,,,1.7333333333333334
53,node_5,,,,1.7666666666666666
54,node_5,,,,1.8
55,node_5,,,,1.8333333333333333
56,node_5,,,,1.8666666666666667
57,node_5,,,,1.9
58,node_5,,,,1.9333333333333333
59,node_5,,,,1.9666666666666666
60,node_5,,,,2.0
61,node_5,,,,2.033333333333333
62,node_5,,,,2.066666666666667
63,node_5,,,,2.1
64,node_5,,,,2.1333333333333333
65,node_5,,,,2.1666666666666665
66,node_5,,,,2.2
67,node_5,,,,2.2333333333333334
68,node_5,,,,2.2666666666666666
69,node_5,,,,2.3
70,node_5,,,,2.3333333333333335
71,node_5,,,,2.3666666666666667
72,node_5,,,,2.4
73,node_5,,,,2.433333333333333
74,node_5,,,,2.466666666666667
75,node_5,,,,2.5
76,node_5,,,,2.533333333333333
77,node_5,,,,2.566666666666667
78,node_5,,,,2.6
79,node_5,,,,2.6333333333333333
80,node_5,,,,2.6666666666666665
81,node_5,,,,2.7
82,node_5,,,,2.7333333333333334
83,node_5,,,,2.7666666666666666
84,node_5,,,,2.8
85,node_5,,,,2.8333333333333335
86,node_5,,,,2.8666666666666667
87,node_5,,,,2.9
88,node_5,,,,2.933333333333333
89,node_5,,,,2.966666666666667
90,node_5,,,,3.0
91,node_5,,,,3.033333333333333
92,node_5,,,,3.066666666666667
93,node_5,,,,3.1
94,node_5,,,,3.1333333333333333
95,node_5,,,,3.1666666666666665
96,node_5,,,,3.2
97,node_5,,,,3.2333333333333334
98,node_5,,,,3.2666666666666666
99,node_5,,,,3.3
100,node_5,,,,3.3333333333333335
101,node_5,,,,3.3666666666666667
102,node_5,,,,3.4
103,node_5,,,,3.433333333333333
104,node_5,,,,3.466666666666667
105,node_5,,,,3.5
106,node_5,,,,3.533333333333333
107,node_5,,,,3.566666666666667
108,node_5,,,,3.6
109,node_5,,,,3.6333333333333333
110,node_5,,,,3.6666666666666665
111,node_5,,,,3.7
112,node_5,,,,3.7333333333333334
113,node_5,,,,3.7666666666666666
114,node_5,,,,3.8
115,node_5,,,,3.8333333333333335
116,node_5,,,,3.8666666666666667
117,node_5,,,,3.9
118,node_5,,,,3.933333333333333
119,node_5,,,,3.966666666666667
120,node_5,,,,4.0
121,node_5,,,,4.033333333333333
122,node_5,,,,4.066666666666666
123,node_5,,,,4.1
124,node_5,,,,4.133333333333334
125,node_5,,,,4.166666666666667
126,node_5,,,,4.2
127,node_5,,,,4.233333333333333
128,node_5,,,,4.266666666666667
129,node_5,,,,4.3
130,node_5,,,,4.333333333333333
131,node_5,,,,4.366666666666666
132,node_5,,,,4.4
133,node_5,,,,4.433333333333334
134,node_5,,,,4.466666666666667
135,node_5,,,,4.5
136,node_5,,,,4.533333333333333
137,node_5,,,,4.566666666666666
138,node_5,,,,4.6
139,node_5,,,,4.633333333333334
140,node_5,,,,4.666666666666667
141,node_5,,,,4.7
142,node_5,,,,4.733333333333333
143,node_5,,,,4.766666666666667
144,node_5,,,,4.8
145,node_5,,,,4.833333333333333
146,node_5,,,,4.866666666666666
147,node_5,,,,4.9
148,node_5,,,,4.933333333333334
149,node_5,,,,4.966666666666667
150,node_5,,,,5.0
151,node_5,,,,5.033333333333333
152,node_5,,,,5.066666666666666
153,node_5,,,,5.1
154,node_5,,,,5.133333333333334
155,node_5,,,,5.166666666666667
156,node_5,,,,5.2
157,node_5,,,,5.233333333333333
158,node_5,,,,5.266666666666667
159,node_5,,,,5.3
160,node_5,,,,5.333333333333333
161,node_5,,,,5.366666666666666
162,node_5,,,,5.4
163,node_5,,,,5.433333333333334
164,node_5,,,,5.466666666666667
165,node_5,,,,5.5
166,node_5,,,,5.533333333333333
167,node_5,,,,5.566666666666666
168,node_5,,,,5.6
169,node_5,,,,5.633333333333334
170,node_5,,,,5.666666666666667
171,node_5,,,,5.7
172,node_5,,,,5.733333333333333
173,node_5,,,,5.766666666666667
174,node_5,,,,5.8
175,node_5,,,,5.833333333333333
176,node_5,,,,5.866666666666666
177,node_5,,,,5.9
178,node_5,,,,5.933333333333334
179,node_5,,,,5.966666666666667
180,node_5,,,,6.0
181,node_5,,,,6.033333333333333
182,node_5,,,,6.066666666666666
183,node_5,,,,6.1
184,node_5,,,,6.133333333333334
185,node_5,,,,6.166666666666667
186,node_5,,,,6.2
187,node_5,,,,6.233333333333333
188,node_5,,,,6.266666666666667
189,node_5,,,,6.3
190,node_5,,,,6.333333333333333
191,node_5,,,,6.366666666666666
192,node_5,,,,6.4
193,node_5,,,,6.433333333333334
194,node_5,,,,6.466666666666667
195,node_5,,,,6.5
196,node_5,,,,6.533333333333333
197,node_5,,,,6.566666666666666
198,node_5,,,,6.6
199,node_5,,,,6.633333333333334
200,node_5,,,,6.666666666666667
201,node_5,,,,6.7
202,node_5,,,,6.733333333333333
203,node_5,,,,6.766666666666667
204,node_5,,,,6.8
205,node_5,,,,6.833333333333333
206,node_5,,,,6.866666666666666
207,node_5,,,,6.9
208,node_5,,,,6.933333333333334
209,node_5,,,,6.966666666666667
210,node_5,,,,7.0
211,node_5,,,,7.033333333333333
212,node_5,,,,7.066666666666666
213,node_5,,,,7.1
214,node_5,,,,7.133333333333334
215,node_5,,,,7.166666666666667
216,node_5,,,,7.2
217,node_5,,,,7.233333333333333
218,node_5,,,,7.266666666666667
219,node_5,,,,7.3
220,node_5,,,,7.333333333333333
221,node_5,,,,7.366666666666666
222,node_5,,,,7.4
223,node_5,,,,7.433333333333334
224,node_5,,,,7.466666666666667
225,node_5,,,,7.5
226,node_5,,,,7.533333333333333
227,node_5,,,,7.566666666666666
228,node_5,,,,7.6
229,node_5,,,,7.633333333333334
230,node_5,,,,7.666666666666667
231,node_5,,,,7.7
232,node_5,,,,7.733333333333333
233,node_5,,,,7.766666666666667
234,node_5,,,,7.8
235,node_5,,,,7.833333333333333
236,node_5,,,,7.866666666666666
237,node_5,,,,7.9
238,node_5,,,,7.933333333333334
239,node_5,,,,7.966666666666667
240,node_5,,,,8.0
241,node_5,,,,8.033333333333333
242,node_5,,,,8.066666666666666
243,node_5,,,,8.1
244,node_5,,,,8.133333333333333
245,node_5,,,,8.166666666666666
246,node_5,,,,8.2
247,node_5,,,,8.233333333333333
248,node_5,,,,8.266666666666667
249,node_5,,,,8.3
250,node_5,,,,8.333333333333334
251,node_5,,,,8.366666666666667
252,node_5,,,,8.4
253,node_5,,,,8.433333333333334
254,node_5,,,,8.466666666666667
255,node_5,,,,8.5
256,node_5,,,,8.533333333333333
257,node_5,,,,8.566666666666666
258,node_5,,,,8.6
259,node_5,,,,8.633333333333333
260,node_5,,,,8.666666666666666
261,node_5,,,,8.7
262,node_5,,,,8.733333333333333
263,node_5,,,,8.766666666666667
264,node_5,,,,8.8
265,node_5,,,,8.833333333333334
266,node_5,,,,8.866666666666667
267,node_5,,,,8.9
268,node_5,,,,8.933333333333334
269,node_5,,,,8.966666666666667
270,node_5,,,,9.0
271,node_5,,,,9.033333333333333
272,node_5,,,,9.066666666666666
273,node_5,,,,9.1
274,node_5,,,,9.133333333333333
275,node_5,,,,9.166666666666666
276,node_5,,,,9.2
277,node_5,,,,9.233333333333333
278,node_5,,,,9.266666666666667
279,node_5,,,,9.3
280,node_5,,,,9.333333333333334
281,node_5,,,,9.366666666666667
282,node_5,,,,9.4
283,node_5,,,,9.433333333333334
284,node_5,,,,9.466666666666667
285,node_5,,,,9.5
286,node_5,,,,9.533333333333333
287,node_5,,,,9.566666666666666
288,node_5,,,,9.6
289,node_5,,,,9.633333333333333
290,node_5,,,,9.666666666666666
291,node_5,,,,9.7
292,node_5,,,,9.733333333333333
293,node_5,,,,9.766666666666667
294,node_5,,,,9.8
295,node_5,,,,9.833333333333334
296,node_5,,,,9.866666666666667
297,node_5,,,,9.9
298,node_5,,,,9.933333333333334
299,node_5,,,,9.966666666666667
300,node_5,,,,10.0
301,node_5,,,,10.033333333333333
302,node_5,,,,10.066666666666666
303,node_5,,,,10.1
304,node_5,,,,10.133333333333333
305,node_5,,,,10.166666666666666
306,node_5,,,,10.2
307,node_5,,,,10.233333333333333
308,node_5,,,,10.266666666666667
309,node_5,,,,10.3
310,node_5,,,,10.333333333333334
311,node_5,,,,10.366666666666667
312,node_5,,,,10.4
313,node_5,,,,10.433333333333334
314,node_5,,,,10.466666666666667
315,node_5,,,,10.5
316,node_5,,,,10.533333333333333
317,node_5,,,,10.566666666666666
318,node_5,,,,10.6
319,node_5,,,,10.633333333333333
320,node_5,,,,10.666666666666666
321,node_5,,,,10.7
322,node_5,,,,10.733333333333333
323,node_5,,,,10.766666666666667
324,node_5,,,,10.8
325,node_5,,,,10.833333333333334
326,node_5,,,,10.866666666666667
327,node_5,,,,10.9
328,node_5,,,,10.933333333333334
329,node_5,,,,10.966666666666667
330,node_5,,,,11.0
331,node_5,,,,11.033333333333333
332,node_5,,,,11.066666666666666
333,node_5,,,,11.1
334,node_5,,,,11.133333333333333
335,node_5,,,,11.166666666666666
336,node_5,,,,11.2
337,node_5,,,,11.233333333333333
338,node_5,,,,11.266666666666667
339,node_5,,,,11.3
340,node_5,,,,11.333333333333334
341,node_5,,,,11.366666666666667
342,node_5,,,,11.4
343,node_5,,,,11.433333333333334
344,node_5,,,,11.466666666666667
345,node_5,,,,11.5
346,node_5,,,,11.533333333333333
347,node_5,,,,11.566666666666666
348,node_5,,,,11.6
349,node_5,,,,11.633333333333333
350,node_5,,,,11.666666666666666
351,node_5,,,,11.7
352,node_5,,,,11.733333333333333
353,node_5,,,,11.766666666666667
354,node_5,,,,11.8
355,node_5,,,,11.833333333333334
356,node_5,,,,11.866666666666667
357,node_5,,,,11.9
358,node_5,,,,11.933333333333334
359,node_5,,,,11.966666666666667
360,node_5,,,,12.0
361,node_5,,,,12.033333333333333
362,node_5,,,,12.066666666666666
363,node_5,,,,12.1
364,node_5,,,,12.133333333333333
365,node_5,,,,12.166666666666666
366,node_5,,,,12.2
367,node_5,,,,12.233333333333333
368,node_5,,,,12.266666666666667
369,node_5,,,,12.3
370,node_5,,,,12.333333333333334
371,node_5,,,,12.366666666666667
372,node_5,,,,12.4
373,node_5,,,,12.433333333333334
374,node_5,,,,12.466666666666667
375,node_5,,,,12.5
376,node_5,,,,12.533333333333333
377,node_5,,,,12.566666666666666
378,node_5,,,,12.6
379,node_5,,,,12.633333333333333
380,node_5,,,,12.666666666666666
381,node_5,,,,12.7
382,node_5,,,,12.733333333333333
383,node_5,,,,12.766666666666667
384,node_5,,,,12.8
385,node_5,,,,12.833333333333334
386,node_5,,,,12.866666666666667
387,node_5,,,,12.9
388,node_5,,,,12.933333333333334
389,node_5,,,,12.966666666666667
390,node_5,,,,13.0
391,node_5,,,,13.033333333333333
392,node_5,,,,13.066666666666666
393,node_5,,,,13.1
394,node_5,,,,13.133333333333333
395,node_5,,,,13.166666666666666
396,node_5,,,,13.2
397,node_5,,,,13.233333333333333
398,node_5,,,,13.266666666666667
399,node_5,,,,13.3
400,node_5,,,,13.333333333333334
401,node_5,,,,13.366666666666667
402,node_5,,,,13.4
403,node_5,,,,13.433333333333334
404,node_5,,,,13.466666666666667
405,node_5,,,,13.5
406,node_5,,,,13.533333333333333
407,node_5,,,,13.566666666666666
408,node_5,,,,13.6
409,node_5,,,,13.633333333333333
410,node_5,,,,13.666666666666666
411,node_5,,,,13.7
412,node_5,,,,13.733333333333333
413,node_5,,,,13.766666666666667
414,node_5,,,,13.8
415,node_5,,,,13.833333333333334
416,node_5,,,,13.866666666666667
417,node_5,,,,13.9
418,node_5,,,,13.933333333333334
419,node_5,,,,13.966666666666667
420,node_5,,,,14.0
421,node_5,,,,14.033333333333333
422,node_5,,,,14.066666666666666
423,node_5,,,,14.1
424,node_5,,,,14.133333333333333
425,node_5,,,,14.166666666666666
426,node_5,,,,14.2
427,node_5,,,,14.233333333333333
428,node_5,,,,14.266666666666667
429,node_5,,,,14.3
430,node_5,,,,14.333333333333334
431,node_5,,,,14.366666666666667
432,node_5,,,,14.4
433,node_5,,,,14.433333333333334
434,node_5,,,,14.466666666666667
435,node_5,,,,14.5
436,node_5,,,,14.533333333333333
437,node_5,,,,14.566666666666666
438,node_5,,,,14.6
439,node_5,,,,14.633333333333333
440,node_5,,,,14.666666666666666
441,node_5,,,,14.7
442,node_5,,,,14.733333333333333
443,node_5,,,,14.766666666666667
444,node_5,,,,14.8
445,node_5,,,,14.833333333333334
446,node_5,,,,14.866666666666667
447,node_5,,,,14.9
448,node_5,,,,14.933333333333334
449,node_5,,,,14.966666666666667
450,node_5,,,,15.0
451,node_5,,,,15.033333333333333
452,node_5,,,,15.066666666666666
453,node_5,,,,15.1
454,node_5,,,,15.133333333333333
455,node_5,,,,15.166666666666666
456,node_5,,,,15.2
457,node_5,,,,15.233333333333333
458,node_5,,,,15.266666666666667
459,node_5,,,,15.3
460,node_5,,,,15.333333333333334
461,node_5,,,,15.366666666666667
462,node_5,,,,15.4
463,node_5,,,,15.433333333333334
464,node_5,,,,15.466666666666667
465,node_5,,,,15.5
466,node_5,,,,15.533333333333333
467,node_5,,,,15.566666666666666
468,node_5,,,,15.6
469,node_5,,,,15.633333333333333
470,node_5,,,,15.666666666666666
471,node_5,,,,15.7
472,node_5,,,,15.733333333333333
473,node_5,,,,15.766666666666667
474,node_5,,,,15.8
475,node_5,,,,15.833333333333334
476,node_5,,,,15.866666666666667
477,node_5,,,,15.9
478,node_5,,,,15.933333333333334
479,node_5,,,,15.966666666666667
480,node_5,,,,16.0
481,node_5,,,,16.033333333333335
482,node_5,,,,16.066666666666666
483,node_5,,,,16.1
484,node_5,,,,16.133333333333333
485,node_5,,,,16.166666666666668
486,node_5,,,,16.2
487,node_5,,,,16.233333333333334
488,node_5,,,,16.266666666666666
489,node_5,,,,16.3
490,node_5,,,,16.333333333333332
491,node_5,,,,16.366666666666667
492,node_5,,,,16.4
493,node_5,,,,16.433333333333334
494,node_5,,,,16.466666666666665
495,node_5,,,,16.5
496,node_5,,,,16.533333333333335
497,node_5,,,,16.566666666666666
498,node_5,,,,16.6
499,node_5,,,,16.633333333333333
500,node_5,,,,16.666666666666668
501,node_5,,,,16.7
502,node_5,,,,16.733333333333334
503,node_5,,,,16.766666666666666
504,node_5,,,,16.8
505,node_5,,,,16.833333333333332
506,node_5,,,,16.866666666666667
507,node_5,,,,16.9
508,node_5,,,,16.933333333333334
509,node_5,,,,16.966666666666665
510,node_5,,,,17.0
511,node_5,,,,17.033333333333335
512,node_5,,,,17.066666666666666
513,node_5,,,,17.1
514,node_5,,,,17.133333333333333
515,node_5,,,,17.166666666666668
516,node_5,,,,17.2
517,node_5,,,,17.233333333333334
518,node_5,,,,17.266666666666666
519,node_5,,,,17.3
520,node_5,,,,17.333333333333332
521,node_5,,,,17.366666666666667
522,node_5,,,,17.4
523,node_5,,,,17.433333333333334
524,node_5,,,,17.466666666666665
525,node_5,,,,17.5
526,node_5,,,,17.533333333333335
527,node_5,,,,17.566666666666666
528,node_5,,,,17.6
529,node_5,,,,17.633333333333333
530,node_5,,,,17.666666666666668
531,node_5,,,,17.7
532,node_5,,,,17.733333333333334
533,node_5,,,,17.766666666666666
534,node_5,,,,17.8
535,node_5,,,,17.833333333333332
536,node_5,,,,17.866666666666667
537,node_5,,,,17.9
538,node_5,,,,17.933333333333334
539,node_5,,,,17.966666666666665
540,node_5,,,,18.0
541,node_5,,,,18.033333333333335
542,node_5,,,,18.066666666666666
543,node_5,,,,18.1
544,node_5,,,,18.133333333333333
545,node_5,,,,18.166666666666668
546,node_5,,,,18.2
547,node_5,,,,18.233333333333334
548,node_5,,,,18.266666666666666
549,node_5,,,,18.3
550,node_5,,,,18.333333333333332
551,node_5,,,,18.366666666666667
552,node_5,,,,18.4
553,node_5,,,,18.433333333333334
554,node_5,,,,18.466666666666665
555,node_5,,,,18.5
556,node_5,,,,18.533333333333335
557,node_5,,,,18.566666666666666
558,node_5,,,,18.6
559,node_5,,,,18.633333333333333
560,node_5,,,,18.666666666666668
561,node_5,,,,18.7
562,node_5,,,,18.733333333333334
563,node_5,,,,18.766666666666666
564,node_5,,,,18.8
565,node_5,,,,18.833333333333332
566,node_5,,,,18.866666666666667
567,node_5,,,,18.9
568,node_5,,,,18.933333333333334
569,node_5,,,,18.966666666666665
570,node_5,,,,19.0
571,node_5,,,,19.033333333333335
572,node_5,,,,19.066666666666666
573,node_5,,,,19.1
574,node_5,,,,19.133333333333333
575,node_5,,,,19.166666666666668
576,node_5,,,,19.2
577,node_5,,,,19.233333333333334
578,node_5,,,,19.266666666666666
579,node_5,,,,19.3
580,node_5,,,,19.333333333333332
581,node_5,,,,19.366666666666667
582,node_5,,,,19.4
583,node_5,,,,19.433333333333334
584,node_5,,,,19.466666666666665
585,node_5,,,,19.5
586,node_5,,,,19.533333333333335
587,node_5,,,,19.566666666666666
588,node_5,,,,19.6
589,node_5,,,,19.633333333333333
590,node_5,,,,19.666666666666668
591,node_5,,,,19.7
592,node_5,,,,19.733333333333334
593,node_5,,,,19.766666666666666
594,node_5,,,,19.8
595,node_5,,,,19.833333333333332
596,node_5,,,,19.866666666666667
597,node_5,,,,19.9
598,node_5,,,,19.933333333333334
599,node_5,,,,19.966666666666665
600,node_5,,,,20.0
601,node_5,,,,20.033333333333335
602,node_5,,,,20.066666666666666
603,node_5,,,,20.1
604,node_5,,,,20.133333333333333
605,node_5,,,,20.166666666666668
606,node_5,,,,20.2
607,node_5,,,,20.233333333333334
608,node_5,,,,20.266666666666666
609,node_5,,,,20.3
610,node_5,,,,20.333333333333332
611,node_5,,,,20.366666666666667
612,node_5,,,,20.4
613,node_5,,,,20.433333333333334
614,node_5,,,,20.466666666666665
615,node_5,,,,20.5
616,node_5,,,,20.533333333333335
617,node_5,,,,20.566666666666666
618,node_5,,,,20.6
619,node_5,,,,20.633333333333333
620,node_5,,,,20.666666666666668
621,node_5,,,,20.7
622,node_5,,,,20.733333333333334
623,node_5,,,,20.766666666666666
624,node_5,,,,20.8
625,node_5,,,,20.833333333333332
626,node_5,,,,20.866666666666667
627,node_5,,,,20.9
628,node_5,,,,20.933333333333334
629,node_5,,,,20.966666666666665
630,node_5,,,,21.0
631,node_5,,,,21.033333333333335
632,node_5,,,,21.066666666666666
633,node_5,,,,21.1
634,node_5,,,,21.133333333333333
635,node_5,,,,21.166666666666668
636,node_5,,,,21.2
637,node_5,,,,21.233333333333334
638,node_5,,,,21.266666666666666
639,node_5,,,,21.3
640,node_5,,,,21.333333333333332
641,node_5,,,,21.366666666666667
642,node_5,,,,21.4
643,node_5,,,,21.433333333333334
644,node_5,,,,21.466666666666665
645,node_5,,,,21.5
646,node_5,,,,21.533333333333335
647,node_5,,,,21.566666666666666
648,node_5,,,,21.6
649,node_5,,,,21.633333333333333
650,node_5,,,,21.666666666666668
651,node_5,,,,21.7
652,node_5,,,,21.733333333333334
653,node_5,,,,21.766666666666666
654,node_5,,,,21.8
655,node_5,,,,21.833333333333332
656,node_5,,,,21.866666666666667
657,node_5,,,,21.9
658,node_5,,,,21.933333333333334
659,node_5,,,,21.966666666666665
660,node_5,,,,22.0
661,node_5,,,,22.033333333333335
662,node_5,,,,22.066666666666666
663,node_5,,,,22.1
664,node_5,,,,22.133333333333333
665,node_5,,,,22.166666666666668
666,node_5,,,,22.2
667,node_5,,,,22.233333333333334
668,node_5,,,,22.266666666666666
669,node_5,,,,22.3
670,node_5,,,,22.333333333333332
671,node_5,,,,22.366666666666667
672,node_5,,,,22.4
673,node_5,,,,22.433333333333334
674,node_5,,,,22.466666666666665
675,node_5,,,,22.5
676,node_5,,,,22.533333333333335
677,node_5,,,,22.566666666666666
678,node_5,,,,22.6
679,node_5,,,,22.633333333333333
680,node_5,,,,22.666666666666668
681,node_5,,,,22.7
682,node_5,,,,22.733333333333334
683,node_5,,,,22.766666666666666
684,node_5,,,,22.8
685,node_5,,,,22.833333333333332
686,node_5,,,,22.866666666666667
687,node_5,,,,22.9
688,node_5,,,,22.933333333333334
689,node_5,,,,22.966666666666665
690,node_5,,,,23.0
691,node_5,,,,23.033333333333335
692,node_5,,,,23.066666666666666
693,node_5,,,,23.1
694,node_5,,,,23.133333333333333
695,node_5,,,,23.166666666666668
696,node_5,,,,23.2
697,node_5,,,,23.233333333333334
698,node_5,,,,23.266666666666666
699,node_5,,,,23.3
700,node_5,,,,23.333333333333332
701,node_5,,,,23.366666666666667
702,node_5,,,,23.4
703,node_5,,,,23.433333333333334
704,node_5,,,,23.466666666666665
705,node_5,,,,23.5
706,node_5,,,,23.533333333333335
707,node_5,,,,23.566666666666666
708,node_5,,,,23.6
709,node_5,,,,23.633333333333333
710,node_5,,,,23.666666666666668
711,node_5,,,,23.7
712,node_5,,,,23.733333333333334
713,node_5,,,,23.766666666666666
714,node_5,,,,23.8
715,node_5,,,,23.833333333333332
716,node_5,,,,23.866666666666667
717,node_5,,,,23.9
718,node_5,,,,23.933333333333334
719,node_5,,,,23.966666666666665
720,node_5,,,,24.0
721,node_5,,,,24.033333333333335
722,node_5,,,,24.066666666666666
723,node_5,,,,24.1
724,node_5,,,,24.133333333333333
725,node_5,,,,24.166666666666668
726,node_5,,,,24.2
727,node_5,,,,24.233333333333334
728,node_5,,,,24.266666666666666
729,node_5,,,,24.3
730,node_5,,,,24.333333333333332
731,node_5,,,,24.366666666666667
732,node_5,,,,24.4
733,node_5,,,,24.433333333333334
734,node_5,,,,24.466666666666665
735,node_5,,,,24.5
736,node_5,,,,24.533333333333335
737,node_5,,,,24.566666666666666
738,node_5,,,,24.6
739,node_5,,,,24.633333333333333
740,node_5,,,,24.666666666666668
741,node_5,,,,24.7
742,node_5,,,,24.733333333333334
743,node_5,,,,24.766666666666666
744,node_5,,,,24.8
745,node_5,,,,24.833333333333332
746,node_5,,,,24.866666666666667
747,node_5,,,,24.9
748,node_5,,,,24.933333333333334
749,node_5,,,,24.966666666666665
750,node_5,,,,25.0
751,node_5,,,,25.033333333333335
752,node_5,,,,25.066666666666666
753,node_5,,,,25.1
754,node_5,,,,25.133333333333333
755,node_5,,,,25.166666666666668
756,node_5,,,,25.2
757,node_5,,,,25.233333333333334
758,node_5,,,,25.266666666666666
759,node_5,,,,25.3
760,node_5,,,,25.333333333333332
761,node_5,,,,25.366666666666667
762,node_5,,,,25.4
763,node_5,,,,25.433333333333334
764,node_5,,,,25.466666666666665
765,node_5,,,,25.5
766,node_5,,,,25.533333333333335
767,node_5,,,,25.566666666666666
768,node_5,,,,25.6
769,node_5,,,,25.633333333333333
770,node_5,,,,25.666666666666668
771,node_5,,,,25.7
772,node_5,,,,25.733333333333334
773,node_5,,,,25.766666666666666
774,node_5,,,,25.8
775,node_5,,,,25.833333333333332
776,node_5,,,,25.866666666666667
777,node_5,,,,25.9
778,node_5,,,,25.933333333333334
779,node_5,,,,25.966666666666665
780,node_5,,,,26.0
781,node_5,,,,26.033333333333335
782,node_5,,,,26.066666666666666
783,node_5,,,,26.1
784,node_5,,,,26.133333333333333
785,node_5,,,,26.166666666666668
786,node_5,,,,26.2
787,node_5,,,,26.233333333333334
788,node_5,,,,26.266666666666666
789,node_5,,,,26.3
790,node_5,,,,26.333333333333332
791,node_5,,,,26.366666666666667
792,node_5,,,,26.4
793,node_5,,,,26.433333333333334
794,node_5,,,,26.466666666666665
795,node_5,,,,26.5
796,node_5,,,,26.533333333333335
797,node_5,,,,26.566666666666666
798,node_5,,,,26.6
799,node_5,,,,26.633333333333333
800,node_5,,,,26.666666666666668
801,node_5,,,,26.7
802,node_5,,,,26.733333333333334
803,node_5,,,,26.766666666666666
804,node_5,,,,26.8
805,node_5,,,,26.833333333333332
806,node_5,,,,26.866666666666667
807,node_5,,,,26.9
808,node_5,,,,26.933333333333334
809,node_5,,,,26.966666666666665
810,node_5,,,,27.0
811,node_5,,,,27.033333333333335
812,node_5,,,,27.066666666666666
813,node_5,,,,27.1
814,node_5,,,,27.133333333333333
815,node_5,,,,27.166666666666668
816,node_5,,,,27.2
817,node_5,,,,27.233333333333334
818,node_5,,,,27.266666666666666
819,node_5,,,,27.3
820,node_5,,,,27.333333333333332
821,node_5,,,,27.366666666666667
822,node_5,,,,27.4
823,node_5,,,,27.433333333333334
824,node_5,,,,27.466666666666665
825,node_5,,,,27.5
826,node_5,,,,27.533333333333335
827,node_5,,,,27.566666666666666
828,node_5,,,,27.6
829,node_5,,,,27.633333333333333
830,node_5,,,,27.666666666666668
831,node_5,,,,27.7
832,node_5,,,,27.733333333333334
833,node_5,,,,27.766666666666666
834,node_5,,,,27.8
835,node_5,,,,27.833333333333332
836,node_5,,,,27.866666666666667
837,node_5,,,,27.9
838,node_5,,,,27.933333333333334
839,node_5,,,,27.966666666666665
840,node_5,,,,28.0
841,node_5,,,,28.033333333333335
842,node_5,,,,28.066666666666666
843,node_5,,,,28.1
844,node_5,,,,28.133333333333333
845,node_5,,,,28.166666666666668
846,node_5,,,,28.2
847,node_5,,,,28.233333333333334
848,node_5,,,,28.266666666666666
849,node_5,,,,28.3
850,node_5,,,,28.333333333333332
851,node_5,,,,28.366666666666667
852,node_5,,,,28.4
853,node_5,,,,28.433333333333334
854,node_5,,,,28.466666666666665
855,node_5,,,,28.5
856,node_5,,,,28.533333333333335
857,node_5,,,,28.566666666666666
858,node_5,,,,28.6
859,node_5,,,,28.633333333333333
860,node_5,,,,28.666666666666668
861,node_5,,,,28.7
862,node_5,,,,28.733333333333334
863,node_5,,,,28.766666666666666
864,node_5,,,,28.8
865,node_5,,,,28.833333333333332
866,node_5,,,,28.866666666666667
867,node_5,,,,28.9
868,node_5,,,,28.933333333333334
869,node_5,,,,28.966666666666665
870,node_5,,,,29.0
871,node_5,,,,29.033333333333335
872,node_5,,,,29.066666666666666
873,node_5,,,,29.1
874,node_5,,,,29.133333333333333
875,node_5,,,,29.166666666666668
876,node_5,,,,29.2
877,node_5,,,,29.233333333333334
878,node_5,,,,29.266666666666666
879,node_5,,,,29.3
880,node_5,,,,29.333333333333332
881,node_5,,,,29.366666666666667
882,node_5,,,,29.4
883,node_5,,,,29.433333333333334
884,node_5,,,,29.466666666666665
885,node_5,,,,29.5
886,node_5,,,,29.533333333333335
887,node_5,,,,29.566666666666666
888,node_5,,,,29.6
889,node_5,,,,29.633333333333333
890,node_5,,,,29.666666666666668
891,node_5,,,,29.7
892,node_5,,,,29.733333333333334
893,node_5,,,,29.766666666666666
894,node_5,,,,29.8
895,node_5,,,,29.833333333333332
896,node_5,,,,29.866666666666667
897,node_5,,,,29.9
898,node_5,,,,29.933333333333334
899,node_5,,,,29.966666666666665
900,node_5,,,,30.0
901,node_5,,,,30.033333333333335
902,node_5,,,,30.066666666666666
903,node_5,,,,30.1
904,node_5,,,,30.133333333333333
905,node_5,,,,30.166666666666668
906,node_5,,,,30.2
907,node_5,,,,30.233333333333334
908,node_5,,,,30.266666666666666
909,node_5,,,,30.3
910,node_5,,,,30.333333333333332
911,node_5,,,,30.366666666666667
912,node_5,,,,30.4
913,node_5,,,,30.433333333333334
914,node_5,,,,30.466666666666665
915,node_5,,,,30.5
916,node_5,,,,30.533333333333335
917,node_5,,,,30.566666666666666
918,node_5,,,,30.6
919,node_5,,,,30.633333333333333
920,node_5,,,,30.666666666666668
921,node_5,,,,30.7
922,node_5,,,,30.733333333333334
923,node_5,,,,30.766666666666666
924,node_5,,,,30.8
925,node_5,,,,30.833333333333332
926,node_5,,,,30.866666666666667
927,node_5,,,,30.9
928,node_5,,,,30.933333333333334
929,node_5,,,,30.966666666666665
930,node_5,,,,31.0
931,node_5,,,,31.033333333333335
932,node_5,,,,31.066666666666666
933,node_5,,,,31.1
934,node_5,,,,31.133333333333333
935,node_5,,,,31.166666666666668
936,node_5,,,,31.2
937,node_5,,,,31.233333333333334
938,node_5,,,,31.266666666666666
939,node_5,,,,31.3
940,node_5,,,,31.333333333333332
941,node_5,,,,31.366666666666667
942,node_5,,,,31.4
943,node_5,,,,31.433333333333334
944,node_5,,,,31.466666666666665
945,node_5,,,,31.5
946,node_5,,,,31.533333333333335
947,node_5,,,,31.566666666666666
948,node_5,,,,31.6
949,node_5,,,,31.633333333333333
950,node_5,,,,31.666666666666668
951,node_5,,,,31.7
952,node_5,,,,31.733333333333334
953,node_5,,,,31.766666666666666
954,node_5,,,,31.8
955,node_5,,,,31.833333333333332
956,node_5,,,,31.866666666666667
957,node_5,,,,31.9
958,node_5,,,,31.933333333333334
959,node_5,,,,31.966666666666665
960,node_5,,,,32.0
961,node_5,,,,32.03333333333333
962,node_5,,,,32.06666666666667
963,node_5,,,,32.1
964,node_5,,,,32.13333333333333
965,node_5,,,,32.166666666666664
966,node_5,,,,32.2
967,node_5,,,,32.233333333333334
968,node_5,,,,32.266666666666666
969,node_5,,,,32.3
970,node_5,,,,32.333333333333336
971,node_5,,,,32.36666666666667
972,node_5,,,,32.4
973,node_5,,,,32.43333333333333
974,node_5,,,,32.46666666666667
975,node_5,,,,32.5
976,node_5,,,,32.53333333333333
977,node_5,,,,32.56666666666667
978,node_5,,,,32.6
979,node_5,,,,32.63333333333333
980,node_5,,,,32.666666666666664
981,node_5,,,,32.7
982,node_5,,,,32.733333333333334
983,node_5,,,,32.766666666666666
984,node_5,,,,32.8
985,node_5,,,,32.833333333333336
986,node_5,,,,32.86666666666667
987,node_5,,,,32.9
988,node_5,,,,32.93333333333333
989,node_5,,,,32.96666666666667
990,node_5,,,,33.0
991,node_5,,,,33.03333333333333
992,node_5,,,,33.06666666666667
993,node_5,,,,33.1
994,node_5,,,,33.13333333333333
995,node_5,,,,33.166666666666664
996,node_5,,,,33.2
997,node_5,,,,33.233333333333334
998,node_5,,,,33.266666666666666
999,node_5,,,,33.3
1000,node_5,,,,33.333333333333336
1001,node_5,,,,33.36666666666667
1002,node_5,,,,33.4
1003,node_5,,,,33.43333333333333
1004,node_5,,,,33.46666666666667
1005,node_5,,,,33.5
1006,node_5,,,,33.53333333333333
1007,node_5,,,,33.56666666666667
1008,node_5,,,,33.6
1009,node_5,,,,33.63333333333333
1010,node_5,,,,33.666666666666664
1011,node_5,,,,33.7
1012,node_5,,,,33.733333333333334
1013,node_5,,,,33.766666666666666
1014,node_5,,,,33.8
1015,node_5,,,,33.833333333333336
1016,node_5,,,,33.86666666666667
1017,node_5,,,,33.9
1018,node_5,,,,33.93333333333333
1019,node_5,,,,33.96666666666667
1020,node_5,,,,34.0
1021,node_5,,,,34.03333333333333
1022,node_5,,,,34.06666666666667
1023,node_5,,,,34.1
1024,node_5,,,,34.13333333333333
1025,node_5,,,,34.166666666666664
1026,node_5,,,,34.2
1027,node_5,,,,34.233333333333334
1028,node_5,,,,34.266666666666666
1029,node_5,,,,34.3
1030,node_5,,,,34.333333333333336
1031,node_5,,,,34.36666666666667
1032,node_5,,,,34.4
1033,node_5,,,,34.43333333333333
1034,node_5,,,,34.46666666666667
1035,node_5,,,,34.5
1036,node_5,,,,34.53333333333333
1037,node_5,,,,34.56666666666667
1038,node_5,,,,34.6
1039,node_5,,,,34.63333333333333
1040,node_5,,,,34.666666666666664
1041,node_5,,,,34.7
1042,node_5,,,,34.733333333333334
1043,node_5,,,,34.766666666666666
1044,node_5,,,,34.8
1045,node_5,,,,34.833333333333336
1046,node_5,,,,34.86666666666667
1047,node_5,,,,34.9
1048,node_5,,,,34.93333333333333
1049,node_5,,,,34.96666666666667
1050,node_5,,,,35.0
1051,node_5,,,,35.03333333333333
1052,node_5,,,,35.06666666666667
1053,node_5,,,,35.1
1054,node_5,,,,35.13333333333333
1055,node_5,,,,35.166666666666664
1056,node_5,,,,35.2
1057,node_5,,,,35.233333333333334
1058,node_5,,,,35.266666666666666
1059,node_5,,,,35.3
1060,node_5,,,,35.333333333333336
1061,node_5,,,,35.36666666666667
1062,node_5,,,,35.4
1063,node_5,,,,35.43333333333333
1064,node_5,,,,35.46666666666667
1065,node_5,,,,35.5
1066,node_5,,,,35.53333333333333
1067,node_5,,,,35.56666666666667
1068,node_5,,,,35.6
1069,node_5,,,,35.63333333333333
1070,node_5,,,,35.666666666666664
1071,node_5,,,,35.7
1072,node_5,,,,35.733333333333334
1073,node_5,,,,35.766666666666666
1074,node_5,,,,35.8
1075,node_5,,,,35.833333333333336
1076,node_5,,,,35.86666666666667
1077,node_5,,,,35.9
1078,node_5,,,,35.93333333333333
1079,node_5,,,,35.96666666666667
1080,node_5,,,,36.0
1081,node_5,,,,36.03333333333333
1082,node_5,,,,36.06666666666667
1083,node_5,,,,36.1
1084,node_5,,,,36.13333333333333
1085,node_5,,,,36.166666666666664
1086,node_5,,,,36.2
1087,node_5,,,,36.233333333333334
1088,node_5,,,,36.266666666666666
1089,node_5,,,,36.3
1090,node_5,,,,36.333333333333336
1091,node_5,,,,36.36666666666667
1092,node_5,,,,36.4
1093,node_5,,,,36.43333333333333
1094,node_5,,,,36.46666666666667
1095,node_5,,,,36.5
1096,node_5,,,,36.53333333333333
1097,node_5,,,,36.56666666666667
1098,node_5,,,,36.6
1099,node_5,,,,36.63333333333333
1100,node_5,,,,36.666666666666664
1101,node_5,,,,36.7
1102,node_5,,,,36.733333333333334
1103,node_5,,,,36.766666666666666
1104,node_5,,,,36.8
1105,node_5,,,,36.833333333333336
1106,node_5,,,,36.86666666666667
1107,node_5,,,,36.9
1108,node_5,,,,36.93333333333333
1109,node_5,,,,36.96666666666667
1110,node_5,,,,37.0
1111,node_5,,,,37.03333333333333
1112,node_5,,,,37.06666666666667
1113,node_5,,,,37.1
1114,node_5,,,,37.13333333333333
1115,node_5,,,,37.166666666666664
1116,node_5,,,,37.2
1117,node_5,,,,37.233333333333334
1118,node_5,,,,37.266666666666666
1119,node_5,,,,37.3
1120,node_5,,,,37.333333333333336
1121,node_5,,,,37.36666666666667
1122,node_5,,,,37.4
1123,node_5,,,,37.43333333333333
1124,node_5,,,,37.46666666666667
1125,node_5,,,,37.5
1126,node_5,,,,37.53333333333333
1127,node_5,,,,37.56666666666667
1128,node_5,,,,37.6
1129,node_5,,,,37.63333333333333
1130,node_5,,,,37.666666666666664
1131,node_5,,,,37.7
1132,node_5,,,,37.733333333333334
1133,node_5,,,,37.766666666666666
1134,node_5,,,,37.8
1135,node_5,,,,37.833333333333336
1136,node_5,,,,37.86666666666667
1137,node_5,,,,37.9
1138,node_5,,,,37.93333333333333
1139,node_5,,,,37.96666666666667
1140,node_5,,,,38.0
1141,node_5,,,,38.03333333333333
1142,node_5,,,,38.06666666666667
1143,node_5,,,,38.1
1144,node_5,,,,38.13333333333333
1145,node_5,,,,38.166666666666664
1146,node_5,,,,38.2
1147,node_5,,,,38.233333333333334
1148,node_5,,,,38.266666666666666
1149,node_5,,,,38.3
1150,node_5,,,,38.333333333333336
1151,node_5,,,,38.36666666666667
1152,node_5,,,,38.4
1153,node_5,,,,38.43333333333333
1154,node_5,,,,38.46666666666667
1155,node_5,,,,38.5
1156,node_5,,,,38.53333333333333
1157,node_5,,,,38.56666666666667
1158,node_5,,,,38.6
1159,node_5,,,,38.63333333333333
1160,node_5,,,,38.666666666666664
1161,node_5,,,,38.7
1162,node_5,,,,38.733333333333334
1163,node_5,,,,38.766666666666666
1164,node_5,,,,38.8
1165,node_5,,,,38.833333333333336
1166,node_5,,,,38.86666666666667
1167,node_5,,,,38.9
1168,node_5,,,,38.93333333333333
1169,node_5,,,,38.96666666666667
1170,node_5,,,,39.0
1171,node_5,,,,39.03333333333333
1172,node_5,,,,39.06666666666667
1173,node_5,,,,39.1
1174,node_5,,,,39.13333333333333
1175,node_5,,,,39.166666666666664
1176,node_5,,,,39.2
1177,node_5,,,,39.233333333333334
1178,node_5,,,,39.266666666666666
1179,node_5,,,,39.3
1180,node_5,,,,39.333333333333336
1181,node_5,,,,39.36666666666667
1182,node_5,,,,39.4
1183,node_5,,,,39.43333333333333
1184,node_5,,,,39.46666666666667
1185,node_5,,,,39.5
1186,node_5,,,,39.53333333333333
1187,node_5,,,,39.56666666666667
1188,node_5,,,,39.6
1189,node_5,,,,39.63333333333333
1190,node_5,,,,39.666666666666664
1191,node_5,,,,39.7
1192,node_5,,,,39.733333333333334
1193,node_5,,,,39.766666666666666
1194,node_5,,,,39.8
1195,node_5,,,,39.833333333333336
1196,node_5,,,,39.86666666666667
1197,node_5,,,,39.9
1198,node_5,,,,39.93333333333333
1199,node_5,,,,39.96666666666667
1200,node_5,,,,40.0
1201,node_5,,,,40.03333333333333
1202,node_5,,,,40.06666666666667
1203,node_5,,,,40.1
1204,node_5,,,,40.13333333333333
1205,node_5,,,,40.166666666666664
1206,node_5,,,,40.2
1207,node_5,,,,40.233333333333334
1208,node_5,,,,40.266666666666666
1209,node_5,,,,40.3
1210,node_5,,,,40.333333333333336
1211,node_5,,,,40.36666666666667
1212,node_5,,,,40.4
1213,node_5,,,,40.43333333333333
1214,node_5,,,,40.46666666666667
1215,node_5,,,,40.5
1216,node_5,,,,40.53333333333333
1217,node_5,,,,40.56666666666667
1218,node_5,,,,40.6
1219,node_5,,,,40.63333333333333
1220,node_5,,,,40.666666666666664
1221,node_5,,,,40.7
1222,node_5,,,,40.733333333333334
1223,node_5,,,,40.766666666666666
1224,node_5,,,,40.8
1225,node_5,,,,40.833333333333336
1226,node_5,,,,40.86666666666667
1227,node_5,,,,40.9
1228,node_5,,,,40.93333333333333
1229,node_5,,,,40.96666666666667
1230,node_5,,,,41.0
1231,node_5,,,,41.03333333333333
1232,node_5,,,,41.06666666666667
1233,node_5,,,,41.1
1234,node_5,,,,41.13333333333333
1235,node_5,,,,41.166666666666664
1236,node_5,,,,41.2
1237,node_5,,,,41.233333333333334
1238,node_5,,,,41.266666666666666
1239,node_5,,,,41.3
1240,node_5,,,,41.333333333333336
1241,node_5,,,,41.36666666666667
1242,node_5,,,,41.4
1243,node_5,,,,41.43333333333333
1244,node_5,,,,41.46666666666667
1245,node_5,,,,41.5
1246,node_5,,,,41.53333333333333
1247,node_5,,,,41.56666666666667
1248,node_5,,,,41.6
1249,node_5,,,,41.63333333333333
1250,node_5,,,,41.666666666666664
1251,node_5,,,,41.7
1252,node_5,,,,41.733333333333334
1253,node_5,,,,41.766666666666666
1254,node_5,,,,41.8
1255,node_5,,,,41.833333333333336
1256,node_5,,,,41.86666666666667
1257,node_5,,,,41.9
1258,node_5,,,,41.93333333333333
1259,node_5,,,,41.96666666666667
1260,node_5,,,,42.0
1261,node_5,,,,42.03333333333333
1262,node_5,,,,42.06666666666667
1263,node_5,,,,42.1
1264,node_5,,,,42.13333333333333
1265,node_5,,,,42.166666666666664
1266,node_5,,,,42.2
1267,node_5,,,,42.233333333333334
1268,node_5,,,,42.266666666666666
1269,node_5,,,,42.3
1270,node_5,,,,42.333333333333336
1271,node_5,,,,42.36666666666667
1272,node_5,,,,42.4
1273,node_5,,,,42.43333333333333
1274,node_5,,,,42.46666666666667
1275,node_5,,,,42.5
1276,node_5,,,,42.53333333333333
1277,node_5,,,,42.56666666666667
1278,node_5,,,,42.6
1279,node_5,,,,42.63333333333333
1280,node_5,,,,42.666666666666664
1281,node_5,,,,42.7
1282,node_5,,,,42.733333333333334
1283,node_5,,,,42.766666666666666
1284,node_5,,,,42.8
1285,node_5,,,,42.833333333333336
1286,node_5,,,,42.86666666666667
1287,node_5,,,,42.9
1288,node_5,,,,42.93333333333333
1289,node_5,,,,42.96666666666667
1290,node_5,,,,43.0
1291,node_5,,,,43.03333333333333
1292,node_5,,,,43.06666666666667
1293,node_5,,,,43.1
1294,node_5,,,,43.13333333333333
1295,node_5,,,,43.166666666666664
1296,node_5,,,,43.2
1297,node_5,,,,43.233333333333334
1298,node_5,,,,43.266666666666666
1299,node_5,,,,43.3
1300,node_5,,,,43.333333333333336
1301,node_5,,,,43.36666666666667
1302,node_5,,,,43.4
1303,node_5,,,,43.43333333333333
1304,node_5,,,,43.46666666666667
1305,node_5,,,,43.5
1306,node_5,,,,43.53333333333333
1307,node_5,,,,43.56666666666667
1308,node_5,,,,43.6
1309,node_5,,,,43.63333333333333
1310,node_5,,,,43.666666666666664
1311,node_5,,,,43.7
0,node_6,,,,0.0
1,node_6,,,,0.03333333333333333
2,node_6,,,,0.06666666666666667
3,node_6,,,,0.1
4,node_6,,,,0.13333333333333333
5,node_6,,,,0.16666666666666666
6,node_6,,,,0.2
7,node_6,,,,0.23333333333333334
8,node_6,,,,0.26666666666666666
9,node_6,,,,0.3
10,node_6,,,,0.3333333333333333
11,node_6,,,,0.36666666666666664
12,node_6,,,,0.4
13,node_6,,,,0.43333333333333335
14,node_6,,,,0.4666666666666667
15,node_6,,,,0.5
16,node_6,,,,0.5333333333333333
17,node_6,,,,0.5666666666666667
18,node_6,,,,0.6
19,node_6,,,,0.6333333333333333
20,node_6,,,,0.6666666666666666
21,node_6,,,,0.7
22,node_6,,,,0.7333333333333333
23,node_6,,,,0.7666666666666667
24,node_6,,,,0.8
25,node_6,,,,0.8333333333333334
26,node_6,,,,0.8666666666666667
27,node_6,,,,0.9
28,node_6,,,,0.9333333333333333
29,node_6,,,,0.9666666666666667
30,node_6,,,,1.0
31,node_6,,,,1.0333333333333334
32,node_6,,,,1.0666666666666667
33,node_6,,,,1.1
34,node_6,,,,1.1333333333333333
35,node_6,,,,1.1666666666666667
36,node_6,,,,1.2
37,node_6,,,,1.2333333333333334
38,node_6,,,,1.2666666666666666
39,node_6,,,,1.3
40,node_6,,,,1.3333333333333333
41,node_6,,,,1.3666666666666667
42,node_6,,,,1.4
43,node_6,,,,1.4333333333333333
44,node_6,,,,1.4666666666666666
45,node_6,,,,1.5
46,node_6,,,,1.5333333333333334
47,node_6,,,,1.5666666666666667
48,node_6,,,,1.6
49,node_6,,,,1.6333333333333333
50,node_6,,,,1.6666666666666667
51,node_6,,,,1.7
52,node_6,,,,1.7333333333333334
53,node_6,,,,1.7666666666666666
54,node_6,,,,1.8
55,node_6,,,,1.8333333333333333
56,node_6,,,,1.8666666666666667
57,node_6,,,,1.9
58,node_6,,,,1.9333333333333333
59,node_6,,,,1.9666666666666666
60,node_6,,,,2.0
61,node_6,,,,2.033333333333333
62,node_6,,,,2.066666666666667
63,node_6,,,,2.1
64,node_6,,,,2.1333333333333333
65,node_6,,,,2.1666666666666665
66,node_6,,,,2.2
67,node_6,,,,2.2333333333333334
68,node_6,,,,2.2666666666666666
69,node_6,,,,2.3
70,node_6,,,,2.3333333333333335
71,node_6,,,,2.3666666666666667
72,node_6,,,,2.4
73,node_6,,,,2.433333333333333
74,node_6,,,,2.466666666666667
75,node_6,,,,2.5
76,node_6,,,,2.533333333333333
77,node_6,,,,2.566666666666667
78,node_6,,,,2.6
79,node_6,,,,2.6333333333333333
80,node_6,,,,2.6666666666666665
81,node_6,,,,2.7
82,node_6,,,,2.7333333333333334
83,node_6,,,,2.7666666666666666
84,node_6,,,,2.8
85,node_6,,,,2.8333333333333335
86,node_6,,,,2.8666666666666667
87,node_6,,,,2.9
88,node_6,,,,2.933333333333333
89,node_6,,,,2.966666666666667
90,node_6,,,,3.0
91,node_6,,,,3.033333333333333
92,node_6,,,,3.066666666666667
93,node_6,,,,3.1
94,node_6,,,,3.1333333333333333
95,node_6,,,,3.1666666666666665
96,node_6,,,,3.2
97,node_6,,,,3.2333333333333334
98,node_6,,,,3.2666666666666666
99,node_6,,,,3.3
100,node_6,,,,3.3333333333333335
101,node_6,,,,3.3666666666666667
102,node_6,,,,3.4
103,node_6,,,,3.433333333333333
104,node_6,,,,3.466666666666667
105,node_6,,,,3.5
106,node_6,,,,3.533333333333333
107,node_6,,,,3.566666666666667
108,node_6,,,,3.6
109,node_6,,,,3.6333333333333333
110,node_6,,,,3.6666666666666665
111,node_6,,,,3.7
112,node_6,,,,3.7333333333333334
113,node_6,,,,3.7666666666666666
114,node_6,,,,3.8
115,node_6,,,,3.8333333333333335
116,node_6,,,,3.8666666666666667
117,node_6,,,,3.9
118,node_6,,,,3.933333333333333
119,node_6,,,,3.966666666666667
120,node_6,,,,4.0
121,node_6,,,,4.033333333333333
122,node_6,,,,4.066666666666666
123,node_6,,,,4.1
124,node_6,,,,4.133333333333334
125,node_6,,,,4.166666666666667
126,node_6,,,,4.2
127,node_6,,,,4.233333333333333
128,node_6,,,,4.266666666666667
129,node_6,,,,4.3
130,node_6,,,,4.333333333333333
131,node_6,,,,4.366666666666666
132,node_6,,,,4.4
133,node_6,,,,4.433333333333334
134,node_6,,,,4.466666666666667
135,node_6,,,,4.5
136,node_6,,,,4.533333333333333
137,node_6,,,,4.566666666666666
138,node_6,,,,4.6
139,node_6,,,,4.633333333333334
140,node_6,,,,4.666666666666667
141,node_6,,,,4.7
142,node_6,,,,4.733333333333333
143,node_6,,,,4.766666666666667
144,node_6,,,,4.8
145,node_6,,,,4.833333333333333
146,node_6,,,,4.866666666666666
147,node_6,,,,4.9
148,node_6,,,,4.933333333333334
149,node_6,,,,4.966666666666667
150,node_6,,,,5.0
151,node_6,,,,5.033333333333333
152,node_6,,,,5.066666666666666
153,node_6,,,,5.1
154,node_6,,,,5.133333333333334
155,node_6,,,,5.166666666666667
156,node_6,,,,5.2
157,node_6,,,,5.233333333333333
158,node_6,,,,5.266666666666667
159,node_6,,,,5.3
160,node_6,,,,5.333333333333333
161,node_6,,,,5.366666666666666
162,node_6,,,,5.4
163,node_6,,,,5.433333333333334
164,node_6,,,,5.466666666666667
165,node_6,,,,5.5
166,node_6,,,,5.533333333333333
167,node_6,,,,5.566666666666666
168,node_6,,,,5.6
169,node_6,,,,5.633333333333334
170,node_6,,,,5.666666666666667
171,node_6,,,,5.7
172,node_6,,,,5.733333333333333
173,node_6,,,,5.766666666666667
174,node_6,,,,5.8
175,node_6,,,,5.833333333333333
176,node_6,,,,5.866666666666666
177,node_6,,,,5.9
178,node_6,,,,5.933333333333334
179,node_6,,,,5.966666666666667
180,node_6,,,,6.0
181,node_6,,,,6.033333333333333
182,node_6,,,,6.066666666666666
183,node_6,,,,6.1
184,node_6,,,,6.133333333333334
185,node_6,,,,6.166666666666667
186,node_6,,,,6.2
187,node_6,,,,6.233333333333333
188,node_6,,,,6.266666666666667
189,node_6,,,,6.3
190,node_6,,,,6.333333333333333
191,node_6,,,,6.366666666666666
192,node_6,,,,6.4
193,node_6,,,,6.433333333333334
194,node_6,,,,6.466666666666667
195,node_6,,,,6.5
196,node_6,,,,6.533333333333333
197,node_6,,,,6.566666666666666
198,node_6,,,,6.6
199,node_6,,,,6.633333333333334
200,node_6,,,,6.666666666666667
201,node_6,,,,6.7
202,node_6,,,,6.733333333333333
203,node_6,,,,6.766666666666667
204,node_6,,,,6.8
205,node_6,,,,6.833333333333333
206,node_6,,,,6.866666666666666
207,node_6,,,,6.9
208,node_6,,,,6.933333333333334
209,node_6,,,,6.966666666666667
210,node_6,,,,7.0
211,node_6,,,,7.033333333333333
212,node_6,,,,7.066666666666666
213,node_6,,,,7.1
214,node_6,,,,7.133333333333334
215,node_6,,,,7.166666666666667
216,node_6,,,,7.2
217,node_6,,,,7.233333333333333
218,node_6,,,,7.266666666666667
219,node_6,,,,7.3
220,node_6,,,,7.333333333333333
221,node_6,,,,7.366666666666666
222,node_6,,,,7.4
223,node_6,,,,7.433333333333334
224,node_6,,,,7.466666666666667
225,node_6,,,,7.5
226,node_6,,,,7.533333333333333
227,node_6,,,,7.566666666666666
228,node_6,,,,7.6
229,node_6,,,,7.633333333333334
230,node_6,,,,7.666666666666667
231,node_6,,,,7.7
232,node_6,,,,7.733333333333333
233,node_6,,,,7.766666666666667
234,node_6,,,,7.8
235,node_6,,,,7.833333333333333
236,node_6,,,,7.866666666666666
237,node_6,,,,7.9
238,node_6,,,,7.933333333333334
239,node_6,,,,7.966666666666667
240,node_6,,,,8.0
241,node_6,,,,8.033333333333333
242,node_6,,,,8.066666666666666
243,node_6,,,,8.1
244,node_6,,,,8.133333333333333
245,node_6,,,,8.166666666666666
246,node_6,,,,8.2
247,node_6,,,,8.233333333333333
248,node_6,,,,8.266666666666667
249,node_6,,,,8.3
250,node_6,,,,8.333333333333334
251,node_6,,,,8.366666666666667
252,node_6,,,,8.4
253,node_6,,,,8.433333333333334
254,node_6,,,,8.466666666666667
255,node_6,,,,8.5
256,node_6,,,,8.533333333333333
257,node_6,,,,8.566666666666666
258,node_6,,,,8.6
259,node_6,,,,8.633333333333333
260,node_6,,,,8.666666666666666
261,node_6,,,,8.7
262,node_6,,,,8.733333333333333
263,node_6,,,,8.766666666666667
264,node_6,,,,8.8
265,node_6,,,,8.833333333333334
266,node_6,,,,8.866666666666667
267,node_6,,,,8.9
268,node_6,,,,8.933333333333334
269,node_6,,,,8.966666666666667
270,node_6,,,,9.0
271,node_6,,,,9.033333333333333
272,node_6,,,,9.066666666666666
273,node_6,,,,9.1
274,node_6,,,,9.133333333333333
275,node_6,,,,9.166666666666666
276,node_6,,,,9.2
277,node_6,,,,9.233333333333333
278,node_6,,,,9.266666666666667
279,node_6,,,,9.3
280,node_6,,,,9.333333333333334
281,node_6,,,,9.366666666666667
282,node_6,,,,9.4
283,node_6,,,,9.433333333333334
284,node_6,,,,9.466666666666667
285,node_6,,,,9.5
286,node_6,,,,9.533333333333333
287,node_6,,,,9.566666666666666
288,node_6,,,,9.6
289,node_6,,,,9.633333333333333
290,node_6,,,,9.666666666666666
291,node_6,,,,9.7
292,node_6,,,,9.733333333333333
293,node_6,,,,9.766666666666667
294,node_6,,,,9.8
295,node_6,,,,9.833333333333334
296,node_6,,,,9.866666666666667
297,node_6,,,,9.9
298,node_6,,,,9.933333333333334
299,node_6,,,,9.966666666666667
300,node_6,,,,10.0
301,node_6,,,,10.033333333333333
302,node_6,,,,10.066666666666666
303,node_6,,,,10.1
304,node_6,,,,10.133333333333333
305,node_6,,,,10.166666666666666
306,node_6,,,,10.2
307,node_6,,,,10.233333333333333
308,node_6,,,,10.266666666666667
309,node_6,,,,10.3
310,node_6,,,,10.333333333333334
311,node_6,,,,10.366666666666667
312,node_6,,,,10.4
313,node_6,,,,10.433333333333334
314,node_6,,,,10.466666666666667
315,node_6,,,,10.5
316,node_6,,,,10.533333333333333
317,node_6,,,,10.566666666666666
318,node_6,,,,10.6
319,node_6,,,,10.633333333333333
320,node_6,,,,10.666666666666666
321,node_6,,,,10.7
322,node_6,,,,10.733333333333333
323,node_6,,,,10.766666666666667
324,node_6,,,,10.8
325,node_6,,,,10.833333333333334
326,node_6,,,,10.866666666666667
327,node_6,,,,10.9
328,node_6,,,,10.933333333333334
329,node_6,,,,10.966666666666667
330,node_6,,,,11.0
331,node_6,,,,11.033333333333333
332,node_6,,,,11.066666666666666
333,node_6,,,,11.1
334,node_6,,,,11.133333333333333
335,node_6,,,,11.166666666666666
336,node_6,,,,11.2
337,node_6,,,,11.233333333333333
338,node_6,,,,11.266666666666667
339,node_6,,,,11.3
340,node_6,,,,11.333333333333334
341,node_6,,,,11.366666666666667
342,node_6,,,,11.4
343,node_6,,,,11.433333333333334
344,node_6,,,,11.466666666666667
345,node_6,,,,11.5
346,node_6,,,,11.533333333333333
347,node_6,,,,11.566666666666666
348,node_6,,,,11.6
349,node_6,,,,11.633333333333333
350,node_6,,,,11.666666666666666
351,node_6,,,,11.7
352,node_6,,,,11.733333333333333
353,node_6,,,,11.766666666666667
354,node_6,,,,11.8
355,node_6,,,,11.833333333333334
356,node_6,,,,11.866666666666667
357,node_6,,,,11.9
358,node_6,,,,11.933333333333334
359,node_6,,,,11.966666666666667
360,node_6,,,,12.0
361,node_6,,,,12.033333333333333
362,node_6,,,,12.066666666666666
363,node_6,,,,12.1
364,node_6,,,,12.133333333333333
365,node_6,,,,12.166666666666666
366,node_6,,,,12.2
367,node_6,,,,12.233333333333333
368,node_6,,,,12.266666666666667
369,node_6,,,,12.3
370,node_6,,,,12.333333333333334
371,node_6,,,,12.366666666666667
372,node_6,,,,12.4
373,node_6,,,,12.433333333333334
374,node_6,,,,12.466666666666667
375,node_6,,,,12.5
376,node_6,,,,12.533333333333333
377,node_6,,,,12.566666666666666
378,node_6,,,,12.6
379,node_6,,,,12.633333333333333
380,node_6,,,,12.666666666666666
381,node_6,,,,12.7
382,node_6,,,,12.733333333333333
383,node_6,,,,12.766666666666667
384,node_6,,,,12.8
385,node_6,,,,12.833333333333334
386,node_6,,,,12.866666666666667
387,node_6,,,,12.9
388,node_6,,,,12.933333333333334
389,node_6,,,,12.966666666666667
390,node_6,,,,13.0
391,node_6,,,,13.033333333333333
392,node_6,,,,13.066666666666666
393,node_6,,,,13.1
394,node_6,,,,13.133333333333333
395,node_6,,,,13.166666666666666
396,node_6,,,,13.2
397,node_6,,,,13.233333333333333
398,node_6,,,,13.266666666666667
399,node_6,,,,13.3
400,node_6,,,,13.333333333333334
401,node_6,,,,13.366666666666667
402,node_6,,,,13.4
403,node_6,,,,13.433333333333334
404,node_6,,,,13.466666666666667
405,node_6,,,,13.5
406,node_6,,,,13.533333333333333
407,node_6,,,,13.566666666666666
408,node_6,,,,13.6
409,node_6,,,,13.633333333333333
410,node_6,,,,13.666666666666666
411,node_6,,,,13.7
412,node_6,,,,13.733333333333333
413,node_6,,,,13.766666666666667
414,node_6,,,,13.8
415,node_6,,,,13.833333333333334
416,node_6,,,,13.866666666666667
417,node_6,,,,13.9
418,node_6,,,,13.933333333333334
419,node_6,,,,13.966666666666667
420,node_6,,,,14.0
421,node_6,,,,14.033333333333333
422,node_6,,,,14.066666666666666
423,node_6,,,,14.1
424,node_6,,,,14.133333333333333
425,node_6,,,,14.166666666666666
426,node_6,,,,14.2
427,node_6,,,,14.233333333333333
428,node_6,,,,14.266666666666667
429,node_6,,,,14.3
430,node_6,,,,14.333333333333334
431,node_6,,,,14.366666666666667
432,node_6,,,,14.4
433,node_6,,,,14.433333333333334
434,node_6,,,,14.466666666666667
435,node_6,,,,14.5
436,node_6,,,,14.533333333333333
437,node_6,,,,14.566666666666666
438,node_6,,,,14.6
439,node_6,,,,14.633333333333333
440,node_6,,,,14.666666666666666
441,node_6,,,,14.7
442,node_6,,,,14.733333333333333
443,node_6,,,,14.766666666666667
444,node_6,,,,14.8
445,node_6,,,,14.833333333333334
446,node_6,,,,14.866666666666667
447,node_6,,,,14.9
448,node_6,,,,14.933333333333334
449,node_6,,,,14.966666666666667
450,node_6,,,,15.0
451,node_6,,,,15.033333333333333
452,node_6,,,,15.066666666666666
453,node_6,,,,15.1
454,node_6,,,,15.133333333333333
455,node_6,,,,15.166666666666666
456,node_6,,,,15.2
457,node_6,,,,15.233333333333333
458,node_6,,,,15.266666666666667
459,node_6,,,,15.3
460,node_6,,,,15.333333333333334
461,node_6,,,,15.366666666666667
462,node_6,,,,15.4
463,node_6,,,,15.433333333333334
464,node_6,,,,15.466666666666667
465,node_6,,,,15.5
466,node_6,,,,15.533333333333333
467,node_6,,,,15.566666666666666
468,node_6,,,,15.6
469,node_6,,,,15.633333333333333
470,node_6,,,,15.666666666666666
471,node_6,,,,15.7
472,node_6,,,,15.733333333333333
473,node_6,,,,15.766666666666667
474,node_6,,,,15.8
475,node_6,,,,15.833333333333334
476,node_6,,,,15.866666666666667
477,node_6,,,,15.9
478,node_6,,,,15.933333333333334
479,node_6,,,,15.966666666666667
480,node_6,,,,16.0
481,node_6,,,,16.033333333333335
482,node_6,,,,16.066666666666666
483,node_6,,,,16.1
484,node_6,,,,16.133333333333333
485,node_6,,,,16.166666666666668
486,node_6,,,,16.2
487,node_6,,,,16.233333333333334
488,node_6,,,,16.266666666666666
489,node_6,,,,16.3
490,node_6,,,,16.333333333333332
491,node_6,,,,16.366666666666667
492,node_6,,,,16.4
493,node_6,,,,16.433333333333334
494,node_6,,,,16.466666666666665
495,node_6,,,,16.5
496,node_6,,,,16.533333333333335
497,node_6,,,,16.566666666666666
498,node_6,,,,16.6
499,node_6,,,,16.633333333333333
500,node_6,,,,16.666666666666668
501,node_6,,,,16.7
502,node_6,,,,16.733333333333334
503,node_6,,,,16.766666666666666
504,node_6,,,,16.8
505,node_6,,,,16.833333333333332
506,node_6,,,,16.866666666666667
507,node_6,,,,16.9
508,node_6,,,,16.933333333333334
509,node_6,,,,16.966666666666665
510,node_6,,,,17.0
511,node_6,,,,17.033333333333335
512,node_6,,,,17.066666666666666
513,node_6,,,,17.1
514,node_6,,,,17.133333333333333
515,node_6,,,,17.166666666666668
516,node_6,,,,17.2
517,node_6,,,,17.233333333333334
518,node_6,,,,17.266666666666666
519,node_6,,,,17.3
520,node_6,,,,17.333333333333332
521,node_6,,,,17.366666666666667
522,node_6,,,,17.4
523,node_6,,,,17.433333333333334
524,node_6,,,,17.466666666666665
525,node_6,,,,17.5
526,node_6,,,,17.533333333333335
527,node_6,,,,17.566666666666666
528,node_6,,,,17.6
529,node_6,,,,17.633333333333333
530,node_6,,,,17.666666666666668
531,node_6,,,,17.7
532,node_6,,,,17.733333333333334
533,node_6,,,,17.766666666666666
534,node_6,,,,17.8
535,node_6,,,,17.833333333333332
536,node_6,,,,17.866666666666667
537,node_6,,,,17.9
538,node_6,,,,17.933333333333334
539,node_6,,,,17.966666666666665
540,node_6,,,,18.0
541,node_6,,,,18.033333333333335
542,node_6,,,,18.066666666666666
543,node_6,,,,18.1
544,node_6,,,,18.133333333333333
545,node_6,,,,18.166666666666668
546,node_6,,,,18.2
547,node_6,,,,18.233333333333334
548,node_6,,,,18.266666666666666
549,node_6,,,,18.3
550,node_6,,,,18.333333333333332
551,node_6,,,,18.366666666666667
552,node_6,,,,18.4
553,node_6,,,,18.433333333333334
554,node_6,,,,18.466666666666665
555,node_6,,,,18.5
556,node_6,,,,18.533333333333335
557,node_6,,,,18.566666666666666
558,node_6,,,,18.6
559,node_6,,,,18.633333333333333
560,node_6,,,,18.666666666666668
561,node_6,,,,18.7
562,node_6,,,,18.733333333333334
563,node_6,,,,18.766666666666666
564,node_6,,,,18.8
565,node_6,,,,18.833333333333332
566,node_6,,,,18.866666666666667
567,node_6,,,,18.9
568,node_6,,,,18.933333333333334
569,node_6,,,,18.966666666666665
570,node_6,,,,19.0
571,node_6,,,,19.033333333333335
572,node_6,,,,19.066666666666666
573,node_6,,,,19.1
574,node_6,,,,19.133333333333333
575,node_6,,,,19.166666666666668
576,node_6,,,,19.2
577,node_6,,,,19.233333333333334
578,node_6,,,,19.266666666666666
579,node_6,,,,19.3
580,node_6,,,,19.333333333333332
581,node_6,,,,19.366666666666667
582,node_6,,,,19.4
583,node_6,,,,19.433333333333334
584,node_6,,,,19.466666666666665
585,node_6,,,,19.5
586,node_6,,,,19.533333333333335
587,node_6,,,,19.566666666666666
588,node_6,,,,19.6
589,node_6,,,,19.633333333333333
590,node_6,,,,19.666666666666668
591,node_6,,,,19.7
592,node_6,,,,19.733333333333334
593,node_6,,,,19.766666666666666
594,node_6,,,,19.8
595,node_6,,,,19.833333333333332
596,node_6,,,,19.866666666666667
597,node_6,,,,19.9
598,node_6,,,,19.933333333333334
599,node_6,,,,19.966666666666665
600,node_6,,,,20.0
601,node_6,,,,20.033333333333335
602,node_6,,,,20.066666666666666
603,node_6,,,,20.1
604,node_6,,,,20.133333333333333
605,node_6,,,,20.166666666666668
606,node_6,,,,20.2
607,node_6,,,,20.233333333333334
608,node_6,,,,20.266666666666666
609,node_6,,,,20.3
610,node_6,,,,20.333333333333332
611,node_6,,,,20.366666666666667
612,node_6,,,,20.4
613,node_6,,,,20.433333333333334
614,node_6,,,,20.466666666666665
615,node_6,,,,20.5
616,node_6,,,,20.533333333333335
617,node_6,,,,20.566666666666666
618,node_6,,,,20.6
619,node_6,,,,20.633333333333333
620,node_6,,,,20.666666666666668
621,node_6,,,,20.7
622,node_6,,,,20.733333333333334
623,node_6,,,,20.766666666666666
624,node_6,,,,20.8
625,node_6,,,,20.833333333333332
626,node_6,,,,20.866666666666667
627,node_6,,,,20.9
628,node_6,,,,20.933333333333334
629,node_6,,,,20.966666666666665
630,node_6,,,,21.0
631,node_6,,,,21.033333333333335
632,node_6,,,,21.066666666666666
633,node_6,,,,21.1
634,node_6,,,,21.133333333333333
635,node_6,,,,21.166666666666668
636,node_6,,,,21.2
637,node_6,,,,21.233333333333334
638,node_6,,,,21.266666666666666
639,node_6,,,,21.3
640,node_6,,,,21.333333333333332
641,node_6,,,,21.366666666666667
642,node_6,,,,21.4
643,node_6,,,,21.433333333333334
644,node_6,,,,21.466666666666665
645,node_6,,,,21.5
646,node_6,,,,21.533333333333335
647,node_6,,,,21.566666666666666
648,node_6,,,,21.6
649,node_6,,,,21.633333333333333
650,node_6,,,,21.666666666666668
651,node_6,,,,21.7
652,node_6,,,,21.733333333333334
653,node_6,,,,21.766666666666666
654,node_6,,,,21.8
655,node_6,,,,21.833333333333332
656,node_6,,,,21.866666666666667
657,node_6,,,,21.9
658,node_6,,,,21.933333333333334
659,node_6,,,,21.966666666666665
660,node_6,,,,22.0
661,node_6,,,,22.033333333333335
662,node_6,,,,22.066666666666666
663,node_6,,,,22.1
664,node_6,,,,22.133333333333333
665,node_6,,,,22.166666666666668
666,node_6,,,,22.2
667,node_6,,,,22.233333333333334
668,node_6,,,,22.266666666666666
669,node_6,,,,22.3
670,node_6,,,,22.333333333333332
671,node_6,,,,22.366666666666667
672,node_6,,,,22.4
673,node_6,,,,22.433333333333334
674,node_6,,,,22.466666666666665
675,node_6,,,,22.5
676,node_6,,,,22.533333333333335
677,node_6,,,,22.566666666666666
678,node_6,,,,22.6
679,node_6,,,,22.633333333333333
680,node_6,,,,22.666666666666668
681,node_6,,,,22.7
682,node_6,,,,22.733333333333334
683,node_6,,,,22.766666666666666
684,node_6,,,,22.8
685,node_6,,,,22.833333333333332
686,node_6,,,,22.866666666666667
687,node_6,,,,22.9
688,node_6,,,,22.933333333333334
689,node_6,,,,22.966666666666665
690,node_6,,,,23.0
691,node_6,,,,23.033333333333335
692,node_6,,,,23.066666666666666
693,node_6,,,,23.1
694,node_6,,,,23.133333333333333
695,node_6,,,,23.166666666666668
696,node_6,,,,23.2
697,node_6,,,,23.233333333333334
698,node_6,,,,23.266666666666666
699,node_6,,,,23.3
700,node_6,,,,23.333333333333332
701,node_6,,,,23.366666666666667
702,node_6,,,,23.4
703,node_6,,,,23.433333333333334
704,node_6,,,,23.466666666666665
705,node_6,,,,23.5
706,node_6,,,,23.533333333333335
707,node_6,,,,23.566666666666666
708,node_6,,,,23.6
709,node_6,,,,23.633333333333333
710,node_6,,,,23.666666666666668
711,node_6,,,,23.7
712,node_6,,,,23.733333333333334
713,node_6,,,,23.766666666666666
714,node_6,,,,23.8
715,node_6,,,,23.833333333333332
716,node_6,,,,23.866666666666667
717,node_6,,,,23.9
718,node_6,,,,23.933333333333334
719,node_6,,,,23.966666666666665
720,node_6,,,,24.0
721,node_6,,,,24.033333333333335
722,node_6,,,,24.066666666666666
723,node_6,,,,24.1
724,node_6,,,,24.133333333333333
725,node_6,,,,24.166666666666668
726,node_6,,,,24.2
727,node_6,,,,24.233333333333334
728,node_6,,,,24.266666666666666
729,node_6,,,,24.3
730,node_6,,,,24.333333333333332
731,node_6,,,,24.366666666666667
732,node_6,,,,24.4
733,node_6,,,,24.433333333333334
734,node_6,,,,24.466666666666665
735,node_6,,,,24.5
736,node_6,,,,24.533333333333335
737,node_6,,,,24.566666666666666
738,node_6,,,,24.6
739,node_6,,,,24.633333333333333
740,node_6,,,,24.666666666666668
741,node_6,,,,24.7
742,node_6,,,,24.733333333333334
743,node_6,,,,24.766666666666666
744,node_6,,,,24.8
745,node_6,,,,24.833333333333332
746,node_6,,,,24.866666666666667
747,node_6,,,,24.9
748,node_6,,,,24.933333333333334
749,node_6,,,,24.966666666666665
750,node_6,,,,25.0
751,node_6,,,,25.033333333333335
752,node_6,,,,25.066666666666666
753,node_6,,,,25.1
754,node_6,,,,25.133333333333333
755,node_6,,,,25.166666666666668
756,node_6,,,,25.2
757,node_6,,,,25.233333333333334
758,node_6,,,,25.266666666666666
759,node_6,,,,25.3
760,node_6,,,,25.333333333333332
761,node_6,,,,25.366666666666667
762,node_6,,,,25.4
763,node_6,,,,25.433333333333334
764,node_6,,,,25.466666666666665
765,node_6,,,,25.5
766,node_6,,,,25.533333333333335
767,node_6,,,,25.566666666666666
768,node_6,,,,25.6
769,node_6,,,,25.633333333333333
770,node_6,,,,25.666666666666668
771,node_6,,,,25.7
772,node_6,,,,25.733333333333334
773,node_6,,,,25.766666666666666
774,node_6,,,,25.8
775,node_6,,,,25.833333333333332
776,node_6,,,,25.866666666666667
777,node_6,,,,25.9
778,node_6,,,,25.933333333333334
779,node_6,,,,25.966666666666665
780,node_6,,,,26.0
781,node_6,,,,26.033333333333335
782,node_6,,,,26.066666666666666
783,node_6,,,,26.1
784,node_6,,,,26.133333333333333
785,node_6,,,,26.166666666666668
786,node_6,,,,26.2
787,node_6,,,,26.233333333333334
788,node_6,,,,26.266666666666666
789,node_6,,,,26.3
790,node_6,,,,26.333333333333332
791,node_6,,,,26.366666666666667
792,node_6,,,,26.4
793,node_6,,,,26.433333333333334
794,node_6,,,,26.466666666666665
795,node_6,,,,26.5
796,node_6,,,,26.533333333333335
797,node_6,,,,26.566666666666666
798,node_6,,,,26.6
799,node_6,,,,26.633333333333333
800,node_6,,,,26.666666666666668
801,node_6,,,,26.7
802,node_6,,,,26.733333333333334
803,node_6,,,,26.766666666666666
804,node_6,,,,26.8
805,node_6,,,,26.833333333333332
806,node_6,,,,26.866666666666667
807,node_6,,,,26.9
808,node_6,,,,26.933333333333334
809,node_6,,,,26.966666666666665
810,node_6,,,,27.0
811,node_6,,,,27.033333333333335
812,node_6,,,,27.066666666666666
813,node_6,,,,27.1
814,node_6,,,,27.133333333333333
815,node_6,,,,27.166666666666668
816,node_6,,,,27.2
817,node_6,,,,27.233333333333334
818,node_6,,,,27.266666666666666
819,node_6,,,,27.3
820,node_6,,,,27.333333333333332
821,node_6,,,,27.366666666666667
822,node_6,,,,27.4
823,node_6,,,,27.433333333333334
824,node_6,,,,27.466666666666665
825,node_6,,,,27.5
826,node_6,,,,27.533333333333335
827,node_6,,,,27.566666666666666
828,node_6,,,,27.6
829,node_6,,,,27.633333333333333
830,node_6,,,,27.666666666666668
831,node_6,,,,27.7
832,node_6,,,,27.733333333333334
833,node_6,,,,27.766666666666666
834,node_6,,,,27.8
835,node_6,,,,27.833333333333332
836,node_6,,,,27.866666666666667
837,node_6,,,,27.9
838,node_6,,,,27.933333333333334
839,node_6,,,,27.966666666666665
840,node_6,,,,28.0
841,node_6,,,,28.033333333333335
842,node_6,,,,28.066666666666666
843,node_6,,,,28.1
844,node_6,,,,28.133333333333333
845,node_6,,,,28.166666666666668
846,node_6,,,,28.2
847,node_6,,,,28.233333333333334
848,node_6,,,,28.266666666666666
849,node_6,,,,28.3
850,node_6,,,,28.333333333333332
851,node_6,,,,28.366666666666667
852,node_6,,,,28.4
853,node_6,,,,28.433333333333334
854,node_6,,,,28.466666666666665
855,node_6,,,,28.5
856,node_6,,,,28.533333333333335
857,node_6,,,,28.566666666666666
858,node_6,,,,28.6
859,node_6,,,,28.633333333333333
860,node_6,,,,28.666666666666668
861,node_6,,,,28.7
862,node_6,,,,28.733333333333334
863,node_6,,,,28.766666666666666
864,node_6,,,,28.8
865,node_6,,,,28.833333333333332
866,node_6,,,,28.866666666666667
867,node_6,,,,28.9
868,node_6,,,,28.933333333333334
869,node_6,,,,28.966666666666665
870,node_6,,,,29.0
871,node_6,,,,29.033333333333335
872,node_6,,,,29.066666666666666
873,node_6,,,,29.1
874,node_6,,,,29.133333333333333
875,node_6,,,,29.166666666666668
876,node_6,,,,29.2
877,node_6,,,,29.233333333333334
878,node_6,,,,29.266666666666666
879,node_6,,,,29.3
880,node_6,,,,29.333333333333332
881,node_6,,,,29.366666666666667
882,node_6,,,,29.4
883,node_6,,,,29.433333333333334
884,node_6,,,,29.466666666666665
885,node_6,,,,29.5
886,node_6,,,,29.533333333333335
887,node_6,,,,29.566666666666666
888,node_6,,,,29.6
889,node_6,,,,29.633333333333333
890,node_6,,,,29.666666666666668
891,node_6,,,,29.7
892,node_6,,,,29.733333333333334
893,node_6,,,,29.766666666666666
894,node_6,,,,29.8
895,node_6,,,,29.833333333333332
896,node_6,,,,29.866666666666667
897,node_6,,,,29.9
898,node_6,,,,29.933333333333334
899,node_6,,,,29.966666666666665
900,node_6,,,,30.0
901,node_6,,,,30.033333333333335
902,node_6,,,,30.066666666666666
903,node_6,,,,30.1
904,node_6,,,,30.133333333333333
905,node_6,,,,30.166666666666668
906,node_6,,,,30.2
907,node_6,,,,30.233333333333334
908,node_6,,,,30.266666666666666
909,node_6,,,,30.3
910,node_6,,,,30.333333333333332
911,node_6,,,,30.366666666666667
912,node_6,,,,30.4
913,node_6,,,,30.433333333333334
914,node_6,,,,30.466666666666665
915,node_6,,,,30.5
916,node_6,,,,30.533333333333335
917,node_6,,,,30.566666666666666
918,node_6,,,,30.6
919,node_6,,,,30.633333333333333
920,node_6,,,,30.666666666666668
921,node_6,,,,30.7
922,node_6,,,,30.733333333333334
923,node_6,,,,30.766666666666666
924,node_6,,,,30.8
925,node_6,,,,30.833333333333332
926,node_6,,,,30.866666666666667
927,node_6,,,,30.9
928,node_6,,,,30.933333333333334
929,node_6,,,,30.966666666666665
930,node_6,,,,31.0
931,node_6,,,,31.033333333333335
932,node_6,,,,31.066666666666666
933,node_6,,,,31.1
934,node_6,,,,31.133333333333333
935,node_6,,,,31.166666666666668
936,node_6,,,,31.2
937,node_6,,,,31.233333333333334
938,node_6,,,,31.266666666666666
939,node_6,,,,31.3
940,node_6,,,,31.333333333333332
941,node_6,,,,31.366666666666667
942,node_6,,,,31.4
943,node_6,,,,31.433333333333334
944,node_6,,,,31.466666666666665
945,node_6,,,,31.5
946,node_6,,,,31.533333333333335
947,node_6,,,,31.566666666666666
948,node_6,,,,31.6
949,node_6,,,,31.633333333333333
950,node_6,,,,31.666666666666668
951,node_6,,,,31.7
952,node_6,,,,31.733333333333334
953,node_6,,,,31.766666666666666
954,node_6,,,,31.8
955,node_6,,,,31.833333333333332
956,node_6,,,,31.866666666666667
957,node_6,,,,31.9
958,node_6,,,,31.933333333333334
959,node_6,,,,31.966666666666665
960,node_6,,,,32.0
961,node_6,,,,32.03333333333333
962,node_6,,,,32.06666666666667
963,node_6,,,,32.1
964,node_6,,,,32.13333333333333
965,node_6,,,,32.166666666666664
966,node_6,,,,32.2
967,node_6,,,,32.233333333333334
968,node_6,,,,32.266666666666666
969,node_6,,,,32.3
970,node_6,,,,32.333333333333336
971,node_6,,,,32.36666666666667
972,node_6,,,,32.4
973,node_6,,,,32.43333333333333
974,node_6,,,,32.46666666666667
975,node_6,,,,32.5
976,node_6,,,,32.53333333333333
977,node_6,,,,32.56666666666667
978,node_6,,,,32.6
979,node_6,,,,32.63333333333333
980,node_6,,,,32.666666666666664
981,node_6,,,,32.7
982,node_6,,,,32.733333333333334
983,node_6,,,,32.766666666666666
984,node_6,,,,32.8
985,node_6,,,,32.833333333333336
986,node_6,,,,32.86666666666667
987,node_6,,,,32.9
988,node_6,,,,32.93333333333333
989,node_6,,,,32.96666666666667
990,node_6,,,,33.0
991,node_6,,,,33.03333333333333
992,node_6,,,,33.06666666666667
993,node_6,,,,33.1
994,node_6,,,,33.13333333333333
995,node_6,,,,33.166666666666664
996,node_6,,,,33.2
997,node_6,,,,33.233333333333334
998,node_6,,,,33.266666666666666
999,node_6,,,,33.3
1000,node_6,,,,33.333333333333336
1001,node_6,,,,33.36666666666667
1002,node_6,,,,33.4
1003,node_6,,,,33.43333333333333
1004,node_6,,,,33.46666666666667
1005,node_6,,,,33.5
1006,node_6,,,,33.53333333333333
1007,node_6,,,,33.56666666666667
1008,node_6,,,,33.6
1009,node_6,,,,33.63333333333333
1010,node_6,,,,33.666666666666664
1011,node_6,,,,33.7
1012,node_6,,,,33.733333333333334
1013,node_6,,,,33.766666666666666
1014,node_6,,,,33.8
1015,node_6,,,,33.833333333333336
1016,node_6,,,,33.86666666666667
1017,node_6,,,,33.9
1018,node_6,,,,33.93333333333333
1019,node_6,,,,33.96666666666667
1020,node_6,,,,34.0
1021,node_6,,,,34.03333333333333
1022,node_6,,,,34.06666666666667
1023,node_6,,,,34.1
1024,node_6,,,,34.13333333333333
1025,node_6,,,,34.166666666666664
1026,node_6,,,,34.2
1027,node_6,,,,34.233333333333334
1028,node_6,,,,34.266666666666666
1029,node_6,,,,34.3
1030,node_6,,,,34.333333333333336
1031,node_6,,,,34.36666666666667
1032,node_6,,,,34.4
1033,node_6,,,,34.43333333333333
1034,node_6,,,,34.46666666666667
1035,node_6,,,,34.5
1036,node_6,,,,34.53333333333333
1037,node_6,,,,34.56666666666667
1038,node_6,,,,34.6
1039,node_6,,,,34.63333333333333
1040,node_6,,,,34.666666666666664
1041,node_6,,,,34.7
1042,node_6,,,,34.733333333333334
1043,node_6,,,,34.766666666666666
1044,node_6,,,,34.8
1045,node_6,,,,34.833333333333336
1046,node_6,,,,34.86666666666667
1047,node_6,,,,34.9
1048,node_6,,,,34.93333333333333
1049,node_6,,,,34.96666666666667
1050,node_6,,,,35.0
1051,node_6,,,,35.03333333333333
1052,node_6,,,,35.06666666666667
1053,node_6,,,,35.1
1054,node_6,,,,35.13333333333333
1055,node_6,,,,35.166666666666664
1056,node_6,,,,35.2
1057,node_6,,,,35.233333333333334
1058,node_6,,,,35.266666666666666
1059,node_6,,,,35.3
1060,node_6,,,,35.333333333333336
1061,node_6,,,,35.36666666666667
1062,node_6,,,,35.4
1063,node_6,,,,35.43333333333333
1064,node_6,,,,35.46666666666667
1065,node_6,,,,35.5
1066,node_6,,,,35.53333333333333
1067,node_6,,,,35.56666666666667
1068,node_6,,,,35.6
1069,node_6,,,,35.63333333333333
1070,node_6,,,,35.666666666666664
1071,node_6,,,,35.7
1072,node_6,,,,35.733333333333334
1073,node_6,,,,35.766666666666666
1074,node_6,,,,35.8
1075,node_6,,,,35.833333333333336
1076,node_6,,,,35.86666666666667
1077,node_6,,,,35.9
1078,node_6,,,,35.93333333333333
1079,node_6,,,,35.96666666666667
1080,node_6,,,,36.0
1081,node_6,,,,36.03333333333333
1082,node_6,,,,36.06666666666667
1083,node_6,,,,36.1
1084,node_6,,,,36.13333333333333
1085,node_6,,,,36.166666666666664
1086,node_6,,,,36.2
1087,node_6,,,,36.233333333333334
1088,node_6,,,,36.266666666666666
1089,node_6,,,,36.3
1090,node_6,,,,36.333333333333336
1091,node_6,,,,36.36666666666667
1092,node_6,,,,36.4
1093,node_6,,,,36.43333333333333
1094,node_6,,,,36.46666666666667
1095,node_6,,,,36.5
1096,node_6,,,,36.53333333333333
1097,node_6,,,,36.56666666666667
1098,node_6,,,,36.6
1099,node_6,,,,36.63333333333333
1100,node_6,,,,36.666666666666664
1101,node_6,,,,36.7
1102,node_6,,,,36.733333333333334
1103,node_6,,,,36.766666666666666
1104,node_6,,,,36.8
1105,node_6,,,,36.833333333333336
1106,node_6,,,,36.86666666666667
1107,node_6,,,,36.9
1108,node_6,,,,36.93333333333333
1109,node_6,,,,36.96666666666667
1110,node_6,,,,37.0
1111,node_6,,,,37.03333333333333
1112,node_6,,,,37.06666666666667
1113,node_6,,,,37.1
1114,node_6,,,,37.13333333333333
1115,node_6,,,,37.166666666666664
1116,node_6,,,,37.2
1117,node_6,,,,37.233333333333334
1118,node_6,,,,37.266666666666666
1119,node_6,,,,37.3
1120,node_6,,,,37.333333333333336
1121,node_6,,,,37.36666666666667
1122,node_6,,,,37.4
1123,node_6,,,,37.43333333333333
1124,node_6,,,,37.46666666666667
1125,node_6,,,,37.5
1126,node_6,,,,37.53333333333333
1127,node_6,,,,37.56666666666667
1128,node_6,,,,37.6
1129,node_6,,,,37.63333333333333
1130,node_6,,,,37.666666666666664
1131,node_6,,,,37.7
1132,node_6,,,,37.733333333333334
1133,node_6,,,,37.766666666666666
1134,node_6,,,,37.8
1135,node_6,,,,37.833333333333336
1136,node_6,,,,37.86666666666667
1137,node_6,,,,37.9
1138,node_6,,,,37.93333333333333
1139,node_6,,,,37.96666666666667
1140,node_6,,,,38.0
1141,node_6,,,,38.03333333333333
1142,node_6,,,,38.06666666666667
1143,node_6,,,,38.1
1144,node_6,,,,38.13333333333333
1145,node_6,,,,38.166666666666664
1146,node_6,,,,38.2
1147,node_6,,,,38.233333333333334
1148,node_6,,,,38.266666666666666
1149,node_6,,,,38.3
1150,node_6,,,,38.333333333333336
1151,node_6,,,,38.36666666666667
1152,node_6,,,,38.4
1153,node_6,,,,38.43333333333333
1154,node_6,,,,38.46666666666667
1155,node_6,,,,38.5
1156,node_6,,,,38.53333333333333
1157,node_6,,,,38.56666666666667
1158,node_6,,,,38.6
1159,node_6,,,,38.63333333333333
1160,node_6,,,,38.666666666666664
1161,node_6,,,,38.7
1162,node_6,,,,38.733333333333334
1163,node_6,,,,38.766666666666666
1164,node_6,,,,38.8
1165,node_6,,,,38.833333333333336
1166,node_6,,,,38.86666666666667
1167,node_6,,,,38.9
1168,node_6,,,,38.93333333333333
1169,node_6,,,,38.96666666666667
1170,node_6,,,,39.0
1171,node_6,,,,39.03333333333333
1172,node_6,,,,39.06666666666667
1173,node_6,,,,39.1
1174,node_6,,,,39.13333333333333
1175,node_6,,,,39.166666666666664
1176,node_6,,,,39.2
1177,node_6,,,,39.233333333333334
1178,node_6,,,,39.266666666666666
1179,node_6,,,,39.3
1180,node_6,,,,39.333333333333336
1181,node_6,,,,39.36666666666667
1182,node_6,,,,39.4
1183,node_6,,,,39.43333333333333
1184,node_6,,,,39.46666666666667
1185,node_6,,,,39.5
1186,node_6,,,,39.53333333333333
1187,node_6,,,,39.56666666666667
1188,node_6,,,,39.6
1189,node_6,,,,39.63333333333333
1190,node_6,,,,39.666666666666664
1191,node_6,,,,39.7
1192,node_6,,,,39.733333333333334
1193,node_6,,,,39.766666666666666
1194,node_6,,,,39.8
1195,node_6,,,,39.833333333333336
1196,node_6,,,,39.86666666666667
1197,node_6,,,,39.9
1198,node_6,,,,39.93333333333333
1199,node_6,,,,39.96666666666667
1200,node_6,,,,40.0
1201,node_6,,,,40.03333333333333
1202,node_6,,,,40.06666666666667
1203,node_6,,,,40.1
1204,node_6,,,,40.13333333333333
1205,node_6,,,,40.166666666666664
1206,node_6,,,,40.2
1207,node_6,,,,40.233333333333334
1208,node_6,,,,40.266666666666666
1209,node_6,,,,40.3
1210,node_6,,,,40.333333333333336
1211,node_6,,,,40.36666666666667
1212,node_6,,,,40.4
1213,node_6,,,,40.43333333333333
1214,node_6,,,,40.46666666666667
1215,node_6,,,,40.5
1216,node_6,,,,40.53333333333333
1217,node_6,,,,40.56666666666667
1218,node_6,,,,40.6
1219,node_6,,,,40.63333333333333
1220,node_6,,,,40.666666666666664
1221,node_6,,,,40.7
1222,node_6,,,,40.733333333333334
1223,node_6,,,,40.766666666666666
1224,node_6,,,,40.8
1225,node_6,,,,40.833333333333336
1226,node_6,,,,40.86666666666667
1227,node_6,,,,40.9
1228,node_6,,,,40.93333333333333
1229,node_6,,,,40.96666666666667
1230,node_6,,,,41.0
1231,node_6,,,,41.03333333333333
1232,node_6,,,,41.06666666666667
1233,node_6,,,,41.1
1234,node_6,,,,41.13333333333333
1235,node_6,,,,41.166666666666664
1236,node_6,,,,41.2
1237,node_6,,,,41.233333333333334
1238,node_6,,,,41.266666666666666
1239,node_6,,,,41.3
1240,node_6,,,,41.333333333333336
1241,node_6,,,,41.36666666666667
1242,node_6,,,,41.4
1243,node_6,,,,41.43333333333333
1244,node_6,,,,41.46666666666667
1245,node_6,,,,41.5
1246,node_6,,,,41.53333333333333
1247,node_6,,,,41.56666666666667
1248,node_6,,,,41.6
1249,node_6,,,,41.63333333333333
1250,node_6,,,,41.666666666666664
1251,node_6,,,,41.7
1252,node_6,,,,41.733333333333334
1253,node_6,,,,41.766666666666666
1254,node_6,,,,41.8
1255,node_6,,,,41.833333333333336
1256,node_6,,,,41.86666666666667
1257,node_6,,,,41.9
1258,node_6,,,,41.93333333333333
1259,node_6,,,,41.96666666666667
1260,node_6,,,,42.0
1261,node_6,,,,42.03333333333333
1262,node_6,,,,42.06666666666667
1263,node_6,,,,42.1
1264,node_6,,,,42.13333333333333
1265,node_6,,,,42.166666666666664
1266,node_6,,,,42.2
1267,node_6,,,,42.233333333333334
1268,node_6,,,,42.266666666666666
1269,node_6,,,,42.3
1270,node_6,,,,42.333333333333336
1271,node_6,,,,42.36666666666667
1272,node_6,,,,42.4
1273,node_6,,,,42.43333333333333
1274,node_6,,,,42.46666666666667
1275,node_6,,,,42.5
1276,node_6,,,,42.53333333333333
1277,node_6,,,,42.56666666666667
1278,node_6,,,,42.6
1279,node_6,,,,42.63333333333333
1280,node_6,,,,42.666666666666664
1281,node_6,,,,42.7
1282,node_6,,,,42.733333333333334
1283,node_6,,,,42.766666666666666
1284,node_6,,,,42.8
1285,node_6,,,,42.833333333333336
1286,node_6,,,,42.86666666666667
1287,node_6,,,,42.9
1288,node_6,,,,42.93333333333333
1289,node_6,,,,42.96666666666667
1290,node_6,,,,43.0
1291,node_6,,,,43.03333333333333
1292,node_6,,,,43.06666666666667
1293,node_6,,,,43.1
1294,node_6,,,,43.13333333333333
1295,node_6,,,,43.166666666666664
1296,node_6,,,,43.2
1297,node_6,,,,43.233333333333334
1298,node_6,,,,43.266666666666666
1299,node_6,,,,43.3
1300,node_6,,,,43.333333333333336
1301,node_6,,,,43.36666666666667
1302,node_6,,,,43.4
1303,node_6,,,,43.43333333333333
1304,node_6,,,,43.46666666666667
1305,node_6,,,,43.5
1306,node_6,,,,43.53333333333333
1307,node_6,,,,43.56666666666667
1308,node_6,,,,43.6
1309,node_6,,,,43.63333333333333
1310,node_6,,,,43.666666666666664
1311,node_6,,,,43.7
0,node_7,,,,0.0
1,node_7,,,,0.03333333333333333
2,node_7,,,,0.06666666666666667
3,node_7,,,,0.1
4,node_7,,,,0.13333333333333333
5,node_7,,,,0.16666666666666666
6,node_7,,,,0.2
7,node_7,,,,0.23333333333333334
8,node_7,,,,0.26666666666666666
9,node_7,,,,0.3
10,node_7,,,,0.3333333333333333
11,node_7,,,,0.36666666666666664
12,node_7,,,,0.4
13,node_7,,,,0.43333333333333335
14,node_7,,,,0.4666666666666667
15,node_7,,,,0.5
16,node_7,,,,0.5333333333333333
17,node_7,,,,0.5666666666666667
18,node_7,,,,0.6
19,node_7,,,,0.6333333333333333
20,node_7,,,,0.6666666666666666
21,node_7,,,,0.7
22,node_7,,,,0.7333333333333333
23,node_7,,,,0.7666666666666667
24,node_7,,,,0.8
25,node_7,,,,0.8333333333333334
26,node_7,,,,0.8666666666666667
27,node_7,,,,0.9
28,node_7,,,,0.9333333333333333
29,node_7,,,,0.9666666666666667
30,node_7,,,,1.0
31,node_7,,,,1.0333333333333334
32,node_7,,,,1.0666666666666667
33,node_7,,,,1.1
34,node_7,,,,1.1333333333333333
35,node_7,,,,1.1666666666666667
36,node_7,,,,1.2
37,node_7,,,,1.2333333333333334
38,node_7,,,,1.2666666666666666
39,node_7,,,,1.3
40,node_7,,,,1.3333333333333333
41,node_7,,,,1.3666666666666667
42,node_7,,,,1.4
43,node_7,,,,1.4333333333333333
44,node_7,,,,1.4666666666666666
45,node_7,,,,1.5
46,node_7,,,,1.5333333333333334
47,node_7,,,,1.5666666666666667
48,node_7,,,,1.6
49,node_7,,,,1.6333333333333333
50,node_7,,,,1.6666666666666667
51,node_7,,,,1.7
52,node_7,,,,1.7333333333333334
53,node_7,,,,1.7666666666666666
54,node_7,,,,1.8
55,node_7,,,,1.8333333333333333
56,node_7,,,,1.8666666666666667
57,node_7,,,,1.9
58,node_7,,,,1.9333333333333333
59,node_7,,,,1.9666666666666666
60,node_7,,,,2.0
61,node_7,,,,2.033333333333333
62,node_7,,,,2.066666666666667
63,node_7,,,,2.1
64,node_7,,,,2.1333333333333333
65,node_7,,,,2.1666666666666665
66,node_7,,,,2.2
67,node_7,,,,2.2333333333333334
68,node_7,,,,2.2666666666666666
69,node_7,,,,2.3
70,node_7,,,,2.3333333333333335
71,node_7,,,,2.3666666666666667
72,node_7,,,,2.4
73,node_7,,,,2.433333333333333
74,node_7,,,,2.466666666666667
75,node_7,,,,2.5
76,node_7,,,,2.533333333333333
77,node_7,,,,2.566666666666667
78,node_7,,,,2.6
79,node_7,,,,2.6333333333333333
80,node_7,,,,2.6666666666666665
81,node_7,,,,2.7
82,node_7,,,,2.7333333333333334
83,node_7,,,,2.7666666666666666
84,node_7,,,,2.8
85,node_7,,,,2.8333333333333335
86,node_7,,,,2.8666666666666667
87,node_7,,,,2.9
88,node_7,,,,2.933333333333333
89,node_7,,,,2.966666666666667
90,node_7,,,,3.0
91,node_7,,,,3.033333333333333
92,node_7,,,,3.066666666666667
93,node_7,,,,3.1
94,node_7,,,,3.1333333333333333
95,node_7,,,,3.1666666666666665
96,node_7,,,,3.2
97,node_7,,,,3.2333333333333334
98,node_7,,,,3.2666666666666666
99,node_7,,,,3.3
100,node_7,,,,3.3333333333333335
101,node_7,,,,3.3666666666666667
102,node_7,,,,3.4
103,node_7,,,,3.433333333333333
104,node_7,,,,3.466666666666667
105,node_7,,,,3.5
106,node_7,,,,3.533333333333333
107,node_7,,,,3.566666666666667
108,node_7,,,,3.6
109,node_7,,,,3.6333333333333333
110,node_7,,,,3.6666666666666665
111,node_7,,,,3.7
112,node_7,,,,3.7333333333333334
113,node_7,,,,3.7666666666666666
114,node_7,,,,3.8
115,node_7,,,,3.8333333333333335
116,node_7,,,,3.8666666666666667
117,node_7,,,,3.9
118,node_7,,,,3.933333333333333
119,node_7,,,,3.966666666666667
120,node_7,,,,4.0
121,node_7,,,,4.033333333333333
122,node_7,,,,4.066666666666666
123,node_7,,,,4.1
124,node_7,,,,4.133333333333334
125,node_7,,,,4.166666666666667
126,node_7,,,,4.2
127,node_7,,,,4.233333333333333
128,node_7,,,,4.266666666666667
129,node_7,,,,4.3
130,node_7,,,,4.333333333333333
131,node_7,,,,4.366666666666666
132,node_7,,,,4.4
133,node_7,,,,4.433333333333334
134,node_7,,,,4.466666666666667
135,node_7,,,,4.5
136,node_7,,,,4.533333333333333
137,node_7,,,,4.566666666666666
138,node_7,,,,4.6
139,node_7,,,,4.633333333333334
140,node_7,,,,4.666666666666667
141,node_7,,,,4.7
142,node_7,,,,4.733333333333333
143,node_7,,,,4.766666666666667
144,node_7,,,,4.8
145,node_7,,,,4.833333333333333
146,node_7,,,,4.866666666666666
147,node_7,,,,4.9
148,node_7,,,,4.933333333333334
149,node_7,,,,4.966666666666667
150,node_7,,,,5.0
151,node_7,,,,5.033333333333333
152,node_7,,,,5.066666666666666
153,node_7,,,,5.1
154,node_7,,,,5.133333333333334
155,node_7,,,,5.166666666666667
156,node_7,,,,5.2
157,node_7,,,,5.233333333333333
158,node_7,,,,5.266666666666667
159,node_7,,,,5.3
160,node_7,,,,5.333333333333333
161,node_7,,,,5.366666666666666
162,node_7,,,,5.4
163,node_7,,,,5.433333333333334
164,node_7,,,,5.466666666666667
165,node_7,,,,5.5
166,node_7,,,,5.533333333333333
167,node_7,,,,5.566666666666666
168,node_7,,,,5.6
169,node_7,,,,5.633333333333334
170,node_7,,,,5.666666666666667
171,node_7,,,,5.7
172,node_7,,,,5.733333333333333
173,node_7,,,,5.766666666666667
174,node_7,,,,5.8
175,node_7,,,,5.833333333333333
176,node_7,,,,5.866666666666666
177,node_7,,,,5.9
178,node_7,,,,5.933333333333334
179,node_7,,,,5.966666666666667
180,node_7,,,,6.0
181,node_7,,,,6.033333333333333
182,node_7,,,,6.066666666666666
183,node_7,,,,6.1
184,node_7,,,,6.133333333333334
185,node_7,,,,6.166666666666667
186,node_7,,,,6.2
187,node_7,,,,6.233333333333333
188,node_7,,,,6.266666666666667
189,node_7,,,,6.3
190,node_7,,,,6.333333333333333
191,node_7,,,,6.366666666666666
192,node_7,,,,6.4
193,node_7,,,,6.433333333333334
194,node_7,,,,6.466666666666667
195,node_7,,,,6.5
196,node_7,,,,6.533333333333333
197,node_7,,,,6.566666666666666
198,node_7,,,,6.6
199,node_7,,,,6.633333333333334
200,node_7,,,,6.666666666666667
201,node_7,,,,6.7
202,node_7,,,,6.733333333333333
203,node_7,,,,6.766666666666667
204,node_7,,,,6.8
205,node_7,,,,6.833333333333333
206,node_7,,,,6.866666666666666
207,node_7,,,,6.9
208,node_7,,,,6.933333333333334
209,node_7,,,,6.966666666666667
210,node_7,,,,7.0
211,node_7,,,,7.033333333333333
212,node_7,,,,7.066666666666666
213,node_7,,,,7.1
214,node_7,,,,7.133333333333334
215,node_7,,,,7.166666666666667
216,node_7,,,,7.2
217,node_7,,,,7.233333333333333
218,node_7,,,,7.266666666666667
219,node_7,,,,7.3
220,node_7,,,,7.333333333333333
221,node_7,,,,7.366666666666666
222,node_7,,,,7.4
223,node_7,,,,7.433333333333334
224,node_7,,,,7.466666666666667
225,node_7,,,,7.5
226,node_7,,,,7.533333333333333
227,node_7,,,,7.566666666666666
228,node_7,,,,7.6
229,node_7,,,,7.633333333333334
230,node_7,,,,7.666666666666667
231,node_7,,,,7.7
232,node_7,,,,7.733333333333333
233,node_7,,,,7.766666666666667
234,node_7,,,,7.8
235,node_7,,,,7.833333333333333
236,node_7,,,,7.866666666666666
237,node_7,,,,7.9
238,node_7,,,,7.933333333333334
239,node_7,,,,7.966666666666667
240,node_7,,,,8.0
241,node_7,,,,8.033333333333333
242,node_7,,,,8.066666666666666
243,node_7,,,,8.1
244,node_7,,,,8.133333333333333
245,node_7,,,,8.166666666666666
246,node_7,,,,8.2
247,node_7,,,,8.233333333333333
248,node_7,,,,8.266666666666667
249,node_7,,,,8.3
250,node_7,,,,8.333333333333334
251,node_7,,,,8.366666666666667
252,node_7,,,,8.4
253,node_7,,,,8.433333333333334
254,node_7,,,,8.466666666666667
255,node_7,,,,8.5
256,node_7,,,,8.533333333333333
257,node_7,,,,8.566666666666666
258,node_7,,,,8.6
259,node_7,,,,8.633333333333333
260,node_7,,,,8.666666666666666
261,node_7,,,,8.7
262,node_7,,,,8.733333333333333
263,node_7,,,,8.766666666666667
264,node_7,,,,8.8
265,node_7,,,,8.833333333333334
266,node_7,,,,8.866666666666667
267,node_7,,,,8.9
268,node_7,,,,8.933333333333334
269,node_7,,,,8.966666666666667
270,node_7,,,,9.0
271,node_7,,,,9.033333333333333
272,node_7,,,,9.066666666666666
273,node_7,,,,9.1
274,node_7,,,,9.133333333333333
275,node_7,,,,9.166666666666666
276,node_7,,,,9.2
277,node_7,,,,9.233333333333333
278,node_7,,,,9.266666666666667
279,node_7,,,,9.3
280,node_7,,,,9.333333333333334
281,node_7,,,,9.366666666666667
282,node_7,,,,9.4
283,node_7,,,,9.433333333333334
284,node_7,,,,9.466666666666667
285,node_7,,,,9.5
286,node_7,,,,9.533333333333333
287,node_7,,,,9.566666666666666
288,node_7,,,,9.6
289,node_7,,,,9.633333333333333
290,node_7,,,,9.666666666666666
291,node_7,,,,9.7
292,node_7,,,,9.733333333333333
293,node_7,,,,9.766666666666667
294,node_7,,,,9.8
295,node_7,,,,9.833333333333334
296,node_7,,,,9.866666666666667
297,node_7,,,,9.9
298,node_7,,,,9.933333333333334
299,node_7,,,,9.966666666666667
300,node_7,,,,10.0
301,node_7,,,,10.033333333333333
302,node_7,,,,10.066666666666666
303,node_7,,,,10.1
304,node_7,,,,10.133333333333333
305,node_7,,,,10.166666666666666
306,node_7,,,,10.2
307,node_7,,,,10.233333333333333
308,node_7,,,,10.266666666666667
309,node_7,,,,10.3
310,node_7,,,,10.333333333333334
311,node_7,,,,10.366666666666667
312,node_7,,,,10.4
313,node_7,,,,10.433333333333334
314,node_7,,,,10.466666666666667
315,node_7,,,,10.5
316,node_7,,,,10.533333333333333
317,node_7,,,,10.566666666666666
318,node_7,,,,10.6
319,node_7,,,,10.633333333333333
320,node_7,,,,10.666666666666666
321,node_7,,,,10.7
322,node_7,,,,10.733333333333333
323,node_7,,,,10.766666666666667
324,node_7,,,,10.8
325,node_7,,,,10.833333333333334
326,node_7,,,,10.866666666666667
327,node_7,,,,10.9
328,node_7,,,,10.933333333333334
329,node_7,,,,10.966666666666667
330,node_7,,,,11.0
331,node_7,,,,11.033333333333333
332,node_7,,,,11.066666666666666
333,node_7,,,,11.1
334,node_7,,,,11.133333333333333
335,node_7,,,,11.166666666666666
336,node_7,,,,11.2
337,node_7,,,,11.233333333333333
338,node_7,,,,11.266666666666667
339,node_7,,,,11.3
340,node_7,,,,11.333333333333334
341,node_7,,,,11.366666666666667
342,node_7,,,,11.4
343,node_7,,,,11.433333333333334
344,node_7,,,,11.466666666666667
345,node_7,,,,11.5
346,node_7,,,,11.533333333333333
347,node_7,,,,11.566666666666666
348,node_7,,,,11.6
349,node_7,,,,11.633333333333333
350,node_7,,,,11.666666666666666
351,node_7,,,,11.7
352,node_7,,,,11.733333333333333
353,node_7,,,,11.766666666666667
354,node_7,,,,11.8
355,node_7,,,,11.833333333333334
356,node_7,,,,11.866666666666667
357,node_7,,,,11.9
358,node_7,,,,11.933333333333334
359,node_7,,,,11.966666666666667
360,node_7,,,,12.0
361,node_7,,,,12.033333333333333
362,node_7,,,,12.066666666666666
363,node_7,,,,12.1
364,node_7,,,,12.133333333333333
365,node_7,,,,12.166666666666666
366,node_7,,,,12.2
367,node_7,,,,12.233333333333333
368,node_7,,,,12.266666666666667
369,node_7,,,,12.3
370,node_7,,,,12.333333333333334
371,node_7,,,,12.366666666666667
372,node_7,,,,12.4
373,node_7,,,,12.433333333333334
374,node_7,,,,12.466666666666667
375,node_7,,,,12.5
376,node_7,,,,12.533333333333333
377,node_7,,,,12.566666666666666
378,node_7,,,,12.6
379,node_7,,,,12.633333333333333
380,node_7,,,,12.666666666666666
381,node_7,,,,12.7
382,node_7,,,,12.733333333333333
383,node_7,,,,12.766666666666667
384,node_7,,,,12.8
385,node_7,,,,12.833333333333334
386,node_7,,,,12.866666666666667
387,node_7,,,,12.9
388,node_7,,,,12.933333333333334
389,node_7,,,,12.966666666666667
390,node_7,,,,13.0
391,node_7,,,,13.033333333333333
392,node_7,,,,13.066666666666666
393,node_7,,,,13.1
394,node_7,,,,13.133333333333333
395,node_7,,,,13.166666666666666
396,node_7,,,,13.2
397,node_7,,,,13.233333333333333
398,node_7,,,,13.266666666666667
399,node_7,,,,13.3
400,node_7,,,,13.333333333333334
401,node_7,,,,13.366666666666667
402,node_7,,,,13.4
403,node_7,,,,13.433333333333334
404,node_7,,,,13.466666666666667
405,node_7,,,,13.5
406,node_7,,,,13.533333333333333
407,node_7,,,,13.566666666666666
408,node_7,,,,13.6
409,node_7,,,,13.633333333333333
410,node_7,,,,13.666666666666666
411,node_7,,,,13.7
412,node_7,,,,13.733333333333333
413,node_7,,,,13.766666666666667
414,node_7,,,,13.8
415,node_7,,,,13.833333333333334
416,node_7,,,,13.866666666666667
417,node_7,,,,13.9
418,node_7,,,,13.933333333333334
419,node_7,,,,13.966666666666667
420,node_7,,,,14.0
421,node_7,,,,14.033333333333333
422,node_7,,,,14.066666666666666
423,node_7,,,,14.1
424,node_7,,,,14.133333333333333
425,node_7,,,,14.166666666666666
426,node_7,,,,14.2
427,node_7,,,,14.233333333333333
428,node_7,,,,14.266666666666667
429,node_7,,,,14.3
430,node_7,,,,14.333333333333334
431,node_7,,,,14.366666666666667
432,node_7,,,,14.4
433,node_7,,,,14.433333333333334
434,node_7,,,,14.466666666666667
435,node_7,,,,14.5
436,node_7,,,,14.533333333333333
437,node_7,,,,14.566666666666666
438,node_7,,,,14.6
439,node_7,,,,14.633333333333333
440,node_7,,,,14.666666666666666
441,node_7,,,,14.7
442,node_7,,,,14.733333333333333
443,node_7,,,,14.766666666666667
444,node_7,,,,14.8
445,node_7,,,,14.833333333333334
446,node_7,,,,14.866666666666667
447,node_7,,,,14.9
448,node_7,,,,14.933333333333334
449,node_7,,,,14.966666666666667
450,node_7,,,,15.0
451,node_7,,,,15.033333333333333
452,node_7,,,,15.066666666666666
453,node_7,,,,15.1
454,node_7,,,,15.133333333333333
455,node_7,,,,15.166666666666666
456,node_7,,,,15.2
457,node_7,,,,15.233333333333333
458,node_7,,,,15.266666666666667
459,node_7,,,,15.3
460,node_7,,,,15.333333333333334
461,node_7,,,,15.366666666666667
462,node_7,,,,15.4
463,node_7,,,,15.433333333333334
464,node_7,,,,15.466666666666667
465,node_7,,,,15.5
466,node_7,,,,15.533333333333333
467,node_7,,,,15.566666666666666
468,node_7,,,,15.6
469,node_7,,,,15.633333333333333
470,node_7,,,,15.666666666666666
471,node_7,,,,15.7
472,node_7,,,,15.733333333333333
473,node_7,,,,15.766666666666667
474,node_7,,,,15.8
475,node_7,,,,15.833333333333334
476,node_7,,,,15.866666666666667
477,node_7,,,,15.9
478,node_7,,,,15.933333333333334
479,node_7,,,,15.966666666666667
480,node_7,,,,16.0
481,node_7,,,,16.033333333333335
482,node_7,,,,16.066666666666666
483,node_7,,,,16.1
484,node_7,,,,16.133333333333333
485,node_7,,,,16.166666666666668
486,node_7,,,,16.2
487,node_7,,,,16.233333333333334
488,node_7,,,,16.266666666666666
489,node_7,,,,16.3
490,node_7,,,,16.333333333333332
491,node_7,,,,16.366666666666667
492,node_7,,,,16.4
493,node_7,,,,16.433333333333334
494,node_7,,,,16.466666666666665
495,node_7,,,,16.5
496,node_7,,,,16.533333333333335
497,node_7,,,,16.566666666666666
498,node_7,,,,16.6
499,node_7,,,,16.633333333333333
500,node_7,,,,16.666666666666668
501,node_7,,,,16.7
502,node_7,,,,16.733333333333334
503,node_7,,,,16.766666666666666
504,node_7,,,,16.8
505,node_7,,,,16.833333333333332
506,node_7,,,,16.866666666666667
507,node_7,,,,16.9
508,node_7,,,,16.933333333333334
509,node_7,,,,16.966666666666665
510,node_7,,,,17.0
511,node_7,,,,17.033333333333335
512,node_7,,,,17.066666666666666
513,node_7,,,,17.1
514,node_7,,,,17.133333333333333
515,node_7,,,,17.166666666666668
516,node_7,,,,17.2
517,node_7,,,,17.233333333333334
518,node_7,,,,17.266666666666666
519,node_7,,,,17.3
520,node_7,,,,17.333333333333332
521,node_7,,,,17.366666666666667
522,node_7,,,,17.4
523,node_7,,,,17.433333333333334
524,node_7,,,,17.466666666666665
525,node_7,,,,17.5
526,node_7,,,,17.533333333333335
527,node_7,,,,17.566666666666666
528,node_7,,,,17.6
529,node_7,,,,17.633333333333333
530,node_7,,,,17.666666666666668
531,node_7,,,,17.7
532,node_7,,,,17.733333333333334
533,node_7,,,,17.766666666666666
534,node_7,,,,17.8
535,node_7,,,,17.833333333333332
536,node_7,,,,17.866666666666667
537,node_7,,,,17.9
538,node_7,,,,17.933333333333334
539,node_7,,,,17.966666666666665
540,node_7,,,,18.0
541,node_7,,,,18.033333333333335
542,node_7,,,,18.066666666666666
543,node_7,,,,18.1
544,node_7,,,,18.133333333333333
545,node_7,,,,18.166666666666668
546,node_7,,,,18.2
547,node_7,,,,18.233333333333334
548,node_7,,,,18.266666666666666
549,node_7,,,,18.3
550,node_7,,,,18.333333333333332
551,node_7,,,,18.366666666666667
552,node_7,,,,18.4
553,node_7,,,,18.433333333333334
554,node_7,,,,18.466666666666665
555,node_7,,,,18.5
556,node_7,,,,18.533333333333335
557,node_7,,,,18.566666666666666
558,node_7,,,,18.6
559,node_7,,,,18.633333333333333
560,node_7,,,,18.666666666666668
561,node_7,,,,18.7
562,node_7,,,,18.733333333333334
563,node_7,,,,18.766666666666666
564,node_7,,,,18.8
565,node_7,,,,18.833333333333332
566,node_7,,,,18.866666666666667
567,node_7,,,,18.9
568,node_7,,,,18.933333333333334
569,node_7,,,,18.966666666666665
570,node_7,,,,19.0
571,node_7,,,,19.033333333333335
572,node_7,,,,19.066666666666666
573,node_7,,,,19.1
574,node_7,,,,19.133333333333333
575,node_7,,,,19.166666666666668
576,node_7,,,,19.2
577,node_7,,,,19.233333333333334
578,node_7,,,,19.266666666666666
579,node_7,,,,19.3
580,node_7,,,,19.333333333333332
581,node_7,,,,19.366666666666667
582,node_7,,,,19.4
583,node_7,,,,19.433333333333334
584,node_7,,,,19.466666666666665
585,node_7,,,,19.5
586,node_7,,,,19.533333333333335
587,node_7,,,,19.566666666666666
588,node_7,,,,19.6
589,node_7,,,,19.633333333333333
590,node_7,,,,19.666666666666668
591,node_7,,,,19.7
592,node_7,,,,19.733333333333334
593,node_7,,,,19.766666666666666
594,node_7,,,,19.8
595,node_7,,,,19.833333333333332
596,node_7,,,,19.866666666666667
597,node_7,,,,19.9
598,node_7,,,,19.933333333333334
599,node_7,,,,19.966666666666665
600,node_7,,,,20.0
601,node_7,,,,20.033333333333335
602,node_7,,,,20.066666666666666
603,node_7,,,,20.1
604,node_7,,,,20.133333333333333
605,node_7,,,,20.166666666666668
606,node_7,,,,20.2
607,node_7,,,,20.233333333333334
608,node_7,,,,20.266666666666666
609,node_7,,,,20.3
610,node_7,,,,20.333333333333332
611,node_7,,,,20.366666666666667
612,node_7,,,,20.4
613,node_7,,,,20.433333333333334
614,node_7,,,,20.466666666666665
615,node_7,,,,20.5
616,node_7,,,,20.533333333333335
617,node_7,,,,20.566666666666666
618,node_7,,,,20.6
619,node_7,,,,20.633333333333333
620,node_7,,,,20.666666666666668
621,node_7,,,,20.7
622,node_7,,,,20.733333333333334
623,node_7,,,,20.766666666666666
624,node_7,,,,20.8
625,node_7,,,,20.833333333333332
626,node_7,,,,20.866666666666667
627,node_7,,,,20.9
628,node_7,,,,20.933333333333334
629,node_7,,,,20.966666666666665
630,node_7,,,,21.0
631,node_7,,,,21.033333333333335
632,node_7,,,,21.066666666666666
633,node_7,,,,21.1
634,node_7,,,,21.133333333333333
635,node_7,,,,21.166666666666668
636,node_7,,,,21.2
637,node_7,,,,21.233333333333334
638,node_7,,,,21.266666666666666
639,node_7,,,,21.3
640,node_7,,,,21.333333333333332
641,node_7,,,,21.366666666666667
642,node_7,,,,21.4
643,node_7,,,,21.433333333333334
644,node_7,,,,21.466666666666665
645,node_7,,,,21.5
646,node_7,,,,21.533333333333335
647,node_7,,,,21.566666666666666
648,node_7,,,,21.6
649,node_7,,,,21.633333333333333
650,node_7,,,,21.666666666666668
651,node_7,,,,21.7
652,node_7,,,,21.733333333333334
653,node_7,,,,21.766666666666666
654,node_7,,,,21.8
655,node_7,,,,21.833333333333332
656,node_7,,,,21.866666666666667
657,node_7,,,,21.9
658,node_7,,,,21.933333333333334
659,node_7,,,,21.966666666666665
660,node_7,,,,22.0
661,node_7,,,,22.033333333333335
662,node_7,,,,22.066666666666666
663,node_7,,,,22.1
664,node_7,,,,22.133333333333333
665,node_7,,,,22.166666666666668
666,node_7,,,,22.2
667,node_7,,,,22.233333333333334
668,node_7,,,,22.266666666666666
669,node_7,,,,22.3
670,node_7,,,,22.333333333333332
671,node_7,,,,22.366666666666667
672,node_7,,,,22.4
673,node_7,,,,22.433333333333334
674,node_7,,,,22.466666666666665
675,node_7,,,,22.5
676,node_7,,,,22.533333333333335
677,node_7,,,,22.566666666666666
678,node_7,,,,22.6
679,node_7,,,,22.633333333333333
680,node_7,,,,22.666666666666668
681,node_7,,,,22.7
682,node_7,,,,22.733333333333334
683,node_7,,,,22.766666666666666
684,node_7,,,,22.8
685,node_7,,,,22.833333333333332
686,node_7,,,,22.866666666666667
687,node_7,,,,22.9
688,node_7,,,,22.933333333333334
689,node_7,,,,22.966666666666665
690,node_7,,,,23.0
691,node_7,,,,23.033333333333335
692,node_7,,,,23.066666666666666
693,node_7,,,,23.1
694,node_7,,,,23.133333333333333
695,node_7,,,,23.166666666666668
696,node_7,,,,23.2
697,node_7,,,,23.233333333333334
698,node_7,,,,23.266666666666666
699,node_7,,,,23.3
700,node_7,,,,23.333333333333332
701,node_7,,,,23.366666666666667
702,node_7,,,,23.4
703,node_7,,,,23.433333333333334
704,node_7,,,,23.466666666666665
705,node_7,,,,23.5
706,node_7,,,,23.533333333333335
707,node_7,,,,23.566666666666666
708,node_7,,,,23.6
709,node_7,,,,23.633333333333333
710,node_7,,,,23.666666666666668
711,node_7,,,,23.7
712,node_7,,,,23.733333333333334
713,node_7,,,,23.766666666666666
714,node_7,,,,23.8
715,node_7,,,,23.833333333333332
716,node_7,,,,23.866666666666667
717,node_7,,,,23.9
718,node_7,,,,23.933333333333334
719,node_7,,,,23.966666666666665
720,node_7,,,,24.0
721,node_7,,,,24.033333333333335
722,node_7,,,,24.066666666666666
723,node_7,,,,24.1
724,node_7,,,,24.133333333333333
725,node_7,,,,24.166666666666668
726,node_7,,,,24.2
727,node_7,,,,24.233333333333334
728,node_7,,,,24.266666666666666
729,node_7,,,,24.3
730,node_7,,,,24.333333333333332
731,node_7,,,,24.366666666666667
732,node_7,,,,24.4
733,node_7,,,,24.433333333333334
734,node_7,,,,24.466666666666665
735,node_7,,,,24.5
736,node_7,,,,24.533333333333335
737,node_7,,,,24.566666666666666
738,node_7,,,,24.6
739,node_7,,,,24.633333333333333
740,node_7,,,,24.666666666666668
741,node_7,,,,24.7
742,node_7,,,,24.733333333333334
743,node_7,,,,24.766666666666666
744,node_7,,,,24.8
745,node_7,,,,24.833333333333332
746,node_7,,,,24.866666666666667
747,node_7,,,,24.9
748,node_7,,,,24.933333333333334
749,node_7,,,,24.966666666666665
750,node_7,,,,25.0
751,node_7,,,,25.033333333333335
752,node_7,,,,25.066666666666666
753,node_7,,,,25.1
754,node_7,,,,25.133333333333333
755,node_7,,,,25.166666666666668
756,node_7,,,,25.2
757,node_7,,,,25.233333333333334
758,node_7,,,,25.266666666666666
759,node_7,,,,25.3
760,node_7,,,,25.333333333333332
761,node_7,,,,25.366666666666667
762,node_7,,,,25.4
763,node_7,,,,25.433333333333334
764,node_7,,,,25.466666666666665
765,node_7,,,,25.5
766,node_7,,,,25.533333333333335
767,node_7,,,,25.566666666666666
768,node_7,,,,25.6
769,node_7,,,,25.633333333333333
770,node_7,,,,25.666666666666668
771,node_7,,,,25.7
772,node_7,,,,25.733333333333334
773,node_7,,,,25.766666666666666
774,node_7,,,,25.8
775,node_7,,,,25.833333333333332
776,node_7,,,,25.866666666666667
777,node_7,,,,25.9
778,node_7,,,,25.933333333333334
779,node_7,,,,25.966666666666665
780,node_7,,,,26.0
781,node_7,,,,26.033333333333335
782,node_7,,,,26.066666666666666
783,node_7,,,,26.1
784,node_7,,,,26.133333333333333
785,node_7,,,,26.166666666666668
786,node_7,,,,26.2
787,node_7,,,,26.233333333333334
788,node_7,,,,26.266666666666666
789,node_7,,,,26.3
790,node_7,,,,26.333333333333332
791,node_7,,,,26.366666666666667
792,node_7,,,,26.4
793,node_7,,,,26.433333333333334
794,node_7,,,,26.466666666666665
795,node_7,,,,26.5
796,node_7,,,,26.533333333333335
797,node_7,,,,26.566666666666666
798,node_7,,,,26.6
799,node_7,,,,26.633333333333333
800,node_7,,,,26.666666666666668
801,node_7,,,,26.7
802,node_7,,,,26.733333333333334
803,node_7,,,,26.766666666666666
804,node_7,,,,26.8
805,node_7,,,,26.833333333333332
806,node_7,,,,26.866666666666667
807,node_7,,,,26.9
808,node_7,,,,26.933333333333334
809,node_7,,,,26.966666666666665
810,node_7,,,,27.0
811,node_7,,,,27.033333333333335
812,node_7,,,,27.066666666666666
813,node_7,,,,27.1
814,node_7,,,,27.133333333333333
815,node_7,,,,27.166666666666668
816,node_7,,,,27.2
817,node_7,,,,27.233333333333334
818,node_7,,,,27.266666666666666
819,node_7,,,,27.3
820,node_7,,,,27.333333333333332
821,node_7,,,,27.366666666666667
822,node_7,,,,27.4
823,node_7,,,,27.433333333333334
824,node_7,,,,27.466666666666665
825,node_7,,,,27.5
826,node_7,,,,27.533333333333335
827,node_7,,,,27.566666666666666
828,node_7,,,,27.6
829,node_7,,,,27.633333333333333
830,node_7,,,,27.666666666666668
831,node_7,,,,27.7
832,node_7,,,,27.733333333333334
833,node_7,,,,27.766666666666666
834,node_7,,,,27.8
835,node_7,,,,27.833333333333332
836,node_7,,,,27.866666666666667
837,node_7,,,,27.9
838,node_7,,,,27.933333333333334
839,node_7,,,,27.966666666666665
840,node_7,,,,28.0
841,node_7,,,,28.033333333333335
842,node_7,,,,28.066666666666666
843,node_7,,,,28.1
844,node_7,,,,28.133333333333333
845,node_7,,,,28.166666666666668
846,node_7,,,,28.2
847,node_7,,,,28.233333333333334
848,node_7,,,,28.266666666666666
849,node_7,,,,28.3
850,node_7,,,,28.333333333333332
851,node_7,,,,28.366666666666667
852,node_7,,,,28.4
853,node_7,,,,28.433333333333334
854,node_7,,,,28.466666666666665
855,node_7,,,,28.5
856,node_7,,,,28.533333333333335
857,node_7,,,,28.566666666666666
858,node_7,,,,28.6
859,node_7,,,,28.633333333333333
860,node_7,,,,28.666666666666668
861,node_7,,,,28.7
862,node_7,,,,28.733333333333334
863,node_7,,,,28.766666666666666
864,node_7,,,,28.8
865,node_7,,,,28.833333333333332
866,node_7,,,,28.866666666666667
867,node_7,,,,28.9
868,node_7,,,,28.933333333333334
869,node_7,,,,28.966666666666665
870,node_7,,,,29.0
871,node_7,,,,29.033333333333335
872,node_7,,,,29.066666666666666
873,node_7,,,,29.1
874,node_7,,,,29.133333333333333
875,node_7,,,,29.166666666666668
876,node_7,,,,29.2
877,node_7,,,,29.233333333333334
878,node_7,,,,29.266666666666666
879,node_7,,,,29.3
880,node_7,,,,29.333333333333332
881,node_7,,,,29.366666666666667
882,node_7,,,,29.4
883,node_7,,,,29.433333333333334
884,node_7,,,,29.466666666666665
885,node_7,,,,29.5
886,node_7,,,,29.533333333333335
887,node_7,,,,29.566666666666666
888,node_7,,,,29.6
889,node_7,,,,29.633333333333333
890,node_7,,,,29.666666666666668
891,node_7,,,,29.7
892,node_7,,,,29.733333333333334
893,node_7,,,,29.766666666666666
894,node_7,,,,29.8
895,node_7,,,,29.833333333333332
896,node_7,,,,29.866666666666667
897,node_7,,,,29.9
898,node_7,,,,29.933333333333334
899,node_7,,,,29.966666666666665
900,node_7,,,,30.0
901,node_7,,,,30.033333333333335
902,node_7,,,,30.066666666666666
903,node_7,,,,30.1
904,node_7,,,,30.133333333333333
905,node_7,,,,30.166666666666668
906,node_7,,,,30.2
907,node_7,,,,30.233333333333334
908,node_7,,,,30.266666666666666
909,node_7,,,,30.3
910,node_7,,,,30.333333333333332
911,node_7,,,,30.366666666666667
912,node_7,,,,30.4
913,node_7,,,,30.433333333333334
914,node_7,,,,30.466666666666665
915,node_7,,,,30.5
916,node_7,,,,30.533333333333335
917,node_7,,,,30.566666666666666
918,node_7,,,,30.6
919,node_7,,,,30.633333333333333
920,node_7,,,,30.666666666666668
921,node_7,,,,30.7
922,node_7,,,,30.733333333333334
923,node_7,,,,30.766666666666666
924,node_7,,,,30.8
925,node_7,,,,30.833333333333332
926,node_7,,,,30.866666666666667
927,node_7,,,,30.9
928,node_7,,,,30.933333333333334
929,node_7,,,,30.966666666666665
930,node_7,,,,31.0
931,node_7,,,,31.033333333333335
932,node_7,,,,31.066666666666666
933,node_7,,,,31.1
934,node_7,,,,31.133333333333333
935,node_7,,,,31.166666666666668
936,node_7,,,,31.2
937,node_7,,,,31.233333333333334
938,node_7,,,,31.266666666666666
939,node_7,,,,31.3
940,node_7,,,,31.333333333333332
941,node_7,,,,31.366666666666667
942,node_7,,,,31.4
943,node_7,,,,31.433333333333334
944,node_7,,,,31.466666666666665
945,node_7,,,,31.5
946,node_7,,,,31.533333333333335
947,node_7,,,,31.566666666666666
948,node_7,,,,31.6
949,node_7,,,,31.633333333333333
950,node_7,,,,31.666666666666668
951,node_7,,,,31.7
952,node_7,,,,31.733333333333334
953,node_7,,,,31.766666666666666
954,node_7,,,,31.8
955,node_7,,,,31.833333333333332
956,node_7,,,,31.866666666666667
957,node_7,,,,31.9
958,node_7,,,,31.933333333333334
959,node_7,,,,31.966666666666665
960,node_7,,,,32.0
961,node_7,,,,32.03333333333333
962,node_7,,,,32.06666666666667
963,node_7,,,,32.1
964,node_7,,,,32.13333333333333
965,node_7,,,,32.166666666666664
966,node_7,,,,32.2
967,node_7,,,,32.233333333333334
968,node_7,,,,32.266666666666666
969,node_7,,,,32.3
970,node_7,,,,32.333333333333336
971,node_7,,,,32.36666666666667
972,node_7,,,,32.4
973,node_7,,,,32.43333333333333
974,node_7,,,,32.46666666666667
975,node_7,,,,32.5
976,node_7,,,,32.53333333333333
977,node_7,,,,32.56666666666667
978,node_7,,,,32.6
979,node_7,,,,32.63333333333333
980,node_7,,,,32.666666666666664
981,node_7,,,,32.7
982,node_7,,,,32.733333333333334
983,node_7,,,,32.766666666666666
984,node_7,,,,32.8
985,node_7,,,,32.833333333333336
986,node_7,,,,32.86666666666667
987,node_7,,,,32.9
988,node_7,,,,32.93333333333333
989,node_7,,,,32.96666666666667
990,node_7,,,,33.0
991,node_7,,,,33.03333333333333
992,node_7,,,,33.06666666666667
993,node_7,,,,33.1
994,node_7,,,,33.13333333333333
995,node_7,,,,33.166666666666664
996,node_7,,,,33.2
997,node_7,,,,33.233333333333334
998,node_7,,,,33.266666666666666
999,node_7,,,,33.3
1000,node_7,,,,33.333333333333336
1001,node_7,,,,33.36666666666667
1002,node_7,,,,33.4
1003,node_7,,,,33.43333333333333
1004,node_7,,,,33.46666666666667
1005,node_7,,,,33.5
1006,node_7,,,,33.53333333333333
1007,node_7,,,,33.56666666666667
1008,node_7,,,,33.6
1009,node_7,,,,33.63333333333333
1010,node_7,,,,33.666666666666664
1011,node_7,,,,33.7
1012,node_7,,,,33.733333333333334
1013,node_7,,,,33.766666666666666
1014,node_7,,,,33.8
1015,node_7,,,,33.833333333333336
1016,node_7,,,,33.86666666666667
1017,node_7,,,,33.9
1018,node_7,,,,33.93333333333333
1019,node_7,,,,33.96666666666667
1020,node_7,,,,34.0
1021,node_7,,,,34.03333333333333
1022,node_7,,,,34.06666666666667
1023,node_7,,,,34.1
1024,node_7,,,,34.13333333333333
1025,node_7,,,,34.166666666666664
1026,node_7,,,,34.2
1027,node_7,,,,34.233333333333334
1028,node_7,,,,34.266666666666666
1029,node_7,,,,34.3
1030,node_7,,,,34.333333333333336
1031,node_7,,,,34.36666666666667
1032,node_7,,,,34.4
1033,node_7,,,,34.43333333333333
1034,node_7,,,,34.46666666666667
1035,node_7,,,,34.5
1036,node_7,,,,34.53333333333333
1037,node_7,,,,34.56666666666667
1038,node_7,,,,34.6
1039,node_7,,,,34.63333333333333
1040,node_7,,,,34.666666666666664
1041,node_7,,,,34.7
1042,node_7,,,,34.733333333333334
1043,node_7,,,,34.766666666666666
1044,node_7,,,,34.8
1045,node_7,,,,34.833333333333336
1046,node_7,,,,34.86666666666667
1047,node_7,,,,34.9
1048,node_7,,,,34.93333333333333
1049,node_7,,,,34.96666666666667
1050,node_7,,,,35.0
1051,node_7,,,,35.03333333333333
1052,node_7,,,,35.06666666666667
1053,node_7,,,,35.1
1054,node_7,,,,35.13333333333333
1055,node_7,,,,35.166666666666664
1056,node_7,,,,35.2
1057,node_7,,,,35.233333333333334
1058,node_7,,,,35.266666666666666
1059,node_7,,,,35.3
1060,node_7,,,,35.333333333333336
1061,node_7,,,,35.36666666666667
1062,node_7,,,,35.4
1063,node_7,,,,35.43333333333333
1064,node_7,,,,35.46666666666667
1065,node_7,,,,35.5
1066,node_7,,,,35.53333333333333
1067,node_7,,,,35.56666666666667
1068,node_7,,,,35.6
1069,node_7,,,,35.63333333333333
1070,node_7,,,,35.666666666666664
1071,node_7,,,,35.7
1072,node_7,,,,35.733333333333334
1073,node_7,,,,35.766666666666666
1074,node_7,,,,35.8
1075,node_7,,,,35.833333333333336
1076,node_7,,,,35.86666666666667
1077,node_7,,,,35.9
1078,node_7,,,,35.93333333333333
1079,node_7,,,,35.96666666666667
1080,node_7,,,,36.0
1081,node_7,,,,36.03333333333333
1082,node_7,,,,36.06666666666667
1083,node_7,,,,36.1
1084,node_7,,,,36.13333333333333
1085,node_7,,,,36.166666666666664
1086,node_7,,,,36.2
1087,node_7,,,,36.233333333333334
1088,node_7,,,,36.266666666666666
1089,node_7,,,,36.3
1090,node_7,,,,36.333333333333336
1091,node_7,,,,36.36666666666667
1092,node_7,,,,36.4
1093,node_7,,,,36.43333333333333
1094,node_7,,,,36.46666666666667
1095,node_7,,,,36.5
1096,node_7,,,,36.53333333333333
1097,node_7,,,,36.56666666666667
1098,node_7,,,,36.6
1099,node_7,,,,36.63333333333333
1100,node_7,,,,36.666666666666664
1101,node_7,,,,36.7
1102,node_7,,,,36.733333333333334
1103,node_7,,,,36.766666666666666
1104,node_7,,,,36.8
1105,node_7,,,,36.833333333333336
1106,node_7,,,,36.86666666666667
1107,node_7,,,,36.9
1108,node_7,,,,36.93333333333333
1109,node_7,,,,36.96666666666667
1110,node_7,,,,37.0
1111,node_7,,,,37.03333333333333
1112,node_7,,,,37.06666666666667
1113,node_7,,,,37.1
1114,node_7,,,,37.13333333333333
1115,node_7,,,,37.166666666666664
1116,node_7,,,,37.2
1117,node_7,,,,37.233333333333334
1118,node_7,,,,37.266666666666666
1119,node_7,,,,37.3
1120,node_7,,,,37.333333333333336
1121,node_7,,,,37.36666666666667
1122,node_7,,,,37.4
1123,node_7,,,,37.43333333333333
1124,node_7,,,,37.46666666666667
1125,node_7,,,,37.5
1126,node_7,,,,37.53333333333333
1127,node_7,,,,37.56666666666667
1128,node_7,,,,37.6
1129,node_7,,,,37.63333333333333
1130,node_7,,,,37.666666666666664
1131,node_7,,,,37.7
1132,node_7,,,,37.733333333333334
1133,node_7,,,,37.766666666666666
1134,node_7,,,,37.8
1135,node_7,,,,37.833333333333336
1136,node_7,,,,37.86666666666667
1137,node_7,,,,37.9
1138,node_7,,,,37.93333333333333
1139,node_7,,,,37.96666666666667
1140,node_7,,,,38.0
1141,node_7,,,,38.03333333333333
1142,node_7,,,,38.06666666666667
1143,node_7,,,,38.1
1144,node_7,,,,38.13333333333333
1145,node_7,,,,38.166666666666664
1146,node_7,,,,38.2
1147,node_7,,,,38.233333333333334
1148,node_7,,,,38.266666666666666
1149,node_7,,,,38.3
1150,node_7,,,,38.333333333333336
1151,node_7,,,,38.36666666666667
1152,node_7,,,,38.4
1153,node_7,,,,38.43333333333333
1154,node_7,,,,38.46666666666667
1155,node_7,,,,38.5
1156,node_7,,,,38.53333333333333
1157,node_7,,,,38.56666666666667
1158,node_7,,,,38.6
1159,node_7,,,,38.63333333333333
1160,node_7,,,,38.666666666666664
1161,node_7,,,,38.7
1162,node_7,,,,38.733333333333334
1163,node_7,,,,38.766666666666666
1164,node_7,,,,38.8
1165,node_7,,,,38.833333333333336
1166,node_7,,,,38.86666666666667
1167,node_7,,,,38.9
1168,node_7,,,,38.93333333333333
1169,node_7,,,,38.96666666666667
1170,node_7,,,,39.0
1171,node_7,,,,39.03333333333333
1172,node_7,,,,39.06666666666667
1173,node_7,,,,39.1
1174,node_7,,,,39.13333333333333
1175,node_7,,,,39.166666666666664
1176,node_7,,,,39.2
1177,node_7,,,,39.233333333333334
1178,node_7,,,,39.266666666666666
1179,node_7,,,,39.3
1180,node_7,,,,39.333333333333336
1181,node_7,,,,39.36666666666667
1182,node_7,,,,39.4
1183,node_7,,,,39.43333333333333
1184,node_7,,,,39.46666666666667
1185,node_7,,,,39.5
1186,node_7,,,,39.53333333333333
1187,node_7,,,,39.56666666666667
1188,node_7,,,,39.6
1189,node_7,,,,39.63333333333333
1190,node_7,,,,39.666666666666664
1191,node_7,,,,39.7
1192,node_7,,,,39.733333333333334
1193,node_7,,,,39.766666666666666
1194,node_7,,,,39.8
1195,node_7,,,,39.833333333333336
1196,node_7,,,,39.86666666666667
1197,node_7,,,,39.9
1198,node_7,,,,39.93333333333333
1199,node_7,,,,39.96666666666667
1200,node_7,,,,40.0
1201,node_7,,,,40.03333333333333
1202,node_7,,,,40.06666666666667
1203,node_7,,,,40.1
1204,node_7,,,,40.13333333333333
1205,node_7,,,,40.166666666666664
1206,node_7,,,,40.2
1207,node_7,,,,40.233333333333334
1208,node_7,,,,40.266666666666666
1209,node_7,,,,40.3
1210,node_7,,,,40.333333333333336
1211,node_7,,,,40.36666666666667
1212,node_7,,,,40.4
1213,node_7,,,,40.43333333333333
1214,node_7,,,,40.46666666666667
1215,node_7,,,,40.5
1216,node_7,,,,40.53333333333333
1217,node_7,,,,40.56666666666667
1218,node_7,,,,40.6
1219,node_7,,,,40.63333333333333
1220,node_7,,,,40.666666666666664
1221,node_7,,,,40.7
1222,node_7,,,,40.733333333333334
1223,node_7,,,,40.766666666666666
1224,node_7,,,,40.8
1225,node_7,,,,40.833333333333336
1226,node_7,,,,40.86666666666667
1227,node_7,,,,40.9
1228,node_7,,,,40.93333333333333
1229,node_7,,,,40.96666666666667
1230,node_7,,,,41.0
1231,node_7,,,,41.03333333333333
1232,node_7,,,,41.06666666666667
1233,node_7,,,,41.1
1234,node_7,,,,41.13333333333333
1235,node_7,,,,41.166666666666664
1236,node_7,,,,41.2
1237,node_7,,,,41.233333333333334
1238,node_7,,,,41.266666666666666
1239,node_7,,,,41.3
1240,node_7,,,,41.333333333333336
1241,node_7,,,,41.36666666666667
1242,node_7,,,,41.4
1243,node_7,,,,41.43333333333333
1244,node_7,,,,41.46666666666667
1245,node_7,,,,41.5
1246,node_7,,,,41.53333333333333
1247,node_7,,,,41.56666666666667
1248,node_7,,,,41.6
1249,node_7,,,,41.63333333333333
1250,node_7,,,,41.666666666666664
1251,node_7,,,,41.7
1252,node_7,,,,41.733333333333334
1253,node_7,,,,41.766666666666666
1254,node_7,,,,41.8
1255,node_7,,,,41.833333333333336
1256,node_7,,,,41.86666666666667
1257,node_7,,,,41.9
1258,node_7,,,,41.93333333333333
1259,node_7,,,,41.96666666666667
1260,node_7,,,,42.0
1261,node_7,,,,42.03333333333333
1262,node_7,,,,42.06666666666667
1263,node_7,,,,42.1
1264,node_7,,,,42.13333333333333
1265,node_7,,,,42.166666666666664
1266,node_7,,,,42.2
1267,node_7,,,,42.233333333333334
1268,node_7,,,,42.266666666666666
1269,node_7,,,,42.3
1270,node_7,,,,42.333333333333336
1271,node_7,,,,42.36666666666667
1272,node_7,,,,42.4
1273,node_7,,,,42.43333333333333
1274,node_7,,,,42.46666666666667
1275,node_7,,,,42.5
1276,node_7,,,,42.53333333333333
1277,node_7,,,,42.56666666666667
1278,node_7,,,,42.6
1279,node_7,,,,42.63333333333333
1280,node_7,,,,42.666666666666664
1281,node_7,,,,42.7
1282,node_7,,,,42.733333333333334
1283,node_7,,,,42.766666666666666
1284,node_7,,,,42.8
1285,node_7,,,,42.833333333333336
1286,node_7,,,,42.86666666666667
1287,node_7,,,,42.9
1288,node_7,,,,42.93333333333333
1289,node_7,,,,42.96666666666667
1290,node_7,,,,43.0
1291,node_7,,,,43.03333333333333
1292,node_7,,,,43.06666666666667
1293,node_7,,,,43.1
1294,node_7,,,,43.13333333333333
1295,node_7,,,,43.166666666666664
1296,node_7,,,,43.2
1297,node_7,,,,43.233333333333334
1298,node_7,,,,43.266666666666666
1299,node_7,,,,43.3
1300,node_7,,,,43.333333333333336
1301,node_7,,,,43.36666666666667
1302,node_7,,,,43.4
1303,node_7,,,,43.43333333333333
1304,node_7,,,,43.46666666666667
1305,node_7,,,,43.5
1306,node_7,,,,43.53333333333333
1307,node_7,,,,43.56666666666667
1308,node_7,,,,43.6
1309,node_7,,,,43.63333333333333
1310,node_7,,,,43.666666666666664
1311,node_7,,,,43.7
0,node_8,,,,0.0
1,node_8,,,,0.03333333333333333
2,node_8,,,,0.06666666666666667
3,node_8,,,,0.1
4,node_8,,,,0.13333333333333333
5,node_8,,,,0.16666666666666666
6,node_8,,,,0.2
7,node_8,,,,0.23333333333333334
8,node_8,,,,0.26666666666666666
9,node_8,,,,0.3
10,node_8,,,,0.3333333333333333
11,node_8,,,,0.36666666666666664
12,node_8,,,,0.4
13,node_8,,,,0.43333333333333335
14,node_8,,,,0.4666666666666667
15,node_8,,,,0.5
16,node_8,,,,0.5333333333333333
17,node_8,,,,0.5666666666666667
18,node_8,,,,0.6
19,node_8,,,,0.6333333333333333
20,node_8,,,,0.6666666666666666
21,node_8,,,,0.7
22,node_8,,,,0.7333333333333333
23,node_8,,,,0.7666666666666667
24,node_8,,,,0.8
25,node_8,,,,0.8333333333333334
26,node_8,,,,0.8666666666666667
27,node_8,,,,0.9
28,node_8,,,,0.9333333333333333
29,node_8,,,,0.9666666666666667
30,node_8,,,,1.0
31,node_8,,,,1.0333333333333334
32,node_8,,,,1.0666666666666667
33,node_8,,,,1.1
34,node_8,,,,1.1333333333333333
35,node_8,,,,1.1666666666666667
36,node_8,,,,1.2
37,node_8,,,,1.2333333333333334
38,node_8,,,,1.2666666666666666
39,node_8,,,,1.3
40,node_8,,,,1.3333333333333333
41,node_8,,,,1.3666666666666667
42,node_8,,,,1.4
43,node_8,,,,1.4333333333333333
44,node_8,,,,1.4666666666666666
45,node_8,,,,1.5
46,node_8,,,,1.5333333333333334
47,node_8,,,,1.5666666666666667
48,node_8,,,,1.6
49,node_8,,,,1.6333333333333333
50,node_8,,,,1.6666666666666667
51,node_8,,,,1.7
52,node_8,,,,1.7333333333333334
53,node_8,,,,1.7666666666666666
54,node_8,,,,1.8
55,node_8,,,,1.8333333333333333
56,node_8,,,,1.8666666666666667
57,node_8,,,,1.9
58,node_8,,,,1.9333333333333333
59,node_8,,,,1.9666666666666666
60,node_8,,,,2.0
61,node_8,,,,2.033333333333333
62,node_8,,,,2.066666666666667
63,node_8,,,,2.1
64,node_8,,,,2.1333333333333333
65,node_8,,,,2.1666666666666665
66,node_8,,,,2.2
67,node_8,,,,2.2333333333333334
68,node_8,,,,2.2666666666666666
69,node_8,,,,2.3
70,node_8,,,,2.3333333333333335
71,node_8,,,,2.3666666666666667
72,node_8,,,,2.4
73,node_8,,,,2.433333333333333
74,node_8,,,,2.466666666666667
75,node_8,,,,2.5
76,node_8,,,,2.533333333333333
77,node_8,,,,2.566666666666667
78,node_8,,,,2.6
79,node_8,,,,2.6333333333333333
80,node_8,,,,2.6666666666666665
81,node_8,,,,2.7
82,node_8,,,,2.7333333333333334
83,node_8,,,,2.7666666666666666
84,node_8,,,,2.8
85,node_8,,,,2.8333333333333335
86,node_8,,,,2.8666666666666667
87,node_8,,,,2.9
88,node_8,,,,2.933333333333333
89,node_8,,,,2.966666666666667
90,node_8,,,,3.0
91,node_8,,,,3.033333333333333
92,node_8,,,,3.066666666666667
93,node_8,,,,3.1
94,node_8,,,,3.1333333333333333
95,node_8,,,,3.1666666666666665
96,node_8,,,,3.2
97,node_8,,,,3.2333333333333334
98,node_8,,,,3.2666666666666666
99,node_8,,,,3.3
100,node_8,,,,3.3333333333333335
101,node_8,,,,3.3666666666666667
102,node_8,,,,3.4
103,node_8,,,,3.433333333333333
104,node_8,,,,3.466666666666667
105,node_8,,,,3.5
106,node_8,,,,3.533333333333333
107,node_8,,,,3.566666666666667
108,node_8,,,,3.6
109,node_8,,,,3.6333333333333333
110,node_8,,,,3.6666666666666665
111,node_8,,,,3.7
112,node_8,,,,3.7333333333333334
113,node_8,,,,3.7666666666666666
114,node_8,,,,3.8
115,node_8,,,,3.8333333333333335
116,node_8,,,,3.8666666666666667
117,node_8,,,,3.9
118,node_8,,,,3.933333333333333
119,node_8,,,,3.966666666666667
120,node_8,,,,4.0
121,node_8,,,,4.033333333333333
122,node_8,,,,4.066666666666666
123,node_8,,,,4.1
124,node_8,,,,4.133333333333334
125,node_8,,,,4.166666666666667
126,node_8,,,,4.2
127,node_8,,,,4.233333333333333
128,node_8,,,,4.266666666666667
129,node_8,,,,4.3
130,node_8,,,,4.333333333333333
131,node_8,,,,4.366666666666666
132,node_8,,,,4.4
133,node_8,,,,4.433333333333334
134,node_8,,,,4.466666666666667
135,node_8,,,,4.5
136,node_8,,,,4.533333333333333
137,node_8,,,,4.566666666666666
138,node_8,,,,4.6
139,node_8,,,,4.633333333333334
140,node_8,,,,4.666666666666667
141,node_8,,,,4.7
142,node_8,,,,4.733333333333333
143,node_8,,,,4.766666666666667
144,node_8,,,,4.8
145,node_8,,,,4.833333333333333
146,node_8,,,,4.866666666666666
147,node_8,,,,4.9
148,node_8,,,,4.933333333333334
149,node_8,,,,4.966666666666667
150,node_8,,,,5.0
151,node_8,,,,5.033333333333333
152,node_8,,,,5.066666666666666
153,node_8,,,,5.1
154,node_8,,,,5.133333333333334
155,node_8,,,,5.166666666666667
156,node_8,,,,5.2
157,node_8,,,,5.233333333333333
158,node_8,,,,5.266666666666667
159,node_8,,,,5.3
160,node_8,,,,5.333333333333333
161,node_8,,,,5.366666666666666
162,node_8,,,,5.4
163,node_8,,,,5.433333333333334
164,node_8,,,,5.466666666666667
165,node_8,,,,5.5
166,node_8,,,,5.533333333333333
167,node_8,,,,5.566666666666666
168,node_8,,,,5.6
169,node_8,,,,5.633333333333334
170,node_8,,,,5.666666666666667
171,node_8,,,,5.7
172,node_8,,,,5.733333333333333
173,node_8,,,,5.766666666666667
174,node_8,,,,5.8
175,node_8,,,,5.833333333333333
176,node_8,,,,5.866666666666666
177,node_8,,,,5.9
178,node_8,,,,5.933333333333334
179,node_8,,,,5.966666666666667
180,node_8,,,,6.0
181,node_8,,,,6.033333333333333
182,node_8,,,,6.066666666666666
183,node_8,,,,6.1
184,node_8,,,,6.133333333333334
185,node_8,,,,6.166666666666667
186,node_8,,,,6.2
187,node_8,,,,6.233333333333333
188,node_8,,,,6.266666666666667
189,node_8,,,,6.3
190,node_8,,,,6.333333333333333
191,node_8,,,,6.366666666666666
192,node_8,,,,6.4
193,node_8,,,,6.433333333333334
194,node_8,,,,6.466666666666667
195,node_8,,,,6.5
196,node_8,,,,6.533333333333333
197,node_8,,,,6.566666666666666
198,node_8,,,,6.6
199,node_8,,,,6.633333333333334
200,node_8,,,,6.666666666666667
201,node_8,,,,6.7
202,node_8,,,,6.733333333333333
203,node_8,,,,6.766666666666667
204,node_8,,,,6.8
205,node_8,,,,6.833333333333333
206,node_8,,,,6.866666666666666
207,node_8,,,,6.9
208,node_8,,,,6.933333333333334
209,node_8,,,,6.966666666666667
210,node_8,,,,7.0
211,node_8,,,,7.033333333333333
212,node_8,,,,7.066666666666666
213,node_8,,,,7.1
214,node_8,,,,7.133333333333334
215,node_8,,,,7.166666666666667
216,node_8,,,,7.2
217,node_8,,,,7.233333333333333
218,node_8,,,,7.266666666666667
219,node_8,,,,7.3
220,node_8,,,,7.333333333333333
221,node_8,,,,7.366666666666666
222,node_8,,,,7.4
223,node_8,,,,7.433333333333334
224,node_8,,,,7.466666666666667
225,node_8,,,,7.5
226,node_8,,,,7.533333333333333
227,node_8,,,,7.566666666666666
228,node_8,,,,7.6
229,node_8,,,,7.633333333333334
230,node_8,,,,7.666666666666667
231,node_8,,,,7.7
232,node_8,,,,7.733333333333333
233,node_8,,,,7.766666666666667
234,node_8,,,,7.8
235,node_8,,,,7.833333333333333
236,node_8,,,,7.866666666666666
237,node_8,,,,7.9
238,node_8,,,,7.933333333333334
239,node_8,,,,7.966666666666667
240,node_8,,,,8.0
241,node_8,,,,8.033333333333333
242,node_8,,,,8.066666666666666
243,node_8,,,,8.1
244,node_8,,,,8.133333333333333
245,node_8,,,,8.166666666666666
246,node_8,,,,8.2
247,node_8,,,,8.233333333333333
248,node_8,,,,8.266666666666667
249,node_8,,,,8.3
250,node_8,,,,8.333333333333334
251,node_8,,,,8.366666666666667
252,node_8,,,,8.4
253,node_8,,,,8.433333333333334
254,node_8,,,,8.466666666666667
255,node_8,,,,8.5
256,node_8,,,,8.533333333333333
257,node_8,,,,8.566666666666666
258,node_8,,,,8.6
259,node_8,,,,8.633333333333333
260,node_8,,,,8.666666666666666
261,node_8,,,,8.7
262,node_8,,,,8.733333333333333
263,node_8,,,,8.766666666666667
264,node_8,,,,8.8
265,node_8,,,,8.833333333333334
266,node_8,,,,8.866666666666667
267,node_8,,,,8.9
268,node_8,,,,8.933333333333334
269,node_8,,,,8.966666666666667
270,node_8,,,,9.0
271,node_8,,,,9.033333333333333
272,node_8,,,,9.066666666666666
273,node_8,,,,9.1
274,node_8,,,,9.133333333333333
275,node_8,,,,9.166666666666666
276,node_8,,,,9.2
277,node_8,,,,9.233333333333333
278,node_8,,,,9.266666666666667
279,node_8,,,,9.3
280,node_8,,,,9.333333333333334
281,node_8,,,,9.366666666666667
282,node_8,,,,9.4
283,node_8,,,,9.433333333333334
284,node_8,,,,9.466666666666667
285,node_8,,,,9.5
286,node_8,,,,9.533333333333333
287,node_8,,,,9.566666666666666
288,node_8,,,,9.6
289,node_8,,,,9.633333333333333
290,node_8,,,,9.666666666666666
291,node_8,,,,9.7
292,node_8,,,,9.733333333333333
293,node_8,,,,9.766666666666667
294,node_8,,,,9.8
295,node_8,,,,9.833333333333334
296,node_8,,,,9.866666666666667
297,node_8,,,,9.9
298,node_8,,,,9.933333333333334
299,node_8,,,,9.966666666666667
300,node_8,,,,10.0
301,node_8,,,,10.033333333333333
302,node_8,,,,10.066666666666666
303,node_8,,,,10.1
304,node_8,,,,10.133333333333333
305,node_8,,,,10.166666666666666
306,node_8,,,,10.2
307,node_8,,,,10.233333333333333
308,node_8,,,,10.266666666666667
309,node_8,,,,10.3
310,node_8,,,,10.333333333333334
311,node_8,,,,10.366666666666667
312,node_8,,,,10.4
313,node_8,,,,10.433333333333334
314,node_8,,,,10.466666666666667
315,node_8,,,,10.5
316,node_8,,,,10.533333333333333
317,node_8,,,,10.566666666666666
318,node_8,,,,10.6
319,node_8,,,,10.633333333333333
320,node_8,,,,10.666666666666666
321,node_8,,,,10.7
322,node_8,,,,10.733333333333333
323,node_8,,,,10.766666666666667
324,node_8,,,,10.8
325,node_8,,,,10.833333333333334
326,node_8,,,,10.866666666666667
327,node_8,,,,10.9
328,node_8,,,,10.933333333333334
329,node_8,,,,10.966666666666667
330,node_8,,,,11.0
331,node_8,,,,11.033333333333333
332,node_8,,,,11.066666666666666
333,node_8,,,,11.1
334,node_8,,,,11.133333333333333
335,node_8,,,,11.166666666666666
336,node_8,,,,11.2
337,node_8,,,,11.233333333333333
338,node_8,,,,11.266666666666667
339,node_8,,,,11.3
340,node_8,,,,11.333333333333334
341,node_8,,,,11.366666666666667
342,node_8,,,,11.4
343,node_8,,,,11.433333333333334
344,node_8,,,,11.466666666666667
345,node_8,,,,11.5
346,node_8,,,,11.533333333333333
347,node_8,,,,11.566666666666666
348,node_8,,,,11.6
349,node_8,,,,11.633333333333333
350,node_8,,,,11.666666666666666
351,node_8,,,,11.7
352,node_8,,,,11.733333333333333
353,node_8,,,,11.766666666666667
354,node_8,,,,11.8
355,node_8,,,,11.833333333333334
356,node_8,,,,11.866666666666667
357,node_8,,,,11.9
358,node_8,,,,11.933333333333334
359,node_8,,,,11.966666666666667
360,node_8,,,,12.0
361,node_8,,,,12.033333333333333
362,node_8,,,,12.066666666666666
363,node_8,,,,12.1
364,node_8,,,,12.133333333333333
365,node_8,,,,12.166666666666666
366,node_8,,,,12.2
367,node_8,,,,12.233333333333333
368,node_8,,,,12.266666666666667
369,node_8,,,,12.3
370,node_8,,,,12.333333333333334
371,node_8,,,,12.366666666666667
372,node_8,,,,12.4
373,node_8,,,,12.433333333333334
374,node_8,,,,12.466666666666667
375,node_8,,,,12.5
376,node_8,,,,12.533333333333333
377,node_8,,,,12.566666666666666
378,node_8,,,,12.6
379,node_8,,,,12.633333333333333
380,node_8,,,,12.666666666666666
381,node_8,,,,12.7
382,node_8,,,,12.733333333333333
383,node_8,,,,12.766666666666667
384,node_8,,,,12.8
385,node_8,,,,12.833333333333334
386,node_8,,,,12.866666666666667
387,node_8,,,,12.9
388,node_8,,,,12.933333333333334
389,node_8,,,,12.966666666666667
390,node_8,,,,13.0
391,node_8,,,,13.033333333333333
392,node_8,,,,13.066666666666666
393,node_8,,,,13.1
394,node_8,,,,13.133333333333333
395,node_8,,,,13.166666666666666
396,node_8,,,,13.2
397,node_8,,,,13.233333333333333
398,node_8,,,,13.266666666666667
399,node_8,,,,13.3
400,node_8,,,,13.333333333333334
401,node_8,,,,13.366666666666667
402,node_8,,,,13.4
403,node_8,,,,13.433333333333334
404,node_8,,,,13.466666666666667
405,node_8,,,,13.5
406,node_8,,,,13.533333333333333
407,node_8,,,,13.566666666666666
408,node_8,,,,13.6
409,node_8,,,,13.633333333333333
410,node_8,,,,13.666666666666666
411,node_8,,,,13.7
412,node_8,,,,13.733333333333333
413,node_8,,,,13.766666666666667
414,node_8,,,,13.8
415,node_8,,,,13.833333333333334
416,node_8,,,,13.866666666666667
417,node_8,,,,13.9
418,node_8,,,,13.933333333333334
419,node_8,,,,13.966666666666667
420,node_8,,,,14.0
421,node_8,,,,14.033333333333333
422,node_8,,,,14.066666666666666
423,node_8,,,,14.1
424,node_8,,,,14.133333333333333
425,node_8,,,,14.166666666666666
426,node_8,,,,14.2
427,node_8,,,,14.233333333333333
428,node_8,,,,14.266666666666667
429,node_8,,,,14.3
430,node_8,,,,14.333333333333334
431,node_8,,,,14.366666666666667
432,node_8,,,,14.4
433,node_8,,,,14.433333333333334
434,node_8,,,,14.466666666666667
435,node_8,,,,14.5
436,node_8,,,,14.533333333333333
437,node_8,,,,14.566666666666666
438,node_8,,,,14.6
439,node_8,,,,14.633333333333333
440,node_8,,,,14.666666666666666
441,node_8,,,,14.7
442,node_8,,,,14.733333333333333
443,node_8,,,,14.766666666666667
444,node_8,,,,14.8
445,node_8,,,,14.833333333333334
446,node_8,,,,14.866666666666667
447,node_8,,,,14.9
448,node_8,,,,14.933333333333334
449,node_8,,,,14.966666666666667
450,node_8,,,,15.0
451,node_8,,,,15.033333333333333
452,node_8,,,,15.066666666666666
453,node_8,,,,15.1
454,node_8,,,,15.133333333333333
455,node_8,,,,15.166666666666666
456,node_8,,,,15.2
457,node_8,,,,15.233333333333333
458,node_8,,,,15.266666666666667
459,node_8,,,,15.3
460,node_8,,,,15.333333333333334
461,node_8,,,,15.366666666666667
462,node_8,,,,15.4
463,node_8,,,,15.433333333333334
464,node_8,,,,15.466666666666667
465,node_8,,,,15.5
466,node_8,,,,15.533333333333333
467,node_8,,,,15.566666666666666
468,node_8,,,,15.6
469,node_8,,,,15.633333333333333
470,node_8,,,,15.666666666666666
471,node_8,,,,15.7
472,node_8,,,,15.733333333333333
473,node_8,,,,15.766666666666667
474,node_8,,,,15.8
475,node_8,,,,15.833333333333334
476,node_8,,,,15.866666666666667
477,node_8,,,,15.9
478,node_8,,,,15.933333333333334
479,node_8,,,,15.966666666666667
480,node_8,,,,16.0
481,node_8,,,,16.033333333333335
482,node_8,,,,16.066666666666666
483,node_8,,,,16.1
484,node_8,,,,16.133333333333333
485,node_8,,,,16.166666666666668
486,node_8,,,,16.2
487,node_8,,,,16.233333333333334
488,node_8,,,,16.266666666666666
489,node_8,,,,16.3
490,node_8,,,,16.333333333333332
491,node_8,,,,16.366666666666667
492,node_8,,,,16.4
493,node_8,,,,16.433333333333334
494,node_8,,,,16.466666666666665
495,node_8,,,,16.5
496,node_8,,,,16.533333333333335
497,node_8,,,,16.566666666666666
498,node_8,,,,16.6
499,node_8,,,,16.633333333333333
500,node_8,,,,16.666666666666668
501,node_8,,,,16.7
502,node_8,,,,16.733333333333334
503,node_8,,,,16.766666666666666
504,node_8,,,,16.8
505,node_8,,,,16.833333333333332
506,node_8,,,,16.866666666666667
507,node_8,,,,16.9
508,node_8,,,,16.933333333333334
509,node_8,,,,16.966666666666665
510,node_8,,,,17.0
511,node_8,,,,17.033333333333335
512,node_8,,,,17.066666666666666
513,node_8,,,,17.1
514,node_8,,,,17.133333333333333
515,node_8,,,,17.166666666666668
516,node_8,,,,17.2
517,node_8,,,,17.233333333333334
518,node_8,,,,17.266666666666666
519,node_8,,,,17.3
520,node_8,,,,17.333333333333332
521,node_8,,,,17.366666666666667
522,node_8,,,,17.4
523,node_8,,,,17.433333333333334
524,node_8,,,,17.466666666666665
525,node_8,,,,17.5
526,node_8,,,,17.533333333333335
527,node_8,,,,17.566666666666666
528,node_8,,,,17.6
529,node_8,,,,17.633333333333333
530,node_8,,,,17.666666666666668
531,node_8,,,,17.7
532,node_8,,,,17.733333333333334
533,node_8,,,,17.766666666666666
534,node_8,,,,17.8
535,node_8,,,,17.833333333333332
536,node_8,,,,17.866666666666667
537,node_8,,,,17.9
538,node_8,,,,17.933333333333334
539,node_8,,,,17.966666666666665
540,node_8,,,,18.0
541,node_8,,,,18.033333333333335
542,node_8,,,,18.066666666666666
543,node_8,,,,18.1
544,node_8,,,,18.133333333333333
545,node_8,,,,18.166666666666668
546,node_8,,,,18.2
547,node_8,,,,18.233333333333334
548,node_8,,,,18.266666666666666
549,node_8,,,,18.3
550,node_8,,,,18.333333333333332
551,node_8,,,,18.366666666666667
552,node_8,,,,18.4
553,node_8,,,,18.433333333333334
554,node_8,,,,18.466666666666665
555,node_8,,,,18.5
556,node_8,,,,18.533333333333335
557,node_8,,,,18.566666666666666
558,node_8,,,,18.6
559,node_8,,,,18.633333333333333
560,node_8,,,,18.666666666666668
561,node_8,,,,18.7
562,node_8,,,,18.733333333333334
563,node_8,,,,18.766666666666666
564,node_8,,,,18.8
565,node_8,,,,18.833333333333332
566,node_8,,,,18.866666666666667
567,node_8,,,,18.9
568,node_8,,,,18.933333333333334
569,node_8,,,,18.966666666666665
570,node_8,,,,19.0
571,node_8,,,,19.033333333333335
572,node_8,,,,19.066666666666666
573,node_8,,,,19.1
574,node_8,,,,19.133333333333333
575,node_8,,,,19.166666666666668
576,node_8,,,,19.2
577,node_8,,,,19.233333333333334
578,node_8,,,,19.266666666666666
579,node_8,,,,19.3
580,node_8,,,,19.333333333333332
581,node_8,,,,19.366666666666667
582,node_8,,,,19.4
583,node_8,,,,19.433333333333334
584,node_8,,,,19.466666666666665
585,node_8,,,,19.5
586,node_8,,,,19.533333333333335
587,node_8,,,,19.566666666666666
588,node_8,,,,19.6
589,node_8,,,,19.633333333333333
590,node_8,,,,19.666666666666668
591,node_8,,,,19.7
592,node_8,,,,19.733333333333334
593,node_8,,,,19.766666666666666
594,node_8,,,,19.8
595,node_8,,,,19.833333333333332
596,node_8,,,,19.866666666666667
597,node_8,,,,19.9
598,node_8,,,,19.933333333333334
599,node_8,,,,19.966666666666665
600,node_8,,,,20.0
601,node_8,,,,20.033333333333335
602,node_8,,,,20.066666666666666
603,node_8,,,,20.1
604,node_8,,,,20.133333333333333
605,node_8,,,,20.166666666666668
606,node_8,,,,20.2
607,node_8,,,,20.233333333333334
608,node_8,,,,20.266666666666666
609,node_8,,,,20.3
610,node_8,,,,20.333333333333332
611,node_8,,,,20.366666666666667
612,node_8,,,,20.4
613,node_8,,,,20.433333333333334
614,node_8,,,,20.466666666666665
615,node_8,,,,20.5
616,node_8,,,,20.533333333333335
617,node_8,,,,20.566666666666666
618,node_8,,,,20.6
619,node_8,,,,20.633333333333333
620,node_8,,,,20.666666666666668
621,node_8,,,,20.7
622,node_8,,,,20.733333333333334
623,node_8,,,,20.766666666666666
624,node_8,,,,20.8
625,node_8,,,,20.833333333333332
626,node_8,,,,20.866666666666667
627,node_8,,,,20.9
628,node_8,,,,20.933333333333334
629,node_8,,,,20.966666666666665
630,node_8,,,,21.0
631,node_8,,,,21.033333333333335
632,node_8,,,,21.066666666666666
633,node_8,,,,21.1
634,node_8,,,,21.133333333333333
635,node_8,,,,21.166666666666668
636,node_8,,,,21.2
637,node_8,,,,21.233333333333334
638,node_8,,,,21.266666666666666
639,node_8,,,,21.3
640,node_8,,,,21.333333333333332
641,node_8,,,,21.366666666666667
642,node_8,,,,21.4
643,node_8,,,,21.433333333333334
644,node_8,,,,21.466666666666665
645,node_8,,,,21.5
646,node_8,,,,21.533333333333335
647,node_8,,,,21.566666666666666
648,node_8,,,,21.6
649,node_8,,,,21.633333333333333
650,node_8,,,,21.666666666666668
651,node_8,,,,21.7
652,node_8,,,,21.733333333333334
653,node_8,,,,21.766666666666666
654,node_8,,,,21.8
655,node_8,,,,21.833333333333332
656,node_8,,,,21.866666666666667
657,node_8,,,,21.9
658,node_8,,,,21.933333333333334
659,node_8,,,,21.966666666666665
660,node_8,,,,22.0
661,node_8,,,,22.033333333333335
662,node_8,,,,22.066666666666666
663,node_8,,,,22.1
664,node_8,,,,22.133333333333333
665,node_8,,,,22.166666666666668
666,node_8,,,,22.2
667,node_8,,,,22.233333333333334
668,node_8,,,,22.266666666666666
669,node_8,,,,22.3
670,node_8,,,,22.333333333333332
671,node_8,,,,22.366666666666667
672,node_8,,,,22.4
673,node_8,,,,22.433333333333334
674,node_8,,,,22.466666666666665
675,node_8,,,,22.5
676,node_8,,,,22.533333333333335
677,node_8,,,,22.566666666666666
678,node_8,,,,22.6
679,node_8,,,,22.633333333333333
680,node_8,,,,22.666666666666668
681,node_8,,,,22.7
682,node_8,,,,22.733333333333334
683,node_8,,,,22.766666666666666
684,node_8,,,,22.8
685,node_8,,,,22.833333333333332
686,node_8,,,,22.866666666666667
687,node_8,,,,22.9
688,node_8,,,,22.933333333333334
689,node_8,,,,22.966666666666665
690,node_8,,,,23.0
691,node_8,,,,23.033333333333335
692,node_8,,,,23.066666666666666
693,node_8,,,,23.1
694,node_8,,,,23.133333333333333
695,node_8,,,,23.166666666666668
696,node_8,,,,23.2
697,node_8,,,,23.233333333333334
698,node_8,,,,23.266666666666666
699,node_8,,,,23.3
700,node_8,,,,23.333333333333332
701,node_8,,,,23.366666666666667
702,node_8,,,,23.4
703,node_8,,,,23.433333333333334
704,node_8,,,,23.466666666666665
705,node_8,,,,23.5
706,node_8,,,,23.533333333333335
707,node_8,,,,23.566666666666666
708,node_8,,,,23.6
709,node_8,,,,23.633333333333333
710,node_8,,,,23.666666666666668
711,node_8,,,,23.7
712,node_8,,,,23.733333333333334
713,node_8,,,,23.766666666666666
714,node_8,,,,23.8
715,node_8,,,,23.833333333333332
716,node_8,,,,23.866666666666667
717,node_8,,,,23.9
718,node_8,,,,23.933333333333334
719,node_8,,,,23.966666666666665
720,node_8,,,,24.0
721,node_8,,,,24.033333333333335
722,node_8,,,,24.066666666666666
723,node_8,,,,24.1
724,node_8,,,,24.133333333333333
725,node_8,,,,24.166666666666668
726,node_8,,,,24.2
727,node_8,,,,24.233333333333334
728,node_8,,,,24.266666666666666
729,node_8,,,,24.3
730,node_8,,,,24.333333333333332
731,node_8,,,,24.366666666666667
732,node_8,,,,24.4
733,node_8,,,,24.433333333333334
734,node_8,,,,24.466666666666665
735,node_8,,,,24.5
736,node_8,,,,24.533333333333335
737,node_8,,,,24.566666666666666
738,node_8,,,,24.6
739,node_8,,,,24.633333333333333
740,node_8,,,,24.666666666666668
741,node_8,,,,24.7
742,node_8,,,,24.733333333333334
743,node_8,,,,24.766666666666666
744,node_8,,,,24.8
745,node_8,,,,24.833333333333332
746,node_8,,,,24.866666666666667
747,node_8,,,,24.9
748,node_8,,,,24.933333333333334
749,node_8,,,,24.966666666666665
750,node_8,,,,25.0
751,node_8,,,,25.033333333333335
752,node_8,,,,25.066666666666666
753,node_8,,,,25.1
754,node_8,,,,25.133333333333333
755,node_8,,,,25.166666666666668
756,node_8,,,,25.2
757,node_8,,,,25.233333333333334
758,node_8,,,,25.266666666666666
759,node_8,,,,25.3
760,node_8,,,,25.333333333333332
761,node_8,,,,25.366666666666667
762,node_8,,,,25.4
763,node_8,,,,25.433333333333334
764,node_8,,,,25.466666666666665
765,node_8,,,,25.5
766,node_8,,,,25.533333333333335
767,node_8,,,,25.566666666666666
768,node_8,,,,25.6
769,node_8,,,,25.633333333333333
770,node_8,,,,25.666666666666668
771,node_8,,,,25.7
772,node_8,,,,25.733333333333334
773,node_8,,,,25.766666666666666
774,node_8,,,,25.8
775,node_8,,,,25.833333333333332
776,node_8,,,,25.866666666666667
777,node_8,,,,25.9
778,node_8,,,,25.933333333333334
779,node_8,,,,25.966666666666665
780,node_8,,,,26.0
781,node_8,,,,26.033333333333335
782,node_8,,,,26.066666666666666
783,node_8,,,,26.1
784,node_8,,,,26.133333333333333
785,node_8,,,,26.166666666666668
786,node_8,,,,26.2
787,node_8,,,,26.233333333333334
788,node_8,,,,26.266666666666666
789,node_8,,,,26.3
790,node_8,,,,26.333333333333332
791,node_8,,,,26.366666666666667
792,node_8,,,,26.4
793,node_8,,,,26.433333333333334
794,node_8,,,,26.466666666666665
795,node_8,,,,26.5
796,node_8,,,,26.533333333333335
797,node_8,,,,26.566666666666666
798,node_8,,,,26.6
799,node_8,,,,26.633333333333333
800,node_8,,,,26.666666666666668
801,node_8,,,,26.7
802,node_8,,,,26.733333333333334
803,node_8,,,,26.766666666666666
804,node_8,,,,26.8
805,node_8,,,,26.833333333333332
806,node_8,,,,26.866666666666667
807,node_8,,,,26.9
808,node_8,,,,26.933333333333334
809,node_8,,,,26.966666666666665
810,node_8,,,,27.0
811,node_8,,,,27.033333333333335
812,node_8,,,,27.066666666666666
813,node_8,,,,27.1
814,node_8,,,,27.133333333333333
815,node_8,,,,27.166666666666668
816,node_8,,,,27.2
817,node_8,,,,27.233333333333334
818,node_8,,,,27.266666666666666
819,node_8,,,,27.3
820,node_8,,,,27.333333333333332
821,node_8,,,,27.366666666666667
822,node_8,,,,27.4
823,node_8,,,,27.433333333333334
824,node_8,,,,27.466666666666665
825,node_8,,,,27.5
826,node_8,,,,27.533333333333335
827,node_8,,,,27.566666666666666
828,node_8,,,,27.6
829,node_8,,,,27.633333333333333
830,node_8,,,,27.666666666666668
831,node_8,,,,27.7
832,node_8,,,,27.733333333333334
833,node_8,,,,27.766666666666666
834,node_8,,,,27.8
835,node_8,,,,27.833333333333332
836,node_8,,,,27.866666666666667
837,node_8,,,,27.9
838,node_8,,,,27.933333333333334
839,node_8,,,,27.966666666666665
840,node_8,,,,28.0
841,node_8,,,,28.033333333333335
842,node_8,,,,28.066666666666666
843,node_8,,,,28.1
844,node_8,,,,28.133333333333333
845,node_8,,,,28.166666666666668
846,node_8,,,,28.2
847,node_8,,,,28.233333333333334
848,node_8,,,,28.266666666666666
849,node_8,,,,28.3
850,node_8,,,,28.333333333333332
851,node_8,,,,28.366666666666667
852,node_8,,,,28.4
853,node_8,,,,28.433333333333334
854,node_8,,,,28.466666666666665
855,node_8,,,,28.5
856,node_8,,,,28.533333333333335
857,node_8,,,,28.566666666666666
858,node_8,,,,28.6
859,node_8,,,,28.633333333333333
860,node_8,,,,28.666666666666668
861,node_8,,,,28.7
862,node_8,,,,28.733333333333334
863,node_8,,,,28.766666666666666
864,node_8,,,,28.8
865,node_8,,,,28.833333333333332
866,node_8,,,,28.866666666666667
867,node_8,,,,28.9
868,node_8,,,,28.933333333333334
869,node_8,,,,28.966666666666665
870,node_8,,,,29.0
871,node_8,,,,29.033333333333335
872,node_8,,,,29.066666666666666
873,node_8,,,,29.1
874,node_8,,,,29.133333333333333
875,node_8,,,,29.166666666666668
876,node_8,,,,29.2
877,node_8,,,,29.233333333333334
878,node_8,,,,29.266666666666666
879,node_8,,,,29.3
880,node_8,,,,29.333333333333332
881,node_8,,,,29.366666666666667
882,node_8,,,,29.4
883,node_8,,,,29.433333333333334
884,node_8,,,,29.466666666666665
885,node_8,,,,29.5
886,node_8,,,,29.533333333333335
887,node_8,,,,29.566666666666666
888,node_8,,,,29.6
889,node_8,,,,29.633333333333333
890,node_8,,,,29.666666666666668
891,node_8,,,,29.7
892,node_8,,,,29.733333333333334
893,node_8,,,,29.766666666666666
894,node_8,,,,29.8
895,node_8,,,,29.833333333333332
896,node_8,,,,29.866666666666667
897,node_8,,,,29.9
898,node_8,,,,29.933333333333334
899,node_8,,,,29.966666666666665
900,node_8,,,,30.0
901,node_8,,,,30.033333333333335
902,node_8,,,,30.066666666666666
903,node_8,,,,30.1
904,node_8,,,,30.133333333333333
905,node_8,,,,30.166666666666668
906,node_8,,,,30.2
907,node_8,,,,30.233333333333334
908,node_8,,,,30.266666666666666
909,node_8,,,,30.3
910,node_8,,,,30.333333333333332
911,node_8,,,,30.366666666666667
912,node_8,,,,30.4
913,node_8,,,,30.433333333333334
914,node_8,,,,30.466666666666665
915,node_8,,,,30.5
916,node_8,,,,30.533333333333335
917,node_8,,,,30.566666666666666
918,node_8,,,,30.6
919,node_8,,,,30.633333333333333
920,node_8,,,,30.666666666666668
921,node_8,,,,30.7
922,node_8,,,,30.733333333333334
923,node_8,,,,30.766666666666666
924,node_8,,,,30.8
925,node_8,,,,30.833333333333332
926,node_8,,,,30.866666666666667
927,node_8,,,,30.9
928,node_8,,,,30.933333333333334
929,node_8,,,,30.966666666666665
930,node_8,,,,31.0
931,node_8,,,,31.033333333333335
932,node_8,,,,31.066666666666666
933,node_8,,,,31.1
934,node_8,,,,31.133333333333333
935,node_8,,,,31.166666666666668
936,node_8,,,,31.2
937,node_8,,,,31.233333333333334
938,node_8,,,,31.266666666666666
939,node_8,,,,31.3
940,node_8,,,,31.333333333333332
941,node_8,,,,31.366666666666667
942,node_8,,,,31.4
943,node_8,,,,31.433333333333334
944,node_8,,,,31.466666666666665
945,node_8,,,,31.5
946,node_8,,,,31.533333333333335
947,node_8,,,,31.566666666666666
948,node_8,,,,31.6
949,node_8,,,,31.633333333333333
950,node_8,,,,31.666666666666668
951,node_8,,,,31.7
952,node_8,,,,31.733333333333334
953,node_8,,,,31.766666666666666
954,node_8,,,,31.8
955,node_8,,,,31.833333333333332
956,node_8,,,,31.866666666666667
957,node_8,,,,31.9
958,node_8,,,,31.933333333333334
959,node_8,,,,31.966666666666665
960,node_8,,,,32.0
961,node_8,,,,32.03333333333333
962,node_8,,,,32.06666666666667
963,node_8,,,,32.1
964,node_8,,,,32.13333333333333
965,node_8,,,,32.166666666666664
966,node_8,,,,32.2
967,node_8,,,,32.233333333333334
968,node_8,,,,32.266666666666666
969,node_8,,,,32.3
970,node_8,,,,32.333333333333336
971,node_8,,,,32.36666666666667
972,node_8,,,,32.4
973,node_8,,,,32.43333333333333
974,node_8,,,,32.46666666666667
975,node_8,,,,32.5
976,node_8,,,,32.53333333333333
977,node_8,,,,32.56666666666667
978,node_8,,,,32.6
979,node_8,,,,32.63333333333333
980,node_8,,,,32.666666666666664
981,node_8,,,,32.7
982,node_8,,,,32.733333333333334
983,node_8,,,,32.766666666666666
984,node_8,,,,32.8
985,node_8,,,,32.833333333333336
986,node_8,,,,32.86666666666667
987,node_8,,,,32.9
988,node_8,,,,32.93333333333333
989,node_8,,,,32.96666666666667
990,node_8,,,,33.0
991,node_8,,,,33.03333333333333
992,node_8,,,,33.06666666666667
993,node_8,,,,33.1
994,node_8,,,,33.13333333333333
995,node_8,,,,33.166666666666664
996,node_8,,,,33.2
997,node_8,,,,33.233333333333334
998,node_8,,,,33.266666666666666
999,node_8,,,,33.3
1000,node_8,,,,33.333333333333336
1001,node_8,,,,33.36666666666667
1002,node_8,,,,33.4
1003,node_8,,,,33.43333333333333
1004,node_8,,,,33.46666666666667
1005,node_8,,,,33.5
1006,node_8,,,,33.53333333333333
1007,node_8,,,,33.56666666666667
1008,node_8,,,,33.6
1009,node_8,,,,33.63333333333333
1010,node_8,,,,33.666666666666664
1011,node_8,,,,33.7
1012,node_8,,,,33.733333333333334
1013,node_8,,,,33.766666666666666
1014,node_8,,,,33.8
1015,node_8,,,,33.833333333333336
1016,node_8,,,,33.86666666666667
1017,node_8,,,,33.9
1018,node_8,,,,33.93333333333333
1019,node_8,,,,33.96666666666667
1020,node_8,,,,34.0
1021,node_8,,,,34.03333333333333
1022,node_8,,,,34.06666666666667
1023,node_8,,,,34.1
1024,node_8,,,,34.13333333333333
1025,node_8,,,,34.166666666666664
1026,node_8,,,,34.2
1027,node_8,,,,34.233333333333334
1028,node_8,,,,34.266666666666666
1029,node_8,,,,34.3
1030,node_8,,,,34.333333333333336
1031,node_8,,,,34.36666666666667
1032,node_8,,,,34.4
1033,node_8,,,,34.43333333333333
1034,node_8,,,,34.46666666666667
1035,node_8,,,,34.5
1036,node_8,,,,34.53333333333333
1037,node_8,,,,34.56666666666667
1038,node_8,,,,34.6
1039,node_8,,,,34.63333333333333
1040,node_8,,,,34.666666666666664
1041,node_8,,,,34.7
1042,node_8,,,,34.733333333333334
1043,node_8,,,,34.766666666666666
1044,node_8,,,,34.8
1045,node_8,,,,34.833333333333336
1046,node_8,,,,34.86666666666667
1047,node_8,,,,34.9
1048,node_8,,,,34.93333333333333
1049,node_8,,,,34.96666666666667
1050,node_8,,,,35.0
1051,node_8,,,,35.03333333333333
1052,node_8,,,,35.06666666666667
1053,node_8,,,,35.1
1054,node_8,,,,35.13333333333333
1055,node_8,,,,35.166666666666664
1056,node_8,,,,35.2
1057,node_8,,,,35.233333333333334
1058,node_8,,,,35.266666666666666
1059,node_8,,,,35.3
1060,node_8,,,,35.333333333333336
1061,node_8,,,,35.36666666666667
1062,node_8,,,,35.4
1063,node_8,,,,35.43333333333333
1064,node_8,,,,35.46666666666667
1065,node_8,,,,35.5
1066,node_8,,,,35.53333333333333
1067,node_8,,,,35.56666666666667
1068,node_8,,,,35.6
1069,node_8,,,,35.63333333333333
1070,node_8,,,,35.666666666666664
1071,node_8,,,,35.7
1072,node_8,,,,35.733333333333334
1073,node_8,,,,35.766666666666666
1074,node_8,,,,35.8
1075,node_8,,,,35.833333333333336
1076,node_8,,,,35.86666666666667
1077,node_8,,,,35.9
1078,node_8,,,,35.93333333333333
1079,node_8,,,,35.96666666666667
1080,node_8,,,,36.0
1081,node_8,,,,36.03333333333333
1082,node_8,,,,36.06666666666667
1083,node_8,,,,36.1
1084,node_8,,,,36.13333333333333
1085,node_8,,,,36.166666666666664
1086,node_8,,,,36.2
1087,node_8,,,,36.233333333333334
1088,node_8,,,,36.266666666666666
1089,node_8,,,,36.3
1090,node_8,,,,36.333333333333336
1091,node_8,,,,36.36666666666667
1092,node_8,,,,36.4
1093,node_8,,,,36.43333333333333
1094,node_8,,,,36.46666666666667
1095,node_8,,,,36.5
1096,node_8,,,,36.53333333333333
1097,node_8,,,,36.56666666666667
1098,node_8,,,,36.6
1099,node_8,,,,36.63333333333333
1100,node_8,,,,36.666666666666664
1101,node_8,,,,36.7
1102,node_8,,,,36.733333333333334
1103,node_8,,,,36.766666666666666
1104,node_8,,,,36.8
1105,node_8,,,,36.833333333333336
1106,node_8,,,,36.86666666666667
1107,node_8,,,,36.9
1108,node_8,,,,36.93333333333333
1109,node_8,,,,36.96666666666667
1110,node_8,,,,37.0
1111,node_8,,,,37.03333333333333
1112,node_8,,,,37.06666666666667
1113,node_8,,,,37.1
1114,node_8,,,,37.13333333333333
1115,node_8,,,,37.166666666666664
1116,node_8,,,,37.2
1117,node_8,,,,37.233333333333334
1118,node_8,,,,37.266666666666666
1119,node_8,,,,37.3
1120,node_8,,,,37.333333333333336
1121,node_8,,,,37.36666666666667
1122,node_8,,,,37.4
1123,node_8,,,,37.43333333333333
1124,node_8,,,,37.46666666666667
1125,node_8,,,,37.5
1126,node_8,,,,37.53333333333333
1127,node_8,,,,37.56666666666667
1128,node_8,,,,37.6
1129,node_8,,,,37.63333333333333
1130,node_8,,,,37.666666666666664
1131,node_8,,,,37.7
1132,node_8,,,,37.733333333333334
1133,node_8,,,,37.766666666666666
1134,node_8,,,,37.8
1135,node_8,,,,37.833333333333336
1136,node_8,,,,37.86666666666667
1137,node_8,,,,37.9
1138,node_8,,,,37.93333333333333
1139,node_8,,,,37.96666666666667
1140,node_8,,,,38.0
1141,node_8,,,,38.03333333333333
1142,node_8,,,,38.06666666666667
1143,node_8,,,,38.1
1144,node_8,,,,38.13333333333333
1145,node_8,,,,38.166666666666664
1146,node_8,,,,38.2
1147,node_8,,,,38.233333333333334
1148,node_8,,,,38.266666666666666
1149,node_8,,,,38.3
1150,node_8,,,,38.333333333333336
1151,node_8,,,,38.36666666666667
1152,node_8,,,,38.4
1153,node_8,,,,38.43333333333333
1154,node_8,,,,38.46666666666667
1155,node_8,,,,38.5
1156,node_8,,,,38.53333333333333
1157,node_8,,,,38.56666666666667
1158,node_8,,,,38.6
1159,node_8,,,,38.63333333333333
1160,node_8,,,,38.666666666666664
1161,node_8,,,,38.7
1162,node_8,,,,38.733333333333334
1163,node_8,,,,38.766666666666666
1164,node_8,,,,38.8
1165,node_8,,,,38.833333333333336
1166,node_8,,,,38.86666666666667
1167,node_8,,,,38.9
1168,node_8,,,,38.93333333333333
1169,node_8,,,,38.96666666666667
1170,node_8,,,,39.0
1171,node_8,,,,39.03333333333333
1172,node_8,,,,39.06666666666667
1173,node_8,,,,39.1
1174,node_8,,,,39.13333333333333
1175,node_8,,,,39.166666666666664
1176,node_8,,,,39.2
1177,node_8,,,,39.233333333333334
1178,node_8,,,,39.266666666666666
1179,node_8,,,,39.3
1180,node_8,,,,39.333333333333336
1181,node_8,,,,39.36666666666667
1182,node_8,,,,39.4
1183,node_8,,,,39.43333333333333
1184,node_8,,,,39.46666666666667
1185,node_8,,,,39.5
1186,node_8,,,,39.53333333333333
1187,node_8,,,,39.56666666666667
1188,node_8,,,,39.6
1189,node_8,,,,39.63333333333333
1190,node_8,,,,39.666666666666664
1191,node_8,,,,39.7
1192,node_8,,,,39.733333333333334
1193,node_8,,,,39.766666666666666
1194,node_8,,,,39.8
1195,node_8,,,,39.833333333333336
1196,node_8,,,,39.86666666666667
1197,node_8,,,,39.9
1198,node_8,,,,39.93333333333333
1199,node_8,,,,39.96666666666667
1200,node_8,,,,40.0
1201,node_8,,,,40.03333333333333
1202,node_8,,,,40.06666666666667
1203,node_8,,,,40.1
1204,node_8,,,,40.13333333333333
1205,node_8,,,,40.166666666666664
1206,node_8,,,,40.2
1207,node_8,,,,40.233333333333334
1208,node_8,,,,40.266666666666666
1209,node_8,,,,40.3
1210,node_8,,,,40.333333333333336
1211,node_8,,,,40.36666666666667
1212,node_8,,,,40.4
1213,node_8,,,,40.43333333333333
1214,node_8,,,,40.46666666666667
1215,node_8,,,,40.5
1216,node_8,,,,40.53333333333333
1217,node_8,,,,40.56666666666667
1218,node_8,,,,40.6
1219,node_8,,,,40.63333333333333
1220,node_8,,,,40.666666666666664
1221,node_8,,,,40.7
1222,node_8,,,,40.733333333333334
1223,node_8,,,,40.766666666666666
1224,node_8,,,,40.8
1225,node_8,,,,40.833333333333336
1226,node_8,,,,40.86666666666667
1227,node_8,,,,40.9
1228,node_8,,,,40.93333333333333
1229,node_8,,,,40.96666666666667
1230,node_8,,,,41.0
1231,node_8,,,,41.03333333333333
1232,node_8,,,,41.06666666666667
1233,node_8,,,,41.1
1234,node_8,,,,41.13333333333333
1235,node_8,,,,41.166666666666664
1236,node_8,,,,41.2
1237,node_8,,,,41.233333333333334
1238,node_8,,,,41.266666666666666
1239,node_8,,,,41.3
1240,node_8,,,,41.333333333333336
1241,node_8,,,,41.36666666666667
1242,node_8,,,,41.4
1243,node_8,,,,41.43333333333333
1244,node_8,,,,41.46666666666667
1245,node_8,,,,41.5
1246,node_8,,,,41.53333333333333
1247,node_8,,,,41.56666666666667
1248,node_8,,,,41.6
1249,node_8,,,,41.63333333333333
1250,node_8,,,,41.666666666666664
1251,node_8,,,,41.7
1252,node_8,,,,41.733333333333334
1253,node_8,,,,41.766666666666666
1254,node_8,,,,41.8
1255,node_8,,,,41.833333333333336
1256,node_8,,,,41.86666666666667
1257,node_8,,,,41.9
1258,node_8,,,,41.93333333333333
1259,node_8,,,,41.96666666666667
1260,node_8,,,,42.0
1261,node_8,,,,42.03333333333333
1262,node_8,,,,42.06666666666667
1263,node_8,,,,42.1
1264,node_8,,,,42.13333333333333
1265,node_8,,,,42.166666666666664
1266,node_8,,,,42.2
1267,node_8,,,,42.233333333333334
1268,node_8,,,,42.266666666666666
1269,node_8,,,,42.3
1270,node_8,,,,42.333333333333336
1271,node_8,,,,42.36666666666667
1272,node_8,,,,42.4
1273,node_8,,,,42.43333333333333
1274,node_8,,,,42.46666666666667
1275,node_8,,,,42.5
1276,node_8,,,,42.53333333333333
1277,node_8,,,,42.56666666666667
1278,node_8,,,,42.6
1279,node_8,,,,42.63333333333333
1280,node_8,,,,42.666666666666664
1281,node_8,,,,42.7
1282,node_8,,,,42.733333333333334
1283,node_8,,,,42.766666666666666
1284,node_8,,,,42.8
1285,node_8,,,,42.833333333333336
1286,node_8,,,,42.86666666666667
1287,node_8,,,,42.9
1288,node_8,,,,42.93333333333333
1289,node_8,,,,42.96666666666667
1290,node_8,,,,43.0
1291,node_8,,,,43.03333333333333
1292,node_8,,,,43.06666666666667
1293,node_8,,,,43.1
1294,node_8,,,,43.13333333333333
1295,node_8,,,,43.166666666666664
1296,node_8,,,,43.2
1297,node_8,,,,43.233333333333334
1298,node_8,,,,43.266666666666666
1299,node_8,,,,43.3
1300,node_8,,,,43.333333333333336
1301,node_8,,,,43.36666666666667
1302,node_8,,,,43.4
1303,node_8,,,,43.43333333333333
1304,node_8,,,,43.46666666666667
1305,node_8,,,,43.5
1306,node_8,,,,43.53333333333333
1307,node_8,,,,43.56666666666667
1308,node_8,,,,43.6
1309,node_8,,,,43.63333333333333
1310,node_8,,,,43.666666666666664
1311,node_8,,,,43.7
0,node_9,,,,0.0
1,node_9,,,,0.03333333333333333
2,node_9,,,,0.06666666666666667
3,node_9,,,,0.1
4,node_9,,,,0.13333333333333333
5,node_9,,,,0.16666666666666666
6,node_9,,,,0.2
7,node_9,,,,0.23333333333333334
8,node_9,,,,0.26666666666666666
9,node_9,,,,0.3
10,node_9,,,,0.3333333333333333
11,node_9,,,,0.36666666666666664
12,node_9,,,,0.4
13,node_9,,,,0.43333333333333335
14,node_9,,,,0.4666666666666667
15,node_9,,,,0.5
16,node_9,,,,0.5333333333333333
17,node_9,,,,0.5666666666666667
18,node_9,,,,0.6
19,node_9,,,,0.6333333333333333
20,node_9,,,,0.6666666666666666
21,node_9,,,,0.7
22,node_9,,,,0.7333333333333333
23,node_9,,,,0.7666666666666667
24,node_9,,,,0.8
25,node_9,,,,0.8333333333333334
26,node_9,,,,0.8666666666666667
27,node_9,,,,0.9
28,node_9,,,,0.9333333333333333
29,node_9,,,,0.9666666666666667
30,node_9,,,,1.0
31,node_9,,,,1.0333333333333334
32,node_9,,,,1.0666666666666667
33,node_9,,,,1.1
34,node_9,,,,1.1333333333333333
35,node_9,,,,1.1666666666666667
36,node_9,,,,1.2
37,node_9,,,,1.2333333333333334
38,node_9,,,,1.2666666666666666
39,node_9,,,,1.3
40,node_9,,,,1.3333333333333333
41,node_9,,,,1.3666666666666667
42,node_9,,,,1.4
43,node_9,,,,1.4333333333333333
44,node_9,,,,1.4666666666666666
45,node_9,,,,1.5
46,node_9,,,,1.5333333333333334
47,node_9,,,,1.5666666666666667
48,node_9,,,,1.6
49,node_9,,,,1.6333333333333333
50,node_9,,,,1.6666666666666667
51,node_9,,,,1.7
52,node_9,,,,1.7333333333333334
53,node_9,,,,1.7666666666666666
54,node_9,,,,1.8
55,node_9,,,,1.8333333333333333
56,node_9,,,,1.8666666666666667
57,node_9,,,,1.9
58,node_9,,,,1.9333333333333333
59,node_9,,,,1.9666666666666666
60,node_9,,,,2.0
61,node_9,,,,2.033333333333333
62,node_9,,,,2.066666666666667
63,node_9,,,,2.1
64,node_9,,,,2.1333333333333333
65,node_9,,,,2.1666666666666665
66,node_9,,,,2.2
67,node_9,,,,2.2333333333333334
68,node_9,,,,2.2666666666666666
69,node_9,,,,2.3
70,node_9,,,,2.3333333333333335
71,node_9,,,,2.3666666666666667
72,node_9,,,,2.4
73,node_9,,,,2.433333333333333
74,node_9,,,,2.466666666666667
75,node_9,,,,2.5
76,node_9,,,,2.533333333333333
77,node_9,,,,2.566666666666667
78,node_9,,,,2.6
79,node_9,,,,2.6333333333333333
80,node_9,,,,2.6666666666666665
81,node_9,,,,2.7
82,node_9,,,,2.7333333333333334
83,node_9,,,,2.7666666666666666
84,node_9,,,,2.8
85,node_9,,,,2.8333333333333335
86,node_9,,,,2.8666666666666667
87,node_9,,,,2.9
88,node_9,,,,2.933333333333333
89,node_9,,,,2.966666666666667
90,node_9,,,,3.0
91,node_9,,,,3.033333333333333
92,node_9,,,,3.066666666666667
93,node_9,,,,3.1
94,node_9,,,,3.1333333333333333
95,node_9,,,,3.1666666666666665
96,node_9,,,,3.2
97,node_9,,,,3.2333333333333334
98,node_9,,,,3.2666666666666666
99,node_9,,,,3.3
100,node_9,,,,3.3333333333333335
101,node_9,,,,3.3666666666666667
102,node_9,,,,3.4
103,node_9,,,,3.433333333333333
104,node_9,,,,3.466666666666667
105,node_9,,,,3.5
106,node_9,,,,3.533333333333333
107,node_9,,,,3.566666666666667
108,node_9,,,,3.6
109,node_9,,,,3.6333333333333333
110,node_9,,,,3.6666666666666665
111,node_9,,,,3.7
112,node_9,,,,3.7333333333333334
113,node_9,,,,3.7666666666666666
114,node_9,,,,3.8
115,node_9,,,,3.8333333333333335
116,node_9,,,,3.8666666666666667
117,node_9,,,,3.9
118,node_9,,,,3.933333333333333
119,node_9,,,,3.966666666666667
120,node_9,,,,4.0
121,node_9,,,,4.033333333333333
122,node_9,,,,4.066666666666666
123,node_9,,,,4.1
124,node_9,,,,4.133333333333334
125,node_9,,,,4.166666666666667
126,node_9,,,,4.2
127,node_9,,,,4.233333333333333
128,node_9,,,,4.266666666666667
129,node_9,,,,4.3
130,node_9,,,,4.333333333333333
131,node_9,,,,4.366666666666666
132,node_9,,,,4.4
133,node_9,,,,4.433333333333334
134,node_9,,,,4.466666666666667
135,node_9,,,,4.5
136,node_9,,,,4.533333333333333
137,node_9,,,,4.566666666666666
138,node_9,,,,4.6
139,node_9,,,,4.633333333333334
140,node_9,,,,4.666666666666667
141,node_9,,,,4.7
142,node_9,,,,4.733333333333333
143,node_9,,,,4.766666666666667
144,node_9,,,,4.8
145,node_9,,,,4.833333333333333
146,node_9,,,,4.866666666666666
147,node_9,,,,4.9
148,node_9,,,,4.933333333333334
149,node_9,,,,4.966666666666667
150,node_9,,,,5.0
151,node_9,,,,5.033333333333333
152,node_9,,,,5.066666666666666
153,node_9,,,,5.1
154,node_9,,,,5.133333333333334
155,node_9,,,,5.166666666666667
156,node_9,,,,5.2
157,node_9,,,,5.233333333333333
158,node_9,,,,5.266666666666667
159,node_9,,,,5.3
160,node_9,,,,5.333333333333333
161,node_9,,,,5.366666666666666
162,node_9,,,,5.4
163,node_9,,,,5.433333333333334
164,node_9,,,,5.466666666666667
165,node_9,,,,5.5
166,node_9,,,,5.533333333333333
167,node_9,,,,5.566666666666666
168,node_9,,,,5.6
169,node_9,,,,5.633333333333334
170,node_9,,,,5.666666666666667
171,node_9,,,,5.7
172,node_9,,,,5.733333333333333
173,node_9,,,,5.766666666666667
174,node_9,,,,5.8
175,node_9,,,,5.833333333333333
176,node_9,,,,5.866666666666666
177,node_9,,,,5.9
178,node_9,,,,5.933333333333334
179,node_9,,,,5.966666666666667
180,node_9,,,,6.0
181,node_9,,,,6.033333333333333
182,node_9,,,,6.066666666666666
183,node_9,,,,6.1
184,node_9,,,,6.133333333333334
185,node_9,,,,6.166666666666667
186,node_9,,,,6.2
187,node_9,,,,6.233333333333333
188,node_9,,,,6.266666666666667
189,node_9,,,,6.3
190,node_9,,,,6.333333333333333
191,node_9,,,,6.366666666666666
192,node_9,,,,6.4
193,node_9,,,,6.433333333333334
194,node_9,,,,6.466666666666667
195,node_9,,,,6.5
196,node_9,,,,6.533333333333333
197,node_9,,,,6.566666666666666
198,node_9,,,,6.6
199,node_9,,,,6.633333333333334
200,node_9,,,,6.666666666666667
201,node_9,,,,6.7
202,node_9,,,,6.733333333333333
203,node_9,,,,6.766666666666667
204,node_9,,,,6.8
205,node_9,,,,6.833333333333333
206,node_9,,,,6.866666666666666
207,node_9,,,,6.9
208,node_9,,,,6.933333333333334
209,node_9,,,,6.966666666666667
210,node_9,,,,7.0
211,node_9,,,,7.033333333333333
212,node_9,,,,7.066666666666666
213,node_9,,,,7.1
214,node_9,,,,7.133333333333334
215,node_9,,,,7.166666666666667
216,node_9,,,,7.2
217,node_9,,,,7.233333333333333
218,node_9,,,,7.266666666666667
219,node_9,,,,7.3
220,node_9,,,,7.333333333333333
221,node_9,,,,7.366666666666666
222,node_9,,,,7.4
223,node_9,,,,7.433333333333334
224,node_9,,,,7.466666666666667
225,node_9,,,,7.5
226,node_9,,,,7.533333333333333
227,node_9,,,,7.566666666666666
228,node_9,,,,7.6
229,node_9,,,,7.633333333333334
230,node_9,,,,7.666666666666667
231,node_9,,,,7.7
232,node_9,,,,7.733333333333333
233,node_9,,,,7.766666666666667
234,node_9,,,,7.8
235,node_9,,,,7.833333333333333
236,node_9,,,,7.866666666666666
237,node_9,,,,7.9
238,node_9,,,,7.933333333333334
239,node_9,,,,7.966666666666667
240,node_9,,,,8.0
241,node_9,,,,8.033333333333333
242,node_9,,,,8.066666666666666
243,node_9,,,,8.1
244,node_9,,,,8.133333333333333
245,node_9,,,,8.166666666666666
246,node_9,,,,8.2
247,node_9,,,,8.233333333333333
248,node_9,,,,8.266666666666667
249,node_9,,,,8.3
250,node_9,,,,8.333333333333334
251,node_9,,,,8.366666666666667
252,node_9,,,,8.4
253,node_9,,,,8.433333333333334
254,node_9,,,,8.466666666666667
255,node_9,,,,8.5
256,node_9,,,,8.533333333333333
257,node_9,,,,8.566666666666666
258,node_9,,,,8.6
259,node_9,,,,8.633333333333333
260,node_9,,,,8.666666666666666
261,node_9,,,,8.7
262,node_9,,,,8.733333333333333
263,node_9,,,,8.766666666666667
264,node_9,,,,8.8
265,node_9,,,,8.833333333333334
266,node_9,,,,8.866666666666667
267,node_9,,,,8.9
268,node_9,,,,8.933333333333334
269,node_9,,,,8.966666666666667
270,node_9,,,,9.0
271,node_9,,,,9.033333333333333
272,node_9,,,,9.066666666666666
273,node_9,,,,9.1
274,node_9,,,,9.133333333333333
275,node_9,,,,9.166666666666666
276,node_9,,,,9.2
277,node_9,,,,9.233333333333333
278,node_9,,,,9.266666666666667
279,node_9,,,,9.3
280,node_9,,,,9.333333333333334
281,node_9,,,,9.366666666666667
282,node_9,,,,9.4
283,node_9,,,,9.433333333333334
284,node_9,,,,9.466666666666667
285,node_9,,,,9.5
286,node_9,,,,9.533333333333333
287,node_9,,,,9.566666666666666
288,node_9,,,,9.6
289,node_9,,,,9.633333333333333
290,node_9,,,,9.666666666666666
291,node_9,,,,9.7
292,node_9,,,,9.733333333333333
293,node_9,,,,9.766666666666667
294,node_9,,,,9.8
295,node_9,,,,9.833333333333334
296,node_9,,,,9.866666666666667
297,node_9,,,,9.9
298,node_9,,,,9.933333333333334
299,node_9,,,,9.966666666666667
300,node_9,,,,10.0
301,node_9,,,,10.033333333333333
302,node_9,,,,10.066666666666666
303,node_9,,,,10.1
304,node_9,,,,10.133333333333333
305,node_9,,,,10.166666666666666
306,node_9,,,,10.2
307,node_9,,,,10.233333333333333
308,node_9,,,,10.266666666666667
309,node_9,,,,10.3
310,node_9,,,,10.333333333333334
311,node_9,,,,10.366666666666667
312,node_9,,,,10.4
313,node_9,,,,10.433333333333334
314,node_9,,,,10.466666666666667
315,node_9,,,,10.5
316,node_9,,,,10.533333333333333
317,node_9,,,,10.566666666666666
318,node_9,,,,10.6
319,node_9,,,,10.633333333333333
320,node_9,,,,10.666666666666666
321,node_9,,,,10.7
322,node_9,,,,10.733333333333333
323,node_9,,,,10.766666666666667
324,node_9,,,,10.8
325,node_9,,,,10.833333333333334
326,node_9,,,,10.866666666666667
327,node_9,,,,10.9
328,node_9,,,,10.933333333333334
329,node_9,,,,10.966666666666667
330,node_9,,,,11.0
331,node_9,,,,11.033333333333333
332,node_9,,,,11.066666666666666
333,node_9,,,,11.1
334,node_9,,,,11.133333333333333
335,node_9,,,,11.166666666666666
336,node_9,,,,11.2
337,node_9,,,,11.233333333333333
338,node_9,,,,11.266666666666667
339,node_9,,,,11.3
340,node_9,,,,11.333333333333334
341,node_9,,,,11.366666666666667
342,node_9,,,,11.4
343,node_9,,,,11.433333333333334
344,node_9,,,,11.466666666666667
345,node_9,,,,11.5
346,node_9,,,,11.533333333333333
347,node_9,,,,11.566666666666666
348,node_9,,,,11.6
349,node_9,,,,11.633333333333333
350,node_9,,,,11.666666666666666
351,node_9,,,,11.7
352,node_9,,,,11.733333333333333
353,node_9,,,,11.766666666666667
354,node_9,,,,11.8
355,node_9,,,,11.833333333333334
356,node_9,,,,11.866666666666667
357,node_9,,,,11.9
358,node_9,,,,11.933333333333334
359,node_9,,,,11.966666666666667
360,node_9,,,,12.0
361,node_9,,,,12.033333333333333
362,node_9,,,,12.066666666666666
363,node_9,,,,12.1
364,node_9,,,,12.133333333333333
365,node_9,,,,12.166666666666666
366,node_9,,,,12.2
367,node_9,,,,12.233333333333333
368,node_9,,,,12.266666666666667
369,node_9,,,,12.3
370,node_9,,,,12.333333333333334
371,node_9,,,,12.366666666666667
372,node_9,,,,12.4
373,node_9,,,,12.433333333333334
374,node_9,,,,12.466666666666667
375,node_9,,,,12.5
376,node_9,,,,12.533333333333333
377,node_9,,,,12.566666666666666
378,node_9,,,,12.6
379,node_9,,,,12.633333333333333
380,node_9,,,,12.666666666666666
381,node_9,,,,12.7
382,node_9,,,,12.733333333333333
383,node_9,,,,12.766666666666667
384,node_9,,,,12.8
385,node_9,,,,12.833333333333334
386,node_9,,,,12.866666666666667
387,node_9,,,,12.9
388,node_9,,,,12.933333333333334
389,node_9,,,,12.966666666666667
390,node_9,,,,13.0
391,node_9,,,,13.033333333333333
392,node_9,,,,13.066666666666666
393,node_9,,,,13.1
394,node_9,,,,13.133333333333333
395,node_9,,,,13.166666666666666
396,node_9,,,,13.2
397,node_9,,,,13.233333333333333
398,node_9,,,,13.266666666666667
399,node_9,,,,13.3
400,node_9,,,,13.333333333333334
401,node_9,,,,13.366666666666667
402,node_9,,,,13.4
403,node_9,,,,13.433333333333334
404,node_9,,,,13.466666666666667
405,node_9,,,,13.5
406,node_9,,,,13.533333333333333
407,node_9,,,,13.566666666666666
408,node_9,,,,13.6
409,node_9,,,,13.633333333333333
410,node_9,,,,13.666666666666666
411,node_9,,,,13.7
412,node_9,,,,13.733333333333333
413,node_9,,,,13.766666666666667
414,node_9,,,,13.8
415,node_9,,,,13.833333333333334
416,node_9,,,,13.866666666666667
417,node_9,,,,13.9
418,node_9,,,,13.933333333333334
419,node_9,,,,13.966666666666667
420,node_9,,,,14.0
421,node_9,,,,14.033333333333333
422,node_9,,,,14.066666666666666
423,node_9,,,,14.1
424,node_9,,,,14.133333333333333
425,node_9,,,,14.166666666666666
426,node_9,,,,14.2
427,node_9,,,,14.233333333333333
428,node_9,,,,14.266666666666667
429,node_9,,,,14.3
430,node_9,,,,14.333333333333334
431,node_9,,,,14.366666666666667
432,node_9,,,,14.4
433,node_9,,,,14.433333333333334
434,node_9,,,,14.466666666666667
435,node_9,,,,14.5
436,node_9,,,,14.533333333333333
437,node_9,,,,14.566666666666666
438,node_9,,,,14.6
439,node_9,,,,14.633333333333333
440,node_9,,,,14.666666666666666
441,node_9,,,,14.7
442,node_9,,,,14.733333333333333
443,node_9,,,,14.766666666666667
444,node_9,,,,14.8
445,node_9,,,,14.833333333333334
446,node_9,,,,14.866666666666667
447,node_9,,,,14.9
448,node_9,,,,14.933333333333334
449,node_9,,,,14.966666666666667
450,node_9,,,,15.0
451,node_9,,,,15.033333333333333
452,node_9,,,,15.066666666666666
453,node_9,,,,15.1
454,node_9,,,,15.133333333333333
455,node_9,,,,15.166666666666666
456,node_9,,,,15.2
457,node_9,,,,15.233333333333333
458,node_9,,,,15.266666666666667
459,node_9,,,,15.3
460,node_9,,,,15.333333333333334
461,node_9,,,,15.366666666666667
462,node_9,,,,15.4
463,node_9,,,,15.433333333333334
464,node_9,,,,15.466666666666667
465,node_9,,,,15.5
466,node_9,,,,15.533333333333333
467,node_9,,,,15.566666666666666
468,node_9,,,,15.6
469,node_9,,,,15.633333333333333
470,node_9,,,,15.666666666666666
471,node_9,,,,15.7
472,node_9,,,,15.733333333333333
473,node_9,,,,15.766666666666667
474,node_9,,,,15.8
475,node_9,,,,15.833333333333334
476,node_9,,,,15.866666666666667
477,node_9,,,,15.9
478,node_9,,,,15.933333333333334
479,node_9,,,,15.966666666666667
480,node_9,,,,16.0
481,node_9,,,,16.033333333333335
482,node_9,,,,16.066666666666666
483,node_9,,,,16.1
484,node_9,,,,16.133333333333333
485,node_9,,,,16.166666666666668
486,node_9,,,,16.2
487,node_9,,,,16.233333333333334
488,node_9,,,,16.266666666666666
489,node_9,,,,16.3
490,node_9,,,,16.333333333333332
491,node_9,,,,16.366666666666667
492,node_9,,,,16.4
493,node_9,,,,16.433333333333334
494,node_9,,,,16.466666666666665
495,node_9,,,,16.5
496,node_9,,,,16.533333333333335
497,node_9,,,,16.566666666666666
498,node_9,,,,16.6
499,node_9,,,,16.633333333333333
500,node_9,,,,16.666666666666668
501,node_9,,,,16.7
502,node_9,,,,16.733333333333334
503,node_9,,,,16.766666666666666
504,node_9,,,,16.8
505,node_9,,,,16.833333333333332
506,node_9,,,,16.866666666666667
507,node_9,,,,16.9
508,node_9,,,,16.933333333333334
509,node_9,,,,16.966666666666665
510,node_9,,,,17.0
511,node_9,,,,17.033333333333335
512,node_9,,,,17.066666666666666
513,node_9,,,,17.1
514,node_9,,,,17.133333333333333
515,node_9,,,,17.166666666666668
516,node_9,,,,17.2
517,node_9,,,,17.233333333333334
518,node_9,,,,17.266666666666666
519,node_9,,,,17.3
520,node_9,,,,17.333333333333332
521,node_9,,,,17.366666666666667
522,node_9,,,,17.4
523,node_9,,,,17.433333333333334
524,node_9,,,,17.466666666666665
525,node_9,,,,17.5
526,node_9,,,,17.533333333333335
527,node_9,,,,17.566666666666666
528,node_9,,,,17.6
529,node_9,,,,17.633333333333333
530,node_9,,,,17.666666666666668
531,node_9,,,,17.7
532,node_9,,,,17.733333333333334
533,node_9,,,,17.766666666666666
534,node_9,,,,17.8
535,node_9,,,,17.833333333333332
536,node_9,,,,17.866666666666667
537,node_9,,,,17.9
538,node_9,,,,17.933333333333334
539,node_9,,,,17.966666666666665
540,node_9,,,,18.0
541,node_9,,,,18.033333333333335
542,node_9,,,,18.066666666666666
543,node_9,,,,18.1
544,node_9,,,,18.133333333333333
545,node_9,,,,18.166666666666668
546,node_9,,,,18.2
547,node_9,,,,18.233333333333334
548,node_9,,,,18.266666666666666
549,node_9,,,,18.3
550,node_9,,,,18.333333333333332
551,node_9,,,,18.366666666666667
552,node_9,,,,18.4
553,node_9,,,,18.433333333333334
554,node_9,,,,18.466666666666665
555,node_9,,,,18.5
556,node_9,,,,18.533333333333335
557,node_9,,,,18.566666666666666
558,node_9,,,,18.6
559,node_9,,,,18.633333333333333
560,node_9,,,,18.666666666666668
561,node_9,,,,18.7
562,node_9,,,,18.733333333333334
563,node_9,,,,18.766666666666666
564,node_9,,,,18.8
565,node_9,,,,18.833333333333332
566,node_9,,,,18.866666666666667
567,node_9,,,,18.9
568,node_9,,,,18.933333333333334
569,node_9,,,,18.966666666666665
570,node_9,,,,19.0
571,node_9,,,,19.033333333333335
572,node_9,,,,19.066666666666666
573,node_9,,,,19.1
574,node_9,,,,19.133333333333333
575,node_9,,,,19.166666666666668
576,node_9,,,,19.2
577,node_9,,,,19.233333333333334
578,node_9,,,,19.266666666666666
579,node_9,,,,19.3
580,node_9,,,,19.333333333333332
581,node_9,,,,19.366666666666667
582,node_9,,,,19.4
583,node_9,,,,19.433333333333334
584,node_9,,,,19.466666666666665
585,node_9,,,,19.5
586,node_9,,,,19.533333333333335
587,node_9,,,,19.566666666666666
588,node_9,,,,19.6
589,node_9,,,,19.633333333333333
590,node_9,,,,19.666666666666668
591,node_9,,,,19.7
592,node_9,,,,19.733333333333334
593,node_9,,,,19.766666666666666
594,node_9,,,,19.8
595,node_9,,,,19.833333333333332
596,node_9,,,,19.866666666666667
597,node_9,,,,19.9
598,node_9,,,,19.933333333333334
599,node_9,,,,19.966666666666665
600,node_9,,,,20.0
601,node_9,,,,20.033333333333335
602,node_9,,,,20.066666666666666
603,node_9,,,,20.1
604,node_9,,,,20.133333333333333
605,node_9,,,,20.166666666666668
606,node_9,,,,20.2
607,node_9,,,,20.233333333333334
608,node_9,,,,20.266666666666666
609,node_9,,,,20.3
610,node_9,,,,20.333333333333332
611,node_9,,,,20.366666666666667
612,node_9,,,,20.4
613,node_9,,,,20.433333333333334
614,node_9,,,,20.466666666666665
615,node_9,,,,20.5
616,node_9,,,,20.533333333333335
617,node_9,,,,20.566666666666666
618,node_9,,,,20.6
619,node_9,,,,20.633333333333333
620,node_9,,,,20.666666666666668
621,node_9,,,,20.7
622,node_9,,,,20.733333333333334
623,node_9,,,,20.766666666666666
624,node_9,,,,20.8
625,node_9,,,,20.833333333333332
626,node_9,,,,20.866666666666667
627,node_9,,,,20.9
628,node_9,,,,20.933333333333334
629,node_9,,,,20.966666666666665
630,node_9,,,,21.0
631,node_9,,,,21.033333333333335
632,node_9,,,,21.066666666666666
633,node_9,,,,21.1
634,node_9,,,,21.133333333333333
635,node_9,,,,21.166666666666668
636,node_9,,,,21.2
637,node_9,,,,21.233333333333334
638,node_9,,,,21.266666666666666
639,node_9,,,,21.3
640,node_9,,,,21.333333333333332
641,node_9,,,,21.366666666666667
642,node_9,,,,21.4
643,node_9,,,,21.433333333333334
644,node_9,,,,21.466666666666665
645,node_9,,,,21.5
646,node_9,,,,21.533333333333335
647,node_9,,,,21.566666666666666
648,node_9,,,,21.6
649,node_9,,,,21.633333333333333
650,node_9,,,,21.666666666666668
651,node_9,,,,21.7
652,node_9,,,,21.733333333333334
653,node_9,,,,21.766666666666666
654,node_9,,,,21.8
655,node_9,,,,21.833333333333332
656,node_9,,,,21.866666666666667
657,node_9,,,,21.9
658,node_9,,,,21.933333333333334
659,node_9,,,,21.966666666666665
660,node_9,,,,22.0
661,node_9,,,,22.033333333333335
662,node_9,,,,22.066666666666666
663,node_9,,,,22.1
664,node_9,,,,22.133333333333333
665,node_9,,,,22.166666666666668
666,node_9,,,,22.2
667,node_9,,,,22.233333333333334
668,node_9,,,,22.266666666666666
669,node_9,,,,22.3
670,node_9,,,,22.333333333333332
671,node_9,,,,22.366666666666667
672,node_9,,,,22.4
673,node_9,,,,22.433333333333334
674,node_9,,,,22.466666666666665
675,node_9,,,,22.5
676,node_9,,,,22.533333333333335
677,node_9,,,,22.566666666666666
678,node_9,,,,22.6
679,node_9,,,,22.633333333333333
680,node_9,,,,22.666666666666668
681,node_9,,,,22.7
682,node_9,,,,22.733333333333334
683,node_9,,,,22.766666666666666
684,node_9,,,,22.8
685,node_9,,,,22.833333333333332
686,node_9,,,,22.866666666666667
687,node_9,,,,22.9
688,node_9,,,,22.933333333333334
689,node_9,,,,22.966666666666665
690,node_9,,,,23.0
691,node_9,,,,23.033333333333335
692,node_9,,,,23.066666666666666
693,node_9,,,,23.1
694,node_9,,,,23.133333333333333
695,node_9,,,,23.166666666666668
696,node_9,,,,23.2
697,node_9,,,,23.233333333333334
698,node_9,,,,23.266666666666666
699,node_9,,,,23.3
700,node_9,,,,23.333333333333332
701,node_9,,,,23.366666666666667
702,node_9,,,,23.4
703,node_9,,,,23.433333333333334
704,node_9,,,,23.466666666666665
705,node_9,,,,23.5
706,node_9,,,,23.533333333333335
707,node_9,,,,23.566666666666666
708,node_9,,,,23.6
709,node_9,,,,23.633333333333333
710,node_9,,,,23.666666666666668
711,node_9,,,,23.7
712,node_9,,,,23.733333333333334
713,node_9,,,,23.766666666666666
714,node_9,,,,23.8
715,node_9,,,,23.833333333333332
716,node_9,,,,23.866666666666667
717,node_9,,,,23.9
718,node_9,,,,23.933333333333334
719,node_9,,,,23.966666666666665
720,node_9,,,,24.0
721,node_9,,,,24.033333333333335
722,node_9,,,,24.066666666666666
723,node_9,,,,24.1
724,node_9,,,,24.133333333333333
725,node_9,,,,24.166666666666668
726,node_9,,,,24.2
727,node_9,,,,24.233333333333334
728,node_9,,,,24.266666666666666
729,node_9,,,,24.3
730,node_9,,,,24.333333333333332
731,node_9,,,,24.366666666666667
732,node_9,,,,24.4
733,node_9,,,,24.433333333333334
734,node_9,,,,24.466666666666665
735,node_9,,,,24.5
736,node_9,,,,24.533333333333335
737,node_9,,,,24.566666666666666
738,node_9,,,,24.6
739,node_9,,,,24.633333333333333
740,node_9,,,,24.666666666666668
741,node_9,,,,24.7
742,node_9,,,,24.733333333333334
743,node_9,,,,24.766666666666666
744,node_9,,,,24.8
745,node_9,,,,24.833333333333332
746,node_9,,,,24.866666666666667
747,node_9,,,,24.9
748,node_9,,,,24.933333333333334
749,node_9,,,,24.966666666666665
750,node_9,,,,25.0
751,node_9,,,,25.033333333333335
752,node_9,,,,25.066666666666666
753,node_9,,,,25.1
754,node_9,,,,25.133333333333333
755,node_9,,,,25.166666666666668
756,node_9,,,,25.2
757,node_9,,,,25.233333333333334
758,node_9,,,,25.266666666666666
759,node_9,,,,25.3
760,node_9,,,,25.333333333333332
761,node_9,,,,25.366666666666667
762,node_9,,,,25.4
763,node_9,,,,25.433333333333334
764,node_9,,,,25.466666666666665
765,node_9,,,,25.5
766,node_9,,,,25.533333333333335
767,node_9,,,,25.566666666666666
768,node_9,,,,25.6
769,node_9,,,,25.633333333333333
770,node_9,,,,25.666666666666668
771,node_9,,,,25.7
772,node_9,,,,25.733333333333334
773,node_9,,,,25.766666666666666
774,node_9,,,,25.8
775,node_9,,,,25.833333333333332
776,node_9,,,,25.866666666666667
777,node_9,,,,25.9
778,node_9,,,,25.933333333333334
779,node_9,,,,25.966666666666665
780,node_9,,,,26.0
781,node_9,,,,26.033333333333335
782,node_9,,,,26.066666666666666
783,node_9,,,,26.1
784,node_9,,,,26.133333333333333
785,node_9,,,,26.166666666666668
786,node_9,,,,26.2
787,node_9,,,,26.233333333333334
788,node_9,,,,26.266666666666666
789,node_9,,,,26.3
790,node_9,,,,26.333333333333332
791,node_9,,,,26.366666666666667
792,node_9,,,,26.4
793,node_9,,,,26.433333333333334
794,node_9,,,,26.466666666666665
795,node_9,,,,26.5
796,node_9,,,,26.533333333333335
797,node_9,,,,26.566666666666666
798,node_9,,,,26.6
799,node_9,,,,26.633333333333333
800,node_9,,,,26.666666666666668
801,node_9,,,,26.7
802,node_9,,,,26.733333333333334
803,node_9,,,,26.766666666666666
804,node_9,,,,26.8
805,node_9,,,,26.833333333333332
806,node_9,,,,26.866666666666667
807,node_9,,,,26.9
808,node_9,,,,26.933333333333334
809,node_9,,,,26.966666666666665
810,node_9,,,,27.0
811,node_9,,,,27.033333333333335
812,node_9,,,,27.066666666666666
813,node_9,,,,27.1
814,node_9,,,,27.133333333333333
815,node_9,,,,27.166666666666668
816,node_9,,,,27.2
817,node_9,,,,27.233333333333334
818,node_9,,,,27.266666666666666
819,node_9,,,,27.3
820,node_9,,,,27.333333333333332
821,node_9,,,,27.366666666666667
822,node_9,,,,27.4
823,node_9,,,,27.433333333333334
824,node_9,,,,27.466666666666665
825,node_9,,,,27.5
826,node_9,,,,27.533333333333335
827,node_9,,,,27.566666666666666
828,node_9,,,,27.6
829,node_9,,,,27.633333333333333
830,node_9,,,,27.666666666666668
831,node_9,,,,27.7
832,node_9,,,,27.733333333333334
833,node_9,,,,27.766666666666666
834,node_9,,,,27.8
835,node_9,,,,27.833333333333332
836,node_9,,,,27.866666666666667
837,node_9,,,,27.9
838,node_9,,,,27.933333333333334
839,node_9,,,,27.966666666666665
840,node_9,,,,28.0
841,node_9,,,,28.033333333333335
842,node_9,,,,28.066666666666666
843,node_9,,,,28.1
844,node_9,,,,28.133333333333333
845,node_9,,,,28.166666666666668
846,node_9,,,,28.2
847,node_9,,,,28.233333333333334
848,node_9,,,,28.266666666666666
849,node_9,,,,28.3
850,node_9,,,,28.333333333333332
851,node_9,,,,28.366666666666667
852,node_9,,,,28.4
853,node_9,,,,28.433333333333334
854,node_9,,,,28.466666666666665
855,node_9,,,,28.5
856,node_9,,,,28.533333333333335
857,node_9,,,,28.566666666666666
858,node_9,,,,28.6
859,node_9,,,,28.633333333333333
860,node_9,,,,28.666666666666668
861,node_9,,,,28.7
862,node_9,,,,28.733333333333334
863,node_9,,,,28.766666666666666
864,node_9,,,,28.8
865,node_9,,,,28.833333333333332
866,node_9,,,,28.866666666666667
867,node_9,,,,28.9
868,node_9,,,,28.933333333333334
869,node_9,,,,28.966666666666665
870,node_9,,,,29.0
871,node_9,,,,29.033333333333335
872,node_9,,,,29.066666666666666
873,node_9,,,,29.1
874,node_9,,,,29.133333333333333
875,node_9,,,,29.166666666666668
876,node_9,,,,29.2
877,node_9,,,,29.233333333333334
878,node_9,,,,29.266666666666666
879,node_9,,,,29.3
880,node_9,,,,29.333333333333332
881,node_9,,,,29.366666666666667
882,node_9,,,,29.4
883,node_9,,,,29.433333333333334
884,node_9,,,,29.466666666666665
885,node_9,,,,29.5
886,node_9,,,,29.533333333333335
887,node_9,,,,29.566666666666666
888,node_9,,,,29.6
889,node_9,,,,29.633333333333333
890,node_9,,,,29.666666666666668
891,node_9,,,,29.7
892,node_9,,,,29.733333333333334
893,node_9,,,,29.766666666666666
894,node_9,,,,29.8
895,node_9,,,,29.833333333333332
896,node_9,,,,29.866666666666667
897,node_9,,,,29.9
898,node_9,,,,29.933333333333334
899,node_9,,,,29.966666666666665
900,node_9,,,,30.0
901,node_9,,,,30.033333333333335
902,node_9,,,,30.066666666666666
903,node_9,,,,30.1
904,node_9,,,,30.133333333333333
905,node_9,,,,30.166666666666668
906,node_9,,,,30.2
907,node_9,,,,30.233333333333334
908,node_9,,,,30.266666666666666
909,node_9,,,,30.3
910,node_9,,,,30.333333333333332
911,node_9,,,,30.366666666666667
912,node_9,,,,30.4
913,node_9,,,,30.433333333333334
914,node_9,,,,30.466666666666665
915,node_9,,,,30.5
916,node_9,,,,30.533333333333335
917,node_9,,,,30.566666666666666
918,node_9,,,,30.6
919,node_9,,,,30.633333333333333
920,node_9,,,,30.666666666666668
921,node_9,,,,30.7
922,node_9,,,,30.733333333333334
923,node_9,,,,30.766666666666666
924,node_9,,,,30.8
925,node_9,,,,30.833333333333332
926,node_9,,,,30.866666666666667
927,node_9,,,,30.9
928,node_9,,,,30.933333333333334
929,node_9,,,,30.966666666666665
930,node_9,,,,31.0
931,node_9,,,,31.033333333333335
932,node_9,,,,31.066666666666666
933,node_9,,,,31.1
934,node_9,,,,31.133333333333333
935,node_9,,,,31.166666666666668
936,node_9,,,,31.2
937,node_9,,,,31.233333333333334
938,node_9,,,,31.266666666666666
939,node_9,,,,31.3
940,node_9,,,,31.333333333333332
941,node_9,,,,31.366666666666667
942,node_9,,,,31.4
943,node_9,,,,31.433333333333334
944,node_9,,,,31.466666666666665
945,node_9,,,,31.5
946,node_9,,,,31.533333333333335
947,node_9,,,,31.566666666666666
948,node_9,,,,31.6
949,node_9,,,,31.633333333333333
950,node_9,,,,31.666666666666668
951,node_9,,,,31.7
952,node_9,,,,31.733333333333334
953,node_9,,,,31.766666666666666
954,node_9,,,,31.8
955,node_9,,,,31.833333333333332
956,node_9,,,,31.866666666666667
957,node_9,,,,31.9
958,node_9,,,,31.933333333333334
959,node_9,,,,31.966666666666665
960,node_9,,,,32.0
961,node_9,,,,32.03333333333333
962,node_9,,,,32.06666666666667
963,node_9,,,,32.1
964,node_9,,,,32.13333333333333
965,node_9,,,,32.166666666666664
966,node_9,,,,32.2
967,node_9,,,,32.233333333333334
968,node_9,,,,32.266666666666666
969,node_9,,,,32.3
970,node_9,,,,32.333333333333336
971,node_9,,,,32.36666666666667
972,node_9,,,,32.4
973,node_9,,,,32.43333333333333
974,node_9,,,,32.46666666666667
975,node_9,,,,32.5
976,node_9,,,,32.53333333333333
977,node_9,,,,32.56666666666667
978,node_9,,,,32.6
979,node_9,,,,32.63333333333333
980,node_9,,,,32.666666666666664
981,node_9,,,,32.7
982,node_9,,,,32.733333333333334
983,node_9,,,,32.766666666666666
984,node_9,,,,32.8
985,node_9,,,,32.833333333333336
986,node_9,,,,32.86666666666667
987,node_9,,,,32.9
988,node_9,,,,32.93333333333333
989,node_9,,,,32.96666666666667
990,node_9,,,,33.0
991,node_9,,,,33.03333333333333
992,node_9,,,,33.06666666666667
993,node_9,,,,33.1
994,node_9,,,,33.13333333333333
995,node_9,,,,33.166666666666664
996,node_9,,,,33.2
997,node_9,,,,33.233333333333334
998,node_9,,,,33.266666666666666
999,node_9,,,,33.3
1000,node_9,,,,33.333333333333336
1001,node_9,,,,33.36666666666667
1002,node_9,,,,33.4
1003,node_9,,,,33.43333333333333
1004,node_9,,,,33.46666666666667
1005,node_9,,,,33.5
1006,node_9,,,,33.53333333333333
1007,node_9,,,,33.56666666666667
1008,node_9,,,,33.6
1009,node_9,,,,33.63333333333333
1010,node_9,,,,33.666666666666664
1011,node_9,,,,33.7
1012,node_9,,,,33.733333333333334
1013,node_9,,,,33.766666666666666
1014,node_9,,,,33.8
1015,node_9,,,,33.833333333333336
1016,node_9,,,,33.86666666666667
1017,node_9,,,,33.9
1018,node_9,,,,33.93333333333333
1019,node_9,,,,33.96666666666667
1020,node_9,,,,34.0
1021,node_9,,,,34.03333333333333
1022,node_9,,,,34.06666666666667
1023,node_9,,,,34.1
1024,node_9,,,,34.13333333333333
1025,node_9,,,,34.166666666666664
1026,node_9,,,,34.2
1027,node_9,,,,34.233333333333334
1028,node_9,,,,34.266666666666666
1029,node_9,,,,34.3
1030,node_9,,,,34.333333333333336
1031,node_9,,,,34.36666666666667
1032,node_9,,,,34.4
1033,node_9,,,,34.43333333333333
1034,node_9,,,,34.46666666666667
1035,node_9,,,,34.5
1036,node_9,,,,34.53333333333333
1037,node_9,,,,34.56666666666667
1038,node_9,,,,34.6
1039,node_9,,,,34.63333333333333
1040,node_9,,,,34.666666666666664
1041,node_9,,,,34.7
1042,node_9,,,,34.733333333333334
1043,node_9,,,,34.766666666666666
1044,node_9,,,,34.8
1045,node_9,,,,34.833333333333336
1046,node_9,,,,34.86666666666667
1047,node_9,,,,34.9
1048,node_9,,,,34.93333333333333
1049,node_9,,,,34.96666666666667
1050,node_9,,,,35.0
1051,node_9,,,,35.03333333333333
1052,node_9,,,,35.06666666666667
1053,node_9,,,,35.1
1054,node_9,,,,35.13333333333333
1055,node_9,,,,35.166666666666664
1056,node_9,,,,35.2
1057,node_9,,,,35.233333333333334
1058,node_9,,,,35.266666666666666
1059,node_9,,,,35.3
1060,node_9,,,,35.333333333333336
1061,node_9,,,,35.36666666666667
1062,node_9,,,,35.4
1063,node_9,,,,35.43333333333333
1064,node_9,,,,35.46666666666667
1065,node_9,,,,35.5
1066,node_9,,,,35.53333333333333
1067,node_9,,,,35.56666666666667
1068,node_9,,,,35.6
1069,node_9,,,,35.63333333333333
1070,node_9,,,,35.666666666666664
1071,node_9,,,,35.7
1072,node_9,,,,35.733333333333334
1073,node_9,,,,35.766666666666666
1074,node_9,,,,35.8
1075,node_9,,,,35.833333333333336
1076,node_9,,,,35.86666666666667
1077,node_9,,,,35.9
1078,node_9,,,,35.93333333333333
1079,node_9,,,,35.96666666666667
1080,node_9,,,,36.0
1081,node_9,,,,36.03333333333333
1082,node_9,,,,36.06666666666667
1083,node_9,,,,36.1
1084,node_9,,,,36.13333333333333
1085,node_9,,,,36.166666666666664
1086,node_9,,,,36.2
1087,node_9,,,,36.233333333333334
1088,node_9,,,,36.266666666666666
1089,node_9,,,,36.3
1090,node_9,,,,36.333333333333336
1091,node_9,,,,36.36666666666667
1092,node_9,,,,36.4
1093,node_9,,,,36.43333333333333
1094,node_9,,,,36.46666666666667
1095,node_9,,,,36.5
1096,node_9,,,,36.53333333333333
1097,node_9,,,,36.56666666666667
1098,node_9,,,,36.6
1099,node_9,,,,36.63333333333333
1100,node_9,,,,36.666666666666664
1101,node_9,,,,36.7
1102,node_9,,,,36.733333333333334
1103,node_9,,,,36.766666666666666
1104,node_9,,,,36.8
1105,node_9,,,,36.833333333333336
1106,node_9,,,,36.86666666666667
1107,node_9,,,,36.9
1108,node_9,,,,36.93333333333333
1109,node_9,,,,36.96666666666667
1110,node_9,,,,37.0
1111,node_9,,,,37.03333333333333
1112,node_9,,,,37.06666666666667
1113,node_9,,,,37.1
1114,node_9,,,,37.13333333333333
1115,node_9,,,,37.166666666666664
1116,node_9,,,,37.2
1117,node_9,,,,37.233333333333334
1118,node_9,,,,37.266666666666666
1119,node_9,-0.07358921689923063,-0.0512674739435086,0.6033068409766085,37.3
1120,node_9,-0.08044029336417843,-0.051950469650015006,0.5985129590520347,37.333333333333336
1121,node_9,,,,37.36666666666667
1122,node_9,-0.09309849285385151,-0.05000669086709456,0.5882028431387568,37.4
1123,node_9,-0.09801021632934966,-0.049121864811762096,0.5825894837720227,37.43333333333333
1124,node_9,-0.10351215088939825,-0.04799596776693023,0.574396121420052,37.46666666666667
1125,node_9,-0.11004987395407777,-0.047692647388971623,0.5696703307903128,37.5
1126,node_9,,,,37.53333333333333
1127,node_9,,,,37.56666666666667
1128,node_9,,,,37.6
1129,node_9,,,,37.63333333333333
1130,node_9,,,,37.666666666666664
1131,node_9,,,,37.7
1132,node_9,,,,37.733333333333334
1133,node_9,,,,37.766666666666666
1134,node_9,,,,37.8
1135,node_9,,,,37.833333333333336
1136,node_9,,,,37.86666666666667
1137,node_9,,,,37.9
1138,node_9,,,,37.93333333333333
1139,node_9,,,,37.96666666666667
1140,node_9,,,,38.0
1141,node_9,,,,38.03333333333333
1142,node_9,,,,38.06666666666667
1143,node_9,,,,38.1
1144,node_9,,,,38.13333333333333
1145,node_9,,,,38.166666666666664
1146,node_9,,,,38.2
1147,node_9,,,,38.233333333333334
1148,node_9,,,,38.266666666666666
1149,node_9,,,,38.3
1150,node_9,,,,38.333333333333336
1151,node_9,,,,38.36666666666667
1152,node_9,,,,38.4
1153,node_9,,,,38.43333333333333
1154,node_9,,,,38.46666666666667
1155,node_9,,,,38.5
1156,node_9,,,,38.53333333333333
1157,node_9,,,,38.56666666666667
1158,node_9,,,,38.6
1159,node_9,,,,38.63333333333333
1160,node_9,,,,38.666666666666664
1161,node_9,,,,38.7
1162,node_9,,,,38.733333333333334
1163,node_9,,,,38.766666666666666
1164,node_9,,,,38.8
1165,node_9,,,,38.833333333333336
1166,node_9,,,,38.86666666666667
1167,node_9,,,,38.9
1168,node_9,,,,38.93333333333333
1169,node_9,,,,38.96666666666667
1170,node_9,,,,39.0
1171,node_9,,,,39.03333333333333
1172,node_9,,,,39.06666666666667
1173,node_9,,,,39.1
1174,node_9,,,,39.13333333333333
1175,node_9,,,,39.166666666666664
1176,node_9,,,,39.2
1177,node_9,,,,39.233333333333334
1178,node_9,,,,39.266666666666666
1179,node_9,,,,39.3
1180,node_9,,,,39.333333333333336
1181,node_9,,,,39.36666666666667
1182,node_9,,,,39.4
1183,node_9,,,,39.43333333333333
1184,node_9,,,,39.46666666666667
1185,node_9,,,,39.5
1186,node_9,,,,39.53333333333333
1187,node_9,,,,39.56666666666667
1188,node_9,,,,39.6
1189,node_9,,,,39.63333333333333
1190,node_9,,,,39.666666666666664
1191,node_9,,,,39.7
1192,node_9,,,,39.733333333333334
1193,node_9,,,,39.766666666666666
1194,node_9,,,,39.8
1195,node_9,,,,39.833333333333336
1196,node_9,,,,39.86666666666667
1197,node_9,,,,39.9
1198,node_9,,,,39.93333333333333
1199,node_9,,,,39.96666666666667
1200,node_9,,,,40.0
1201,node_9,,,,40.03333333333333
1202,node_9,,,,40.06666666666667
1203,node_9,,,,40.1
1204,node_9,,,,40.13333333333333
1205,node_9,,,,40.166666666666664
1206,node_9,,,,40.2
1207,node_9,,,,40.233333333333334
1208,node_9,,,,40.266666666666666
1209,node_9,,,,40.3
1210,node_9,,,,40.333333333333336
1211,node_9,,,,40.36666666666667
1212,node_9,,,,40.4
1213,node_9,,,,40.43333333333333
1214,node_9,,,,40.46666666666667
1215,node_9,,,,40.5
1216,node_9,,,,40.53333333333333
1217,node_9,,,,40.56666666666667
1218,node_9,,,,40.6
1219,node_9,,,,40.63333333333333
1220,node_9,,,,40.666666666666664
1221,node_9,,,,40.7
1222,node_9,,,,40.733333333333334
1223,node_9,,,,40.766666666666666
1224,node_9,,,,40.8
1225,node_9,,,,40.833333333333336
1226,node_9,,,,40.86666666666667
1227,node_9,,,,40.9
1228,node_9,,,,40.93333333333333
1229,node_9,,,,40.96666666666667
1230,node_9,,,,41.0
1231,node_9,,,,41.03333333333333
1232,node_9,,,,41.06666666666667
1233,node_9,,,,41.1
1234,node_9,,,,41.13333333333333
1235,node_9,,,,41.166666666666664
1236,node_9,,,,41.2
1237,node_9,,,,41.233333333333334
1238,node_9,,,,41.266666666666666
1239,node_9,,,,41.3
1240,node_9,,,,41.333333333333336
1241,node_9,,,,41.36666666666667
1242,node_9,,,,41.4
1243,node_9,,,,41.43333333333333
1244,node_9,,,,41.46666666666667
1245,node_9,,,,41.5
1246,node_9,,,,41.53333333333333
1247,node_9,,,,41.56666666666667
1248,node_9,,,,41.6
1249,node_9,,,,41.63333333333333
1250,node_9,,,,41.666666666666664
1251,node_9,,,,41.7
1252,node_9,,,,41.733333333333334
1253,node_9,,,,41.766666666666666
1254,node_9,,,,41.8
1255,node_9,,,,41.833333333333336
1256,node_9,,,,41.86666666666667
1257,node_9,,,,41.9
1258,node_9,,,,41.93333333333333
1259,node_9,,,,41.96666666666667
1260,node_9,,,,42.0
1261,node_9,,,,42.03333333333333
1262,node_9,,,,42.06666666666667
1263,node_9,,,,42.1
1264,node_9,,,,42.13333333333333
1265,node_9,,,,42.166666666666664
1266,node_9,,,,42.2
1267,node_9,,,,42.233333333333334
1268,node_9,,,,42.266666666666666
1269,node_9,,,,42.3
1270,node_9,,,,42.333333333333336
1271,node_9,,,,42.36666666666667
1272,node_9,,,,42.4
1273,node_9,,,,42.43333333333333
1274,node_9,,,,42.46666666666667
1275,node_9,,,,42.5
1276,node_9,,,,42.53333333333333
1277,node_9,,,,42.56666666666667
1278,node_9,,,,42.6
1279,node_9,,,,42.63333333333333
1280,node_9,,,,42.666666666666664
1281,node_9,,,,42.7
1282,node_9,,,,42.733333333333334
1283,node_9,,,,42.766666666666666
1284,node_9,,,,42.8
1285,node_9,,,,42.833333333333336
1286,node_9,,,,42.86666666666667
1287,node_9,,,,42.9
1288,node_9,,,,42.93333333333333
1289,node_9,,,,42.96666666666667
1290,node_9,,,,43.0
1291,node_9,,,,43.03333333333333
1292,node_9,,,,43.06666666666667
1293,node_9,,,,43.1
1294,node_9,,,,43.13333333333333
1295,node_9,,,,43.166666666666664
1296,node_9,,,,43.2
1297,node_9,,,,43.233333333333334
1298,node_9,,,,43.266666666666666
1299,node_9,,,,43.3
1300,node_9,,,,43.333333333333336
1301,node_9,,,,43.36666666666667
1302,node_9,,,,43.4
1303,node_9,,,,43.43333333333333
1304,node_9,,,,43.46666666666667
1305,node_9,,,,43.5
1306,node_9,,,,43.53333333333333
1307,node_9,,,,43.56666666666667
1308,node_9,,,,43.6
1309,node_9,,,,43.63333333333333
1310,node_9,,,,43.666666666666664
1311,node_9,,,,43.7
0,node_10,,,,0.0
1,node_10,,,,0.03333333333333333
2,node_10,,,,0.06666666666666667
3,node_10,,,,0.1
4,node_10,,,,0.13333333333333333
5,node_10,,,,0.16666666666666666
6,node_10,,,,0.2
7,node_10,,,,0.23333333333333334
8,node_10,,,,0.26666666666666666
9,node_10,,,,0.3
10,node_10,,,,0.3333333333333333
11,node_10,,,,0.36666666666666664
12,node_10,,,,0.4
13,node_10,,,,0.43333333333333335
14,node_10,,,,0.4666666666666667
15,node_10,,,,0.5
16,node_10,,,,0.5333333333333333
17,node_10,,,,0.5666666666666667
18,node_10,,,,0.6
19,node_10,,,,0.6333333333333333
20,node_10,,,,0.6666666666666666
21,node_10,,,,0.7
22,node_10,,,,0.7333333333333333
23,node_10,,,,0.7666666666666667
24,node_10,,,,0.8
25,node_10,,,,0.8333333333333334
26,node_10,,,,0.8666666666666667
27,node_10,,,,0.9
28,node_10,,,,0.9333333333333333
29,node_10,,,,0.9666666666666667
30,node_10,,,,1.0
31,node_10,,,,1.0333333333333334
32,node_10,,,,1.0666666666666667
33,node_10,,,,1.1
34,node_10,,,,1.1333333333333333
35,node_10,,,,1.1666666666666667
36,node_10,,,,1.2
37,node_10,,,,1.2333333333333334
38,node_10,,,,1.2666666666666666
39,node_10,,,,1.3
40,node_10,,,,1.3333333333333333
41,node_10,,,,1.3666666666666667
42,node_10,,,,1.4
43,node_10,,,,1.4333333333333333
44,node_10,,,,1.4666666666666666
45,node_10,,,,1.5
46,node_10,,,,1.5333333333333334
47,node_10,,,,1.5666666666666667
48,node_10,,,,1.6
49,node_10,,,,1.6333333333333333
50,node_10,,,,1.6666666666666667
51,node_10,,,,1.7
52,node_10,,,,1.7333333333333334
53,node_10,,,,1.7666666666666666
54,node_10,,,,1.8
55,node_10,,,,1.8333333333333333
56,node_10,,,,1.8666666666666667
57,node_10,,,,1.9
58,node_10,,,,1.9333333333333333
59,node_10,,,,1.9666666666666666
60,node_10,,,,2.0
61,node_10,,,,2.033333333333333
62,node_10,,,,2.066666666666667
63,node_10,,,,2.1
64,node_10,,,,2.1333333333333333
65,node_10,,,,2.1666666666666665
66,node_10,,,,2.2
67,node_10,,,,2.2333333333333334
68,node_10,,,,2.2666666666666666
69,node_10,,,,2.3
70,node_10,,,,2.3333333333333335
71,node_10,,,,2.3666666666666667
72,node_10,,,,2.4
73,node_10,,,,2.433333333333333
74,node_10,,,,2.466666666666667
75,node_10,,,,2.5
76,node_10,,,,2.533333333333333
77,node_10,,,,2.566666666666667
78,node_10,,,,2.6
79,node_10,,,,2.6333333333333333
80,node_10,,,,2.6666666666666665
81,node_10,,,,2.7
82,node_10,,,,2.7333333333333334
83,node_10,,,,2.7666666666666666
84,node_10,,,,2.8
85,node_10,,,,2.8333333333333335
86,node_10,,,,2.8666666666666667
87,node_10,,,,2.9
88,node_10,,,,2.933333333333333
89,node_10,,,,2.966666666666667
90,node_10,,,,3.0
91,node_10,,,,3.033333333333333
92,node_10,,,,3.066666666666667
93,node_10,,,,3.1
94,node_10,,,,3.1333333333333333
95,node_10,,,,3.1666666666666665
96,node_10,,,,3.2
97,node_10,,,,3.2333333333333334
98,node_10,,,,3.2666666666666666
99,node_10,,,,3.3
100,node_10,,,,3.3333333333333335
101,node_10,,,,3.3666666666666667
102,node_10,,,,3.4
103,node_10,,,,3.433333333333333
104,node_10,,,,3.466666666666667
105,node_10,,,,3.5
106,node_10,,,,3.533333333333333
107,node_10,,,,3.566666666666667
108,node_10,,,,3.6
109,node_10,,,,3.6333333333333333
110,node_10,,,,3.6666666666666665
111,node_10,,,,3.7
112,node_10,,,,3.7333333333333334
113,node_10,,,,3.7666666666666666
114,node_10,,,,3.8
115,node_10,,,,3.8333333333333335
116,node_10,,,,3.8666666666666667
117,node_10,,,,3.9
118,node_10,,,,3.933333333333333
119,node_10,,,,3.966666666666667
120,node_10,,,,4.0
121,node_10,,,,4.033333333333333
122,node_10,,,,4.066666666666666
123,node_10,,,,4.1
124,node_10,,,,4.133333333333334
125,node_10,,,,4.166666666666667
126,node_10,,,,4.2
127,node_10,,,,4.233333333333333
128,node_10,,,,4.266666666666667
129,node_10,,,,4.3
130,node_10,,,,4.333333333333333
131,node_10,,,,4.366666666666666
132,node_10,,,,4.4
133,node_10,,,,4.433333333333334
134,node_10,,,,4.466666666666667
135,node_10,,,,4.5
136,node_10,,,,4.533333333333333
137,node_10,,,,4.566666666666666
138,node_10,,,,4.6
139,node_10,,,,4.633333333333334
140,node_10,,,,4.666666666666667
141,node_10,,,,4.7
142,node_10,,,,4.733333333333333
143,node_10,,,,4.766666666666667
144,node_10,,,,4.8
145,node_10,,,,4.833333333333333
146,node_10,,,,4.866666666666666
147,node_10,,,,4.9
148,node_10,,,,4.933333333333334
149,node_10,,,,4.966666666666667
150,node_10,,,,5.0
151,node_10,,,,5.033333333333333
152,node_10,,,,5.066666666666666
153,node_10,,,,5.1
154,node_10,,,,5.133333333333334
155,node_10,,,,5.166666666666667
156,node_10,,,,5.2
157,node_10,,,,5.233333333333333
158,node_10,,,,5.266666666666667
159,node_10,,,,5.3
160,node_10,,,,5.333333333333333
161,node_10,,,,5.366666666666666
162,node_10,,,,5.4
163,node_10,,,,5.433333333333334
164,node_10,,,,5.466666666666667
165,node_10,,,,5.5
166,node_10,,,,5.533333333333333
167,node_10,,,,5.566666666666666
168,node_10,,,,5.6
169,node_10,,,,5.633333333333334
170,node_10,,,,5.666666666666667
171,node_10,,,,5.7
172,node_10,,,,5.733333333333333
173,node_10,,,,5.766666666666667
174,node_10,,,,5.8
175,node_10,,,,5.833333333333333
176,node_10,,,,5.866666666666666
177,node_10,,,,5.9
178,node_10,,,,5.933333333333334
179,node_10,,,,5.966666666666667
180,node_10,,,,6.0
181,node_10,,,,6.033333333333333
182,node_10,,,,6.066666666666666
183,node_10,,,,6.1
184,node_10,,,,6.133333333333334
185,node_10,,,,6.166666666666667
186,node_10,,,,6.2
187,node_10,,,,6.233333333333333
188,node_10,,,,6.266666666666667
189,node_10,,,,6.3
190,node_10,,,,6.333333333333333
191,node_10,,,,6.366666666666666
192,node_10,,,,6.4
193,node_10,,,,6.433333333333334
194,node_10,,,,6.466666666666667
195,node_10,,,,6.5
196,node_10,,,,6.533333333333333
197,node_10,,,,6.566666666666666
198,node_10,,,,6.6
199,node_10,,,,6.633333333333334
200,node_10,,,,6.666666666666667
201,node_10,,,,6.7
202,node_10,,,,6.733333333333333
203,node_10,,,,6.766666666666667
204,node_10,,,,6.8
205,node_10,,,,6.833333333333333
206,node_10,,,,6.866666666666666
207,node_10,,,,6.9
208,node_10,,,,6.933333333333334
209,node_10,,,,6.966666666666667
210,node_10,,,,7.0
211,node_10,,,,7.033333333333333
212,node_10,,,,7.066666666666666
213,node_10,,,,7.1
214,node_10,,,,7.133333333333334
215,node_10,,,,7.166666666666667
216,node_10,,,,7.2
217,node_10,,,,7.233333333333333
218,node_10,,,,7.266666666666667
219,node_10,,,,7.3
220,node_10,,,,7.333333333333333
221,node_10,,,,7.366666666666666
222,node_10,,,,7.4
223,node_10,,,,7.433333333333334
224,node_10,,,,7.466666666666667
225,node_10,,,,7.5
226,node_10,,,,7.533333333333333
227,node_10,,,,7.566666666666666
228,node_10,,,,7.6
229,node_10,,,,7.633333333333334
230,node_10,,,,7.666666666666667
231,node_10,,,,7.7
232,node_10,,,,7.733333333333333
233,node_10,,,,7.766666666666667
234,node_10,,,,7.8
235,node_10,,,,7.833333333333333
236,node_10,,,,7.866666666666666
237,node_10,,,,7.9
238,node_10,,,,7.933333333333334
239,node_10,,,,7.966666666666667
240,node_10,,,,8.0
241,node_10,,,,8.033333333333333
242,node_10,,,,8.066666666666666
243,node_10,,,,8.1
244,node_10,,,,8.133333333333333
245,node_10,,,,8.166666666666666
246,node_10,,,,8.2
247,node_10,,,,8.233333333333333
248,node_10,,,,8.266666666666667
249,node_10,,,,8.3
250,node_10,,,,8.333333333333334
251,node_10,,,,8.366666666666667
252,node_10,,,,8.4
253,node_10,,,,8.433333333333334
254,node_10,,,,8.466666666666667
255,node_10,,,,8.5
256,node_10,,,,8.533333333333333
257,node_10,,,,8.566666666666666
258,node_10,,,,8.6
259,node_10,,,,8.633333333333333
260,node_10,,,,8.666666666666666
261,node_10,,,,8.7
262,node_10,,,,8.733333333333333
263,node_10,,,,8.766666666666667
264,node_10,,,,8.8
265,node_10,,,,8.833333333333334
266,node_10,,,,8.866666666666667
267,node_10,,,,8.9
268,node_10,,,,8.933333333333334
269,node_10,,,,8.966666666666667
270,node_10,,,,9.0
271,node_10,,,,9.033333333333333
272,node_10,,,,9.066666666666666
273,node_10,,,,9.1
274,node_10,,,,9.133333333333333
275,node_10,,,,9.166666666666666
276,node_10,,,,9.2
277,node_10,,,,9.233333333333333
278,node_10,,,,9.266666666666667
279,node_10,,,,9.3
280,node_10,,,,9.333333333333334
281,node_10,,,,9.366666666666667
282,node_10,,,,9.4
283,node_10,,,,9.433333333333334
284,node_10,,,,9.466666666666667
285,node_10,,,,9.5
286,node_10,,,,9.533333333333333
287,node_10,,,,9.566666666666666
288,node_10,,,,9.6
289,node_10,,,,9.633333333333333
290,node_10,,,,9.666666666666666
291,node_10,,,,9.7
292,node_10,,,,9.733333333333333
293,node_10,,,,9.766666666666667
294,node_10,,,,9.8
295,node_10,,,,9.833333333333334
296,node_10,,,,9.866666666666667
297,node_10,,,,9.9
298,node_10,,,,9.933333333333334
299,node_10,,,,9.966666666666667
300,node_10,,,,10.0
301,node_10,,,,10.033333333333333
302,node_10,,,,10.066666666666666
303,node_10,,,,10.1
304,node_10,,,,10.133333333333333
305,node_10,,,,10.166666666666666
306,node_10,,,,10.2
307,node_10,,,,10.233333333333333
308,node_10,,,,10.266666666666667
309,node_10,,,,10.3
310,node_10,,,,10.333333333333334
311,node_10,,,,10.366666666666667
312,node_10,,,,10.4
313,node_10,,,,10.433333333333334
314,node_10,,,,10.466666666666667
315,node_10,,,,10.5
316,node_10,,,,10.533333333333333
317,node_10,,,,10.566666666666666
318,node_10,,,,10.6
319,node_10,,,,10.633333333333333
320,node_10,,,,10.666666666666666
321,node_10,,,,10.7
322,node_10,,,,10.733333333333333
323,node_10,,,,10.766666666666667
324,node_10,,,,10.8
325,node_10,,,,10.833333333333334
326,node_10,,,,10.866666666666667
327,node_10,,,,10.9
328,node_10,,,,10.933333333333334
329,node_10,,,,10.966666666666667
330,node_10,,,,11.0
331,node_10,,,,11.033333333333333
332,node_10,,,,11.066666666666666
333,node_10,,,,11.1
334,node_10,,,,11.133333333333333
335,node_10,,,,11.166666666666666
336,node_10,,,,11.2
337,node_10,,,,11.233333333333333
338,node_10,,,,11.266666666666667
339,node_10,,,,11.3
340,node_10,,,,11.333333333333334
341,node_10,,,,11.366666666666667
342,node_10,,,,11.4
343,node_10,,,,11.433333333333334
344,node_10,,,,11.466666666666667
345,node_10,,,,11.5
346,node_10,,,,11.533333333333333
347,node_10,,,,11.566666666666666
348,node_10,,,,11.6
349,node_10,,,,11.633333333333333
350,node_10,,,,11.666666666666666
351,node_10,,,,11.7
352,node_10,,,,11.733333333333333
353,node_10,,,,11.766666666666667
354,node_10,,,,11.8
355,node_10,,,,11.833333333333334
356,node_10,,,,11.866666666666667
357,node_10,,,,11.9
358,node_10,,,,11.933333333333334
359,node_10,,,,11.966666666666667
360,node_10,,,,12.0
361,node_10,,,,12.033333333333333
362,node_10,,,,12.066666666666666
363,node_10,,,,12.1
364,node_10,,,,12.133333333333333
365,node_10,,,,12.166666666666666
366,node_10,,,,12.2
367,node_10,,,,12.233333333333333
368,node_10,,,,12.266666666666667
369,node_10,,,,12.3
370,node_10,,,,12.333333333333334
371,node_10,,,,12.366666666666667
372,node_10,,,,12.4
373,node_10,,,,12.433333333333334
374,node_10,,,,12.466666666666667
375,node_10,,,,12.5
376,node_10,,,,12.533333333333333
377,node_10,,,,12.566666666666666
378,node_10,,,,12.6
379,node_10,,,,12.633333333333333
380,node_10,,,,12.666666666666666
381,node_10,,,,12.7
382,node_10,,,,12.733333333333333
383,node_10,,,,12.766666666666667
384,node_10,,,,12.8
385,node_10,,,,12.833333333333334
386,node_10,,,,12.866666666666667
387,node_10,,,,12.9
388,node_10,,,,12.933333333333334
389,node_10,,,,12.966666666666667
390,node_10,,,,13.0
391,node_10,,,,13.033333333333333
392,node_10,,,,13.066666666666666
393,node_10,,,,13.1
394,node_10,,,,13.133333333333333
395,node_10,,,,13.166666666666666
396,node_10,,,,13.2
397,node_10,,,,13.233333333333333
398,node_10,,,,13.266666666666667
399,node_10,,,,13.3
400,node_10,,,,13.333333333333334
401,node_10,,,,13.366666666666667
402,node_10,,,,13.4
403,node_10,,,,13.433333333333334
404,node_10,,,,13.466666666666667
405,node_10,,,,13.5
406,node_10,,,,13.533333333333333
407,node_10,,,,13.566666666666666
408,node_10,,,,13.6
409,node_10,,,,13.633333333333333
410,node_10,,,,13.666666666666666
411,node_10,,,,13.7
412,node_10,,,,13.733333333333333
413,node_10,,,,13.766666666666667
414,node_10,,,,13.8
415,node_10,,,,13.833333333333334
416,node_10,,,,13.866666666666667
417,node_10,,,,13.9
418,node_10,,,,13.933333333333334
419,node_10,,,,13.966666666666667
420,node_10,,,,14.0
421,node_10,,,,14.033333333333333
422,node_10,,,,14.066666666666666
423,node_10,,,,14.1
424,node_10,,,,14.133333333333333
425,node_10,,,,14.166666666666666
426,node_10,,,,14.2
427,node_10,,,,14.233333333333333
428,node_10,,,,14.266666666666667
429,node_10,,,,14.3
430,node_10,,,,14.333333333333334
431,node_10,,,,14.366666666666667
432,node_10,,,,14.4
433,node_10,,,,14.433333333333334
434,node_10,,,,14.466666666666667
435,node_10,,,,14.5
436,node_10,,,,14.533333333333333
437,node_10,,,,14.566666666666666
438,node_10,,,,14.6
439,node_10,,,,14.633333333333333
440,node_10,,,,14.666666666666666
441,node_10,,,,14.7
442,node_10,,,,14.733333333333333
443,node_10,,,,14.766666666666667
444,node_10,,,,14.8
445,node_10,,,,14.833333333333334
446,node_10,,,,14.866666666666667
447,node_10,,,,14.9
448,node_10,,,,14.933333333333334
449,node_10,,,,14.966666666666667
450,node_10,,,,15.0
451,node_10,,,,15.033333333333333
452,node_10,,,,15.066666666666666
453,node_10,,,,15.1
454,node_10,,,,15.133333333333333
455,node_10,,,,15.166666666666666
456,node_10,,,,15.2
457,node_10,,,,15.233333333333333
458,node_10,,,,15.266666666666667
459,node_10,,,,15.3
460,node_10,,,,15.333333333333334
461,node_10,,,,15.366666666666667
462,node_10,,,,15.4
463,node_10,,,,15.433333333333334
464,node_10,,,,15.466666666666667
465,node_10,,,,15.5
466,node_10,,,,15.533333333333333
467,node_10,,,,15.566666666666666
468,node_10,,,,15.6
469,node_10,,,,15.633333333333333
470,node_10,,,,15.666666666666666
471,node_10,,,,15.7
472,node_10,,,,15.733333333333333
473,node_10,,,,15.766666666666667
474,node_10,,,,15.8
475,node_10,,,,15.833333333333334
476,node_10,,,,15.866666666666667
477,node_10,,,,15.9
478,node_10,,,,15.933333333333334
479,node_10,,,,15.966666666666667
480,node_10,,,,16.0
481,node_10,,,,16.033333333333335
482,node_10,,,,16.066666666666666
483,node_10,,,,16.1
484,node_10,,,,16.133333333333333
485,node_10,,,,16.166666666666668
486,node_10,,,,16.2
487,node_10,,,,16.233333333333334
488,node_10,,,,16.266666666666666
489,node_10,,,,16.3
490,node_10,,,,16.333333333333332
491,node_10,,,,16.366666666666667
492,node_10,,,,16.4
493,node_10,,,,16.433333333333334
494,node_10,,,,16.466666666666665
495,node_10,,,,16.5
496,node_10,,,,16.533333333333335
497,node_10,,,,16.566666666666666
498,node_10,,,,16.6
499,node_10,,,,16.633333333333333
500,node_10,,,,16.666666666666668
501,node_10,,,,16.7
502,node_10,,,,16.733333333333334
503,node_10,,,,16.766666666666666
504,node_10,,,,16.8
505,node_10,,,,16.833333333333332
506,node_10,,,,16.866666666666667
507,node_10,,,,16.9
508,node_10,,,,16.933333333333334
509,node_10,,,,16.966666666666665
510,node_10,,,,17.0
511,node_10,,,,17.033333333333335
512,node_10,,,,17.066666666666666
513,node_10,,,,17.1
514,node_10,,,,17.133333333333333
515,node_10,,,,17.166666666666668
516,node_10,,,,17.2
517,node_10,,,,17.233333333333334
518,node_10,,,,17.266666666666666
519,node_10,,,,17.3
520,node_10,,,,17.333333333333332
521,node_10,,,,17.366666666666667
522,node_10,,,,17.4
523,node_10,,,,17.433333333333334
524,node_10,,,,17.466666666666665
525,node_10,,,,17.5
526,node_10,,,,17.533333333333335
527,node_10,,,,17.566666666666666
528,node_10,,,,17.6
529,node_10,,,,17.633333333333333
530,node_10,,,,17.666666666666668
531,node_10,,,,17.7
532,node_10,,,,17.733333333333334
533,node_10,,,,17.766666666666666
534,node_10,,,,17.8
535,node_10,,,,17.833333333333332
536,node_10,,,,17.866666666666667
537,node_10,,,,17.9
538,node_10,,,,17.933333333333334
539,node_10,,,,17.966666666666665
540,node_10,,,,18.0
541,node_10,,,,18.033333333333335
542,node_10,,,,18.066666666666666
543,node_10,,,,18.1
544,node_10,,,,18.133333333333333
545,node_10,,,,18.166666666666668
546,node_10,,,,18.2
547,node_10,,,,18.233333333333334
548,node_10,,,,18.266666666666666
549,node_10,,,,18.3
550,node_10,,,,18.333333333333332
551,node_10,,,,18.366666666666667
552,node_10,,,,18.4
553,node_10,,,,18.433333333333334
554,node_10,,,,18.466666666666665
555,node_10,,,,18.5
556,node_10,,,,18.533333333333335
557,node_10,,,,18.566666666666666
558,node_10,,,,18.6
559,node_10,,,,18.633333333333333
560,node_10,,,,18.666666666666668
561,node_10,,,,18.7
562,node_10,,,,18.733333333333334
563,node_10,,,,18.766666666666666
564,node_10,,,,18.8
565,node_10,,,,18.833333333333332
566,node_10,,,,18.866666666666667
567,node_10,,,,18.9
568,node_10,,,,18.933333333333334
569,node_10,,,,18.966666666666665
570,node_10,,,,19.0
571,node_10,,,,19.033333333333335
572,node_10,,,,19.066666666666666
573,node_10,,,,19.1
574,node_10,,,,19.133333333333333
575,node_10,,,,19.166666666666668
576,node_10,,,,19.2
577,node_10,,,,19.233333333333334
578,node_10,,,,19.266666666666666
579,node_10,,,,19.3
580,node_10,,,,19.333333333333332
581,node_10,,,,19.366666666666667
582,node_10,,,,19.4
583,node_10,,,,19.433333333333334
584,node_10,,,,19.466666666666665
585,node_10,,,,19.5
586,node_10,,,,19.533333333333335
587,node_10,,,,19.566666666666666
588,node_10,,,,19.6
589,node_10,,,,19.633333333333333
590,node_10,,,,19.666666666666668
591,node_10,,,,19.7
592,node_10,,,,19.733333333333334
593,node_10,,,,19.766666666666666
594,node_10,,,,19.8
595,node_10,,,,19.833333333333332
596,node_10,,,,19.866666666666667
597,node_10,,,,19.9
598,node_10,,,,19.933333333333334
599,node_10,,,,19.966666666666665
600,node_10,,,,20.0
601,node_10,,,,20.033333333333335
602,node_10,,,,20.066666666666666
603,node_10,,,,20.1
604,node_10,,,,20.133333333333333
605,node_10,,,,20.166666666666668
606,node_10,,,,20.2
607,node_10,,,,20.233333333333334
608,node_10,,,,20.266666666666666
609,node_10,,,,20.3
610,node_10,,,,20.333333333333332
611,node_10,,,,20.366666666666667
612,node_10,,,,20.4
613,node_10,,,,20.433333333333334
614,node_10,,,,20.466666666666665
615,node_10,,,,20.5
616,node_10,,,,20.533333333333335
617,node_10,,,,20.566666666666666
618,node_10,,,,20.6
619,node_10,,,,20.633333333333333
620,node_10,,,,20.666666666666668
621,node_10,,,,20.7
622,node_10,,,,20.733333333333334
623,node_10,,,,20.766666666666666
624,node_10,,,,20.8
625,node_10,,,,20.833333333333332
626,node_10,,,,20.866666666666667
627,node_10,,,,20.9
628,node_10,,,,20.933333333333334
629,node_10,,,,20.966666666666665
630,node_10,,,,21.0
631,node_10,,,,21.033333333333335
632,node_10,,,,21.066666666666666
633,node_10,,,,21.1
634,node_10,,,,21.133333333333333
635,node_10,,,,21.166666666666668
636,node_10,,,,21.2
637,node_10,,,,21.233333333333334
638,node_10,,,,21.266666666666666
639,node_10,,,,21.3
640,node_10,,,,21.333333333333332
641,node_10,,,,21.366666666666667
642,node_10,,,,21.4
643,node_10,,,,21.433333333333334
644,node_10,,,,21.466666666666665
645,node_10,,,,21.5
646,node_10,,,,21.533333333333335
647,node_10,,,,21.566666666666666
648,node_10,,,,21.6
649,node_10,,,,21.633333333333333
650,node_10,,,,21.666666666666668
651,node_10,,,,21.7
652,node_10,,,,21.733333333333334
653,node_10,,,,21.766666666666666
654,node_10,,,,21.8
655,node_10,,,,21.833333333333332
656,node_10,,,,21.866666666666667
657,node_10,,,,21.9
658,node_10,,,,21.933333333333334
659,node_10,,,,21.966666666666665
660,node_10,,,,22.0
661,node_10,,,,22.033333333333335
662,node_10,,,,22.066666666666666
663,node_10,,,,22.1
664,node_10,,,,22.133333333333333
665,node_10,,,,22.166666666666668
666,node_10,,,,22.2
667,node_10,,,,22.233333333333334
668,node_10,,,,22.266666666666666
669,node_10,,,,22.3
670,node_10,,,,22.333333333333332
671,node_10,,,,22.366666666666667
672,node_10,,,,22.4
673,node_10,,,,22.433333333333334
674,node_10,,,,22.466666666666665
675,node_10,,,,22.5
676,node_10,,,,22.533333333333335
677,node_10,,,,22.566666666666666
678,node_10,,,,22.6
679,node_10,,,,22.633333333333333
680,node_10,,,,22.666666666666668
681,node_10,,,,22.7
682,node_10,,,,22.733333333333334
683,node_10,,,,22.766666666666666
684,node_10,,,,22.8
685,node_10,,,,22.833333333333332
686,node_10,,,,22.866666666666667
687,node_10,,,,22.9
688,node_10,,,,22.933333333333334
689,node_10,,,,22.966666666666665
690,node_10,,,,23.0
691,node_10,,,,23.033333333333335
692,node_10,,,,23.066666666666666
693,node_10,,,,23.1
694,node_10,,,,23.133333333333333
695,node_10,,,,23.166666666666668
696,node_10,,,,23.2
697,node_10,,,,23.233333333333334
698,node_10,,,,23.266666666666666
699,node_10,,,,23.3
700,node_10,,,,23.333333333333332
701,node_10,,,,23.366666666666667
702,node_10,,,,23.4
703,node_10,,,,23.433333333333334
704,node_10,,,,23.466666666666665
705,node_10,,,,23.5
706,node_10,,,,23.533333333333335
707,node_10,,,,23.566666666666666
708,node_10,,,,23.6
709,node_10,,,,23.633333333333333
710,node_10,,,,23.666666666666668
711,node_10,,,,23.7
712,node_10,,,,23.733333333333334
713,node_10,,,,23.766666666666666
714,node_10,,,,23.8
715,node_10,,,,23.833333333333332
716,node_10,,,,23.866666666666667
717,node_10,,,,23.9
718,node_10,,,,23.933333333333334
719,node_10,,,,23.966666666666665
720,node_10,,,,24.0
721,node_10,,,,24.033333333333335
722,node_10,,,,24.066666666666666
723,node_10,,,,24.1
724,node_10,,,,24.133333333333333
725,node_10,,,,24.166666666666668
726,node_10,,,,24.2
727,node_10,,,,24.233333333333334
728,node_10,,,,24.266666666666666
729,node_10,,,,24.3
730,node_10,,,,24.333333333333332
731,node_10,,,,24.366666666666667
732,node_10,,,,24.4
733,node_10,,,,24.433333333333334
734,node_10,,,,24.466666666666665
735,node_10,,,,24.5
736,node_10,,,,24.533333333333335
737,node_10,,,,24.566666666666666
738,node_10,,,,24.6
739,node_10,,,,24.633333333333333
740,node_10,,,,24.666666666666668
741,node_10,,,,24.7
742,node_10,,,,24.733333333333334
743,node_10,,,,24.766666666666666
744,node_10,,,,24.8
745,node_10,,,,24.833333333333332
746,node_10,,,,24.866666666666667
747,node_10,,,,24.9
748,node_10,,,,24.933333333333334
749,node_10,,,,24.966666666666665
750,node_10,,,,25.0
751,node_10,,,,25.033333333333335
752,node_10,,,,25.066666666666666
753,node_10,,,,25.1
754,node_10,,,,25.133333333333333
755,node_10,,,,25.166666666666668
756,node_10,,,,25.2
757,node_10,,,,25.233333333333334
758,node_10,,,,25.266666666666666
759,node_10,,,,25.3
760,node_10,,,,25.333333333333332
761,node_10,,,,25.366666666666667
762,node_10,,,,25.4
763,node_10,,,,25.433333333333334
764,node_10,,,,25.466666666666665
765,node_10,,,,25.5
766,node_10,,,,25.533333333333335
767,node_10,,,,25.566666666666666
768,node_10,,,,25.6
769,node_10,,,,25.633333333333333
770,node_10,,,,25.666666666666668
771,node_10,,,,25.7
772,node_10,,,,25.733333333333334
773,node_10,,,,25.766666666666666
774,node_10,,,,25.8
775,node_10,,,,25.833333333333332
776,node_10,,,,25.866666666666667
777,node_10,,,,25.9
778,node_10,,,,25.933333333333334
779,node_10,,,,25.966666666666665
780,node_10,,,,26.0
781,node_10,,,,26.033333333333335
782,node_10,,,,26.066666666666666
783,node_10,,,,26.1
784,node_10,,,,26.133333333333333
785,node_10,,,,26.166666666666668
786,node_10,,,,26.2
787,node_10,,,,26.233333333333334
788,node_10,,,,26.266666666666666
789,node_10,,,,26.3
790,node_10,,,,26.333333333333332
791,node_10,,,,26.366666666666667
792,node_10,,,,26.4
793,node_10,,,,26.433333333333334
794,node_10,,,,26.466666666666665
795,node_10,,,,26.5
796,node_10,,,,26.533333333333335
797,node_10,,,,26.566666666666666
798,node_10,,,,26.6
799,node_10,,,,26.633333333333333
800,node_10,,,,26.666666666666668
801,node_10,,,,26.7
802,node_10,,,,26.733333333333334
803,node_10,,,,26.766666666666666
804,node_10,,,,26.8
805,node_10,,,,26.833333333333332
806,node_10,,,,26.866666666666667
807,node_10,,,,26.9
808,node_10,,,,26.933333333333334
809,node_10,,,,26.966666666666665
810,node_10,,,,27.0
811,node_10,,,,27.033333333333335
812,node_10,,,,27.066666666666666
813,node_10,,,,27.1
814,node_10,,,,27.133333333333333
815,node_10,,,,27.166666666666668
816,node_10,,,,27.2
817,node_10,,,,27.233333333333334
818,node_10,,,,27.266666666666666
819,node_10,,,,27.3
820,node_10,,,,27.333333333333332
821,node_10,,,,27.366666666666667
822,node_10,,,,27.4
823,node_10,,,,27.433333333333334
824,node_10,,,,27.466666666666665
825,node_10,,,,27.5
826,node_10,,,,27.533333333333335
827,node_10,,,,27.566666666666666
828,node_10,,,,27.6
829,node_10,,,,27.633333333333333
830,node_10,,,,27.666666666666668
831,node_10,,,,27.7
832,node_10,,,,27.733333333333334
833,node_10,,,,27.766666666666666
834,node_10,,,,27.8
835,node_10,,,,27.833333333333332
836,node_10,,,,27.866666666666667
837,node_10,,,,27.9
838,node_10,,,,27.933333333333334
839,node_10,,,,27.966666666666665
840,node_10,,,,28.0
841,node_10,,,,28.033333333333335
842,node_10,,,,28.066666666666666
843,node_10,,,,28.1
844,node_10,,,,28.133333333333333
845,node_10,,,,28.166666666666668
846,node_10,,,,28.2
847,node_10,,,,28.233333333333334
848,node_10,,,,28.266666666666666
849,node_10,,,,28.3
850,node_10,,,,28.333333333333332
851,node_10,,,,28.366666666666667
852,node_10,,,,28.4
853,node_10,,,,28.433333333333334
854,node_10,,,,28.466666666666665
855,node_10,,,,28.5
856,node_10,,,,28.533333333333335
857,node_10,,,,28.566666666666666
858,node_10,,,,28.6
859,node_10,,,,28.633333333333333
860,node_10,,,,28.666666666666668
861,node_10,,,,28.7
862,node_10,,,,28.733333333333334
863,node_10,,,,28.766666666666666
864,node_10,,,,28.8
865,node_10,,,,28.833333333333332
866,node_10,,,,28.866666666666667
867,node_10,,,,28.9
868,node_10,,,,28.933333333333334
869,node_10,,,,28.966666666666665
870,node_10,,,,29.0
871,node_10,,,,29.033333333333335
872,node_10,,,,29.066666666666666
873,node_10,,,,29.1
874,node_10,,,,29.133333333333333
875,node_10,,,,29.166666666666668
876,node_10,,,,29.2
877,node_10,,,,29.233333333333334
878,node_10,,,,29.266666666666666
879,node_10,,,,29.3
880,node_10,,,,29.333333333333332
881,node_10,,,,29.366666666666667
882,node_10,,,,29.4
883,node_10,,,,29.433333333333334
884,node_10,,,,29.466666666666665
885,node_10,,,,29.5
886,node_10,,,,29.533333333333335
887,node_10,,,,29.566666666666666
888,node_10,,,,29.6
889,node_10,,,,29.633333333333333
890,node_10,,,,29.666666666666668
891,node_10,,,,29.7
892,node_10,,,,29.733333333333334
893,node_10,,,,29.766666666666666
894,node_10,,,,29.8
895,node_10,,,,29.833333333333332
896,node_10,,,,29.866666666666667
897,node_10,,,,29.9
898,node_10,,,,29.933333333333334
899,node_10,,,,29.966666666666665
900,node_10,,,,30.0
901,node_10,,,,30.033333333333335
902,node_10,,,,30.066666666666666
903,node_10,,,,30.1
904,node_10,,,,30.133333333333333
905,node_10,,,,30.166666666666668
906,node_10,,,,30.2
907,node_10,,,,30.233333333333334
908,node_10,,,,30.266666666666666
909,node_10,,,,30.3
910,node_10,,,,30.333333333333332
911,node_10,,,,30.366666666666667
912,node_10,,,,30.4
913,node_10,,,,30.433333333333334
914,node_10,,,,30.466666666666665
915,node_10,,,,30.5
916,node_10,,,,30.533333333333335
917,node_10,,,,30.566666666666666
918,node_10,,,,30.6
919,node_10,,,,30.633333333333333
920,node_10,,,,30.666666666666668
921,node_10,,,,30.7
922,node_10,,,,30.733333333333334
923,node_10,,,,30.766666666666666
924,node_10,,,,30.8
925,node_10,,,,30.833333333333332
926,node_10,,,,30.866666666666667
927,node_10,,,,30.9
928,node_10,,,,30.933333333333334
929,node_10,,,,30.966666666666665
930,node_10,,,,31.0
931,node_10,,,,31.033333333333335
932,node_10,,,,31.066666666666666
933,node_10,,,,31.1
934,node_10,,,,31.133333333333333
935,node_10,,,,31.166666666666668
936,node_10,,,,31.2
937,node_10,,,,31.233333333333334
938,node_10,,,,31.266666666666666
939,node_10,,,,31.3
940,node_10,,,,31.333333333333332
941,node_10,,,,31.366666666666667
942,node_10,,,,31.4
943,node_10,,,,31.433333333333334
944,node_10,,,,31.466666666666665
945,node_10,,,,31.5
946,node_10,,,,31.533333333333335
947,node_10,,,,31.566666666666666
948,node_10,,,,31.6
949,node_10,,,,31.633333333333333
950,node_10,,,,31.666666666666668
951,node_10,,,,31.7
952,node_10,,,,31.733333333333334
953,node_10,,,,31.766666666666666
954,node_10,,,,31.8
955,node_10,,,,31.833333333333332
956,node_10,,,,31.866666666666667
957,node_10,,,,31.9
958,node_10,,,,31.933333333333334
959,node_10,,,,31.966666666666665
960,node_10,,,,32.0
961,node_10,,,,32.03333333333333
962,node_10,,,,32.06666666666667
963,node_10,,,,32.1
964,node_10,,,,32.13333333333333
965,node_10,,,,32.166666666666664
966,node_10,,,,32.2
967,node_10,,,,32.233333333333334
968,node_10,,,,32.266666666666666
969,node_10,,,,32.3
970,node_10,,,,32.333333333333336
971,node_10,,,,32.36666666666667
972,node_10,,,,32.4
973,node_10,,,,32.43333333333333
974,node_10,,,,32.46666666666667
975,node_10,,,,32.5
976,node_10,,,,32.53333333333333
977,node_10,,,,32.56666666666667
978,node_10,,,,32.6
979,node_10,,,,32.63333333333333
980,node_10,,,,32.666666666666664
981,node_10,,,,32.7
982,node_10,,,,32.733333333333334
983,node_10,,,,32.766666666666666
984,node_10,,,,32.8
985,node_10,,,,32.833333333333336
986,node_10,,,,32.86666666666667
987,node_10,,,,32.9
988,node_10,,,,32.93333333333333
989,node_10,,,,32.96666666666667
990,node_10,,,,33.0
991,node_10,,,,33.03333333333333
992,node_10,,,,33.06666666666667
993,node_10,,,,33.1
994,node_10,,,,33.13333333333333
995,node_10,,,,33.166666666666664
996,node_10,,,,33.2
997,node_10,,,,33.233333333333334
998,node_10,,,,33.266666666666666
999,node_10,,,,33.3
1000,node_10,,,,33.333333333333336
1001,node_10,,,,33.36666666666667
1002,node_10,,,,33.4
1003,node_10,,,,33.43333333333333
1004,node_10,,,,33.46666666666667
1005,node_10,,,,33.5
1006,node_10,,,,33.53333333333333
1007,node_10,,,,33.56666666666667
1008,node_10,,,,33.6
1009,node_10,,,,33.63333333333333
1010,node_10,,,,33.666666666666664
1011,node_10,,,,33.7
1012,node_10,,,,33.733333333333334
1013,node_10,,,,33.766666666666666
1014,node_10,,,,33.8
1015,node_10,,,,33.833333333333336
1016,node_10,,,,33.86666666666667
1017,node_10,,,,33.9
1018,node_10,,,,33.93333333333333
1019,node_10,,,,33.96666666666667
1020,node_10,,,,34.0
1021,node_10,,,,34.03333333333333
1022,node_10,,,,34.06666666666667
1023,node_10,,,,34.1
1024,node_10,,,,34.13333333333333
1025,node_10,,,,34.166666666666664
1026,node_10,,,,34.2
1027,node_10,,,,34.233333333333334
1028,node_10,,,,34.266666666666666
1029,node_10,,,,34.3
1030,node_10,,,,34.333333333333336
1031,node_10,,,,34.36666666666667
1032,node_10,,,,34.4
1033,node_10,,,,34.43333333333333
1034,node_10,,,,34.46666666666667
1035,node_10,,,,34.5
1036,node_10,,,,34.53333333333333
1037,node_10,,,,34.56666666666667
1038,node_10,,,,34.6
1039,node_10,,,,34.63333333333333
1040,node_10,,,,34.666666666666664
1041,node_10,,,,34.7
1042,node_10,,,,34.733333333333334
1043,node_10,,,,34.766666666666666
1044,node_10,,,,34.8
1045,node_10,,,,34.833333333333336
1046,node_10,,,,34.86666666666667
1047,node_10,,,,34.9
1048,node_10,,,,34.93333333333333
1049,node_10,,,,34.96666666666667
1050,node_10,,,,35.0
1051,node_10,,,,35.03333333333333
1052,node_10,,,,35.06666666666667
1053,node_10,,,,35.1
1054,node_10,,,,35.13333333333333
1055,node_10,,,,35.166666666666664
1056,node_10,,,,35.2
1057,node_10,,,,35.233333333333334
1058,node_10,,,,35.266666666666666
1059,node_10,,,,35.3
1060,node_10,,,,35.333333333333336
1061,node_10,,,,35.36666666666667
1062,node_10,,,,35.4
1063,node_10,,,,35.43333333333333
1064,node_10,,,,35.46666666666667
1065,node_10,,,,35.5
1066,node_10,,,,35.53333333333333
1067,node_10,,,,35.56666666666667
1068,node_10,,,,35.6
1069,node_10,,,,35.63333333333333
1070,node_10,,,,35.666666666666664
1071,node_10,,,,35.7
1072,node_10,,,,35.733333333333334
1073,node_10,,,,35.766666666666666
1074,node_10,,,,35.8
1075,node_10,,,,35.833333333333336
1076,node_10,,,,35.86666666666667
1077,node_10,,,,35.9
1078,node_10,,,,35.93333333333333
1079,node_10,,,,35.96666666666667
1080,node_10,,,,36.0
1081,node_10,,,,36.03333333333333
1082,node_10,,,,36.06666666666667
1083,node_10,,,,36.1
1084,node_10,,,,36.13333333333333
1085,node_10,,,,36.166666666666664
1086,node_10,,,,36.2
1087,node_10,,,,36.233333333333334
1088,node_10,,,,36.266666666666666
1089,node_10,,,,36.3
1090,node_10,,,,36.333333333333336
1091,node_10,,,,36.36666666666667
1092,node_10,,,,36.4
1093,node_10,,,,36.43333333333333
1094,node_10,,,,36.46666666666667
1095,node_10,,,,36.5
1096,node_10,,,,36.53333333333333
1097,node_10,,,,36.56666666666667
1098,node_10,,,,36.6
1099,node_10,,,,36.63333333333333
1100,node_10,,,,36.666666666666664
1101,node_10,,,,36.7
1102,node_10,,,,36.733333333333334
1103,node_10,,,,36.766666666666666
1104,node_10,,,,36.8
1105,node_10,,,,36.833333333333336
1106,node_10,,,,36.86666666666667
1107,node_10,,,,36.9
1108,node_10,,,,36.93333333333333
1109,node_10,,,,36.96666666666667
1110,node_10,,,,37.0
1111,node_10,,,,37.03333333333333
1112,node_10,,,,37.06666666666667
1113,node_10,,,,37.1
1114,node_10,,,,37.13333333333333
1115,node_10,,,,37.166666666666664
1116,node_10,,,,37.2
1117,node_10,,,,37.233333333333334
1118,node_10,,,,37.266666666666666
1119,node_10,,,,37.3
1120,node_10,,,,37.333333333333336
1121,node_10,,,,37.36666666666667
1122,node_10,,,,37.4
1123,node_10,,,,37.43333333333333
1124,node_10,,,,37.46666666666667
1125,node_10,,,,37.5
1126,node_10,,,,37.53333333333333
1127,node_10,,,,37.56666666666667
1128,node_10,,,,37.6
1129,node_10,,,,37.63333333333333
1130,node_10,,,,37.666666666666664
1131,node_10,,,,37.7
1132,node_10,,,,37.733333333333334
1133,node_10,,,,37.766666666666666
1134,node_10,,,,37.8
1135,node_10,,,,37.833333333333336
1136,node_10,,,,37.86666666666667
1137,node_10,,,,37.9
1138,node_10,,,,37.93333333333333
1139,node_10,,,,37.96666666666667
1140,node_10,,,,38.0
1141,node_10,,,,38.03333333333333
1142,node_10,,,,38.06666666666667
1143,node_10,,,,38.1
1144,node_10,,,,38.13333333333333
1145,node_10,,,,38.166666666666664
1146,node_10,,,,38.2
1147,node_10,,,,38.233333333333334
1148,node_10,,,,38.266666666666666
1149,node_10,,,,38.3
1150,node_10,,,,38.333333333333336
1151,node_10,,,,38.36666666666667
1152,node_10,,,,38.4
1153,node_10,,,,38.43333333333333
1154,node_10,,,,38.46666666666667
1155,node_10,,,,38.5
1156,node_10,,,,38.53333333333333
1157,node_10,,,,38.56666666666667
1158,node_10,,,,38.6
1159,node_10,,,,38.63333333333333
1160,node_10,,,,38.666666666666664
1161,node_10,,,,38.7
1162,node_10,,,,38.733333333333334
1163,node_10,,,,38.766666666666666
1164,node_10,,,,38.8
1165,node_10,,,,38.833333333333336
1166,node_10,,,,38.86666666666667
1167,node_10,,,,38.9
1168,node_10,,,,38.93333333333333
1169,node_10,,,,38.96666666666667
1170,node_10,,,,39.0
1171,node_10,,,,39.03333333333333
1172,node_10,,,,39.06666666666667
1173,node_10,,,,39.1
1174,node_10,,,,39.13333333333333
1175,node_10,,,,39.166666666666664
1176,node_10,,,,39.2
1177,node_10,,,,39.233333333333334
1178,node_10,,,,39.266666666666666
1179,node_10,,,,39.3
1180,node_10,,,,39.333333333333336
1181,node_10,,,,39.36666666666667
1182,node_10,,,,39.4
1183,node_10,,,,39.43333333333333
1184,node_10,,,,39.46666666666667
1185,node_10,,,,39.5
1186,node_10,,,,39.53333333333333
1187,node_10,,,,39.56666666666667
1188,node_10,,,,39.6
1189,node_10,,,,39.63333333333333
1190,node_10,,,,39.666666666666664
1191,node_10,,,,39.7
1192,node_10,,,,39.733333333333334
1193,node_10,,,,39.766666666666666
1194,node_10,,,,39.8
1195,node_10,,,,39.833333333333336
1196,node_10,,,,39.86666666666667
1197,node_10,,,,39.9
1198,node_10,,,,39.93333333333333
1199,node_10,,,,39.96666666666667
1200,node_10,,,,40.0
1201,node_10,,,,40.03333333333333
1202,node_10,,,,40.06666666666667
1203,node_10,,,,40.1
1204,node_10,,,,40.13333333333333
1205,node_10,,,,40.166666666666664
1206,node_10,,,,40.2
1207,node_10,,,,40.233333333333334
1208,node_10,,,,40.266666666666666
1209,node_10,,,,40.3
1210,node_10,,,,40.333333333333336
1211,node_10,,,,40.36666666666667
1212,node_10,,,,40.4
1213,node_10,,,,40.43333333333333
1214,node_10,,,,40.46666666666667
1215,node_10,,,,40.5
1216,node_10,,,,40.53333333333333
1217,node_10,,,,40.56666666666667
1218,node_10,,,,40.6
1219,node_10,,,,40.63333333333333
1220,node_10,,,,40.666666666666664
1221,node_10,,,,40.7
1222,node_10,,,,40.733333333333334
1223,node_10,,,,40.766666666666666
1224,node_10,,,,40.8
1225,node_10,,,,40.833333333333336
1226,node_10,,,,40.86666666666667
1227,node_10,,,,40.9
1228,node_10,,,,40.93333333333333
1229,node_10,,,,40.96666666666667
1230,node_10,,,,41.0
1231,node_10,,,,41.03333333333333
1232,node_10,,,,41.06666666666667
1233,node_10,,,,41.1
1234,node_10,,,,41.13333333333333
1235,node_10,,,,41.166666666666664
1236,node_10,,,,41.2
1237,node_10,,,,41.233333333333334
1238,node_10,,,,41.266666666666666
1239,node_10,,,,41.3
1240,node_10,,,,41.333333333333336
1241,node_10,,,,41.36666666666667
1242,node_10,,,,41.4
1243,node_10,,,,41.43333333333333
1244,node_10,,,,41.46666666666667
1245,node_10,,,,41.5
1246,node_10,,,,41.53333333333333
1247,node_10,,,,41.56666666666667
1248,node_10,,,,41.6
1249,node_10,,,,41.63333333333333
1250,node_10,,,,41.666666666666664
1251,node_10,,,,41.7
1252,node_10,,,,41.733333333333334
1253,node_10,,,,41.766666666666666
1254,node_10,,,,41.8
1255,node_10,,,,41.833333333333336
1256,node_10,,,,41.86666666666667
1257,node_10,,,,41.9
1258,node_10,,,,41.93333333333333
1259,node_10,,,,41.96666666666667
1260,node_10,,,,42.0
1261,node_10,,,,42.03333333333333
1262,node_10,,,,42.06666666666667
1263,node_10,,,,42.1
1264,node_10,,,,42.13333333333333
1265,node_10,,,,42.166666666666664
1266,node_10,,,,42.2
1267,node_10,,,,42.233333333333334
1268,node_10,,,,42.266666666666666
1269,node_10,,,,42.3
1270,node_10,,,,42.333333333333336
1271,node_10,,,,42.36666666666667
1272,node_10,,,,42.4
1273,node_10,,,,42.43333333333333
1274,node_10,,,,42.46666666666667
1275,node_10,,,,42.5
1276,node_10,,,,42.53333333333333
1277,node_10,,,,42.56666666666667
1278,node_10,,,,42.6
1279,node_10,,,,42.63333333333333
1280,node_10,,,,42.666666666666664
1281,node_10,,,,42.7
1282,node_10,,,,42.733333333333334
1283,node_10,,,,42.766666666666666
1284,node_10,,,,42.8
1285,node_10,,,,42.833333333333336
1286,node_10,,,,42.86666666666667
1287,node_10,,,,42.9
1288,node_10,,,,42.93333333333333
1289,node_10,,,,42.96666666666667
1290,node_10,,,,43.0
1291,node_10,,,,43.03333333333333
1292,node_10,,,,43.06666666666667
1293,node_10,,,,43.1
1294,node_10,,,,43.13333333333333
1295,node_10,,,,43.166666666666664
1296,node_10,,,,43.2
1297,node_10,,,,43.233333333333334
1298,node_10,,,,43.266666666666666
1299,node_10,,,,43.3
1300,node_10,,,,43.333333333333336
1301,node_10,,,,43.36666666666667
1302,node_10,,,,43.4
1303,node_10,,,,43.43333333333333
1304,node_10,,,,43.46666666666667
1305,node_10,,,,43.5
1306,node_10,,,,43.53333333333333
1307,node_10,,,,43.56666666666667
1308,node_10,,,,43.6
1309,node_10,,,,43.63333333333333
1310,node_10,,,,43.666666666666664
1311,node_10,,,,43.7
0,node_11,,,,0.0
1,node_11,,,,0.03333333333333333
2,node_11,,,,0.06666666666666667
3,node_11,,,,0.1
4,node_11,,,,0.13333333333333333
5,node_11,,,,0.16666666666666666
6,node_11,,,,0.2
7,node_11,,,,0.23333333333333334
8,node_11,,,,0.26666666666666666
9,node_11,,,,0.3
10,node_11,,,,0.3333333333333333
11,node_11,,,,0.36666666666666664
12,node_11,,,,0.4
13,node_11,,,,0.43333333333333335
14,node_11,,,,0.4666666666666667
15,node_11,,,,0.5
16,node_11,,,,0.5333333333333333
17,node_11,,,,0.5666666666666667
18,node_11,,,,0.6
19,node_11,,,,0.6333333333333333
20,node_11,,,,0.6666666666666666
21,node_11,,,,0.7
22,node_11,,,,0.7333333333333333
23,node_11,,,,0.7666666666666667
24,node_11,,,,0.8
25,node_11,,,,0.8333333333333334
26,node_11,,,,0.8666666666666667
27,node_11,,,,0.9
28,node_11,,,,0.9333333333333333
29,node_11,,,,0.9666666666666667
30,node_11,,,,1.0
31,node_11,,,,1.0333333333333334
32,node_11,,,,1.0666666666666667
33,node_11,,,,1.1
34,node_11,,,,1.1333333333333333
35,node_11,,,,1.1666666666666667
36,node_11,,,,1.2
37,node_11,,,,1.2333333333333334
38,node_11,,,,1.2666666666666666
39,node_11,,,,1.3
40,node_11,,,,1.3333333333333333
41,node_11,,,,1.3666666666666667
42,node_11,,,,1.4
43,node_11,,,,1.4333333333333333
44,node_11,,,,1.4666666666666666
45,node_11,,,,1.5
46,node_11,,,,1.5333333333333334
47,node_11,,,,1.5666666666666667
48,node_11,,,,1.6
49,node_11,,,,1.6333333333333333
50,node_11,,,,1.6666666666666667
51,node_11,,,,1.7
52,node_11,,,,1.7333333333333334
53,node_11,,,,1.7666666666666666
54,node_11,,,,1.8
55,node_11,,,,1.8333333333333333
56,node_11,,,,1.8666666666666667
57,node_11,,,,1.9
58,node_11,,,,1.9333333333333333
59,node_11,,,,1.9666666666666666
60,node_11,,,,2.0
61,node_11,,,,2.033333333333333
62,node_11,,,,2.066666666666667
63,node_11,,,,2.1
64,node_11,,,,2.1333333333333333
65,node_11,,,,2.1666666666666665
66,node_11,,,,2.2
67,node_11,,,,2.2333333333333334
68,node_11,,,,2.2666666666666666
69,node_11,,,,2.3
70,node_11,,,,2.3333333333333335
71,node_11,,,,2.3666666666666667
72,node_11,,,,2.4
73,node_11,,,,2.433333333333333
74,node_11,,,,2.466666666666667
75,node_11,,,,2.5
76,node_11,,,,2.533333333333333
77,node_11,,,,2.566666666666667
78,node_11,,,,2.6
79,node_11,,,,2.6333333333333333
80,node_11,,,,2.6666666666666665
81,node_11,,,,2.7
82,node_11,,,,2.7333333333333334
83,node_11,,,,2.7666666666666666
84,node_11,,,,2.8
85,node_11,,,,2.8333333333333335
86,node_11,,,,2.8666666666666667
87,node_11,,,,2.9
88,node_11,,,,2.933333333333333
89,node_11,,,,2.966666666666667
90,node_11,,,,3.0
91,node_11,,,,3.033333333333333
92,node_11,,,,3.066666666666667
93,node_11,,,,3.1
94,node_11,,,,3.1333333333333333
95,node_11,,,,3.1666666666666665
96,node_11,,,,3.2
97,node_11,,,,3.2333333333333334
98,node_11,,,,3.2666666666666666
99,node_11,,,,3.3
100,node_11,,,,3.3333333333333335
101,node_11,,,,3.3666666666666667
102,node_11,,,,3.4
103,node_11,,,,3.433333333333333
104,node_11,,,,3.466666666666667
105,node_11,,,,3.5
106,node_11,,,,3.533333333333333
107,node_11,,,,3.566666666666667
108,node_11,,,,3.6
109,node_11,,,,3.6333333333333333
110,node_11,,,,3.6666666666666665
111,node_11,,,,3.7
112,node_11,,,,3.7333333333333334
113,node_11,,,,3.7666666666666666
114,node_11,,,,3.8
115,node_11,,,,3.8333333333333335
116,node_11,,,,3.8666666666666667
117,node_11,,,,3.9
118,node_11,,,,3.933333333333333
119,node_11,,,,3.966666666666667
120,node_11,,,,4.0
121,node_11,,,,4.033333333333333
122,node_11,,,,4.066666666666666
123,node_11,,,,4.1
124,node_11,,,,4.133333333333334
125,node_11,,,,4.166666666666667
126,node_11,,,,4.2
127,node_11,,,,4.233333333333333
128,node_11,,,,4.266666666666667
129,node_11,,,,4.3
130,node_11,,,,4.333333333333333
131,node_11,,,,4.366666666666666
132,node_11,,,,4.4
133,node_11,,,,4.433333333333334
134,node_11,,,,4.466666666666667
135,node_11,,,,4.5
136,node_11,,,,4.533333333333333
137,node_11,,,,4.566666666666666
138,node_11,,,,4.6
139,node_11,,,,4.633333333333334
140,node_11,,,,4.666666666666667
141,node_11,,,,4.7
142,node_11,,,,4.733333333333333
143,node_11,,,,4.766666666666667
144,node_11,,,,4.8
145,node_11,,,,4.833333333333333
146,node_11,,,,4.866666666666666
147,node_11,,,,4.9
148,node_11,,,,4.933333333333334
149,node_11,,,,4.966666666666667
150,node_11,,,,5.0
151,node_11,,,,5.033333333333333
152,node_11,,,,5.066666666666666
153,node_11,,,,5.1
154,node_11,,,,5.133333333333334
155,node_11,,,,5.166666666666667
156,node_11,,,,5.2
157,node_11,,,,5.233333333333333
158,node_11,,,,5.266666666666667
159,node_11,,,,5.3
160,node_11,,,,5.333333333333333
161,node_11,,,,5.366666666666666
162,node_11,,,,5.4
163,node_11,,,,5.433333333333334
164,node_11,,,,5.466666666666667
165,node_11,,,,5.5
166,node_11,,,,5.533333333333333
167,node_11,,,,5.566666666666666
168,node_11,,,,5.6
169,node_11,,,,5.633333333333334
170,node_11,,,,5.666666666666667
171,node_11,,,,5.7
172,node_11,,,,5.733333333333333
173,node_11,,,,5.766666666666667
174,node_11,,,,5.8
175,node_11,,,,5.833333333333333
176,node_11,,,,5.866666666666666
177,node_11,,,,5.9
178,node_11,,,,5.933333333333334
179,node_11,,,,5.966666666666667
180,node_11,,,,6.0
181,node_11,,,,6.033333333333333
182,node_11,,,,6.066666666666666
183,node_11,,,,6.1
184,node_11,,,,6.133333333333334
185,node_11,,,,6.166666666666667
186,node_11,,,,6.2
187,node_11,,,,6.233333333333333
188,node_11,,,,6.266666666666667
189,node_11,,,,6.3
190,node_11,,,,6.333333333333333
191,node_11,,,,6.366666666666666
192,node_11,,,,6.4
193,node_11,,,,6.433333333333334
194,node_11,,,,6.466666666666667
195,node_11,,,,6.5
196,node_11,,,,6.533333333333333
197,node_11,,,,6.566666666666666
198,node_11,,,,6.6
199,node_11,,,,6.633333333333334
200,node_11,,,,6.666666666666667
201,node_11,,,,6.7
202,node_11,,,,6.733333333333333
203,node_11,,,,6.766666666666667
204,node_11,,,,6.8
205,node_11,,,,6.833333333333333
206,node_11,,,,6.866666666666666
207,node_11,,,,6.9
208,node_11,,,,6.933333333333334
209,node_11,,,,6.966666666666667
210,node_11,,,,7.0
211,node_11,,,,7.033333333333333
212,node_11,,,,7.066666666666666
213,node_11,,,,7.1
214,node_11,,,,7.133333333333334
215,node_11,,,,7.166666666666667
216,node_11,,,,7.2
217,node_11,,,,7.233333333333333
218,node_11,,,,7.266666666666667
219,node_11,,,,7.3
220,node_11,,,,7.333333333333333
221,node_11,,,,7.366666666666666
222,node_11,,,,7.4
223,node_11,,,,7.433333333333334
224,node_11,,,,7.466666666666667
225,node_11,,,,7.5
226,node_11,,,,7.533333333333333
227,node_11,,,,7.566666666666666
228,node_11,,,,7.6
229,node_11,,,,7.633333333333334
230,node_11,,,,7.666666666666667
231,node_11,,,,7.7
232,node_11,,,,7.733333333333333
233,node_11,,,,7.766666666666667
234,node_11,,,,7.8
235,node_11,,,,7.833333333333333
236,node_11,,,,7.866666666666666
237,node_11,,,,7.9
238,node_11,,,,7.933333333333334
239,node_11,,,,7.966666666666667
240,node_11,,,,8.0
241,node_11,,,,8.033333333333333
242,node_11,,,,8.066666666666666
243,node_11,,,,8.1
244,node_11,,,,8.133333333333333
245,node_11,,,,8.166666666666666
246,node_11,,,,8.2
247,node_11,,,,8.233333333333333
248,node_11,,,,8.266666666666667
249,node_11,,,,8.3
250,node_11,,,,8.333333333333334
251,node_11,,,,8.366666666666667
252,node_11,,,,8.4
253,node_11,,,,8.433333333333334
254,node_11,,,,8.466666666666667
255,node_11,,,,8.5
256,node_11,,,,8.533333333333333
257,node_11,,,,8.566666666666666
258,node_11,,,,8.6
259,node_11,,,,8.633333333333333
260,node_11,,,,8.666666666666666
261,node_11,,,,8.7
262,node_11,,,,8.733333333333333
263,node_11,,,,8.766666666666667
264,node_11,,,,8.8
265,node_11,,,,8.833333333333334
266,node_11,,,,8.866666666666667
267,node_11,,,,8.9
268,node_11,,,,8.933333333333334
269,node_11,,,,8.966666666666667
270,node_11,,,,9.0
271,node_11,,,,9.033333333333333
272,node_11,,,,9.066666666666666
273,node_11,,,,9.1
274,node_11,,,,9.133333333333333
275,node_11,,,,9.166666666666666
276,node_11,,,,9.2
277,node_11,,,,9.233333333333333
278,node_11,,,,9.266666666666667
279,node_11,,,,9.3
280,node_11,,,,9.333333333333334
281,node_11,,,,9.366666666666667
282,node_11,,,,9.4
283,node_11,,,,9.433333333333334
284,node_11,,,,9.466666666666667
285,node_11,,,,9.5
286,node_11,,,,9.533333333333333
287,node_11,,,,9.566666666666666
288,node_11,,,,9.6
289,node_11,,,,9.633333333333333
290,node_11,,,,9.666666666666666
291,node_11,,,,9.7
292,node_11,,,,9.733333333333333
293,node_11,,,,9.766666666666667
294,node_11,,,,9.8
295,node_11,,,,9.833333333333334
296,node_11,,,,9.866666666666667
297,node_11,,,,9.9
298,node_11,,,,9.933333333333334
299,node_11,,,,9.966666666666667
300,node_11,,,,10.0
301,node_11,,,,10.033333333333333
302,node_11,,,,10.066666666666666
303,node_11,,,,10.1
304,node_11,,,,10.133333333333333
305,node_11,,,,10.166666666666666
306,node_11,,,,10.2
307,node_11,,,,10.233333333333333
308,node_11,,,,10.266666666666667
309,node_11,,,,10.3
310,node_11,,,,10.333333333333334
311,node_11,,,,10.366666666666667
312,node_11,,,,10.4
313,node_11,,,,10.433333333333334
314,node_11,,,,10.466666666666667
315,node_11,,,,10.5
316,node_11,,,,10.533333333333333
317,node_11,,,,10.566666666666666
318,node_11,,,,10.6
319,node_11,,,,10.633333333333333
320,node_11,,,,10.666666666666666
321,node_11,,,,10.7
322,node_11,,,,10.733333333333333
323,node_11,,,,10.766666666666667
324,node_11,,,,10.8
325,node_11,,,,10.833333333333334
326,node_11,,,,10.866666666666667
327,node_11,,,,10.9
328,node_11,,,,10.933333333333334
329,node_11,,,,10.966666666666667
330,node_11,,,,11.0
331,node_11,,,,11.033333333333333
332,node_11,,,,11.066666666666666
333,node_11,,,,11.1
334,node_11,,,,11.133333333333333
335,node_11,,,,11.166666666666666
336,node_11,,,,11.2
337,node_11,,,,11.233333333333333
338,node_11,,,,11.266666666666667
339,node_11,,,,11.3
340,node_11,,,,11.333333333333334
341,node_11,,,,11.366666666666667
342,node_11,,,,11.4
343,node_11,,,,11.433333333333334
344,node_11,,,,11.466666666666667
345,node_11,,,,11.5
346,node_11,,,,11.533333333333333
347,node_11,,,,11.566666666666666
348,node_11,,,,11.6
349,node_11,,,,11.633333333333333
350,node_11,,,,11.666666666666666
351,node_11,,,,11.7
352,node_11,,,,11.733333333333333
353,node_11,,,,11.766666666666667
354,node_11,,,,11.8
355,node_11,,,,11.833333333333334
356,node_11,,,,11.866666666666667
357,node_11,,,,11.9
358,node_11,,,,11.933333333333334
359,node_11,,,,11.966666666666667
360,node_11,,,,12.0
361,node_11,,,,12.033333333333333
362,node_11,,,,12.066666666666666
363,node_11,,,,12.1
364,node_11,,,,12.133333333333333
365,node_11,,,,12.166666666666666
366,node_11,,,,12.2
367,node_11,,,,12.233333333333333
368,node_11,,,,12.266666666666667
369,node_11,,,,12.3
370,node_11,,,,12.333333333333334
371,node_11,,,,12.366666666666667
372,node_11,,,,12.4
373,node_11,,,,12.433333333333334
374,node_11,,,,12.466666666666667
375,node_11,,,,12.5
376,node_11,,,,12.533333333333333
377,node_11,,,,12.566666666666666
378,node_11,,,,12.6
379,node_11,,,,12.633333333333333
380,node_11,,,,12.666666666666666
381,node_11,,,,12.7
382,node_11,,,,12.733333333333333
383,node_11,,,,12.766666666666667
384,node_11,,,,12.8
385,node_11,,,,12.833333333333334
386,node_11,,,,12.866666666666667
387,node_11,,,,12.9
388,node_11,,,,12.933333333333334
389,node_11,,,,12.966666666666667
390,node_11,,,,13.0
391,node_11,,,,13.033333333333333
392,node_11,,,,13.066666666666666
393,node_11,,,,13.1
394,node_11,,,,13.133333333333333
395,node_11,,,,13.166666666666666
396,node_11,,,,13.2
397,node_11,,,,13.233333333333333
398,node_11,,,,13.266666666666667
399,node_11,,,,13.3
400,node_11,,,,13.333333333333334
401,node_11,,,,13.366666666666667
402,node_11,,,,13.4
403,node_11,,,,13.433333333333334
404,node_11,,,,13.466666666666667
405,node_11,,,,13.5
406,node_11,,,,13.533333333333333
407,node_11,,,,13.566666666666666
408,node_11,,,,13.6
409,node_11,,,,13.633333333333333
410,node_11,,,,13.666666666666666
411,node_11,,,,13.7
412,node_11,,,,13.733333333333333
413,node_11,,,,13.766666666666667
414,node_11,,,,13.8
415,node_11,,,,13.833333333333334
416,node_11,,,,13.866666666666667
417,node_11,,,,13.9
418,node_11,,,,13.933333333333334
419,node_11,,,,13.966666666666667
420,node_11,,,,14.0
421,node_11,,,,14.033333333333333
422,node_11,,,,14.066666666666666
423,node_11,,,,14.1
424,node_11,,,,14.133333333333333
425,node_11,,,,14.166666666666666
426,node_11,,,,14.2
427,node_11,,,,14.233333333333333
428,node_11,,,,14.266666666666667
429,node_11,,,,14.3
430,node_11,,,,14.333333333333334
431,node_11,,,,14.366666666666667
432,node_11,,,,14.4
433,node_11,,,,14.433333333333334
434,node_11,,,,14.466666666666667
435,node_11,,,,14.5
436,node_11,,,,14.533333333333333
437,node_11,,,,14.566666666666666
438,node_11,,,,14.6
439,node_11,,,,14.633333333333333
440,node_11,,,,14.666666666666666
441,node_11,,,,14.7
442,node_11,,,,14.733333333333333
443,node_11,,,,14.766666666666667
444,node_11,,,,14.8
445,node_11,,,,14.833333333333334
446,node_11,,,,14.866666666666667
447,node_11,,,,14.9
448,node_11,,,,14.933333333333334
449,node_11,,,,14.966666666666667
450,node_11,,,,15.0
451,node_11,,,,15.033333333333333
452,node_11,,,,15.066666666666666
453,node_11,,,,15.1
454,node_11,,,,15.133333333333333
455,node_11,,,,15.166666666666666
456,node_11,,,,15.2
457,node_11,,,,15.233333333333333
458,node_11,,,,15.266666666666667
459,node_11,,,,15.3
460,node_11,,,,15.333333333333334
461,node_11,,,,15.366666666666667
462,node_11,,,,15.4
463,node_11,,,,15.433333333333334
464,node_11,,,,15.466666666666667
465,node_11,,,,15.5
466,node_11,,,,15.533333333333333
467,node_11,,,,15.566666666666666
468,node_11,,,,15.6
469,node_11,,,,15.633333333333333
470,node_11,,,,15.666666666666666
471,node_11,,,,15.7
472,node_11,,,,15.733333333333333
473,node_11,,,,15.766666666666667
474,node_11,,,,15.8
475,node_11,,,,15.833333333333334
476,node_11,,,,15.866666666666667
477,node_11,,,,15.9
478,node_11,,,,15.933333333333334
479,node_11,,,,15.966666666666667
480,node_11,,,,16.0
481,node_11,,,,16.033333333333335
482,node_11,,,,16.066666666666666
483,node_11,,,,16.1
484,node_11,,,,16.133333333333333
485,node_11,,,,16.166666666666668
486,node_11,,,,16.2
487,node_11,,,,16.233333333333334
488,node_11,,,,16.266666666666666
489,node_11,,,,16.3
490,node_11,,,,16.333333333333332
491,node_11,,,,16.366666666666667
492,node_11,,,,16.4
493,node_11,,,,16.433333333333334
494,node_11,,,,16.466666666666665
495,node_11,,,,16.5
496,node_11,,,,16.533333333333335
497,node_11,,,,16.566666666666666
498,node_11,,,,16.6
499,node_11,,,,16.633333333333333
500,node_11,,,,16.666666666666668
501,node_11,,,,16.7
502,node_11,,,,16.733333333333334
503,node_11,,,,16.766666666666666
504,node_11,,,,16.8
505,node_11,,,,16.833333333333332
506,node_11,,,,16.866666666666667
507,node_11,,,,16.9
508,node_11,,,,16.933333333333334
509,node_11,,,,16.966666666666665
510,node_11,,,,17.0
511,node_11,,,,17.033333333333335
512,node_11,,,,17.066666666666666
513,node_11,,,,17.1
514,node_11,,,,17.133333333333333
515,node_11,,,,17.166666666666668
516,node_11,,,,17.2
517,node_11,,,,17.233333333333334
518,node_11,,,,17.266666666666666
519,node_11,,,,17.3
520,node_11,,,,17.333333333333332
521,node_11,,,,17.366666666666667
522,node_11,,,,17.4
523,node_11,,,,17.433333333333334
524,node_11,,,,17.466666666666665
525,node_11,,,,17.5
526,node_11,,,,17.533333333333335
527,node_11,,,,17.566666666666666
528,node_11,,,,17.6
529,node_11,,,,17.633333333333333
530,node_11,,,,17.666666666666668
531,node_11,,,,17.7
532,node_11,,,,17.733333333333334
533,node_11,,,,17.766666666666666
534,node_11,,,,17.8
535,node_11,,,,17.833333333333332
536,node_11,,,,17.866666666666667
537,node_11,,,,17.9
538,node_11,,,,17.933333333333334
539,node_11,,,,17.966666666666665
540,node_11,,,,18.0
541,node_11,,,,18.033333333333335
542,node_11,,,,18.066666666666666
543,node_11,,,,18.1
544,node_11,,,,18.133333333333333
545,node_11,,,,18.166666666666668
546,node_11,,,,18.2
547,node_11,,,,18.233333333333334
548,node_11,,,,18.266666666666666
549,node_11,,,,18.3
550,node_11,,,,18.333333333333332
551,node_11,,,,18.366666666666667
552,node_11,,,,18.4
553,node_11,,,,18.433333333333334
554,node_11,,,,18.466666666666665
555,node_11,,,,18.5
556,node_11,,,,18.533333333333335
557,node_11,,,,18.566666666666666
558,node_11,,,,18.6
559,node_11,,,,18.633333333333333
560,node_11,,,,18.666666666666668
561,node_11,,,,18.7
562,node_11,,,,18.733333333333334
563,node_11,,,,18.766666666666666
564,node_11,,,,18.8
565,node_11,,,,18.833333333333332
566,node_11,,,,18.866666666666667
567,node_11,,,,18.9
568,node_11,,,,18.933333333333334
569,node_11,,,,18.966666666666665
570,node_11,,,,19.0
571,node_11,,,,19.033333333333335
572,node_11,,,,19.066666666666666
573,node_11,,,,19.1
574,node_11,,,,19.133333333333333
575,node_11,,,,19.166666666666668
576,node_11,,,,19.2
577,node_11,,,,19.233333333333334
578,node_11,,,,19.266666666666666
579,node_11,,,,19.3
580,node_11,,,,19.333333333333332
581,node_11,,,,19.366666666666667
582,node_11,,,,19.4
583,node_11,,,,19.433333333333334
584,node_11,,,,19.466666666666665
585,node_11,,,,19.5
586,node_11,,,,19.533333333333335
587,node_11,,,,19.566666666666666
588,node_11,,,,19.6
589,node_11,,,,19.633333333333333
590,node_11,,,,19.666666666666668
591,node_11,,,,19.7
592,node_11,,,,19.733333333333334
593,node_11,,,,19.766666666666666
594,node_11,,,,19.8
595,node_11,,,,19.833333333333332
596,node_11,,,,19.866666666666667
597,node_11,,,,19.9
598,node_11,,,,19.933333333333334
599,node_11,,,,19.966666666666665
600,node_11,,,,20.0
601,node_11,,,,20.033333333333335
602,node_11,,,,20.066666666666666
603,node_11,,,,20.1
604,node_11,,,,20.133333333333333
605,node_11,,,,20.166666666666668
606,node_11,,,,20.2
607,node_11,,,,20.233333333333334
608,node_11,,,,20.266666666666666
609,node_11,,,,20.3
610,node_11,,,,20.333333333333332
611,node_11,,,,20.366666666666667
612,node_11,,,,20.4
613,node_11,,,,20.433333333333334
614,node_11,,,,20.466666666666665
615,node_11,,,,20.5
616,node_11,,,,20.533333333333335
617,node_11,,,,20.566666666666666
618,node_11,,,,20.6
619,node_11,,,,20.633333333333333
620,node_11,,,,20.666666666666668
621,node_11,,,,20.7
622,node_11,,,,20.733333333333334
623,node_11,,,,20.766666666666666
624,node_11,,,,20.8
625,node_11,,,,20.833333333333332
626,node_11,,,,20.866666666666667
627,node_11,,,,20.9
628,node_11,,,,20.933333333333334
629,node_11,,,,20.966666666666665
630,node_11,,,,21.0
631,node_11,,,,21.033333333333335
632,node_11,,,,21.066666666666666
633,node_11,,,,21.1
634,node_11,,,,21.133333333333333
635,node_11,,,,21.166666666666668
636,node_11,,,,21.2
637,node_11,,,,21.233333333333334
638,node_11,,,,21.266666666666666
639,node_11,,,,21.3
640,node_11,,,,21.333333333333332
641,node_11,,,,21.366666666666667
642,node_11,,,,21.4
643,node_11,,,,21.433333333333334
644,node_11,,,,21.466666666666665
645,node_11,,,,21.5
646,node_11,,,,21.533333333333335
647,node_11,,,,21.566666666666666
648,node_11,,,,21.6
649,node_11,,,,21.633333333333333
650,node_11,,,,21.666666666666668
651,node_11,,,,21.7
652,node_11,,,,21.733333333333334
653,node_11,,,,21.766666666666666
654,node_11,,,,21.8
655,node_11,,,,21.833333333333332
656,node_11,,,,21.866666666666667
657,node_11,,,,21.9
658,node_11,,,,21.933333333333334
659,node_11,,,,21.966666666666665
660,node_11,,,,22.0
661,node_11,,,,22.033333333333335
662,node_11,,,,22.066666666666666
663,node_11,,,,22.1
664,node_11,,,,22.133333333333333
665,node_11,,,,22.166666666666668
666,node_11,,,,22.2
667,node_11,,,,22.233333333333334
668,node_11,,,,22.266666666666666
669,node_11,,,,22.3
670,node_11,,,,22.333333333333332
671,node_11,,,,22.366666666666667
672,node_11,,,,22.4
673,node_11,,,,22.433333333333334
674,node_11,,,,22.466666666666665
675,node_11,,,,22.5
676,node_11,,,,22.533333333333335
677,node_11,,,,22.566666666666666
678,node_11,,,,22.6
679,node_11,,,,22.633333333333333
680,node_11,,,,22.666666666666668
681,node_11,,,,22.7
682,node_11,,,,22.733333333333334
683,node_11,,,,22.766666666666666
684,node_11,,,,22.8
685,node_11,,,,22.833333333333332
686,node_11,,,,22.866666666666667
687,node_11,,,,22.9
688,node_11,,,,22.933333333333334
689,node_11,,,,22.966666666666665
690,node_11,,,,23.0
691,node_11,,,,23.033333333333335
692,node_11,,,,23.066666666666666
693,node_11,,,,23.1
694,node_11,,,,23.133333333333333
695,node_11,,,,23.166666666666668
696,node_11,,,,23.2
697,node_11,,,,23.233333333333334
698,node_11,,,,23.266666666666666
699,node_11,,,,23.3
700,node_11,,,,23.333333333333332
701,node_11,,,,23.366666666666667
702,node_11,,,,23.4
703,node_11,,,,23.433333333333334
704,node_11,,,,23.466666666666665
705,node_11,,,,23.5
706,node_11,,,,23.533333333333335
707,node_11,,,,23.566666666666666
708,node_11,,,,23.6
709,node_11,,,,23.633333333333333
710,node_11,,,,23.666666666666668
711,node_11,,,,23.7
712,node_11,,,,23.733333333333334
713,node_11,,,,23.766666666666666
714,node_11,,,,23.8
715,node_11,,,,23.833333333333332
716,node_11,,,,23.866666666666667
717,node_11,,,,23.9
718,node_11,,,,23.933333333333334
719,node_11,,,,23.966666666666665
720,node_11,,,,24.0
721,node_11,,,,24.033333333333335
722,node_11,,,,24.066666666666666
723,node_11,,,,24.1
724,node_11,,,,24.133333333333333
725,node_11,,,,24.166666666666668
726,node_11,,,,24.2
727,node_11,,,,24.233333333333334
728,node_11,,,,24.266666666666666
729,node_11,,,,24.3
730,node_11,,,,24.333333333333332
731,node_11,,,,24.366666666666667
732,node_11,,,,24.4
733,node_11,,,,24.433333333333334
734,node_11,,,,24.466666666666665
735,node_11,,,,24.5
736,node_11,,,,24.533333333333335
737,node_11,,,,24.566666666666666
738,node_11,,,,24.6
739,node_11,,,,24.633333333333333
740,node_11,,,,24.666666666666668
741,node_11,,,,24.7
742,node_11,,,,24.733333333333334
743,node_11,,,,24.766666666666666
744,node_11,,,,24.8
745,node_11,,,,24.833333333333332
746,node_11,,,,24.866666666666667
747,node_11,,,,24.9
748,node_11,,,,24.933333333333334
749,node_11,,,,24.966666666666665
750,node_11,,,,25.0
751,node_11,,,,25.033333333333335
752,node_11,,,,25.066666666666666
753,node_11,,,,25.1
754,node_11,,,,25.133333333333333
755,node_11,,,,25.166666666666668
756,node_11,,,,25.2
757,node_11,,,,25.233333333333334
758,node_11,,,,25.266666666666666
759,node_11,,,,25.3
760,node_11,,,,25.333333333333332
761,node_11,,,,25.366666666666667
762,node_11,,,,25.4
763,node_11,,,,25.433333333333334
764,node_11,,,,25.466666666666665
765,node_11,,,,25.5
766,node_11,,,,25.533333333333335
767,node_11,,,,25.566666666666666
768,node_11,,,,25.6
769,node_11,,,,25.633333333333333
770,node_11,,,,25.666666666666668
771,node_11,,,,25.7
772,node_11,,,,25.733333333333334
773,node_11,,,,25.766666666666666
774,node_11,,,,25.8
775,node_11,,,,25.833333333333332
776,node_11,,,,25.866666666666667
777,node_11,,,,25.9
778,node_11,,,,25.933333333333334
779,node_11,,,,25.966666666666665
780,node_11,,,,26.0
781,node_11,,,,26.033333333333335
782,node_11,,,,26.066666666666666
783,node_11,,,,26.1
784,node_11,,,,26.133333333333333
785,node_11,,,,26.166666666666668
786,node_11,,,,26.2
787,node_11,,,,26.233333333333334
788,node_11,,,,26.266666666666666
789,node_11,,,,26.3
790,node_11,,,,26.333333333333332
791,node_11,,,,26.366666666666667
792,node_11,,,,26.4
793,node_11,,,,26.433333333333334
794,node_11,,,,26.466666666666665
795,node_11,,,,26.5
796,node_11,,,,26.533333333333335
797,node_11,,,,26.566666666666666
798,node_11,,,,26.6
799,node_11,,,,26.633333333333333
800,node_11,,,,26.666666666666668
801,node_11,,,,26.7
802,node_11,,,,26.733333333333334
803,node_11,,,,26.766666666666666
804,node_11,,,,26.8
805,node_11,,,,26.833333333333332
806,node_11,,,,26.866666666666667
807,node_11,,,,26.9
808,node_11,,,,26.933333333333334
809,node_11,,,,26.966666666666665
810,node_11,,,,27.0
811,node_11,,,,27.033333333333335
812,node_11,,,,27.066666666666666
813,node_11,,,,27.1
814,node_11,,,,27.133333333333333
815,node_11,,,,27.166666666666668
816,node_11,,,,27.2
817,node_11,,,,27.233333333333334
818,node_11,,,,27.266666666666666
819,node_11,,,,27.3
820,node_11,,,,27.333333333333332
821,node_11,,,,27.366666666666667
822,node_11,,,,27.4
823,node_11,,,,27.433333333333334
824,node_11,,,,27.466666666666665
825,node_11,,,,27.5
826,node_11,,,,27.533333333333335
827,node_11,,,,27.566666666666666
828,node_11,,,,27.6
829,node_11,,,,27.633333333333333
830,node_11,,,,27.666666666666668
831,node_11,,,,27.7
832,node_11,,,,27.733333333333334
833,node_11,,,,27.766666666666666
834,node_11,,,,27.8
835,node_11,,,,27.833333333333332
836,node_11,,,,27.866666666666667
837,node_11,,,,27.9
838,node_11,,,,27.933333333333334
839,node_11,,,,27.966666666666665
840,node_11,,,,28.0
841,node_11,,,,28.033333333333335
842,node_11,,,,28.066666666666666
843,node_11,,,,28.1
844,node_11,,,,28.133333333333333
845,node_11,,,,28.166666666666668
846,node_11,,,,28.2
847,node_11,,,,28.233333333333334
848,node_11,,,,28.266666666666666
849,node_11,,,,28.3
850,node_11,,,,28.333333333333332
851,node_11,,,,28.366666666666667
852,node_11,,,,28.4
853,node_11,,,,28.433333333333334
854,node_11,,,,28.466666666666665
855,node_11,,,,28.5
856,node_11,,,,28.533333333333335
857,node_11,,,,28.566666666666666
858,node_11,,,,28.6
859,node_11,,,,28.633333333333333
860,node_11,,,,28.666666666666668
861,node_11,,,,28.7
862,node_11,,,,28.733333333333334
863,node_11,,,,28.766666666666666
864,node_11,,,,28.8
865,node_11,,,,28.833333333333332
866,node_11,,,,28.866666666666667
867,node_11,,,,28.9
868,node_11,,,,28.933333333333334
869,node_11,,,,28.966666666666665
870,node_11,,,,29.0
871,node_11,,,,29.033333333333335
872,node_11,,,,29.066666666666666
873,node_11,,,,29.1
874,node_11,,,,29.133333333333333
875,node_11,,,,29.166666666666668
876,node_11,,,,29.2
877,node_11,,,,29.233333333333334
878,node_11,,,,29.266666666666666
879,node_11,,,,29.3
880,node_11,,,,29.333333333333332
881,node_11,,,,29.366666666666667
882,node_11,,,,29.4
883,node_11,,,,29.433333333333334
884,node_11,,,,29.466666666666665
885,node_11,,,,29.5
886,node_11,,,,29.533333333333335
887,node_11,,,,29.566666666666666
888,node_11,,,,29.6
889,node_11,,,,29.633333333333333
890,node_11,,,,29.666666666666668
891,node_11,,,,29.7
892,node_11,,,,29.733333333333334
893,node_11,,,,29.766666666666666
894,node_11,,,,29.8
895,node_11,,,,29.833333333333332
896,node_11,,,,29.866666666666667
897,node_11,,,,29.9
898,node_11,,,,29.933333333333334
899,node_11,,,,29.966666666666665
900,node_11,,,,30.0
901,node_11,,,,30.033333333333335
902,node_11,,,,30.066666666666666
903,node_11,,,,30.1
904,node_11,,,,30.133333333333333
905,node_11,,,,30.166666666666668
906,node_11,,,,30.2
907,node_11,,,,30.233333333333334
908,node_11,,,,30.266666666666666
909,node_11,,,,30.3
910,node_11,,,,30.333333333333332
911,node_11,,,,30.366666666666667
912,node_11,,,,30.4
913,node_11,,,,30.433333333333334
914,node_11,,,,30.466666666666665
915,node_11,,,,30.5
916,node_11,,,,30.533333333333335
917,node_11,,,,30.566666666666666
918,node_11,,,,30.6
919,node_11,,,,30.633333333333333
920,node_11,,,,30.666666666666668
921,node_11,,,,30.7
922,node_11,,,,30.733333333333334
923,node_11,,,,30.766666666666666
924,node_11,,,,30.8
925,node_11,,,,30.833333333333332
926,node_11,,,,30.866666666666667
927,node_11,,,,30.9
928,node_11,,,,30.933333333333334
929,node_11,,,,30.966666666666665
930,node_11,,,,31.0
931,node_11,,,,31.033333333333335
932,node_11,,,,31.066666666666666
933,node_11,,,,31.1
934,node_11,,,,31.133333333333333
935,node_11,,,,31.166666666666668
936,node_11,,,,31.2
937,node_11,,,,31.233333333333334
938,node_11,,,,31.266666666666666
939,node_11,,,,31.3
940,node_11,,,,31.333333333333332
941,node_11,,,,31.366666666666667
942,node_11,,,,31.4
943,node_11,,,,31.433333333333334
944,node_11,,,,31.466666666666665
945,node_11,,,,31.5
946,node_11,,,,31.533333333333335
947,node_11,,,,31.566666666666666
948,node_11,,,,31.6
949,node_11,,,,31.633333333333333
950,node_11,,,,31.666666666666668
951,node_11,,,,31.7
952,node_11,,,,31.733333333333334
953,node_11,,,,31.766666666666666
954,node_11,,,,31.8
955,node_11,,,,31.833333333333332
956,node_11,,,,31.866666666666667
957,node_11,,,,31.9
958,node_11,,,,31.933333333333334
959,node_11,,,,31.966666666666665
960,node_11,,,,32.0
961,node_11,,,,32.03333333333333
962,node_11,,,,32.06666666666667
963,node_11,,,,32.1
964,node_11,,,,32.13333333333333
965,node_11,,,,32.166666666666664
966,node_11,,,,32.2
967,node_11,,,,32.233333333333334
968,node_11,,,,32.266666666666666
969,node_11,,,,32.3
970,node_11,,,,32.333333333333336
971,node_11,,,,32.36666666666667
972,node_11,,,,32.4
973,node_11,,,,32.43333333333333
974,node_11,,,,32.46666666666667
975,node_11,,,,32.5
976,node_11,,,,32.53333333333333
977,node_11,,,,32.56666666666667
978,node_11,,,,32.6
979,node_11,,,,32.63333333333333
980,node_11,,,,32.666666666666664
981,node_11,,,,32.7
982,node_11,,,,32.733333333333334
983,node_11,,,,32.766666666666666
984,node_11,,,,32.8
985,node_11,,,,32.833333333333336
986,node_11,,,,32.86666666666667
987,node_11,,,,32.9
988,node_11,,,,32.93333333333333
989,node_11,,,,32.96666666666667
990,node_11,,,,33.0
991,node_11,,,,33.03333333333333
992,node_11,,,,33.06666666666667
993,node_11,,,,33.1
994,node_11,,,,33.13333333333333
995,node_11,,,,33.166666666666664
996,node_11,,,,33.2
997,node_11,,,,33.233333333333334
998,node_11,,,,33.266666666666666
999,node_11,,,,33.3
1000,node_11,,,,33.333333333333336
1001,node_11,,,,33.36666666666667
1002,node_11,,,,33.4
1003,node_11,,,,33.43333333333333
1004,node_11,,,,33.46666666666667
1005,node_11,,,,33.5
1006,node_11,,,,33.53333333333333
1007,node_11,,,,33.56666666666667
1008,node_11,,,,33.6
1009,node_11,,,,33.63333333333333
1010,node_11,,,,33.666666666666664
1011,node_11,,,,33.7
1012,node_11,,,,33.733333333333334
1013,node_11,,,,33.766666666666666
1014,node_11,,,,33.8
1015,node_11,,,,33.833333333333336
1016,node_11,,,,33.86666666666667
1017,node_11,,,,33.9
1018,node_11,,,,33.93333333333333
1019,node_11,,,,33.96666666666667
1020,node_11,,,,34.0
1021,node_11,,,,34.03333333333333
1022,node_11,,,,34.06666666666667
1023,node_11,,,,34.1
1024,node_11,,,,34.13333333333333
1025,node_11,,,,34.166666666666664
1026,node_11,,,,34.2
1027,node_11,,,,34.233333333333334
1028,node_11,,,,34.266666666666666
1029,node_11,,,,34.3
1030,node_11,,,,34.333333333333336
1031,node_11,,,,34.36666666666667
1032,node_11,,,,34.4
1033,node_11,,,,34.43333333333333
1034,node_11,,,,34.46666666666667
1035,node_11,,,,34.5
1036,node_11,,,,34.53333333333333
1037,node_11,,,,34.56666666666667
1038,node_11,,,,34.6
1039,node_11,,,,34.63333333333333
1040,node_11,,,,34.666666666666664
1041,node_11,,,,34.7
1042,node_11,,,,34.733333333333334
1043,node_11,,,,34.766666666666666
1044,node_11,,,,34.8
1045,node_11,,,,34.833333333333336
1046,node_11,,,,34.86666666666667
1047,node_11,,,,34.9
1048,node_11,,,,34.93333333333333
1049,node_11,,,,34.96666666666667
1050,node_11,,,,35.0
1051,node_11,,,,35.03333333333333
1052,node_11,,,,35.06666666666667
1053,node_11,,,,35.1
1054,node_11,,,,35.13333333333333
1055,node_11,,,,35.166666666666664
1056,node_11,,,,35.2
1057,node_11,,,,35.233333333333334
1058,node_11,,,,35.266666666666666
1059,node_11,,,,35.3
1060,node_11,,,,35.333333333333336
1061,node_11,,,,35.36666666666667
1062,node_11,,,,35.4
1063,node_11,,,,35.43333333333333
1064,node_11,,,,35.46666666666667
1065,node_11,,,,35.5
1066,node_11,,,,35.53333333333333
1067,node_11,,,,35.56666666666667
1068,node_11,,,,35.6
1069,node_11,,,,35.63333333333333
1070,node_11,,,,35.666666666666664
1071,node_11,,,,35.7
1072,node_11,,,,35.733333333333334
1073,node_11,,,,35.766666666666666
1074,node_11,,,,35.8
1075,node_11,,,,35.833333333333336
1076,node_11,,,,35.86666666666667
1077,node_11,,,,35.9
1078,node_11,,,,35.93333333333333
1079,node_11,,,,35.96666666666667
1080,node_11,,,,36.0
1081,node_11,,,,36.03333333333333
1082,node_11,,,,36.06666666666667
1083,node_11,,,,36.1
1084,node_11,,,,36.13333333333333
1085,node_11,,,,36.166666666666664
1086,node_11,,,,36.2
1087,node_11,,,,36.233333333333334
1088,node_11,,,,36.266666666666666
1089,node_11,,,,36.3
1090,node_11,,,,36.333333333333336
1091,node_11,,,,36.36666666666667
1092,node_11,,,,36.4
1093,node_11,,,,36.43333333333333
1094,node_11,,,,36.46666666666667
1095,node_11,,,,36.5
1096,node_11,,,,36.53333333333333
1097,node_11,,,,36.56666666666667
1098,node_11,,,,36.6
1099,node_11,,,,36.63333333333333
1100,node_11,,,,36.666666666666664
1101,node_11,,,,36.7
1102,node_11,,,,36.733333333333334
1103,node_11,,,,36.766666666666666
1104,node_11,,,,36.8
1105,node_11,,,,36.833333333333336
1106,node_11,,,,36.86666666666667
1107,node_11,,,,36.9
1108,node_11,,,,36.93333333333333
1109,node_11,,,,36.96666666666667
1110,node_11,,,,37.0
1111,node_11,,,,37.03333333333333
1112,node_11,,,,37.06666666666667
1113,node_11,,,,37.1
1114,node_11,,,,37.13333333333333
1115,node_11,,,,37.166666666666664
1116,node_11,,,,37.2
1117,node_11,,,,37.233333333333334
1118,node_11,,,,37.266666666666666
1119,node_11,,,,37.3
1120,node_11,,,,37.333333333333336
1121,node_11,,,,37.36666666666667
1122,node_11,,,,37.4
1123,node_11,,,,37.43333333333333
1124,node_11,,,,37.46666666666667
1125,node_11,,,,37.5
1126,node_11,,,,37.53333333333333
1127,node_11,,,,37.56666666666667
1128,node_11,,,,37.6
1129,node_11,,,,37.63333333333333
1130,node_11,,,,37.666666666666664
1131,node_11,,,,37.7
1132,node_11,,,,37.733333333333334
1133,node_11,,,,37.766666666666666
1134,node_11,,,,37.8
1135,node_11,,,,37.833333333333336
1136,node_11,,,,37.86666666666667
1137,node_11,,,,37.9
1138,node_11,,,,37.93333333333333
1139,node_11,,,,37.96666666666667
1140,node_11,,,,38.0
1141,node_11,,,,38.03333333333333
1142,node_11,,,,38.06666666666667
1143,node_11,,,,38.1
1144,node_11,,,,38.13333333333333
1145,node_11,,,,38.166666666666664
1146,node_11,,,,38.2
1147,node_11,,,,38.233333333333334
1148,node_11,,,,38.266666666666666
1149,node_11,,,,38.3
1150,node_11,,,,38.333333333333336
1151,node_11,,,,38.36666666666667
1152,node_11,,,,38.4
1153,node_11,,,,38.43333333333333
1154,node_11,,,,38.46666666666667
1155,node_11,,,,38.5
1156,node_11,,,,38.53333333333333
1157,node_11,,,,38.56666666666667
1158,node_11,,,,38.6
1159,node_11,,,,38.63333333333333
1160,node_11,,,,38.666666666666664
1161,node_11,,,,38.7
1162,node_11,,,,38.733333333333334
1163,node_11,,,,38.766666666666666
1164,node_11,,,,38.8
1165,node_11,,,,38.833333333333336
1166,node_11,,,,38.86666666666667
1167,node_11,,,,38.9
1168,node_11,,,,38.93333333333333
1169,node_11,,,,38.96666666666667
1170,node_11,,,,39.0
1171,node_11,,,,39.03333333333333
1172,node_11,,,,39.06666666666667
1173,node_11,,,,39.1
1174,node_11,,,,39.13333333333333
1175,node_11,,,,39.166666666666664
1176,node_11,,,,39.2
1177,node_11,,,,39.233333333333334
1178,node_11,,,,39.266666666666666
1179,node_11,,,,39.3
1180,node_11,,,,39.333333333333336
1181,node_11,,,,39.36666666666667
1182,node_11,,,,39.4
1183,node_11,,,,39.43333333333333
1184,node_11,,,,39.46666666666667
1185,node_11,,,,39.5
1186,node_11,,,,39.53333333333333
1187,node_11,,,,39.56666666666667
1188,node_11,,,,39.6
1189,node_11,,,,39.63333333333333
1190,node_11,,,,39.666666666666664
1191,node_11,,,,39.7
1192,node_11,,,,39.733333333333334
1193,node_11,,,,39.766666666666666
1194,node_11,,,,39.8
1195,node_11,,,,39.833333333333336
1196,node_11,,,,39.86666666666667
1197,node_11,,,,39.9
1198,node_11,,,,39.93333333333333
1199,node_11,,,,39.96666666666667
1200,node_11,,,,40.0
1201,node_11,,,,40.03333333333333
1202,node_11,,,,40.06666666666667
1203,node_11,,,,40.1
1204,node_11,,,,40.13333333333333
1205,node_11,,,,40.166666666666664
1206,node_11,,,,40.2
1207,node_11,,,,40.233333333333334
1208,node_11,,,,40.266666666666666
1209,node_11,,,,40.3
1210,node_11,,,,40.333333333333336
1211,node_11,,,,40.36666666666667
1212,node_11,,,,40.4
1213,node_11,,,,40.43333333333333
1214,node_11,,,,40.46666666666667
1215,node_11,,,,40.5
1216,node_11,,,,40.53333333333333
1217,node_11,,,,40.56666666666667
1218,node_11,,,,40.6
1219,node_11,,,,40.63333333333333
1220,node_11,,,,40.666666666666664
1221,node_11,,,,40.7
1222,node_11,,,,40.733333333333334
1223,node_11,,,,40.766666666666666
1224,node_11,,,,40.8
1225,node_11,,,,40.833333333333336
1226,node_11,,,,40.86666666666667
1227,node_11,,,,40.9
1228,node_11,,,,40.93333333333333
1229,node_11,,,,40.96666666666667
1230,node_11,,,,41.0
1231,node_11,,,,41.03333333333333
1232,node_11,,,,41.06666666666667
1233,node_11,,,,41.1
1234,node_11,,,,41.13333333333333
1235,node_11,,,,41.166666666666664
1236,node_11,,,,41.2
1237,node_11,,,,41.233333333333334
1238,node_11,,,,41.266666666666666
1239,node_11,,,,41.3
1240,node_11,,,,41.333333333333336
1241,node_11,,,,41.36666666666667
1242,node_11,,,,41.4
1243,node_11,,,,41.43333333333333
1244,node_11,,,,41.46666666666667
1245,node_11,,,,41.5
1246,node_11,,,,41.53333333333333
1247,node_11,,,,41.56666666666667
1248,node_11,,,,41.6
1249,node_11,,,,41.63333333333333
1250,node_11,,,,41.666666666666664
1251,node_11,,,,41.7
1252,node_11,,,,41.733333333333334
1253,node_11,,,,41.766666666666666
1254,node_11,,,,41.8
1255,node_11,,,,41.833333333333336
1256,node_11,,,,41.86666666666667
1257,node_11,,,,41.9
1258,node_11,,,,41.93333333333333
1259,node_11,,,,41.96666666666667
1260,node_11,,,,42.0
1261,node_11,,,,42.03333333333333
1262,node_11,,,,42.06666666666667
1263,node_11,,,,42.1
1264,node_11,,,,42.13333333333333
1265,node_11,,,,42.166666666666664
1266,node_11,,,,42.2
1267,node_11,,,,42.233333333333334
1268,node_11,,,,42.266666666666666
1269,node_11,,,,42.3
1270,node_11,,,,42.333333333333336
1271,node_11,,,,42.36666666666667
1272,node_11,,,,42.4
1273,node_11,,,,42.43333333333333
1274,node_11,,,,42.46666666666667
1275,node_11,,,,42.5
1276,node_11,,,,42.53333333333333
1277,node_11,,,,42.56666666666667
1278,node_11,,,,42.6
1279,node_11,,,,42.63333333333333
1280,node_11,,,,42.666666666666664
1281,node_11,,,,42.7
1282,node_11,,,,42.733333333333334
1283,node_11,,,,42.766666666666666
1284,node_11,,,,42.8
1285,node_11,,,,42.833333333333336
1286,node_11,,,,42.86666666666667
1287,node_11,,,,42.9
1288,node_11,,,,42.93333333333333
1289,node_11,,,,42.96666666666667
1290,node_11,,,,43.0
1291,node_11,,,,43.03333333333333
1292,node_11,,,,43.06666666666667
1293,node_11,,,,43.1
1294,node_11,,,,43.13333333333333
1295,node_11,,,,43.166666666666664
1296,node_11,,,,43.2
1297,node_11,,,,43.233333333333334
1298,node_11,,,,43.266666666666666
1299,node_11,,,,43.3
1300,node_11,,,,43.333333333333336
1301,node_11,,,,43.36666666666667
1302,node_11,,,,43.4
1303,node_11,,,,43.43333333333333
1304,node_11,,,,43.46666666666667
1305,node_11,,,,43.5
1306,node_11,,,,43.53333333333333
1307,node_11,,,,43.56666666666667
1308,node_11,,,,43.6
1309,node_11,,,,43.63333333333333
1310,node_11,,,,43.666666666666664
1311,node_11,,,,43.7
