scorer,DLC_Resnet50_cam-bottomright2026-01-01shuffle1_snapshot_best-10,DLC_Resnet50_cam-bottomright2026-01-01shuffle1_snapshot_best-10,DLC_Resnet50_cam-bottomright2026-01-01shuffle1_snapshot_best-10,DLC_Resnet50_cam-bottomright2026-01-01shuffle1_snapshot_best-10,DLC_Resnet50_cam-bottomright2026-01-01shuffle1_snapshot_best-10,DLC_Resnet50_cam-bottomright2026-01-01shuffle1_snapshot_best-10,DLC_Resnet50_cam-bottomright2026-01-01shuffle1_snapshot_best-10,DLC_Resnet50_cam-bottomright2026-01-01shuffle1_snapshot_best-10,DLC_Resnet50_cam-bottomright2026-01-01shuffle1_snapshot_best-10,DLC_Resnet50_cam-bottomright2026-01-01shuffle1_snapshot_best-10,DLC_Resnet50_cam-bottomright2026-01-01shuffle1_snapshot_best-10,DLC_Resnet50_cam-bottomright2026-01-01shuffle1_snapshot_best-10,DLC_Resnet50_cam-bottomright2026-01-01shuffle1_snapshot_best-10,DLC_Resnet50_cam-bottomright2026-01-01shuffle1_snapshot_best-10,DLC_Resnet50_cam-bottomright2026-01-01shuffle1_snapshot_best-10,DLC_Resnet50_cam-bottomright2026-01-01shuffle1_snapshot_best-10,DLC_Resnet50_cam-bottomright2026-01-01shuffle1_snapshot_best-10,DLC_Resnet50_cam-bottomright2026-01-01shuffle1_snapshot_best-10,DLC_Resnet50_cam-bottomright2026-01-01shuffle1_snapshot_best-10,DLC_Resnet50_cam-bottomright2026-01-01shuffle1_snapshot_best-10,DLC_Resnet50_cam-bottomright2026-01-01shuffle1_snapshot_best-10,DLC_Resnet50_cam-bottomright2026-01-01shuffle1_snapshot_best-10,DLC_Resnet50_cam-bottomright2026-01-01shuffle1_snapshot_best-10,DLC_Resnet50_cam-bottomright2026-01-01shuffle1_snapshot_best-10,DLC_Resnet50_cam-bottomright2026-01-01shuffle1_snapshot_best-10,DLC_Resnet50_cam-bottomright2026-01-01shuffle1_snapshot_best-10,DLC_Resnet50_cam-bottomright2026-01-01shuffle1_snapshot_best-10,DLC_Resnet50_cam-bottomright2026-01-01shuffle1_snapshot_best-10,DLC_Resnet50_cam-bottomright2026-01-01shuffle1_snapshot_best-10,DLC_Resnet50_cam-bottomright2026-01-01shuffle1_snapshot_best-10,DLC_Resnet50_cam-bottomright2026-01-01shuffle1_snapshot_best-10,DLC_Resnet50_cam-bottomright2026-01-01shuffle1_snapshot_best-10,DLC_Resnet50_cam-bottomright2026-01-01shuffle1_snapshot_best-10
bodyparts,1,1,1,2,2,2,3,3,3,4,4,4,5,5,5,6,6,6,7,7,7,8,8,8,9,9,9,10,10,10,11,11,11
coords,x,y,likelihood,x,y,likelihood,x,y,likelihood,x,y,likelihood,x,y,likelihood,x,y,likelihood,x,y,likelihood,x,y,likelihood,x,y,likelihood,x,y,likelihood,x,y,likelihood
0,585.5421,592.63715,0.07659619,577.3228,591.9127,0.0347605,586.5448,587.0575,0.070006415,35.09401,581.9708,0.027124241,8.942841,605.5232,0.022169963,26.544624,12.083074,0.028890168,15.540755,585.78394,0.030954663,448.76828,599.4627,0.03212502,4.1970778,586.72046,0.119261645,600.42444,600.1546,0.04845057,591.13837,591.7418,0.18434179
1,586.7846,592.3089,0.044841696,306.1335,599.0659,0.02646271,588.3617,585.7451,0.06701543,290.52103,516.2444,0.032571245,169.03964,491.23978,0.028027302,300.3095,489.08185,0.032137103,183.10735,495.9442,0.06568931,321.16156,598.9276,0.07386094,185.02167,495.52496,0.10586357,600.0973,599.7074,0.042844497,192.56541,487.7501,0.19614132
2,195.63266,82.59437,0.036404576,193.67863,85.03792,0.05365715,199.39102,91.59846,0.06546964,292.09662,579.08527,0.04299424,310.40686,505.76416,0.03675937,317.22253,526.7736,0.05254192,313.2403,541.9573,0.13476294,171.16638,605.65955,0.06524365,5.3882313,586.6196,0.07502604,232.59625,300.50018,0.036648273,201.69972,79.241196,0.3078683
3,178.33812,598.36145,0.03238544,146.14244,613.22736,0.030196456,226.70105,528.3606,0.049722828,147.74995,579.6042,0.03317435,288.37045,395.59552,0.02548655,317.10757,496.04367,0.03814432,417.1571,456.97018,0.08629653,351.92642,598.7884,0.054938253,5.428243,586.4948,0.0825154,418.7218,463.5441,0.05569163,351.1469,403.457,0.29121557
4,225.84262,596.5476,0.048681624,49.769283,600.05286,0.044165436,210.18437,496.00162,0.04714923,243.362,531.9517,0.02682601,242.67653,593.5116,0.05248568,314.42014,578.4628,0.036075477,220.49486,488.2384,0.055109356,448.1966,599.94763,0.06755298,243.23978,595.52954,0.08027699,216.55315,348.0222,0.03548445,224.01486,342.58188,0.19566105
5,289.51868,597.3627,0.03561637,224.61475,484.74237,0.04095823,208.01877,488.89478,0.062208034,124.72405,309.93622,0.033331063,119.55015,302.2402,0.03897166,221.17873,470.22275,0.055453002,219.25526,488.1928,0.118788436,79.62248,599.62427,0.041608457,5.6659966,586.7499,0.09955732,136.19415,323.1882,0.036787715,125.321785,303.61154,0.41419262
6,306.23715,597.00464,0.041928142,289.5538,605.13257,0.043110646,143.24434,487.5238,0.07281737,127.88893,309.05038,0.043554388,122.17785,300.90506,0.03559414,220.20978,480.031,0.042979553,219.49588,488.02975,0.09302633,367.50427,599.29346,0.03631471,6.157677,586.9855,0.094215915,441.06058,508.29657,0.04109554,124.78208,306.20154,0.39402184
7,290.1232,597.19556,0.031111008,338.46262,598.1774,0.031520825,160.49942,545.1443,0.061667226,146.96114,579.42896,0.035619378,257.1905,268.87354,0.029122084,315.77386,466.29312,0.045340575,156.10733,551.4001,0.1448991,320.9743,323.86703,0.04769971,163.87076,547.7562,0.075285055,329.40668,332.59583,0.03851376,160.98329,553.3046,0.23883462
8,258.1905,597.58563,0.017920157,322.30194,605.31165,0.039097995,225.24138,529.54803,0.075398125,211.49345,531.9974,0.04265362,547.6294,116.95047,0.03282438,316.8556,471.2996,0.047232453,230.88048,526.7844,0.08751396,416.93008,518.8014,0.05376148,241.45973,522.8678,0.080117054,424.14832,515.1388,0.039718553,412.64227,501.75168,0.42976287
9,35.883606,598.44977,0.016766272,144.55698,515.99396,0.03558196,290.14355,529.52783,0.07532821,131.63702,515.6478,0.03358847,83.53603,614.152,0.036969718,300.85248,514.10333,0.059771318,299.77335,536.75934,0.16351843,194.97789,498.4014,0.053485706,197.90256,483.3241,0.084713854,210.9491,495.5296,0.056743793,303.7181,534.99493,0.2702863
10,594.4106,598.1127,0.016581351,49.563675,583.4041,0.02811556,210.64952,512.8497,0.049526017,210.15997,499.73114,0.03966439,146.80507,594.0921,0.02978761,212.33195,486.26883,0.03002223,205.41411,488.49167,0.04711401,352.5409,598.02747,0.04174792,5.8582816,586.6572,0.07570056,225.95078,482.59793,0.031422835,161.04245,375.7465,0.0869953
11,36.1256,598.39514,0.021099674,49.804337,600.2227,0.038573474,194.2672,496.6648,0.051727183,337.7145,388.15384,0.025172027,146.26088,594.6317,0.037728015,204.9263,455.51178,0.045263562,295.77368,486.17972,0.08401902,79.44917,599.6132,0.04486344,5.895808,586.7082,0.08742865,21.262356,606.95184,0.032677256,369.7559,376.73825,0.18182172
12,194.00792,597.7303,0.037157085,50.374546,600.6927,0.049478475,321.9533,528.10693,0.04289557,44.60719,604.83386,0.03078928,273.43475,292.19122,0.029623225,332.46252,518.56995,0.03806533,332.09705,520.33813,0.07146847,289.10995,310.28622,0.042133413,6.299526,586.744,0.09075585,20.8576,606.3216,0.03408157,142.76625,344.91516,0.31334263
13,241.94328,597.193,0.036263734,49.657238,583.36523,0.027956512,228.46347,465.26663,0.05658735,195.94179,467.5403,0.036594108,335.8666,538.1729,0.034712493,346.79257,519.8709,0.06253486,217.59831,459.17947,0.12028578,384.58878,598.40985,0.032481696,5.81243,586.69324,0.083915696,423.62863,493.1615,0.029233806,223.10138,454.52765,0.23895645
14,130.22224,596.6139,0.029355226,160.04326,548.0909,0.030130286,145.80595,529.48706,0.07709402,147.71306,547.5746,0.043056305,99.0546,595.6969,0.032641478,169.9465,533.4521,0.05561952,156.65268,536.5572,0.12978052,352.00476,599.07416,0.050134357,164.88396,536.44476,0.0815354,162.7547,528.3017,0.034765378,366.31723,134.46649,0.18536441
15,35.913036,598.2121,0.017479375,271.5937,483.66745,0.04424291,278.85645,483.28476,0.07565457,243.912,483.83826,0.030084722,83.47885,614.01825,0.038650773,278.07587,464.76505,0.066136,269.3095,473.53177,0.10360245,336.4517,598.18604,0.05150281,266.01627,461.83496,0.12012796,284.11914,480.89087,0.03436428,365.5297,134.92316,0.2023949
16,177.94751,597.12524,0.035590257,271.25516,484.5122,0.04770688,193.50615,495.60852,0.079434566,163.49757,499.90625,0.029437438,83.412506,613.9989,0.034510914,276.22598,464.8205,0.057115823,266.40845,466.45682,0.1025784,352.111,598.66644,0.05327991,265.66385,461.31354,0.1306521,296.54065,284.04187,0.05176735,144.16989,310.61877,0.2971586
17,145.24696,596.6597,0.019336274,49.924255,599.7145,0.034246456,126.85575,535.7085,0.06915781,354.26334,404.23193,0.032882642,248.5824,458.18542,0.038444087,146.03496,527.35767,0.051527623,137.9849,526.5145,0.13106425,350.92938,599.3181,0.044419244,264.6832,461.31058,0.12801196,296.95126,283.40485,0.04010905,144.84479,522.5667,0.21304448
18,36.491333,598.17255,0.021644926,124.47372,604.587,0.037143435,193.97522,496.55322,0.059878007,226.52176,532.247,0.036512498,146.45442,100.80698,0.03318012,329.35306,511.89713,0.05340097,324.0926,517.2671,0.1306081,351.5205,599.12683,0.048497554,328.6241,526.494,0.087873295,126.044785,588.28937,0.045939367,157.20547,96.812805,0.18215284
19,178.25967,597.46954,0.01634165,50.196518,599.72424,0.04090388,258.24808,528.0813,0.064605705,259.07565,515.9902,0.04129237,146.30717,594.37274,0.025281787,316.0077,517.6883,0.03914646,268.69815,520.61865,0.069501,189.21635,235.56009,0.054649584,6.092508,586.7707,0.07320748,392.94662,498.75235,0.04123915,398.8145,487.5558,0.40456718
20,193.78914,597.20026,0.028426014,208.17154,406.01923,0.055624325,197.82594,413.8592,0.057830747,179.06548,419.82,0.033939686,199.81516,396.27032,0.029692797,213.48793,417.35745,0.032432735,173.2892,488.34494,0.041289035,209.60344,423.2143,0.05997629,5.883003,586.75543,0.07556326,217.1483,417.33838,0.040604156,220.91646,401.6625,0.32948983
21,36.234043,598.3333,0.023863923,49.248314,590.8309,0.032975625,129.22066,528.9761,0.044242486,147.20448,580.0247,0.036300357,114.512634,317.53546,0.031204809,133.43494,503.43448,0.038031675,135.10838,511.91882,0.061149918,194.18657,605.3222,0.03962143,5.8323812,586.7033,0.07898358,273.79858,514.03955,0.033935457,123.95509,321.2134,0.33004066
22,36.211132,598.3812,0.023232386,143.59154,515.1431,0.033421844,144.55348,497.76895,0.069600776,131.28735,515.18555,0.04084427,137.64401,490.6732,0.033125624,149.37904,488.7249,0.049830835,149.03702,498.44208,0.10454788,210.54019,605.70917,0.049738187,6.107264,586.7726,0.07911195,170.4677,514.57574,0.040770415,415.73007,465.6245,0.3271811
23,257.9034,597.0824,0.03618604,288.0037,340.74823,0.04564032,142.56963,503.5407,0.08083235,275.45245,356.0793,0.036162883,280.60245,332.3544,0.03459435,155.5124,484.06494,0.062065434,149.48956,498.26202,0.131839,432.04337,599.1017,0.05762242,340.4139,520.9853,0.099215776,171.93938,515.0355,0.04698709,158.855,502.71393,0.37604234
24,289.93454,597.4022,0.028939081,49.939983,600.26,0.04373744,177.72124,544.4589,0.055547927,194.61176,516.0908,0.026690744,83.138145,614.0646,0.026453791,299.99963,486.40155,0.03692975,174.04439,535.4562,0.050741784,305.11917,597.6998,0.03685105,6.341879,586.8412,0.082536295,247.64015,237.44528,0.03986218,352.00424,293.217,0.18273479
25,499.13406,67.72396,0.028055144,48.61876,591.7238,0.035619684,209.1794,496.99146,0.06556458,195.70001,499.56793,0.037964784,498.25177,485.13513,0.03022869,212.53091,487.29376,0.047701456,205.93777,505.5622,0.10177472,352.30453,598.33655,0.049661927,5.930468,586.61816,0.09912951,20.385258,605.6908,0.042420816,501.44818,480.85162,0.2662164
26,145.69183,597.1353,0.023999663,208.63513,452.82086,0.026506262,208.18124,473.01718,0.05192771,291.16138,531.3139,0.03185096,147.6051,594.2306,0.041873164,301.24182,487.21448,0.05410297,297.70645,503.34644,0.1063773,336.07733,598.0734,0.06243655,5.5034237,586.4814,0.08936872,21.159817,606.70593,0.03221357,334.96072,72.91669,0.17239685
27,178.50562,597.35,0.036782324,130.53564,612.6099,0.027711555,194.33115,528.4653,0.05255818,510.08066,389.77823,0.030055126,147.33568,594.0925,0.036968105,180.5432,612.4815,0.031997766,189.66228,521.098,0.043905493,335.9163,598.1751,0.056199346,5.3479953,586.68884,0.09890232,21.089867,606.6078,0.036568444,510.05353,384.07843,0.28261948
28,290.25058,597.0608,0.016884075,50.071705,599.7885,0.02219248,320.97385,544.8613,0.04322034,326.23965,372.3039,0.043675426,322.76233,365.9725,0.03526976,330.6567,527.4641,0.043162886,326.95935,532.6954,0.09653889,368.21423,598.75037,0.04591104,5.871142,586.6164,0.077959724,440.7274,526.2649,0.034153692,333.17508,359.9968,0.3929668
29,162.81157,597.9564,0.026455583,35.55385,590.6802,0.029932372,374.48367,478.89764,0.054537784,130.80696,579.8032,0.03667427,546.14996,84.300964,0.03729934,389.04962,480.96155,0.04670651,124.374245,551.58276,0.05572069,385.97583,485.41757,0.051991925,5.8621316,586.63086,0.10587166,393.19348,482.4563,0.04632096,384.83673,470.70303,0.28993547
30,177.82132,597.2951,0.028622342,50.091545,599.6775,0.03548104,177.36295,496.50275,0.050856605,156.76988,100.92851,0.033083554,147.00575,594.24725,0.03725614,388.42764,482.69653,0.034406405,172.5273,489.65955,0.040139128,385.6727,486.54837,0.052630767,5.685468,586.622,0.08763616,392.05634,482.3532,0.043860022,382.54944,469.25867,0.45867202
31,36.19147,598.19696,0.019183986,50.307545,599.6911,0.035518,210.18633,528.57446,0.06989732,226.19194,515.75616,0.04277896,146.53893,594.8026,0.027330263,235.37071,464.19174,0.032245178,220.56883,520.51196,0.061464615,368.3602,598.72876,0.053111542,5.9098077,586.47504,0.07173389,208.6483,513.4997,0.03413942,368.50845,378.17053,0.12911035
32,177.48521,597.7409,0.014762062,162.31157,483.52637,0.034094635,193.5051,496.33704,0.06943028,209.94354,483.732,0.032257713,147.25348,594.16705,0.03741895,197.34193,487.1088,0.03887799,221.47946,464.63583,0.047336847,162.612,605.67816,0.051935446,227.68965,457.53845,0.095151596,410.90833,476.29312,0.043852903,418.36053,473.26263,0.20204596
33,161.36765,598.04236,0.020759752,162.39197,483.46228,0.034053165,193.80362,496.18265,0.07390211,195.5625,515.737,0.036963742,147.15462,594.3106,0.032755975,211.71904,487.5699,0.030874565,205.41005,505.24902,0.07123951,305.1179,340.4783,0.050550807,306.8079,337.4801,0.06898177,328.2864,334.47244,0.039440874,320.3497,328.28033,0.29197162
34,594.5568,598.1292,0.014785196,50.135647,599.99176,0.032988757,210.36009,496.32126,0.044747684,226.2198,483.50815,0.02667789,360.11917,474.9328,0.032748226,333.31967,527.63,0.05123726,124.27613,552.5757,0.07811787,80.09721,599.7362,0.06108266,376.3162,482.64014,0.07825442,377.22253,493.17575,0.029796986,384.4565,490.30606,0.12860309
35,306.25467,596.7553,0.032535367,144.08873,500.5337,0.0407302,241.35522,512.59454,0.076388076,227.43279,499.2987,0.046225358,371.60568,613.7334,0.027201816,147.92395,479.00928,0.05154553,139.27551,489.12262,0.15093619,367.64163,599.1776,0.068585835,139.37663,493.31653,0.07309057,258.46494,512.6296,0.042229593,145.48996,487.0266,0.15829137
36,258.59897,597.5002,0.024391387,50.082264,600.1504,0.042907383,178.65079,512.2976,0.09214105,163.07443,515.8552,0.043461215,563.5829,19.325106,0.031021707,355.60843,419.1894,0.04029309,184.46246,503.44724,0.12711507,353.15338,422.03543,0.0580669,6.398023,586.8499,0.097087786,359.696,414.4238,0.054407172,351.82907,407.41013,0.3507977
37,35.979206,598.59985,0.017079022,49.98005,600.2873,0.023312468,128.37859,512.59686,0.056670353,178.76794,579.621,0.038110994,81.23754,596.3963,0.028524471,332.11148,504.11353,0.039300885,253.63734,464.41788,0.04133584,352.16885,598.93384,0.056196783,5.6633615,586.6348,0.087663986,328.64804,355.73575,0.037872408,336.2992,345.99033,0.16508175
38,35.90519,598.44403,0.021724813,49.92805,600.205,0.027151974,259.02133,528.1878,0.036732517,291.9491,515.56134,0.029467223,146.95383,594.2703,0.03290386,315.4744,501.74417,0.056051355,312.50345,510.8216,0.12209122,352.24277,598.8371,0.050680052,315.1703,506.1408,0.10099253,272.42657,514.48706,0.032529216,203.52646,271.7461,0.33516055
39,305.51102,596.7866,0.031397518,352.06622,147.95918,0.038011022,305.53415,498.27155,0.047742404,223.30136,278.2248,0.030273793,304.706,506.02338,0.033628974,315.8269,483.623,0.056918204,313.96262,499.84378,0.12032279,138.90884,605.7019,0.052767757,5.6681643,586.8026,0.10086496,272.39893,514.2671,0.030762259,431.65665,519.1451,0.22379038
40,305.83374,597.0445,0.024529845,305.9768,605.64276,0.029063003,306.10297,513.60205,0.050729394,147.40067,585.9574,0.032796815,147.23889,593.9042,0.04422594,311.5864,501.37323,0.07203018,314.02133,512.1234,0.18446064,154.81847,605.8098,0.057109885,316.3112,506.01303,0.098194376,329.14804,332.76566,0.04283022,431.58334,519.3152,0.231221
41,162.20207,597.7299,0.022014938,191.4087,467.20508,0.039459143,210.33461,528.379,0.059625026,171.30392,444.58313,0.06061334,182.56133,444.83142,0.053131588,193.06767,449.26828,0.06973903,185.63971,458.30807,0.16893388,349.17258,348.03424,0.04123602,291.00903,473.32147,0.08587892,126.489815,588.66016,0.04453895,187.90486,447.63574,0.32658973
42,162.52959,598.2116,0.01448452,191.70279,467.70303,0.03513697,176.36775,472.3,0.078832865,171.94681,443.53278,0.059004344,182.0255,443.17603,0.07477046,193.31163,448.13104,0.0870155,185.98772,458.00687,0.20518894,225.25642,499.0922,0.042268544,196.25223,444.07498,0.076860614,203.64903,465.95895,0.050244607,188.89459,445.53992,0.24420689
43,194.26852,597.06146,0.02415937,49.93515,600.20984,0.03639529,273.4276,480.34738,0.050583955,210.67561,532.0968,0.029290421,209.69655,349.11786,0.03193344,315.48526,511.65775,0.042480692,155.22807,488.40082,0.096690655,352.48386,598.411,0.05254861,6.0060735,586.7529,0.08218011,225.5359,513.6225,0.033631198,222.57599,342.31885,0.35592237
44,514.6719,108.107376,0.015768854,49.851776,600.0473,0.028343458,258.52667,528.43896,0.05927987,147.26297,579.6066,0.032153245,547.9486,108.86229,0.038876846,251.85759,464.26517,0.039077103,252.46793,488.18146,0.05904558,306.31717,605.5544,0.04893246,338.90182,521.8864,0.077094115,273.93784,513.5163,0.034868483,537.8761,121.4545,0.17125514
45,35.843235,598.5432,0.015176821,50.026535,600.04596,0.03759793,195.00836,511.9661,0.046287093,147.57619,586.25635,0.029842494,147.05148,594.08185,0.036397673,301.24564,487.01285,0.051047314,330.5522,73.57748,0.055185944,361.47458,605.7683,0.058311366,307.40207,489.2785,0.069682196,336.10568,84.28976,0.034181178,369.8692,378.02518,0.1220284
46,177.45053,597.1473,0.03453267,177.942,605.3406,0.0353562,306.33804,513.3395,0.06427662,179.8973,579.7509,0.028625235,146.87592,594.2186,0.035521768,316.33496,497.87732,0.04872806,313.44318,519.1589,0.10257618,351.65347,598.9027,0.04111066,5.679203,586.67303,0.07001127,345.44986,348.7409,0.03987831,322.56128,515.6507,0.12872854
47,257.92548,597.69684,0.02770959,50.35719,600.0038,0.03674636,320.9729,529.69135,0.059961036,147.3184,586.31995,0.029132739,546.4042,84.46257,0.03503648,316.76804,498.12582,0.053928755,312.9995,519.791,0.10403581,138.70256,605.66296,0.048453726,324.19473,506.51733,0.07796677,21.152203,606.5842,0.03282324,273.41803,329.3705,0.11507665
48,36.49485,598.31067,0.027591594,49.21075,591.8898,0.07007057,145.55653,529.3632,0.07473518,132.38287,532.07446,0.0455366,80.95044,596.3622,0.03543155,347.88782,521.51355,0.054667633,151.04572,517.39923,0.12614132,480.93964,451.82666,0.061222196,5.852425,586.57965,0.0908807,163.61256,526.91284,0.043745458,494.89688,442.149,0.16462539
49,36.287285,597.7662,0.028669905,49.062622,591.63556,0.07208645,274.44446,543.9992,0.048845332,290.5797,532.0383,0.031690158,288.73947,387.88165,0.031543538,172.5547,455.0354,0.06468124,171.56053,464.87604,0.10581588,168.04703,461.2847,0.05495252,295.73856,384.99347,0.085981615,297.47552,397.30328,0.03282124,383.34036,279.76562,0.13807873
50,36.268646,598.2333,0.02142242,49.230537,591.4054,0.0587525,209.46353,513.016,0.0732382,196.35576,515.96234,0.03754913,352.21268,363.2051,0.03006075,331.38904,511.00473,0.038320325,214.99438,511.0154,0.1138316,336.7321,597.98444,0.04784077,225.42201,506.51175,0.07447077,360.80078,364.85696,0.040936083,226.04091,522.29346,0.12775141
51,257.77908,596.6877,0.03077179,49.60568,583.6239,0.045452416,274.7515,528.42535,0.04933217,306.9119,515.4941,0.03091296,147.04095,594.1319,0.030428503,331.30307,510.67822,0.038810086,317.119,503.98184,0.076330625,351.7752,599.0387,0.06971201,5.6460743,586.5242,0.079956114,168.71393,253.06183,0.04954351,175.28091,247.85025,0.17918302
52,36.093155,598.26404,0.020425022,49.584503,583.73096,0.049849637,160.5712,497.58344,0.05560471,147.06345,499.22543,0.03488071,152.15105,474.8216,0.03339122,171.4485,471.91602,0.050217703,166.15433,480.4912,0.09136959,351.80872,598.8385,0.062147446,170.39252,489.39896,0.09470378,330.98248,499.9261,0.036256153,178.51793,489.69885,0.14785708
53,193.89659,597.21844,0.0200911,49.82183,599.9194,0.03854477,307.86487,613.67786,0.04784088,231.04236,321.9745,0.030670438,98.592926,115.63228,0.042874966,131.74832,527.20306,0.038726028,123.91935,536.8354,0.15112706,298.95853,605.3635,0.04293999,6.043636,586.568,0.064432085,247.36497,319.3122,0.03890901,238.95212,311.03415,0.29115748
54,177.94354,597.9857,0.02236073,49.936165,600.1133,0.041592762,178.29947,512.88055,0.045741126,305.20245,291.27066,0.03677193,304.40115,267.83255,0.038326688,331.36005,512.21967,0.029384032,173.05228,503.95288,0.042135485,431.39142,599.37616,0.07094003,6.1015553,586.6281,0.07316893,352.0894,599.6775,0.029031249,319.52167,277.88663,0.20260634
55,193.9899,596.95526,0.021585496,50.015385,599.7846,0.044491746,211.44176,613.3572,0.044996627,307.1335,579.2139,0.027568609,402.55548,595.7694,0.026900215,572.00946,28.022766,0.030527974,316.5494,495.5881,0.03046932,432.67676,598.518,0.04849371,321.75507,490.38184,0.0651471,272.8006,513.65234,0.031085256,321.01947,299.2641,0.08496073
56,178.90112,597.46686,0.036997315,50.23964,600.18396,0.039081413,163.65506,613.53955,0.055148214,309.82562,307.6087,0.030702751,162.38646,593.27527,0.047696467,308.27838,322.31772,0.02953232,269.00797,503.46118,0.043419503,304.55948,308.2412,0.060711235,5.8961344,586.6577,0.0831562,168.08519,284.97235,0.045716044,141.75851,325.70645,0.40168977
57,178.0687,597.6479,0.018927898,35.29804,583.1399,0.032571707,135.07043,333.7853,0.048060846,35.069946,582.1802,0.02644241,130.3947,324.3463,0.033746112,133.02417,339.01736,0.03329114,135.90686,528.0108,0.0401529,351.79123,598.65063,0.057777017,5.8788447,586.6629,0.08820663,281.1088,291.98553,0.042407725,142.11064,326.73685,0.29068357
58,274.0131,597.437,0.028911496,49.973892,599.86707,0.046685524,295.01556,415.04453,0.042414803,146.96696,579.4668,0.039114542,226.61748,339.60962,0.027839283,155.81369,578.89435,0.028351113,253.4779,520.04553,0.03308408,351.59293,599.3824,0.05940855,5.7263517,586.68616,0.07663942,393.16595,428.0697,0.034861237,303.17334,402.45303,0.22707987
59,194.2927,597.6897,0.018370138,50.10763,599.93835,0.04819459,161.167,513.6168,0.056551553,35.186005,581.9285,0.028509889,83.584946,614.109,0.029219646,170.71582,518.12665,0.051635444,379.17145,506.51926,0.08423469,352.4143,598.56793,0.0503675,5.7183433,586.8035,0.09538623,377.40436,512.9646,0.040377125,383.5965,502.2337,0.31328374
60,242.19109,598.455,0.02385149,145.55305,501.17957,0.033492193,226.32176,496.33533,0.058548115,131.14613,531.22296,0.03726214,50.65881,20.220108,0.026256094,135.11557,503.25223,0.040778693,311.1491,456.11414,0.09132577,80.64111,599.2775,0.049409796,6.1121206,586.70703,0.10407689,375.8716,499.31152,0.03478769,382.64142,488.87924,0.22554502
61,36.064888,598.18475,0.020703826,50.168846,599.9496,0.039073087,160.39227,513.42444,0.07334299,147.33862,531.3444,0.041256003,147.2542,594.4908,0.033342015,164.29947,502.04758,0.047314383,157.19096,505.6019,0.10947307,368.47742,599.11035,0.055610556,164.71153,506.4935,0.08409413,375.65387,428.656,0.03360573,177.72934,515.02527,0.12858342
62,35.865555,598.26953,0.0199381,35.05662,582.7832,0.02275537,160.70758,513.404,0.081971385,147.54868,531.2501,0.04245521,273.31403,68.98028,0.03723838,332.34293,512.69934,0.07142513,328.5906,526.7299,0.12810764,352.01993,598.7031,0.057775464,338.9091,520.97766,0.09103744,375.85217,428.34824,0.034547128,494.69696,234.53857,0.1298422
63,36.004723,598.25323,0.016863113,35.156815,582.8114,0.023065763,162.22171,528.0776,0.053442307,147.20822,579.842,0.03378256,472.80933,238.68843,0.032726377,331.52225,511.55222,0.05853253,327.8141,525.45404,0.08236335,351.56085,599.1957,0.063217446,5.4784904,586.45026,0.084439054,392.6433,459.93997,0.04198002,492.51434,232.31473,0.3002777
64,36.272617,598.2749,0.02266201,177.88387,467.85886,0.026474468,216.01906,481.63586,0.06031691,147.33463,579.5838,0.034777824,337.63574,125.981,0.028611435,259.9427,305.0781,0.046169605,258.06754,298.6105,0.07268061,350.93918,599.1456,0.06126475,5.33433,586.5065,0.090301484,392.6422,459.57025,0.05096012,350.5394,118.24737,0.28871295
65,178.19058,597.364,0.019317728,337.01477,581.4062,0.037272308,210.71599,528.64746,0.059150558,146.70671,579.9749,0.029581148,146.47319,594.05084,0.032328505,155.7551,496.49597,0.030438527,206.21886,521.6951,0.07324086,432.74683,598.87354,0.045810483,5.369958,586.5751,0.0743051,226.47026,529.52875,0.033494744,226.75562,539.741,0.13344163
66,36.09559,598.08075,0.021343233,49.87838,600.2029,0.05554804,194.13861,495.74353,0.06836788,244.05466,515.28644,0.03318333,83.708,614.15027,0.03665321,83.64628,613.387,0.041965224,213.81516,414.9782,0.11511213,210.66396,102.163826,0.058862954,5.868476,586.4609,0.0691187,209.38858,496.04364,0.040796325,414.37796,470.21454,0.3151004
67,289.73947,596.3399,0.030071152,289.45514,605.2023,0.03155059,225.525,496.71194,0.058745623,210.62851,291.94745,0.041147914,209.66093,84.852196,0.04526203,322.7858,494.58884,0.1080571,314.60983,497.73358,0.18434843,209.5234,85.49029,0.06510738,326.7788,495.27924,0.10325081,223.69072,85.830635,0.04044495,223.82188,279.25504,0.3654537
68,35.75687,598.3627,0.014882176,273.19888,485.13608,0.03045311,160.42773,545.1342,0.08444157,148.13406,579.30804,0.037967775,481.79318,292.87436,0.03976546,323.70554,494.9937,0.06050548,165.7995,543.4944,0.10777202,448.70468,356.44757,0.0576451,312.57767,496.24216,0.085371934,393.84586,396.39023,0.04480651,173.80159,551.7518,0.3823883
69,115.20129,596.42664,0.014415779,123.97372,604.6697,0.03124197,193.62424,496.0432,0.06252663,132.82391,580.4829,0.041912656,296.40564,490.82092,0.029988548,310.18918,494.2575,0.062788025,311.63705,502.20215,0.09834919,384.2403,388.4142,0.050227795,312.40985,496.08823,0.0868575,126.06022,587.73517,0.044172514,222.69995,286.3523,0.310523
70,36.10876,598.42426,0.022785006,35.35793,590.2511,0.025117248,301.06128,521.98267,0.11415345,146.75983,579.61884,0.03414783,308.84012,505.31354,0.05806959,320.84836,495.47742,0.09695047,313.5192,504.27084,0.33463776,299.6095,498.4944,0.041920695,325.85385,507.96094,0.10247853,199.53104,269.52646,0.037098367,320.35074,554.071,0.17297895
71,36.208336,598.66284,0.021617806,143.42906,533.5528,0.037979346,128.38129,519.30707,0.08695435,132.67917,545.5991,0.057373587,132.55083,525.1081,0.060537994,348.86383,512.5489,0.06776347,138.52455,536.9131,0.18137278,344.4757,523.6141,0.043265443,346.17307,526.73425,0.087561846,182.80934,286.1326,0.062199898,140.58662,525.3528,0.31426877
72,178.47612,597.6422,0.021452341,50.33674,599.7876,0.07011967,242.31412,529.1888,0.081951275,227.84811,516.3425,0.03859675,145.86365,594.79944,0.033422846,251.97588,495.65063,0.053663924,247.57289,518.52594,0.11144122,62.03822,599.93524,0.048485473,6.6331577,586.62775,0.09709807,21.126041,606.4712,0.042264793,146.35526,517.46265,0.18634985
73,144.23164,527.73224,0.033626694,289.86127,500.2332,0.039649487,129.03525,513.7034,0.08182225,130.89145,483.63846,0.034422494,122.35235,523.9516,0.054862976,318.169,496.84872,0.106451474,317.5631,519.15796,0.23339733,124.49829,523.39935,0.05889025,5.6550965,586.5789,0.087972306,424.77747,477.8882,0.036206763,142.46666,520.39526,0.23296054
74,194.28421,596.72015,0.01673312,416.87558,485.24432,0.026426276,271.48315,501.93478,0.065541275,146.07819,579.9604,0.03416238,266.61844,491.49997,0.050509363,318.6084,502.52237,0.10483105,281.29242,489.01105,0.16307509,416.32608,484.38123,0.079534836,409.66385,480.4071,0.07031537,409.5324,474.8822,0.049117383,286.99924,494.59277,0.23012696
75,319.91977,527.2233,0.042693388,306.053,309.06335,0.025314724,317.47107,504.942,0.07432124,243.14577,532.0864,0.03170074,311.80283,503.83762,0.077360414,319.44147,501.82816,0.20848583,315.39633,515.9548,0.3424325,323.228,512.9045,0.08436682,332.29288,501.6055,0.073280975,312.92905,309.112,0.04314357,271.80136,311.0563,0.14203398
76,35.830326,598.4641,0.013974693,305.97784,308.61444,0.021227704,225.90117,496.7175,0.059623342,243.2702,532.0808,0.036044583,483.24243,36.580105,0.034671113,315.11514,502.2703,0.080401294,311.06604,517.2432,0.16275921,311.32568,510.01535,0.054078326,322.44098,504.40164,0.098703235,297.0104,300.28427,0.04544764,288.68375,329.55032,0.1444926
77,241.52118,596.38214,0.021082314,255.43741,500.83362,0.04342238,239.93503,504.00272,0.061593812,243.75165,515.09283,0.037477296,531.7521,84.015915,0.031156546,252.14745,486.70914,0.044938955,249.17099,495.17917,0.1092162,314.1487,605.50934,0.04182404,260.10162,489.143,0.08796253,297.281,300.82385,0.034678623,141.87206,101.85829,0.15693976
78,36.16357,597.89557,0.01928882,50.165886,599.4126,0.04336748,287.5074,505.35318,0.05973406,275.0695,515.7313,0.028627962,304.26068,332.82208,0.028861005,285.14944,485.7843,0.06433534,284.24072,488.66608,0.11360051,304.12167,341.27594,0.051345047,292.39496,487.2357,0.10846208,312.77927,348.31607,0.036543604,319.42557,343.5749,0.23493367
79,290.20667,596.71375,0.022106614,192.30424,467.73218,0.05247413,162.0041,496.84332,0.06664721,163.41989,467.0452,0.043386657,170.1022,459.30457,0.039173994,316.06552,529.07294,0.044912893,186.52876,458.5779,0.19441088,351.88196,598.37726,0.04727438,391.92883,448.23996,0.103749886,409.39062,462.33966,0.051050212,192.1008,454.83026,0.19044079
80,274.02322,597.0931,0.026553746,338.11768,598.5919,0.043493483,241.97711,496.8864,0.04877484,131.34285,499.5549,0.028306823,147.1393,594.1533,0.04543931,140.32874,511.9418,0.035128053,154.85258,487.9999,0.07659948,170.45035,605.8834,0.043613728,149.1145,488.8869,0.07749995,201.3104,315.6208,0.039862234,417.18176,473.28796,0.24454165
81,290.1133,595.95447,0.06177187,289.49652,604.4839,0.042128306,194.21475,496.0568,0.06584146,292.61057,579.44244,0.032309722,314.52588,596.05884,0.03648103,301.01288,494.96994,0.050174974,302.84482,519.0158,0.11190939,352.13068,598.36804,0.049817782,311.85767,511.32156,0.08666762,201.26303,315.69998,0.036278322,417.76852,473.59286,0.1980312
82,161.71654,597.30707,0.02533547,178.34184,452.46252,0.027615156,223.27882,473.39316,0.06503982,131.27567,531.1584,0.035015643,297.73352,504.8488,0.04550536,319.36786,510.64008,0.15294246,304.60678,520.33484,0.24349925,300.87222,509.44608,0.056712434,316.3965,502.97696,0.15053524,333.65695,516.69257,0.04758677,146.62825,517.3221,0.12152014
83,594.544,598.31555,0.019497199,50.020466,599.7368,0.038927134,161.05994,497.0286,0.05866605,259.0257,116.27892,0.02699439,472.80676,444.59216,0.043381687,474.75732,438.4182,0.035628367,301.04913,504.1191,0.06155875,483.32016,471.6468,0.047544993,307.04736,505.4434,0.060127083,486.6655,466.56668,0.032721195,477.75937,446.50174,0.35702664
84,178.62456,597.9003,0.035495415,50.58032,599.4098,0.041115947,158.87798,537.2106,0.058241475,147.48126,531.9608,0.052654754,194.95705,594.3251,0.03494086,156.6027,503.55966,0.049378727,156.53276,520.1188,0.14154047,152.28761,523.0517,0.065446265,5.8532224,586.63666,0.10241192,126.76531,589.0982,0.03330077,178.87222,539.0749,0.12204652
85,306.0712,596.98737,0.014053936,162.55249,532.80536,0.029958999,143.25626,552.924,0.074238256,132.19022,547.2848,0.046247877,449.39752,181.34421,0.04266215,141.69817,512.26746,0.04028103,142.75006,536.55774,0.16053367,154.26967,605.9779,0.056606747,5.579209,586.76465,0.08369047,298.49698,497.9413,0.03474282,146.009,534.779,0.14466
86,35.83626,598.55334,0.0183981,161.59103,502.16266,0.032346606,142.29375,505.612,0.043535076,307.41498,579.678,0.036923498,137.03929,491.2375,0.031602044,162.86128,495.16257,0.04002151,152.21017,494.75394,0.10085747,512.61743,420.286,0.040328182,152.79993,496.19003,0.084458545,312.50058,317.57858,0.03286371,366.50613,359.2454,0.283291
87,306.12958,596.32587,0.02500189,159.60371,501.01184,0.04338918,359.29324,399.61194,0.05751118,131.99846,499.48456,0.042407874,498.88135,37.000195,0.05088788,332.1102,528.3946,0.051604744,154.73749,490.36087,0.13213679,336.37512,598.24414,0.04716909,164.2698,475.3058,0.085774094,424.96613,493.8189,0.038225397,368.95523,388.79633,0.15836538
88,35.77667,598.40295,0.015983127,146.21078,613.5298,0.030092584,226.50786,480.76993,0.06020519,378.10654,430.61526,0.0362688,390.4404,429.81046,0.035777204,402.9362,433.63947,0.044786226,402.35242,439.38727,0.053591296,352.04422,598.7104,0.048523173,5.927837,586.70056,0.06761792,402.4108,431.5087,0.045917377,400.41577,432.83188,0.23094603
89,36.050056,598.2667,0.021334393,222.75682,469.88983,0.050778206,225.44247,490.0301,0.07057288,181.21179,484.22034,0.04733178,199.86366,459.45734,0.06367059,228.80426,462.46637,0.115687735,205.92915,474.6088,0.23161143,230.66296,476.0212,0.04294118,216.3241,460.54794,0.108910784,234.89,481.40094,0.06954394,256.48404,232.59302,0.19308412
90,35.926064,598.1814,0.018367758,50.291344,599.5695,0.028929258,225.54587,496.06693,0.082452014,211.78653,499.65436,0.045079015,145.93533,594.23627,0.027774364,235.66328,465.6687,0.034068935,230.28711,480.99527,0.063220255,368.30438,598.34406,0.042229004,5.618081,586.58636,0.083245195,224.70929,496.27588,0.039581735,401.49774,425.1213,0.14071785
91,289.9437,597.2467,0.021178814,337.8688,605.653,0.02796821,209.87463,481.12415,0.07343854,180.47694,499.9794,0.040339872,247.61256,475.6425,0.024579193,206.24431,466.94702,0.06929015,204.43349,489.58694,0.1354932,367.10843,599.26544,0.059987616,204.73477,489.49402,0.09498598,312.6814,317.3334,0.042050418,365.7098,118.52195,0.17697918
92,289.97824,596.9589,0.023453463,519.70856,507.7035,0.044957142,499.90875,504.81186,0.069978714,259.42673,499.1654,0.038551603,505.81305,492.81158,0.05597077,325.00415,336.95154,0.050362457,232.12672,472.4342,0.07366652,367.09375,599.3432,0.060728304,229.39528,472.01468,0.081277885,312.70367,331.53958,0.05062275,507.5953,499.98563,0.5856386
93,306.36548,597.60114,0.02563036,353.78427,615.36005,0.02634805,242.81613,528.4603,0.047607653,243.11852,483.47827,0.031384002,263.1537,474.9898,0.031034725,251.78947,480.4128,0.033039503,253.8806,520.3316,0.039540254,352.1502,598.88104,0.064189374,5.6854277,586.6864,0.08098181,272.75275,514.2348,0.035107065,269.52795,328.09344,0.28680852
94,36.17786,598.4502,0.01753367,269.84116,485.00983,0.059215344,161.78122,512.29297,0.06672942,244.29366,482.95306,0.02917401,249.75394,475.80325,0.043216538,266.49463,456.5574,0.054331582,264.14423,473.76108,0.171227,320.18997,597.34326,0.044265784,268.18207,473.47156,0.08320356,257.9625,461.79263,0.049727585,334.56082,99.47178,0.3719998
95,210.13184,597.04614,0.044727214,256.98682,483.7946,0.04897873,257.8178,495.60925,0.084599406,146.24254,531.7956,0.03398814,219.28758,595.4646,0.029580293,262.3874,471.85703,0.04294426,277.20093,488.2226,0.05045923,360.8726,606.1183,0.045961395,275.72144,487.59442,0.075910084,282.05295,497.35562,0.048827443,255.7372,483.89026,0.109314114
96,273.99362,598.4291,0.018144641,50.46467,599.4041,0.04161842,290.64758,528.9776,0.055320907,243.23898,499.7086,0.028089501,83.310295,613.8115,0.021341182,124.66136,458.82538,0.050958637,253.37529,487.87714,0.063817374,432.62506,598.9009,0.036690723,5.393106,586.41675,0.10098,8.712812,597.28094,0.03312593,479.12564,358.6131,0.27827594
97,290.30142,597.7216,0.022068301,320.18234,518.1501,0.032491036,160.27327,498.182,0.06654767,147.6808,515.2279,0.0348733,310.49927,506.01535,0.04420266,165.15138,487.24417,0.059997022,165.07495,497.28775,0.13255842,352.50452,598.66425,0.061196063,169.25409,499.05655,0.09208383,378.34015,382.20203,0.057995763,176.85724,504.19876,0.2772986
98,274.10986,597.3843,0.027238218,337.66522,599.2251,0.04238837,161.0674,529.0433,0.058973514,242.98744,547.6227,0.039551362,310.08334,505.904,0.053102873,324.06442,509.38544,0.08251499,313.4535,512.12976,0.1424475,224.62334,326.0686,0.06599705,121.303505,448.61148,0.07270533,152.61261,317.5002,0.05110223,125.593185,450.16614,0.4201421
99,178.1917,597.3647,0.019694969,319.66348,517.3037,0.038211368,176.29256,497.54742,0.055678055,242.8933,547.62286,0.036927372,134.5889,300.7712,0.035312925,171.5164,486.90363,0.064221054,137.9932,313.1101,0.107691444,351.75528,598.83997,0.066856906,313.04468,496.64142,0.0936879,152.40482,319.1469,0.03924483,237.90363,313.33997,0.21039341
100,178.26714,597.9487,0.022807203,318.7099,518.4245,0.040691037,225.76375,481.27222,0.06300175,243.46014,547.74243,0.030800344,449.01474,261.4475,0.032710906,323.09055,511.16614,0.053801045,171.49306,488.45355,0.093090095,448.47656,261.82532,0.06615189,312.9647,498.0532,0.097691596,333.01917,515.92975,0.044583734,460.85202,255.15071,0.2811949
101,177.77238,597.37415,0.019141939,306.28732,598.178,0.031984694,318.48773,537.6281,0.062103994,226.3057,308.01157,0.03933025,146.91751,593.73816,0.04156102,318.1388,512.3425,0.079960205,318.07907,521.25995,0.14124532,241.63864,310.34744,0.052669436,325.5624,504.6372,0.09483539,360.16513,364.35864,0.04141854,238.37459,291.149,0.26993772
102,177.68365,597.39026,0.02401235,50.747677,600.1872,0.03101316,229.14308,301.49124,0.04788775,227.1772,308.9238,0.038736884,147.273,593.9135,0.026284873,204.77922,496.71103,0.030244906,205.8291,504.94296,0.03378862,240.58228,310.43384,0.05452809,5.736383,586.70135,0.10189788,20.720758,606.11725,0.04000059,253.85046,295.29675,0.37462613
103,36.451042,598.2331,0.023306286,49.90572,583.4816,0.02779203,210.72685,528.6368,0.049680494,179.01027,276.16293,0.03639887,563.82404,18.829063,0.037349924,572.801,28.42421,0.057406772,205.8358,520.6396,0.03784813,352.5372,598.89716,0.050918028,5.5452952,586.7585,0.097143605,225.04767,513.589,0.033811253,191.17668,255.99925,0.3025748
104,35.91752,598.3886,0.017657256,159.92378,515.8651,0.044830486,145.90019,497.86847,0.06527461,131.91307,499.92102,0.03624511,498.50385,309.4346,0.049083374,181.1325,456.32758,0.053623013,185.45132,466.84576,0.11093454,498.9015,327.08994,0.052538417,185.27849,467.77872,0.103209995,196.05194,478.79233,0.047951426,492.98145,306.49905,0.2799484
105,594.5585,598.1418,0.017235452,354.2859,614.96454,0.025939371,225.12372,480.38992,0.071137056,211.50801,483.2192,0.033137545,417.8076,595.5999,0.04213614,156.96169,496.06384,0.048084073,156.92674,504.05408,0.09534785,416.38208,598.6409,0.07697066,5.721072,586.6941,0.08002137,352.5734,599.24335,0.036293637,417.45337,455.1662,0.15250666
106,36.054466,598.4867,0.01947052,146.02817,613.4784,0.025674772,230.71709,481.3065,0.058264874,163.05432,483.63477,0.0324965,169.34285,475.34302,0.031750288,187.78352,470.2731,0.04412277,184.73161,478.64767,0.08008596,351.62912,599.25665,0.060680415,5.8027034,586.5716,0.072590314,376.06796,412.21466,0.030113807,302.8796,319.4703,0.1522815
107,594.43604,598.11444,0.015534834,17.634174,591.59,0.022257583,129.42766,527.8991,0.07239023,130.68005,531.45746,0.037081644,547.67737,132.2382,0.033260968,133.51689,503.67413,0.03160646,133.46027,512.3067,0.058731884,351.5031,598.99243,0.044036582,5.7130575,586.4308,0.07807916,162.12524,513.8128,0.029727528,146.59483,517.5127,0.1518747
108,162.22156,596.9026,0.020461734,146.66165,613.1828,0.025867337,193.52145,558.8658,0.062085614,179.73763,579.2801,0.035257638,192.59961,555.1199,0.030847894,133.15753,503.37616,0.03941406,137.84541,520.72784,0.13729776,208.52267,101.68906,0.041154064,5.4973187,586.6301,0.117825784,8.945635,596.8927,0.031845525,206.86714,88.13282,0.18428126
109,306.24927,597.0728,0.019886332,287.57327,484.96854,0.053024933,227.04678,511.57056,0.07986157,180.38489,513.5586,0.055449154,177.56581,492.54504,0.070819706,245.46487,485.96582,0.051039405,186.97945,505.77176,0.15328403,351.4318,598.5781,0.04271347,260.51465,481.99307,0.09670945,175.94409,478.95605,0.050911732,188.11635,493.5719,0.26576018
110,35.769543,598.33856,0.02051985,50.16599,599.7436,0.030053187,295.02692,318.66983,0.059953377,131.9462,580.2013,0.046077076,258.12546,348.22266,0.031822957,141.07849,474.37418,0.043392576,142.16827,575.6601,0.03848075,466.91724,278.93747,0.038188875,5.726898,586.6034,0.073846236,312.44235,317.0762,0.04743397,460.87784,258.1268,0.24408501
111,305.8791,596.7316,0.031050386,49.988533,599.7553,0.04231173,145.76477,496.44406,0.06727358,130.63675,579.03864,0.035803825,481.21332,277.2032,0.02663584,132.02777,543.4666,0.07165728,124.69088,553.2224,0.16070482,231.34,476.76703,0.040281024,5.6266146,586.47253,0.07285597,226.37181,495.77484,0.03910727,126.29375,552.9064,0.19828686
112,241.27354,597.00433,0.03636352,50.025093,599.6896,0.039890684,263.0149,497.64014,0.058849957,115.049965,579.5581,0.029247742,135.78862,587.9516,0.02506293,403.6422,448.75995,0.042914204,253.66748,481.1241,0.03962734,335.73648,598.3948,0.039515823,5.794963,586.65814,0.07904263,394.04712,443.39975,0.04023692,402.34555,441.2563,0.1610059
113,273.63257,597.2545,0.032843433,50.149456,599.64575,0.0459882,161.32501,480.57327,0.049787898,162.17961,499.87775,0.026705608,480.8241,405.2636,0.025232108,141.29672,496.49646,0.025703406,269.2122,520.1268,0.038432878,345.7387,606.2979,0.05348419,5.6665273,586.47034,0.06785459,208.76268,513.5583,0.03514696,493.58472,392.80334,0.1546282
114,193.79715,597.6415,0.019760396,50.65084,599.57245,0.0330383,192.59402,497.20334,0.055826996,179.60751,499.43262,0.032065254,98.590324,595.7604,0.03735887,187.46364,471.8346,0.045239072,183.19633,479.7979,0.0735631,72.735016,606.08856,0.049386658,5.9513497,586.3783,0.07076761,393.57776,444.11145,0.04232606,401.4766,441.8593,0.15803917
115,35.77287,598.32416,0.018344786,224.9418,469.62204,0.038770404,194.7968,496.2175,0.054118004,146.84149,586.1247,0.026786897,81.409775,596.0409,0.03544072,221.1373,454.97253,0.06081328,219.69402,472.60657,0.13413323,79.91695,600.0955,0.053139705,290.60495,472.63235,0.09050734,297.48044,317.1404,0.049110018,174.83044,298.17618,0.1229279
116,289.94302,597.7083,0.0136219105,225.16171,469.00815,0.030706296,286.96652,488.94724,0.0800061,146.30156,579.91534,0.03976158,281.38245,473.8507,0.043497507,288.72195,470.31308,0.09277931,294.4734,487.42255,0.13349693,352.0921,598.9757,0.0527219,297.25827,476.88986,0.11341052,307.64392,495.4356,0.04239309,478.76254,505.31674,0.1310796
117,289.91193,597.0784,0.024251731,223.94206,307.23257,0.02853664,209.88725,480.11212,0.058850825,131.69719,531.34357,0.03679295,374.83356,411.86194,0.04539164,386.99857,418.1498,0.06663207,378.82727,428.05115,0.12483604,352.31,598.6911,0.050617605,225.60461,473.607,0.06395166,404.1694,433.6727,0.039120223,221.84987,310.1923,0.34271607
118,594.3414,598.2701,0.014518372,130.3519,613.4757,0.02190812,373.2091,428.81607,0.049585145,212.14905,322.73965,0.042614307,374.76578,411.52817,0.044921905,386.99725,417.84113,0.06011789,379.2912,428.0119,0.14146309,208.02446,325.4903,0.06772353,210.92557,318.90146,0.0800361,395.26926,434.1493,0.04487072,223.18141,313.68622,0.3204993
119,289.74655,596.0345,0.050813705,289.57266,604.64276,0.069932066,142.94234,520.3959,0.079792745,132.10461,531.48193,0.038125955,367.9332,347.2801,0.028071498,155.12425,517.87885,0.056377243,153.43307,520.4521,0.12438736,79.489784,600.1809,0.038311213,150.87927,520.17377,0.08970812,225.95139,497.29254,0.040783342,161.22685,521.06464,0.15149221
120,36.325146,598.1821,0.020673163,50.159367,599.8421,0.045656107,161.99121,512.2836,0.07460205,162.19682,515.6887,0.042447887,115.70787,595.2625,0.036639437,83.628716,613.2131,0.042414628,171.28365,504.4572,0.08523165,72.89318,606.099,0.051894963,5.665238,586.40826,0.09921053,280.52817,398.5714,0.03640672,271.4197,390.89777,0.3376557
121,161.81123,597.9315,0.018684063,130.94476,598.11017,0.027257992,303.03827,521.5243,0.0683145,147.24034,579.6403,0.032899365,498.4867,36.55071,0.040863622,315.40076,498.28464,0.08199344,315.69247,521.37695,0.21226326,234.89217,605.5728,0.03455282,5.6417747,586.664,0.07315661,126.52837,588.40656,0.03662999,339.04254,523.41113,0.16081819
122,290.4856,597.1954,0.01566001,192.63882,484.44687,0.029936286,306.7849,514.11566,0.04622518,163.141,483.1575,0.042979274,305.6351,521.2136,0.04042606,316.02167,506.24323,0.14706092,313.35373,523.0531,0.2313074,351.46194,598.74207,0.05018082,324.69806,506.51224,0.079702295,273.16034,513.34705,0.039518744,192.08093,472.13852,0.22361605
123,35.614838,598.6426,0.014908883,257.5548,485.90393,0.02987759,240.83069,504.9292,0.059276585,163.25421,483.09558,0.03975307,305.92038,521.10254,0.04456972,316.2265,506.63196,0.16128069,313.70056,523.51984,0.24709406,351.6759,599.18097,0.047614403,325.1886,506.58453,0.07901099,241.21753,492.0957,0.039878413,192.10315,471.43768,0.2016994
124,35.64692,598.6761,0.013341553,255.73833,485.1432,0.045628294,257.6701,497.52945,0.05119894,227.93341,483.5932,0.029122125,262.43625,474.1734,0.035109278,252.84471,495.48108,0.037468795,249.17737,480.32367,0.060992543,352.26712,598.975,0.06027551,5.9358077,586.65125,0.06120512,273.25128,513.5503,0.039333172,271.12222,328.95303,0.12049825
125,144.85681,543.5054,0.02403955,160.43216,541.5832,0.029028244,141.7247,536.6779,0.079723276,132.32295,546.2006,0.05650698,135.371,522.1151,0.0407276,318.06732,527.6901,0.09185878,316.0618,542.84326,0.23432876,351.8553,598.9046,0.04886634,323.85535,542.83185,0.095515735,183.92554,349.3324,0.027282573,144.25362,531.0523,0.22896643
126,35.85235,598.4519,0.017612077,49.873375,599.9448,0.026108164,144.6107,529.27795,0.06434616,179.08461,452.01816,0.03499962,81.38169,596.2506,0.033319682,210.01,432.1459,0.043199707,198.55257,432.78018,0.10447482,352.63083,404.179,0.05375068,201.34514,432.06628,0.0876024,21.582119,606.9933,0.030089697,368.78653,394.2652,0.23579872
127,36.284077,598.0229,0.030800069,271.9755,405.79688,0.037180237,144.43346,513.8289,0.050357666,259.11194,419.96957,0.03011263,81.44867,596.2901,0.032086544,268.06482,480.0779,0.03679075,268.18646,487.47083,0.056277934,350.82678,599.45184,0.05669374,5.7970433,586.6054,0.11489743,248.20044,269.8734,0.037003577,272.041,400.2325,0.2616792
128,35.949875,598.2254,0.017121576,335.96948,533.94354,0.039307833,241.67253,480.7598,0.050018676,227.01355,483.636,0.034649868,337.1976,213.31561,0.034062043,171.8874,495.72705,0.03670431,313.50153,518.4513,0.07577463,337.6222,213.38046,0.068322,328.7198,527.5677,0.08847684,340.17175,527.9197,0.03954652,350.04456,200.7483,0.19623071
129,305.6642,596.1286,0.05865399,305.36542,604.65454,0.096879244,174.31828,486.60883,0.08394912,163.93016,499.08353,0.03699461,180.92316,473.11197,0.056721948,177.68027,471.61758,0.073784135,185.19528,482.46603,0.19193015,171.87296,476.62924,0.05369078,188.46603,487.6561,0.08736292,377.4784,427.43158,0.046134923,272.19043,309.18713,0.25601
130,305.7303,596.6426,0.044161756,305.4718,604.97833,0.066844136,158.24728,597.3146,0.06477626,163.34674,499.52094,0.037721395,169.56244,474.82288,0.032439135,388.15503,432.1767,0.05039589,379.99716,425.51608,0.09303336,367.8003,599.1202,0.03982923,186.75134,479.33023,0.09653343,116.24067,604.12244,0.040369615,271.98508,307.54422,0.243159
131,209.61124,595.4488,0.05444444,209.896,604.20844,0.0663069,351.39206,600.89044,0.061388295,179.1935,498.8853,0.037518848,309.7257,505.63458,0.042672537,315.63162,483.99097,0.10514908,315.48148,506.82864,0.24856354,367.67188,599.2068,0.052731644,326.95758,508.57663,0.098211676,342.73422,514.4442,0.040256705,384.69022,422.76917,0.20388807
132,36.277058,598.01184,0.021438088,50.10273,599.9125,0.048677288,161.98605,479.7709,0.08445937,243.16115,515.9269,0.03736111,240.15944,489.50818,0.028620504,252.2377,480.7704,0.038232554,251.86108,503.858,0.14034162,401.98303,309.6834,0.057525024,6.3792233,586.50696,0.094732516,310.91324,206.94623,0.04530726,413.92963,296.03778,0.22488654
133,161.96904,597.5024,0.026255189,160.31708,531.10944,0.032792177,175.84572,481.40607,0.06317385,162.70079,482.69363,0.030497259,355.03238,164.99849,0.036241554,157.01695,497.00854,0.039611537,155.89708,519.9868,0.08184361,368.9845,598.84033,0.051552158,5.437595,586.6323,0.08030924,21.239647,606.7397,0.03528577,363.83286,160.4884,0.40826792
134,161.6389,597.4376,0.036124215,144.59282,530.67236,0.050723333,144.56586,514.1971,0.08551871,163.54007,579.84503,0.03242957,278.31277,474.1507,0.03782561,292.8595,478.58618,0.081831,142.13962,528.80383,0.14360346,268.44565,477.26184,0.050717626,279.82446,478.22504,0.08703968,298.99713,476.55338,0.039224472,161.00418,521.8307,0.19592047
135,305.68335,596.81305,0.05322889,305.19186,605.8888,0.05418838,279.40784,498.5487,0.073663175,188.43044,276.91052,0.07252196,162.96005,594.60016,0.03808439,316.25128,496.38318,0.030426383,285.1929,488.7772,0.07140333,259.76205,305.50043,0.045492537,323.79697,504.11386,0.080547005,360.5226,380.85907,0.03931332,271.3738,308.6986,0.4318678
136,162.00322,597.5195,0.027799245,49.208603,590.81494,0.0320194,167.68753,481.1476,0.056700043,162.79851,499.77957,0.035139743,162.11812,594.2824,0.04640082,229.64497,99.65199,0.036002666,182.53384,479.64273,0.06567737,225.00868,100.22129,0.05057766,5.57703,586.6557,0.07532726,200.30478,285.58353,0.03790815,255.53084,293.9653,0.4413352
137,161.78284,597.62634,0.02309531,50.293945,599.61206,0.03954915,210.11699,512.69617,0.0638603,263.40198,350.2718,0.043195285,262.65668,350.34332,0.04280004,277.3115,353.26868,0.05305992,206.57983,488.82214,0.0793681,352.26617,598.8989,0.057320643,5.618208,586.48065,0.08155524,264.95392,412.823,0.034484446,254.8779,329.3539,0.3022704
138,162.13176,598.1563,0.021431362,50.099087,599.5698,0.04693221,258.5389,527.88434,0.055886015,274.0184,516.2457,0.034148064,146.95477,594.8938,0.034509756,227.03375,447.46118,0.044246666,217.94705,449.15128,0.09145156,351.57382,598.5795,0.057083525,216.92969,447.23712,0.1031869,280.73355,302.76352,0.033923876,272.13132,288.2628,0.26568
139,289.84302,596.21545,0.036420535,194.95914,467.76328,0.031945076,178.02473,480.84283,0.06395773,292.41348,579.29694,0.04194681,546.069,84.60174,0.03357202,316.93124,528.9972,0.050579436,315.01196,551.4473,0.16216193,218.61667,605.08185,0.045743026,322.3568,545.6623,0.08585767,377.7473,411.2789,0.04160897,270.0457,286.8506,0.22102672
140,130.4703,596.2483,0.023382332,49.972847,599.68445,0.03458598,144.23528,584.054,0.052217234,292.37796,579.2534,0.031772066,545.61163,84.98635,0.053567406,315.58752,528.8823,0.05173084,311.36758,542.67474,0.08997166,369.10587,404.2667,0.04424539,290.1627,473.88425,0.063309684,126.05952,588.50305,0.046116643,158.45807,571.34894,0.19729231
141,305.76022,597.0043,0.03228522,124.354515,604.517,0.030770538,144.37788,584.757,0.052969567,131.53693,531.0269,0.03752211,136.62276,506.85635,0.053306222,148.27563,489.11835,0.049180433,150.10747,512.62,0.1505019,138.51074,509.76813,0.06614422,149.06049,518.7142,0.081849426,126.047516,588.3969,0.050786607,158.90602,571.93933,0.18475777
142,130.34644,596.5198,0.019127544,49.629776,583.0447,0.024236282,144.6979,513.1984,0.057991423,130.8056,515.46313,0.03493959,145.93253,570.92975,0.031825557,116.90027,596.32465,0.033351645,155.6178,503.6509,0.06703325,209.38147,102.61173,0.06653196,5.7584543,586.64343,0.07301148,313.2555,285.09543,0.0398633,206.16968,84.99943,0.44240573
143,162.01038,598.35956,0.016635712,191.8861,499.53418,0.042422235,176.48643,481.9335,0.060310684,146.24898,579.45996,0.034360573,168.27742,491.27072,0.034233928,315.1557,527.67523,0.047177117,186.3149,488.93152,0.12638217,352.53784,598.4471,0.056253333,186.50595,482.9667,0.08344485,194.55933,494.09988,0.046623755,192.53836,485.94266,0.2432886
144,241.67502,578.0649,0.019814245,159.33534,516.899,0.048309915,145.73468,510.9415,0.065738924,148.3248,530.61053,0.043550327,150.09436,506.5202,0.040502504,337.80597,528.6871,0.052948,156.2122,520.8998,0.19183156,352.09125,597.7328,0.056770947,5.9202814,586.728,0.10099341,162.20921,523.81714,0.03851869,333.5809,505.76944,0.38550243
145,36.05167,598.0772,0.021365209,192.42902,485.51202,0.041011747,192.429,481.76733,0.061519716,163.28755,499.97595,0.034579817,450.19067,68.62429,0.03557234,188.30553,470.99097,0.052639704,186.79831,487.52136,0.10698463,368.37314,599.2949,0.053095035,181.08183,489.25842,0.081410855,408.57672,492.5121,0.03873425,139.93192,336.3989,0.22860721
146,161.14091,597.1446,0.028298957,144.2415,342.28378,0.054140396,163.18562,613.19244,0.044520028,137.97438,333.7488,0.04797971,144.62456,332.95636,0.049076676,187.70256,486.42484,0.03702595,187.58728,487.0291,0.05580108,141.73688,347.8548,0.067678005,5.6951904,586.5462,0.07425713,258.23465,466.50446,0.033439714,139.15793,336.29288,0.3113456
147,161.08849,596.9872,0.035263598,161.82764,605.35736,0.030319387,242.02292,481.79486,0.06623704,292.0424,579.14996,0.036480207,131.80263,594.9204,0.031637125,252.31967,464.9704,0.069827214,251.7593,481.02023,0.099784605,336.00943,597.93066,0.049826324,5.597332,586.5025,0.08408133,328.36273,365.0754,0.03114768,225.0457,327.18127,0.26989323
148,161.0548,597.4606,0.029087944,305.59436,605.3922,0.04447327,224.54128,502.82596,0.07750883,292.5788,579.34155,0.04280753,231.56485,490.15326,0.041979987,245.08496,484.3407,0.09034027,238.83821,490.7825,0.18093176,417.25986,531.9826,0.05270862,248.19925,486.54764,0.07791281,242.10141,476.80984,0.043958332,433.53116,521.07245,0.27113083
149,161.49408,597.06964,0.032799385,256.14288,499.78937,0.03320908,239.6575,488.7956,0.07562888,228.70424,483.66504,0.03739207,233.4911,474.7597,0.03311621,251.982,465.55917,0.055421907,249.38461,487.5284,0.13812777,401.04453,598.5312,0.036722265,328.57376,510.96036,0.0912011,265.426,300.4984,0.035515454,433.3573,521.807,0.21806026
150,36.118965,598.22314,0.025752457,273.7556,452.80844,0.03381897,302.7423,520.79956,0.059618253,293.4729,531.8994,0.032759625,162.92947,593.9211,0.03776424,317.6637,501.94736,0.07853582,315.135,520.8777,0.22356652,335.29297,598.4923,0.04464404,318.20486,520.121,0.09987023,257.7423,466.81818,0.032701604,221.55919,307.22177,0.17620085
151,178.04138,598.0113,0.034936205,49.86362,599.7714,0.024160821,161.17993,513.26917,0.057212856,147.81148,579.4785,0.03032217,147.21843,594.36566,0.03601194,149.25734,502.52744,0.031726085,297.59674,410.36313,0.062906906,225.58974,102.328476,0.04571621,6.355393,586.5721,0.06108035,360.2649,413.16913,0.039933167,237.36037,86.34007,0.26991594
152,35.977596,598.27673,0.020104744,49.85756,599.96484,0.042941008,193.91072,512.71155,0.048040494,162.88152,499.90714,0.035909124,146.5226,594.74554,0.033282273,188.08951,496.0035,0.038012408,325.8592,532.5329,0.05036808,335.66486,598.7898,0.064389855,6.1202426,586.56824,0.068417,336.4763,598.56354,0.041241582,254.72028,83.81035,0.15886405
153,36.369015,598.30133,0.027992522,50.11378,600.1667,0.03370419,146.97195,612.87994,0.05235512,306.90326,531.6336,0.032613445,336.8646,594.87427,0.029536467,317.24564,512.6056,0.057952728,318.66162,527.85,0.10512358,336.49094,598.1803,0.06138833,6.027479,586.69934,0.090194315,345.952,347.85223,0.04229254,339.85648,539.83246,0.10533708
154,321.67743,597.3438,0.028799854,257.50644,501.65265,0.025787655,241.27145,497.24835,0.07798131,131.61795,515.2309,0.03439017,112.72587,325.25488,0.03651062,118.61653,321.30615,0.040017772,246.75386,495.4894,0.104453355,368.73553,597.57983,0.05206372,5.5489855,586.6332,0.084374264,258.25037,511.5089,0.039624047,258.11008,499.25388,0.15617026
155,225.59329,596.8578,0.022193292,257.75626,501.66547,0.031126963,241.38988,511.78824,0.07132998,227.95227,515.7382,0.030951945,147.16742,594.29456,0.033603303,237.16763,480.28897,0.041259672,246.2976,495.46277,0.0752142,384.8415,597.9296,0.041002233,5.740261,586.6597,0.076803975,201.34784,268.18066,0.039742608,239.19981,342.10342,0.32431647
156,259.00027,597.3086,0.017661354,448.05762,165.27452,0.027225232,161.77399,529.41974,0.06780299,147.61638,531.7284,0.031876583,547.4602,19.370777,0.03714307,301.25415,487.60657,0.052326195,177.60097,377.1046,0.097967125,177.04839,389.4245,0.0758919,5.7243605,586.63306,0.08045613,290.2131,465.30524,0.041339904,445.79498,166.12929,0.23241079
157,515.56134,83.96341,0.0176583,337.8765,358.23602,0.027473172,141.60468,536.3235,0.074738115,317.046,351.07773,0.07074551,144.18547,539.14874,0.039759457,160.38542,526.6293,0.06958222,154.30014,525.0001,0.17799328,304.56366,232.25218,0.06539048,293.0276,503.17795,0.08524571,409.95706,462.91766,0.035736836,302.27057,213.83672,0.33620295
158,161.86674,598.3546,0.020977918,304.8722,503.1783,0.0443527,289.05676,497.8991,0.06728445,276.2662,515.41425,0.034995288,280.9696,490.06152,0.034121983,300.9851,488.12808,0.07137381,297.88132,500.40384,0.14400257,400.95462,598.0833,0.035947144,154.7249,530.59863,0.089197,307.33804,509.47208,0.044850428,158.84003,536.4598,0.36838764
159,161.81564,597.678,0.028009608,274.1738,469.7333,0.027197365,239.90906,486.72147,0.08748147,162.97453,580.4488,0.029939402,240.62218,491.29553,0.03637286,252.10693,473.4796,0.053081855,247.8202,490.01797,0.13741998,383.48434,388.40463,0.05181199,257.93668,483.00638,0.06738703,241.58463,479.34232,0.039770223,254.25587,487.35657,0.30418694
160,36.514103,598.3866,0.019153891,50.039127,600.38965,0.029814463,162.00752,496.2638,0.042523086,35.969044,582.0707,0.027807519,115.275986,595.66266,0.027749581,268.13486,480.47266,0.030757515,151.17073,527.50287,0.041396465,432.21252,598.64325,0.048993144,5.883946,586.52686,0.0716708,392.58035,381.4772,0.04113637,162.44159,540.3196,0.12689684
161,194.39186,597.2505,0.029714605,160.85693,532.49384,0.028224245,272.16467,336.4493,0.060703065,147.45044,579.25604,0.048343487,144.80782,555.1646,0.03182869,155.93391,527.05536,0.052289736,152.97787,525.8415,0.09178663,432.0195,599.48944,0.04747785,6.125099,586.5038,0.07495458,126.519165,588.2341,0.03986454,285.10135,340.47488,0.50573176
162,193.97769,597.27795,0.027888456,49.757,600.01416,0.027155658,162.13014,544.5363,0.06082363,147.73463,532.1501,0.03364011,482.69077,36.124805,0.032141622,164.67682,533.53394,0.029725872,157.60165,534.57623,0.052762125,250.5218,605.2551,0.04134193,5.9407825,586.5547,0.07187517,424.4632,542.1286,0.031716116,417.1006,536.3681,0.15201142
163,36.151985,598.34375,0.020663802,194.06636,484.89658,0.02569958,258.2241,497.99008,0.08188379,178.98595,484.46387,0.03667755,482.25958,277.66428,0.046392832,269.5871,483.04276,0.093075916,267.98276,499.93033,0.1914105,335.96143,598.4543,0.06067388,278.36316,501.2057,0.082718,292.11865,510.7766,0.046047144,288.99435,503.57767,0.24975604
164,36.277946,598.40753,0.021587934,337.9003,614.6824,0.026410889,143.72746,536.6374,0.059810027,131.99608,531.4811,0.037568994,481.70688,276.91275,0.042275447,155.06627,518.6608,0.038750064,150.25156,512.1862,0.093628734,352.05392,598.84265,0.0692621,153.69153,527.7731,0.08192659,21.237509,606.69836,0.030936142,476.04947,264.79166,0.18084525
165,36.138268,598.38684,0.02051537,146.20668,613.674,0.025539555,290.7601,513.15094,0.06994804,147.63327,483.6441,0.03294283,153.4505,474.63992,0.04336057,177.71329,478.6854,0.060083244,168.93163,480.22882,0.18852335,352.0706,598.854,0.06195964,308.69424,504.43265,0.077006236,273.5137,482.08255,0.032239955,476.46246,265.09103,0.19690451
166,36.152832,598.3979,0.02127573,177.38278,485.48477,0.026754748,257.8542,480.74857,0.0473479,147.1829,579.26196,0.035389684,153.20915,475.3844,0.030250704,315.56155,517.2778,0.055722095,312.15247,517.39557,0.086843535,352.1682,599.1108,0.062303673,312.7937,512.1878,0.07810602,21.361233,606.8941,0.031514917,322.58807,507.5726,0.12956464
167,161.51973,597.3013,0.033749074,177.31187,485.29205,0.02583655,159.62657,488.46622,0.05235249,353.74976,452.96982,0.0373613,545.99567,100.39689,0.032566085,330.60944,526.7601,0.03392277,171.05699,487.78058,0.084852,352.02362,598.51154,0.06340365,5.6755986,586.57733,0.06558452,169.32213,300.51544,0.031709183,385.4573,441.68155,0.21418679
168,217.90297,604.3407,0.045050506,210.52333,605.5664,0.046953935,226.57431,512.30695,0.05950562,226.55342,581.7801,0.03179897,226.84724,596.80853,0.041158628,244.9209,612.41766,0.040650453,349.61414,536.7545,0.10908514,385.1359,531.87225,0.050458383,5.721179,586.52734,0.094953865,393.86584,532.0407,0.04348842,160.7132,386.8748,0.29018286
169,289.789,596.90735,0.05447257,50.62232,599.2941,0.04717051,227.32294,613.89453,0.05848348,226.05101,243.96883,0.030349772,179.09654,593.98016,0.030327275,156.10458,528.1068,0.054555822,152.42668,540.93414,0.08934626,368.88495,598.62836,0.052767046,281.3473,461.7548,0.08303452,232.2242,235.36787,0.03689353,288.15628,456.01385,0.15235403
170,177.51111,597.5089,0.03396041,305.3236,516.40784,0.039879806,290.44974,512.9412,0.055354625,163.61397,579.4716,0.02953762,417.13327,491.66562,0.029815601,155.91017,511.9154,0.048360206,296.05524,504.12338,0.11201237,368.6348,598.81335,0.055566896,5.365416,586.4655,0.08310118,21.339859,607.0384,0.03309259,370.29416,376.47845,0.20984346
171,35.90739,598.4788,0.020984832,303.33487,517.0557,0.040976614,287.70502,519.7302,0.062178813,163.36708,580.00073,0.033281464,289.28815,505.10052,0.05023712,301.23288,496.8663,0.0757317,299.1949,506.99847,0.21918964,285.31467,507.47922,0.04741032,5.5890565,586.56824,0.07905689,376.86835,443.5473,0.032038357,402.2525,442.53885,0.1488578
172,257.64813,596.94775,0.039925247,50.28805,599.85516,0.031252183,225.35979,527.74365,0.06613434,212.0129,531.9641,0.034965746,368.15488,411.8315,0.031195316,388.06592,433.4834,0.034877505,232.674,519.7476,0.10505867,385.10605,598.5748,0.050128475,5.335456,586.61304,0.09307773,275.57822,465.7205,0.04113928,401.1723,424.99466,0.2698757
173,193.91106,597.8239,0.03676243,50.131607,599.872,0.03068686,225.1963,527.8823,0.0801508,211.55185,531.7721,0.046464875,209.05315,84.59225,0.048144184,316.40237,503.07562,0.09576227,313.66354,521.03455,0.21355484,312.3813,510.11768,0.06321047,5.5065947,586.627,0.08728172,392.52774,516.2318,0.044342272,398.97894,515.00507,0.25271335
174,177.85817,597.1621,0.03464212,286.281,502.1257,0.047426492,273.07764,498.9837,0.11900727,162.62495,579.35077,0.039203282,276.66962,491.1631,0.057078145,285.72018,490.8086,0.122068554,283.85544,507.63873,0.18039592,315.14212,509.7039,0.03609273,5.4547334,586.4994,0.08392827,272.4483,480.192,0.05205896,305.69305,502.85605,0.24955426
175,273.7452,596.6299,0.035836887,113.518814,500.6633,0.023552408,128.95326,512.4397,0.0605057,131.32353,531.29285,0.03217631,546.30615,100.10177,0.028160112,315.44797,512.16486,0.042021062,310.06305,526.52313,0.051231228,335.8811,598.41675,0.05364942,5.549456,586.5982,0.08348991,408.66977,508.12018,0.031593893,146.90588,515.0809,0.10603951
176,36.226463,598.4857,0.021860596,50.045708,600.07623,0.028947301,194.57098,496.76807,0.06599517,130.73692,450.7014,0.032213923,130.06099,428.0334,0.031192318,284.07587,472.51556,0.042674627,200.69208,503.1749,0.09355039,352.2783,598.57556,0.05193048,5.635495,586.70935,0.08668745,425.73267,508.57263,0.04053301,141.87468,437.52597,0.44191936
177,531.2993,83.855835,0.022166593,49.670094,583.6885,0.026237277,305.8426,545.1361,0.06263894,291.6966,531.9145,0.04149937,531.1725,84.126305,0.03090427,315.17062,512.4191,0.052734524,310.43604,534.0382,0.11333847,368.94156,598.6617,0.036994115,5.739008,586.68396,0.082598545,257.80637,529.30646,0.03326416,143.30348,361.9864,0.10647083
178,531.3115,84.1155,0.01686461,224.67416,485.90222,0.024825498,214.36378,496.46927,0.06674556,195.03923,500.0551,0.037577353,531.34076,84.22927,0.0316005,315.56924,528.8816,0.067939654,313.24554,550.19946,0.17017701,209.71588,452.50388,0.03821563,5.615911,586.61035,0.07394487,226.3711,449.9323,0.040015142,191.05127,345.78275,0.18010446
179,35.58976,598.494,0.015814343,224.97014,484.987,0.024618806,224.84926,496.73602,0.0676452,291.26508,547.99176,0.036318988,294.95917,490.44006,0.027563808,300.8883,496.63824,0.05945734,309.36102,517.59094,0.11326629,320.11365,597.74207,0.036259353,407.6147,465.4753,0.08310082,241.84239,497.49683,0.036922127,336.64868,376.4239,0.19097367
180,594.6389,598.3475,0.015760995,50.0929,599.5086,0.03805326,258.35873,495.43558,0.06028127,194.97162,516.31836,0.03463866,342.35965,461.22446,0.04122246,332.662,474.24704,0.068989396,211.89648,327.64465,0.07526459,206.78658,331.5603,0.05042148,274.6293,489.24466,0.06501061,345.78555,481.06433,0.03760671,462.94284,432.27002,0.32947025
181,156.24709,561.89386,0.015459991,303.64847,518.1711,0.042000923,157.61588,536.4417,0.0768654,149.5026,531.71936,0.038125046,159.40875,522.4733,0.03813741,294.6485,500.8155,0.07675414,170.60844,533.13574,0.20708041,155.02907,522.4184,0.04395681,169.22939,527.70935,0.08183306,393.4195,430.6267,0.044119775,206.86057,119.378746,0.26265097
182,177.10748,597.5762,0.030964797,305.56827,599.3577,0.03295587,287.29324,521.38696,0.07047748,275.87933,515.6918,0.029008085,163.4233,594.7887,0.037122726,294.07996,501.12228,0.060413666,287.88312,506.87656,0.12739131,496.595,486.0296,0.048228044,5.464102,586.57837,0.076180555,232.65565,300.26886,0.041394755,497.58768,469.90186,0.2391705
183,219.71858,563.05023,0.019488633,50.316406,599.24365,0.03507757,225.93144,495.93604,0.05959782,163.41573,579.25415,0.040389054,495.83728,476.65915,0.027561136,300.25586,496.06223,0.039179873,300.91125,504.09546,0.05348372,497.1862,484.80765,0.053422943,505.1789,479.91092,0.0645755,425.11603,539.9421,0.036916133,503.7077,471.43784,0.1546178
184,177.9442,597.5519,0.023854699,305.82538,614.6518,0.022183985,161.43312,528.7323,0.06574028,177.73668,515.9907,0.029913614,467.02023,36.70829,0.031434253,171.96735,512.48395,0.040486135,171.60492,519.8054,0.070555165,432.37537,532.387,0.06779339,5.5896244,586.58276,0.079069324,423.37384,292.3538,0.041501686,430.18542,280.3606,0.19249105
185,209.77531,597.3968,0.027853593,225.51909,606.4738,0.033011008,209.70128,512.5942,0.0690335,225.65497,499.8201,0.034794897,81.3964,596.40955,0.027167913,298.47784,577.78906,0.03461112,219.9213,504.2341,0.0554643,336.93973,598.159,0.040176738,5.4269567,586.471,0.08887322,327.8951,379.7617,0.032861244,335.8514,377.01752,0.14118168
186,36.0352,598.431,0.021050567,238.76482,484.13733,0.043699443,239.88965,505.09317,0.062234193,212.07166,483.86404,0.04100969,224.88855,474.4406,0.031260684,236.47595,455.85254,0.06601185,234.65802,473.79062,0.19185904,138.5068,605.27856,0.048696972,5.648138,586.427,0.108087145,362.4481,481.88965,0.04275399,366.03812,473.12845,0.46823922
187,178.0132,597.9446,0.023855533,177.81197,517.4261,0.038870774,158.96454,520.9099,0.07480037,148.01875,531.14954,0.04966028,165.48657,505.65933,0.029061275,170.7024,517.6576,0.06378778,165.46872,519.07513,0.14171386,337.66336,422.63342,0.058380548,165.84239,506.6879,0.084001414,343.3397,419.48877,0.04466634,334.51224,407.3628,0.2636977
188,35.966877,598.5392,0.021729335,253.52821,500.42792,0.034535453,157.44814,518.0251,0.07060723,229.20549,514.5372,0.042515494,154.56387,506.1894,0.0576231,165.58151,504.47552,0.09877889,164.0904,521.66504,0.26220167,156.60956,511.02103,0.07529364,5.587225,586.58105,0.07901321,241.24782,477.74234,0.05464675,238.49948,496.21115,0.25168693
189,35.790405,598.51556,0.0203022,239.07094,501.78284,0.05087221,238.09052,504.28027,0.06289055,212.30643,499.84607,0.04474184,228.9993,490.25046,0.028743932,235.78802,471.43643,0.063738644,241.95975,495.02576,0.12680054,416.34958,598.4855,0.05286973,310.7311,529.075,0.08535237,21.497389,607.0233,0.026622746,125.64493,467.5598,0.22508246
190,178.67685,597.139,0.029886978,160.99069,531.17786,0.021283606,210.21233,528.98413,0.06621395,196.18756,579.6144,0.038520303,547.188,453.12454,0.057956323,300.6487,527.91925,0.049135845,301.26675,542.47766,0.10293674,302.9856,92.067,0.04783453,5.630911,586.4609,0.06963738,226.73354,528.6796,0.027978668,300.85715,87.59624,0.2816091
191,36.168842,598.4839,0.020784527,49.883186,600.25244,0.037282575,208.05777,554.18243,0.051180143,147.73483,531.4686,0.03333715,563.68884,19.394436,0.030186033,165.38173,516.9872,0.049402487,165.52614,519.6544,0.10701491,361.5983,605.84753,0.064060025,5.8619018,586.55914,0.07634196,21.255943,606.7302,0.031272322,412.4045,191.76372,0.28033054
192,241.953,598.08844,0.03584981,50.24414,599.86505,0.03946797,247.92543,432.3476,0.0569466,290.29468,515.61414,0.032991122,81.00133,164.43245,0.034705617,292.5323,502.68164,0.02900256,259.8114,425.77008,0.07777049,257.7146,438.09985,0.057963442,6.15797,586.6926,0.09520014,279.6837,436.3567,0.037577745,271.53162,424.72296,0.20385928
193,35.77926,598.3756,0.01865456,34.931232,582.70184,0.019939914,224.21884,503.7024,0.0613046,241.45883,515.0391,0.042643487,449.83264,413.1899,0.041293796,226.77278,448.33035,0.04388626,235.33846,505.55838,0.13174532,304.3138,307.7662,0.056419376,217.50551,446.52783,0.110642545,296.9262,316.29007,0.039907698,461.32663,416.30167,0.33951312
194,210.01743,597.40564,0.019358184,50.025078,599.85425,0.025091335,205.79959,292.95435,0.084680215,219.09444,292.65607,0.03958496,201.73349,285.25705,0.05133075,180.3399,502.52203,0.057164796,237.01454,505.7301,0.1201411,415.88214,598.9946,0.05271486,5.732388,586.7965,0.06783697,200.77377,297.16425,0.0292445,221.42198,278.89926,0.29917186
195,226.74225,507.8425,0.024102086,240.36427,515.0181,0.03279563,286.87112,553.68964,0.109405376,212.52478,531.86017,0.03809332,225.17508,507.42416,0.0579413,237.80878,489.42523,0.07268364,233.97961,507.70038,0.23030902,161.87097,373.17993,0.055781048,5.821693,586.7693,0.06859273,346.31888,365.5498,0.048732888,238.48106,502.68027,0.24085127
196,35.986202,598.43945,0.025103796,242.26797,514.40393,0.028399242,227.29707,527.98615,0.074696146,268.14304,355.7818,0.048508584,262.62704,350.5148,0.038145263,274.25186,354.92758,0.041779242,232.8505,505.96506,0.13381396,152.89455,523.636,0.042570647,164.00842,506.46933,0.080597766,258.3217,496.91238,0.043601464,270.13507,350.5354,0.31608346
197,210.41855,596.6453,0.023690848,319.3906,517.1416,0.039596807,240.33226,511.80734,0.08758401,227.67169,530.92175,0.04966451,547.6417,117.03711,0.040815,314.12943,483.2385,0.062350556,315.23712,502.8924,0.17020844,153.4969,523.162,0.039727647,169.81215,513.6596,0.08195127,323.20798,494.55365,0.047161795,316.788,486.67435,0.29949427
198,194.525,596.7615,0.034482766,50.442688,605.7457,0.03260493,274.46677,528.6694,0.061094914,147.72356,531.76135,0.032030582,546.7459,100.05214,0.03592521,284.03043,512.1548,0.040056005,157.77695,519.372,0.08793239,72.494705,605.8616,0.05189583,5.9281993,586.6259,0.074859574,376.57706,430.7143,0.035099857,286.99893,151.9835,0.18462281
199,36.619774,598.3713,0.02518545,35.683495,590.2209,0.031066364,482.53192,125.12265,0.08302198,437.12537,372.19067,0.041036017,433.3406,373.37222,0.03759329,173.27043,497.3446,0.05646126,172.4616,519.49896,0.11618585,432.58014,373.8279,0.072109245,434.24106,369.00876,0.09552454,440.8,372.48328,0.052084945,476.08463,119.59016,0.31501076
200,36.377464,598.3136,0.024783112,26.999525,590.22675,0.026161844,273.269,545.9873,0.06945834,275.39935,578.6722,0.040167723,272.85553,571.00214,0.033751648,171.50507,518.33856,0.05877349,280.07452,549.27795,0.16118374,273.73965,421.66858,0.06127299,178.48262,522.4136,0.07591605,21.120705,606.56006,0.040429793,286.9405,409.11008,0.26167908
201,194.18645,596.4109,0.02675461,50.81302,21.827824,0.026616536,274.36874,512.1982,0.059890658,275.68146,530.71387,0.039534505,81.55646,596.5628,0.027227607,283.97308,503.49796,0.05502123,283.80475,519.8855,0.11409148,273.61108,421.42465,0.051140003,5.92627,586.5699,0.07299453,377.52228,444.32202,0.038842715,287.0246,410.6431,0.19521846
202,194.07848,597.0296,0.019041246,50.855106,21.653765,0.02231361,226.4282,544.25555,0.06129875,242.10626,532.2423,0.038155966,256.23404,314.7933,0.028363733,283.86356,503.41675,0.045560416,283.72803,513.2731,0.0766624,368.53928,436.3789,0.04787067,290.75232,506.25992,0.06903134,393.62335,452.7253,0.039490182,258.66498,329.39178,0.1578581
203,178.51387,597.015,0.021211367,50.529392,599.3194,0.02682826,225.32462,545.04877,0.077785514,211.90674,548.9723,0.05137122,294.2482,506.45956,0.026773551,291.84695,502.839,0.053164497,285.733,520.3433,0.13668737,330.09326,605.56757,0.0443731,292.366,519.7282,0.0831894,274.8912,323.27487,0.041445933,144.67924,345.21298,0.13945763
204,36.512375,598.0015,0.020877937,49.996674,599.88995,0.041112322,239.90567,440.83597,0.06564964,35.734917,581.90625,0.031023888,50.399345,20.138872,0.027772559,235.8355,456.31207,0.03490045,234.9586,425.19586,0.11642858,400.57675,598.86816,0.034898214,6.303407,586.6041,0.080497764,21.193308,606.428,0.034173254,240.7943,418.48688,0.2974411
205,35.91277,598.1965,0.02096543,302.82452,534.3931,0.038337935,285.95163,535.5966,0.08916013,260.16043,546.7547,0.040722698,293.159,521.59436,0.03372043,206.42326,486.00983,0.058480803,280.81482,536.99567,0.14065766,268.0956,524.6988,0.043838263,294.95813,520.4421,0.10015682,361.8986,413.06195,0.028561756,289.31137,530.09265,0.19653973
206,193.86021,597.26855,0.030176168,50.031612,599.8029,0.039675504,259.15884,529.4361,0.06790328,195.31505,515.3187,0.04662965,257.2222,539.42145,0.03463801,268.91144,514.81714,0.063901864,268.19897,537.89856,0.19653852,234.88522,605.1086,0.05574364,276.63693,535.6163,0.10128405,361.486,428.0041,0.05079791,369.58984,362.82547,0.15241389
207,209.56746,596.8066,0.028418925,50.150394,599.8079,0.040840458,194.16534,512.3445,0.07881814,195.06854,515.03455,0.042522542,265.0534,521.6635,0.04711401,277.15512,516.7433,0.08353987,271.1344,537.3775,0.2732739,401.8485,179.73041,0.048136335,279.1057,533.3517,0.0740125,274.36392,511.1255,0.04736576,288.18402,530.5064,0.24315582
208,194.28119,597.74457,0.03510413,50.0988,599.9373,0.03900876,269.1376,535.2192,0.08410708,260.9698,546.62366,0.043434218,266.34625,522.2899,0.04290571,282.38702,518.3038,0.07156847,275.8834,535.7921,0.23684752,481.087,483.97354,0.0422009,287.3997,529.5649,0.07089585,291.7948,543.2011,0.052496832,272.15836,533.68304,0.26713622
209,36.428158,598.09436,0.025445767,49.573772,591.02386,0.045560718,211.70827,512.5257,0.0808765,226.7155,515.8045,0.04858864,337.9638,197.31279,0.028651176,315.28778,504.8505,0.03939224,489.91208,473.27884,0.10092892,337.59518,197.38243,0.070854254,338.3975,193.93953,0.081132546,343.9805,196.44667,0.039717775,239.86325,357.10507,0.3023998
210,36.356903,597.99915,0.027140236,49.460564,591.20624,0.031262863,226.1882,512.6603,0.06999014,211.98178,515.70416,0.041334607,207.68494,314.6491,0.03516965,236.37505,502.94763,0.040714476,231.90802,504.03088,0.09655026,207.41429,324.03372,0.056040116,5.292029,586.39856,0.0942087,224.86868,511.6466,0.035644975,241.6376,521.9227,0.12652887
211,177.98524,597.01135,0.030919446,240.04385,516.36,0.053935777,226.08937,497.4809,0.073708594,148.07881,546.387,0.03883958,563.69025,18.96082,0.045502085,237.54024,487.42905,0.06657805,233.5339,503.83865,0.19012573,212.41814,513.5975,0.042154,232.06964,503.51324,0.10551281,225.4212,508.9161,0.03665764,162.18144,531.3843,0.16328014
212,36.238483,598.243,0.020034306,146.56003,598.28204,0.026752362,161.09898,544.61615,0.06989884,147.96739,547.3383,0.052345857,563.4544,19.431898,0.026259298,157.22787,513.1848,0.047002964,157.01396,535.3361,0.11316579,170.49765,605.5597,0.048280463,5.879547,586.33655,0.06870232,21.416733,606.8697,0.034137826,162.73198,534.00793,0.16519646
213,289.6714,597.4581,0.02932408,160.74896,534.0271,0.03309831,211.06433,527.52844,0.0659504,147.76668,546.53534,0.050462086,208.99763,380.07867,0.026785947,156.99315,517.88525,0.059901744,154.73645,527.6563,0.15738213,151.64778,523.84314,0.049385563,156.33934,536.6095,0.07303013,328.16202,412.35092,0.036427844,161.56854,532.4512,0.18369359
214,289.35684,597.49567,0.021450754,146.2375,613.6531,0.024587091,226.90283,528.08527,0.058090385,131.45476,579.773,0.04118311,367.5655,443.1405,0.028650258,100.23341,612.80804,0.035007887,222.43863,520.7526,0.042945318,307.53308,614.3524,0.04072339,5.5057154,586.4606,0.07105687,248.72527,285.2927,0.032126017,255.20023,280.33414,0.14357413
215,194.24767,597.31976,0.020180326,160.43576,531.7247,0.02893856,257.8947,512.5014,0.06571861,243.19858,515.5043,0.04712575,240.73943,316.91922,0.031076152,171.31976,517.8504,0.038546935,157.07828,519.13617,0.067060456,304.53174,597.71246,0.042500876,5.710055,586.52496,0.063858986,257.3941,497.50494,0.0308654,223.67122,342.6882,0.32001594
216,283.44836,591.0539,0.015769983,50.48329,599.2969,0.038670797,161.63757,528.3095,0.050836533,404.12857,468.99524,0.029592765,208.68234,164.6847,0.023797695,171.45319,510.95895,0.042245697,167.61798,510.65665,0.09049732,384.06775,598.61273,0.070915796,6.4368134,586.6921,0.06658933,424.34064,480.4222,0.0313094,415.63477,466.58105,0.37729993
217,177.5374,597.5672,0.027958376,50.00058,599.82263,0.03792637,470.81384,526.75854,0.055488843,275.65457,578.76605,0.04387816,216.3148,379.3864,0.027672652,283.83435,543.68286,0.042531792,279.48123,541.52014,0.062616,466.54465,532.8724,0.052880827,5.5291896,586.6328,0.077147484,487.30606,527.3147,0.04601837,479.5416,518.9247,0.30710846
218,267.93777,545.8717,0.018717146,49.992687,599.9578,0.039711393,193.55923,545.5602,0.060295645,180.01468,578.9137,0.04492085,191.87782,569.66876,0.035082974,284.59256,527.18475,0.054060627,280.15085,550.0635,0.11274325,225.47403,389.27762,0.04767172,5.396476,586.5883,0.07212356,232.63997,381.43073,0.03396165,239.0043,377.5609,0.18198282
219,594.3578,598.6378,0.01679727,382.50696,484.5956,0.03386726,368.59146,465.5635,0.053689983,274.97153,578.77435,0.045865055,374.59067,458.33994,0.030336432,299.6059,511.80737,0.040035553,383.58698,472.51825,0.091044255,302.54648,598.87585,0.0464734,5.221115,586.6452,0.07786044,304.97433,598.9831,0.039904453,381.73135,470.38663,0.3295337
220,242.40959,596.855,0.023550868,383.2582,484.38123,0.037734486,177.0187,529.55615,0.053614296,275.76886,548.368,0.04298572,374.94006,458.92474,0.025173146,292.58954,501.90628,0.051325493,293.09473,511.44876,0.09425592,384.08752,484.29782,0.04745648,194.69302,506.13882,0.07584709,403.6399,483.48895,0.035580046,384.40042,470.57187,0.23950763
221,242.30147,596.5609,0.02058894,177.7645,516.85565,0.029657569,258.54422,513.40717,0.06779217,147.90245,515.35724,0.046396635,563.60504,19.38366,0.031668387,269.77975,502.97025,0.07551127,267.79382,520.0999,0.23023996,260.97607,528.67474,0.052671082,270.15955,520.13806,0.10206017,360.00195,444.5628,0.02672648,179.18568,523.2915,0.12026265
222,273.87225,596.922,0.016534816,177.17667,517.10876,0.039232623,243.98114,512.8818,0.08041818,148.31589,531.63086,0.04402553,530.9558,84.092674,0.028590057,260.9141,502.4605,0.068395264,261.12357,519.5814,0.13808344,154.66658,605.4277,0.046318345,261.179,506.15637,0.07361724,195.81009,514.3163,0.027694823,476.22467,471.39185,0.15312761
223,194.37401,597.3541,0.03660123,257.76273,516.7798,0.036624588,241.55908,513.1781,0.079006135,229.18767,531.36554,0.03279207,561.9693,132.00171,0.02525624,253.6165,497.75693,0.050779447,248.23018,520.818,0.17788123,329.88507,605.30054,0.038870115,246.85591,506.37952,0.071167074,258.72913,526.2349,0.043328296,255.4809,519.40485,0.27225477
224,194.12831,597.9126,0.036572453,258.47543,517.3718,0.042953,226.79808,513.2641,0.07154598,228.38792,531.17004,0.040741634,210.79883,594.2183,0.027969174,246.59357,500.6841,0.069271415,246.65253,521.03503,0.24090892,330.11594,605.5007,0.05260516,246.80472,504.5976,0.10670227,259.2029,526.633,0.0380797,241.89706,514.9024,0.18696178
225,194.14381,597.8874,0.021876507,258.34543,517.22534,0.04456393,226.62717,513.8701,0.077497266,210.75961,516.40515,0.03966448,144.97696,539.2452,0.024872039,245.56606,501.0046,0.048050534,247.3326,520.12634,0.20143472,234.87013,605.04834,0.051795006,245.53986,505.61313,0.09027323,258.6703,526.73114,0.04157327,336.4673,408.34723,0.19255997
226,177.89433,597.0845,0.024542902,208.03622,340.67078,0.03975036,214.89449,350.68414,0.05951181,193.98262,499.80576,0.034163292,562.08215,115.64547,0.037547965,285.96097,512.0034,0.048226338,286.16806,520.78925,0.092555515,290.39453,605.8456,0.047000326,292.06622,521.2192,0.08645086,194.19098,497.40323,0.02741756,223.09288,343.90427,0.21608827
227,194.04123,598.3217,0.018481072,223.34236,406.04117,0.029016087,274.416,528.86176,0.053451177,210.93736,421.0718,0.040230863,225.9789,396.04272,0.037540942,187.957,496.6814,0.031146603,188.5786,504.64636,0.047787145,240.91595,423.60663,0.040588386,5.463514,586.5837,0.07096847,209.00972,513.83057,0.03227571,237.63539,402.5614,0.34753805
228,35.845577,598.7733,0.022838403,241.25626,516.43567,0.038755845,226.48851,513.36896,0.07928059,227.64273,530.50867,0.033529315,130.65805,317.08255,0.027158612,237.54585,497.81274,0.056673147,234.87817,520.4589,0.24898314,145.25768,342.94095,0.049651243,5.3181067,586.5856,0.13426255,21.664244,607.4377,0.0445523,142.81587,320.21637,0.4097448
229,257.9787,596.6914,0.031429663,50.355858,599.7784,0.036650196,177.54964,512.77045,0.062346764,163.43855,516.09814,0.04060627,546.55634,116.36007,0.03054122,187.53856,518.7893,0.042874347,183.33002,510.48978,0.097313955,415.84286,598.3737,0.06592477,5.3499765,586.64514,0.085898206,320.31757,598.66254,0.037920862,365.05026,112.83355,0.28959027
230,242.64284,597.0927,0.022062548,290.0274,604.95465,0.037623953,306.94724,613.34705,0.061880074,163.40404,516.0613,0.046798974,546.1236,116.7013,0.03350335,187.22124,518.23785,0.061949104,183.62541,525.69147,0.102613896,416.25253,599.11584,0.061781265,5.2754707,586.6712,0.07779063,320.80655,597.9104,0.044722237,195.1868,539.5143,0.14800386
231,258.47937,595.2471,0.055293817,273.39984,603.971,0.06053171,274.4067,513.45465,0.06762604,163.36533,516.1561,0.044682655,251.99355,595.37665,0.034566894,186.83304,518.15576,0.06445753,183.2775,525.55316,0.10841843,416.9998,598.6169,0.05288469,291.49506,505.41074,0.08585028,329.88943,380.88922,0.0460696,195.30727,539.26044,0.16052642
232,258.42282,596.0823,0.045422975,272.4614,372.80917,0.036806803,178.05013,512.5387,0.057171963,193.79147,516.23987,0.0352413,386.65195,595.5815,0.027404223,188.49632,527.4752,0.042926285,268.98837,359.7037,0.06683136,416.72644,598.74036,0.052678373,291.57547,505.34122,0.085434854,201.33122,332.46542,0.042646673,194.14996,326.7376,0.21695623
233,242.15536,597.5784,0.031010332,289.74704,598.25,0.036386635,193.69374,529.16003,0.073923014,179.99243,547.9512,0.041541923,280.0643,395.35883,0.02809388,189.68211,512.1673,0.054821167,189.8055,535.2028,0.11097634,416.74268,598.6268,0.046206,296.718,397.09177,0.08285388,312.15665,400.8973,0.043420505,303.78638,390.9791,0.24540439
234,242.2229,597.6684,0.025155928,384.46158,485.91522,0.028186318,193.57324,528.8068,0.058888692,180.04242,532.6269,0.030788908,360.95184,475.19482,0.024745585,188.56494,511.99954,0.053907774,188.36661,535.34955,0.09639878,382.12527,484.45068,0.04340817,5.1369085,586.5691,0.08563007,88.83701,486.1283,0.045380164,79.01035,472.6994,0.3326762
235,594.3198,598.2584,0.019330682,355.7595,597.8096,0.023731224,177.90164,529.0929,0.058777947,163.69713,516.098,0.029420234,50.12615,20.165426,0.026756193,187.81293,512.1278,0.055319,183.36461,525.3888,0.08782062,414.70078,599.1334,0.04649518,169.4878,450.12872,0.07184968,63.63798,38.89616,0.03244641,194.44577,523.71075,0.13199389
236,257.92227,597.21295,0.0347655,143.30971,132.48323,0.04520586,193.58353,513.1658,0.061271805,259.58594,579.6277,0.035825107,180.42642,83.46164,0.043081827,188.3984,511.65735,0.046779506,188.84108,503.9825,0.064916976,466.18066,323.98328,0.04862044,5.326907,586.5811,0.07669343,344.78632,397.22534,0.0356735,155.29108,125.9437,0.26551396
237,35.508938,598.43225,0.014410586,274.19742,613.3691,0.023176918,193.53001,545.28674,0.06197805,194.14027,532.2464,0.038829025,563.8681,19.349731,0.030799437,300.6202,514.07605,0.04815127,301.62112,536.5488,0.15607458,400.37085,598.6859,0.048261836,5.0993032,586.5484,0.083327666,345.52847,412.0282,0.040574834,80.363174,490.8381,0.14290066
238,35.527763,598.30664,0.01536096,287.7872,516.8251,0.025171624,210.0547,512.50336,0.05954451,275.25323,531.5068,0.04282812,563.8716,19.335571,0.033425044,284.6434,503.75293,0.055713836,284.28848,520.3254,0.094425716,416.21964,598.93677,0.047529034,5.452641,586.64923,0.080312036,226.4637,496.20932,0.024190657,76.686905,487.279,0.2836594
239,35.75809,598.71454,0.018873125,482.84158,37.593655,0.03037357,279.564,514.421,0.07239859,211.22725,531.95044,0.042451646,482.24518,36.934704,0.033429075,319.6844,517.607,0.048403207,326.02115,525.83167,0.1090072,275.2986,514.28217,0.03895462,280.7033,496.80316,0.08601084,21.677666,607.25305,0.031403583,324.7497,529.81384,0.19215105
240,35.972813,598.66425,0.02172918,369.23682,484.3444,0.028781837,242.35863,511.92798,0.05691066,273.52982,532.0637,0.03525203,82.02179,596.59906,0.022779549,252.04694,496.6026,0.03695157,252.15697,504.25357,0.08112911,144.62262,598.4039,0.043122813,5.561893,586.7565,0.10580212,21.382885,606.79706,0.040194523,126.92745,309.33615,0.14109015
241,594.4734,598.7782,0.021243567,50.135616,599.81287,0.038680766,210.0763,512.8525,0.066943265,195.29382,531.6309,0.03488205,482.9041,36.183384,0.029206391,205.98187,497.3533,0.054052792,205.10555,519.517,0.12543878,200.17136,522.0921,0.044772334,280.90826,511.72217,0.104880095,233.95424,414.48083,0.033708055,301.20023,387.69662,0.21970987
242,288.2347,498.0006,0.016747236,176.1979,373.99188,0.04204806,257.78384,513.26276,0.058135252,243.38843,532.16125,0.038236685,264.14175,490.07068,0.041619938,190.24834,381.11758,0.086300485,271.2908,504.15344,0.1653309,266.6113,492.61942,0.064858794,280.85623,509.25137,0.11655624,361.33432,381.26617,0.05169129,175.03598,367.02267,0.3018658
243,288.34137,514.4981,0.015869642,50.862995,599.07153,0.030921398,241.99591,92.46751,0.05204833,259.07632,516.6834,0.0337993,263.7543,490.7459,0.037786003,269.55115,510.20926,0.057259776,269.99905,502.54364,0.09649296,321.72495,133.86841,0.043523036,279.4305,511.67252,0.100658834,361.31033,381.07318,0.052022804,250.60268,85.251236,0.43799672
244,288.23267,497.52884,0.03354983,286.7121,390.3422,0.05940378,243.36902,545.17554,0.075134546,244.00188,516.0534,0.040390197,263.3423,489.34818,0.057616733,271.16968,485.44113,0.09510877,269.4563,497.60626,0.21403216,265.87158,492.79233,0.08456315,280.7277,493.89,0.1277284,395.17136,475.4433,0.0427945,299.50183,383.42273,0.35591924
245,35.61414,598.514,0.017572926,595.405,583.20996,0.022428565,258.41214,512.2388,0.05524909,273.76196,499.79874,0.031683266,530.4873,372.2547,0.036412906,268.19666,517.924,0.056097325,267.98514,519.6646,0.076674156,480.5852,500.65036,0.060399525,5.4704638,586.4852,0.104680315,472.4868,490.5067,0.036069088,495.9428,488.79132,0.21908787
246,531.4167,180.33365,0.016183559,50.4679,599.29956,0.026724212,258.598,512.5981,0.052036017,210.90025,516.2404,0.026827637,548.2749,180.65416,0.046626065,268.70587,488.50922,0.028646978,269.12262,504.5149,0.05166162,479.98932,499.72845,0.042088047,5.1261683,586.4862,0.08932149,232.88809,363.4353,0.03357428,397.03622,258.31433,0.17078796
247,594.57526,598.3949,0.016287593,240.02563,373.0543,0.030303165,589.85614,584.7524,0.052503895,274.6648,531.964,0.028034065,548.3226,452.73843,0.041791163,243.19241,352.20154,0.05212546,234.0731,353.7637,0.08650874,321.0995,597.37463,0.04719449,5.287746,586.50116,0.07342734,250.16199,371.5552,0.04416219,239.07657,358.70547,0.32339483
248,594.36707,598.6986,0.021249909,210.88345,598.29266,0.021556584,230.65219,367.02814,0.052993167,274.57043,515.99927,0.032511026,563.80756,18.998976,0.037923187,572.0741,28.400188,0.054094475,269.0006,521.2067,0.05855994,241.20883,372.3988,0.04649363,313.12396,495.7415,0.08438136,249.85779,371.50803,0.044435572,240.38298,360.25674,0.2442826
249,498.89386,53.058167,0.031247104,305.93845,357.16714,0.026050413,209.6276,544.9198,0.051386967,179.55406,530.897,0.04300402,498.85663,51.92107,0.02806499,196.30458,504.13882,0.04492646,198.25703,521.1619,0.11768427,400.64352,278.00848,0.04784242,583.4757,587.075,0.08835651,312.36444,366.60748,0.038702097,413.09525,273.28928,0.22748996
250,499.18146,52.83687,0.023018602,50.32539,599.55414,0.020066908,273.54724,544.84985,0.061322402,273.47543,531.81757,0.04082874,547.2809,116.59719,0.03504072,268.37885,535.0941,0.029249253,268.42905,536.5325,0.082313515,466.1625,276.8435,0.055260267,5.173888,586.61365,0.07636273,471.75757,275.07898,0.03920654,478.1535,262.99646,0.31972
251,514.7674,68.30637,0.025099594,50.305992,599.66766,0.020930717,272.94113,447.95206,0.048205696,274.3883,532.04,0.035712928,546.7278,116.45374,0.032628074,359.90802,481.02048,0.048325848,359.15097,487.86407,0.096348196,353.2524,483.76245,0.049202748,358.0536,478.6472,0.109016106,370.8025,495.13934,0.037822355,366.44858,472.96805,0.40750304
252,242.5903,597.61914,0.016379423,224.17708,514.1244,0.026515234,225.65015,511.10452,0.07568399,317.82455,133.61963,0.033846557,547.2583,36.70499,0.040920176,251.66083,456.11713,0.029164203,222.16924,506.10406,0.08011518,282.63882,605.3928,0.047357447,5.391016,586.5235,0.07948101,224.43964,509.42307,0.03874993,317.29172,125.88186,0.32972413
253,35.70911,598.66327,0.01850315,241.48454,438.26166,0.07295599,226.65916,434.58194,0.077437714,237.35393,436.97495,0.03359312,563.71106,19.086939,0.0375863,251.2755,442.6969,0.052895762,217.98413,344.9987,0.06146985,384.40167,598.6357,0.049720872,4.9439116,586.4189,0.09171279,249.05383,449.5547,0.04052872,230.28024,430.3979,0.44451976
254,35.717007,598.61835,0.019812953,482.94965,38.171616,0.024397071,589.8026,585.24976,0.045406565,99.499374,444.69705,0.038064107,112.105835,443.69766,0.04150509,572.2678,28.117636,0.029107712,114.984924,448.71286,0.03401319,399.96173,598.6777,0.052737094,582.9806,586.8237,0.08953139,104.63967,475.96198,0.0346615,129.33827,457.54523,0.17808379
255,35.526306,598.5728,0.017348913,290.56277,598.8892,0.02277911,590.04663,584.90497,0.044427533,259.11435,516.2314,0.0266814,563.8055,19.373102,0.03029762,572.2664,28.24875,0.031452954,120.30193,392.90295,0.08551913,399.92746,598.9934,0.0646467,4.9800453,586.4321,0.094840735,376.56992,414.09668,0.03133309,128.17477,393.42462,0.21567036
256,594.3742,598.0535,0.014199224,306.72244,406.08255,0.081948325,307.19946,419.44827,0.06835529,305.1586,391.0086,0.029237794,560.8553,116.166985,0.032043044,317.05682,413.11337,0.052909862,118.85905,375.68527,0.061721023,127.57088,150.61357,0.07062295,5.088951,586.5608,0.09163167,418.73657,515.38617,0.034265235,293.6548,398.65646,0.5727956
257,515.4313,83.85911,0.017899452,50.30766,599.4403,0.027684635,547.54895,110.59672,0.048088595,532.11255,117.13446,0.027523708,544.88086,100.29263,0.04977008,118.44023,147.18022,0.028956035,364.66083,432.85666,0.038735442,128.52576,149.76141,0.05747381,5.2784543,586.5594,0.08541879,249.01935,349.45123,0.0320145,124.79928,134.46378,0.23596545
258,35.792545,598.214,0.019714871,258.85947,598.75,0.024952382,590.899,584.4968,0.04302261,259.0312,515.8428,0.02759288,353.77908,165.04985,0.031836107,268.63232,503.29916,0.032941706,268.81714,504.17444,0.041505247,345.7311,605.4812,0.046006165,5.333344,586.4828,0.08870576,21.480196,607.16486,0.029524514,401.31607,474.33865,0.17796427
259,515.53577,83.98977,0.022819981,483.14246,37.26717,0.03288626,193.64957,414.97064,0.046830785,274.53494,420.77786,0.028241917,399.781,356.99762,0.030140124,404.03714,370.95438,0.031116363,408.94116,362.5655,0.050475504,399.47772,357.87283,0.067366436,5.2106996,586.4913,0.088878274,121.742,380.75928,0.032499816,407.09097,350.6821,0.22981721
260,594.45953,598.6558,0.019260991,192.40602,372.8837,0.022856984,258.1538,528.10297,0.0589954,258.50443,531.8549,0.027437316,530.62616,84.26396,0.027038183,268.35764,519.27875,0.030258631,253.73926,520.98755,0.06862552,193.21176,373.4728,0.05504798,583.6317,586.83075,0.08049251,201.79118,371.29593,0.03997368,207.31131,360.55096,0.27547452
261,594.4625,598.14575,0.024757901,258.66888,598.3627,0.019362167,242.28938,527.8771,0.056399297,242.92847,531.9336,0.028559957,530.5753,84.9883,0.03563278,252.60815,519.30975,0.032772165,252.79059,520.8113,0.07178781,111.595726,452.06006,0.04530818,5.2315135,586.46344,0.07004301,119.58964,462.39993,0.032151386,207.06685,360.631,0.21540242
262,594.58,598.267,0.027705628,242.85045,598.10645,0.019251434,242.22292,527.91205,0.058940776,242.93623,531.96313,0.03348572,465.42285,317.01254,0.026215576,572.00977,28.154533,0.042276766,253.00156,520.89575,0.07154448,111.401695,452.35806,0.040443584,4.8936343,586.5249,0.08487866,590.40967,596.5232,0.033086054,475.8112,311.4702,0.2153959
263,515.32416,83.403465,0.018417966,594.6698,22.611341,0.019116173,183.64014,321.87946,0.05293085,258.23184,531.7967,0.029269824,114.20907,116.32972,0.031887718,572.1116,28.299665,0.04296672,253.42516,521.0263,0.06270323,274.14584,103.12549,0.057492316,5.337147,586.63824,0.07246434,263.29474,334.31906,0.039063156,285.98752,87.41025,0.21593973
264,36.373974,597.8269,0.029052775,50.881676,599.1197,0.036879197,256.95242,520.07245,0.04855507,241.99869,404.1849,0.03910799,247.61513,395.61868,0.03011348,377.2398,489.36282,0.035787046,268.09998,520.4321,0.07579517,255.76955,229.42488,0.05455068,5.165232,586.3557,0.0991198,21.411366,606.97186,0.035321664,303.8897,451.2299,0.27618867
265,594.8395,598.546,0.015339614,274.687,598.33685,0.019909794,590.91705,584.70514,0.03451638,162.53368,452.1748,0.024242498,563.4274,19.25035,0.039745152,571.65607,28.188374,0.028258001,185.37538,442.94174,0.0767234,314.27347,605.5173,0.045706946,186.27332,444.488,0.07433037,456.01602,268.03488,0.035992734,189.56175,439.4055,0.2888356
266,35.40415,598.7748,0.0121137565,595.5267,583.00494,0.019953242,590.62335,584.62744,0.04204205,178.42004,532.1492,0.024572678,482.94937,36.559906,0.028010769,564.5137,434.6892,0.023033137,139.82413,328.56262,0.0316126,314.39087,605.1907,0.044192113,5.0069966,586.68414,0.09057833,136.46156,332.37436,0.04208198,575.4565,426.69046,0.1380521
267,594.5626,598.0636,0.014717163,399.92114,518.5402,0.029034954,390.04742,513.36993,0.043998737,369.94882,500.84567,0.025570873,482.88123,36.94742,0.035005167,403.49124,511.66028,0.03014955,382.35535,497.45468,0.06463518,314.26135,605.31616,0.047733463,392.31274,496.47797,0.092324935,411.38168,516.4889,0.036797445,402.70523,505.08362,0.19166377
268,515.207,84.17445,0.027556954,307.09454,597.9349,0.019730154,590.91534,584.33136,0.040285885,472.50098,467.64026,0.02486536,351.74155,394.9038,0.026299171,468.89276,466.28268,0.031226719,362.43814,408.89053,0.054415815,145.79512,324.07788,0.03681156,5.2268667,586.64154,0.07015747,394.02032,508.36975,0.036050424,479.94754,456.1971,0.18060832
269,35.476685,598.4331,0.016606987,305.96704,598.9108,0.03692905,207.44461,536.30054,0.063381664,196.22633,531.9862,0.047200825,201.93315,523.065,0.026781658,219.90955,504.48145,0.05833768,217.25998,526.9781,0.16923228,480.4997,340.29498,0.04123833,220.2003,522.10645,0.07143374,409.5595,540.99786,0.035211734,417.0832,537.8537,0.13373265
270,36.584,598.70734,0.022936493,305.04892,605.43335,0.048134502,326.95667,431.5667,0.05198335,226.77545,531.8437,0.038796064,563.8782,19.183378,0.035493664,572.284,28.31252,0.03081004,205.49257,520.6207,0.04022993,398.80096,475.34763,0.039281923,5.565682,586.6541,0.088149495,20.841572,605.9574,0.04116843,335.5958,424.82736,0.19461924
271,515.36993,100.22348,0.016877461,50.138287,599.4582,0.025914213,258.38394,529.34607,0.078120254,244.29977,532.2442,0.03374029,130.69553,131.85649,0.033442803,269.30203,514.06177,0.053491257,264.69925,534.5735,0.15421768,265.07462,524.8232,0.04657228,275.60687,522.53815,0.06691956,264.481,364.26627,0.029066652,124.886055,129.15231,0.16634363
272,594.669,39.369408,0.014773165,50.085712,599.79443,0.047906283,210.30438,528.0808,0.041124802,370.13425,484.7353,0.028314373,563.559,18.744104,0.044795338,572.56287,28.4964,0.047398113,221.14064,519.87164,0.045660455,399.75305,599.0481,0.0565102,392.22632,478.7427,0.058750905,263.6492,334.1174,0.038824774,400.70346,472.10522,0.25599104
273,35.823845,598.3461,0.017716277,50.34677,599.7315,0.027954014,242.24344,512.025,0.046199728,242.3997,532.09906,0.04130855,208.97505,363.63553,0.031954773,237.11375,497.3223,0.025861548,252.90807,520.14044,0.041691944,72.532425,606.0159,0.042616617,5.932687,586.63544,0.05329118,327.57483,396.90866,0.03701565,224.09085,360.61865,0.13537776
274,594.3498,598.22125,0.017598879,244.22249,437.44165,0.063303374,226.92554,451.94867,0.09359254,242.54495,579.80817,0.03261808,216.83188,426.99796,0.040208317,237.87953,445.10193,0.07709184,204.81755,521.21924,0.07249153,72.42003,605.8157,0.043672103,212.143,423.75504,0.06264548,233.30478,447.3704,0.05174147,221.81949,430.66125,0.53791744
275,594.358,598.1326,0.02402019,35.064323,582.69855,0.021287417,224.38841,550.70856,0.081155956,228.59851,561.08374,0.06042961,226.05708,556.2838,0.047413707,243.4436,533.9893,0.1015695,233.68031,552.93085,0.28168356,384.33972,599.1295,0.05816161,235.68388,545.8021,0.078381464,241.48859,529.0291,0.043160107,237.491,548.48834,0.2614117
276,146.35548,53.3614,0.021117814,226.54161,420.8387,0.024919042,241.92554,512.60785,0.049921636,256.69254,515.6994,0.03377249,344.20676,491.4913,0.02880151,171.86993,465.24258,0.0353532,363.1651,504.08783,0.082225814,354.82275,516.0404,0.04611851,5.208221,586.7977,0.10819602,361.4181,513.9455,0.03861631,368.84247,504.59775,0.2079988
277,36.139076,598.3038,0.019968925,50.01803,600.1588,0.04346226,257.29636,529.11694,0.058972407,243.81226,515.25134,0.04283239,241.03128,507.12897,0.030231474,252.09843,488.22968,0.058347087,252.54222,505.50024,0.11886024,401.00766,598.2662,0.045002528,259.9132,504.29663,0.07563208,361.13718,411.92795,0.036435954,142.81169,359.8961,0.14688626
278,36.056076,598.38,0.018156609,274.76736,580.2907,0.026150228,357.74872,402.05612,0.043973677,274.02765,532.3655,0.028690672,401.64236,595.67,0.032829132,372.61548,415.36826,0.04058291,362.61926,392.84723,0.06918958,400.42743,598.38885,0.062098052,360.84857,399.76154,0.08037127,361.73703,410.4589,0.043904833,156.70714,102.75317,0.2151701
279,36.205673,598.5954,0.022109065,49.389027,591.1132,0.03349872,210.53203,528.1262,0.05426269,258.22922,516.089,0.028151397,530.4865,84.294785,0.029647429,357.28,399.1083,0.04175598,253.23898,521.0984,0.03436091,400.3283,598.17017,0.0552228,5.521845,586.64246,0.07595412,361.54892,412.37357,0.041535515,160.79767,295.38345,0.20581718
280,35.772068,598.466,0.018359479,257.1342,501.4393,0.025618432,240.04166,504.29214,0.058045767,243.28044,514.96075,0.043059822,376.41718,507.11252,0.027935904,187.68794,442.21942,0.04140151,251.28806,504.06573,0.10664328,385.10272,515.827,0.050512448,5.61976,586.42725,0.070846476,361.50555,382.8731,0.041194495,400.44272,506.5341,0.17894235
281,36.078297,598.0745,0.02093036,49.74653,599.9808,0.04987015,194.40407,528.30646,0.04828503,242.66803,515.685,0.034013107,114.44451,148.52982,0.022563677,315.63577,504.44794,0.049166374,314.87988,520.44244,0.08564067,361.89026,605.5228,0.050228324,5.758165,586.57214,0.07851939,376.5068,427.85605,0.041424375,367.50507,377.71588,0.17527777
282,36.241306,598.30066,0.026810588,49.071068,591.2054,0.03803003,210.07771,528.38324,0.07217589,194.57718,516.2317,0.041931506,360.04776,427.24753,0.024726553,220.53082,487.43713,0.050228044,189.78793,519.53345,0.06728524,184.7197,523.0426,0.04235518,5.8362675,586.5935,0.07211377,377.13065,429.39194,0.036666766,254.59949,119.44027,0.16176029
283,36.207508,598.38513,0.02337483,193.12236,515.2443,0.039525,209.74817,529.5976,0.08235083,195.8084,532.1777,0.036774695,81.51774,596.49786,0.024526602,220.85924,510.92163,0.06760874,216.352,518.9376,0.21489447,201.36726,538.0509,0.042714708,215.26811,519.20557,0.08698085,210.10202,511.2691,0.04160136,336.76947,376.5922,0.16929615
284,257.72934,597.20154,0.03506567,49.012398,591.0759,0.039622005,216.24693,513.5856,0.06595275,179.33727,499.95157,0.03876591,290.63248,148.96204,0.039345693,283.01038,511.85385,0.06370347,279.14062,519.08484,0.17384012,465.04242,294.43246,0.059984844,289.16437,521.2253,0.071638554,291.9112,527.294,0.037350338,461.93484,278.25854,0.36294186
285,257.87332,597.1517,0.018308155,49.81307,599.67773,0.030370407,263.99918,529.7211,0.05173572,227.15274,516.28253,0.029228596,240.48518,522.9281,0.031671803,282.90628,527.6364,0.05498762,189.14337,503.28293,0.06819402,401.49844,198.6107,0.05135902,258.89984,506.06488,0.07864713,391.87515,186.53587,0.03076912,397.85,182.13101,0.27587226
286,5.3424726,510.83798,0.07504289,2.8198557,498.3714,0.06365707,2.427184,481.82977,0.2130484,4.770764,511.79816,0.18255967,1.1496115,445.02908,0.1605312,7.2873864,514.8537,0.13906296,1.7203207,513.406,0.12021124,-2.1155062,450.5062,0.08886531,4.454312,447.85168,0.09196449,10.268414,512.72534,0.08026019,8.457648,495.61407,0.31551743
287,5.3616395,410.902,0.17942922,3.3088675,415.48553,0.13097519,1.1067581,434.94928,0.19572157,5.336601,405.77982,0.1067529,7.0256023,408.72626,0.13524593,8.706287,457.84103,0.145533,6.255518,446.69897,0.1419932,2.9466133,429.8261,0.12736732,12.319307,509.7815,0.12442528,8.030382,497.33514,0.12370013,5.3502674,499.8354,0.23615913
288,7.937165,407.8633,0.27305266,5.370181,413.70685,0.16887876,8.827013,427.28616,0.39081976,1.7376766,110.58265,0.081447646,15.17834,433.0894,0.12847519,18.137625,451.58218,0.16554236,2.4840121,131.98738,0.09972413,10.089277,421.73544,0.32022426,18.747543,499.30563,0.1590153,4.440033,430.85,0.18447356,-0.008469582,443.8063,0.28084162
289,9.486007,320.65234,0.19036749,6.1837287,412.74615,0.1454774,7.470041,326.61426,0.5145468,16.087898,422.92624,0.20127882,16.69188,430.1539,0.13136013,13.114669,251.51505,0.14295104,21.583319,363.05606,0.06355659,2.3663588,132.13763,0.2934177,21.337809,487.7134,0.15847689,22.216436,472.38837,0.13177282,6.844917,442.97565,0.3139024
290,8.466758,317.22263,0.24618782,5.4337554,329.52106,0.20683815,5.086422,313.90094,0.5404994,14.593074,107.84436,0.16745187,18.228497,114.65801,0.09317014,32.614464,514.55426,0.15154561,5.8127766,134.53264,0.06962618,13.085705,136.36115,0.56687486,32.5402,500.5851,0.21114007,3.6498065,144.78758,0.21077552,-3.1208572,236.45699,0.29431778
291,15.86431,129.97673,0.24664403,12.632263,410.76154,0.21290511,31.82694,479.4567,0.46693766,23.894695,437.86905,0.18026064,24.005713,347.5928,0.13082565,18.60005,128.45659,0.1933171,34.375637,448.71973,0.08196018,17.759659,133.85558,0.7321223,38.340626,501.628,0.25925806,2.1416714,142.64423,0.22651608,7.110697,327.21924,0.28283536
292,28.71308,403.7153,0.20753431,25.932693,410.29745,0.22988136,21.17675,314.32587,0.41750905,20.65773,340.68164,0.17042452,28.126469,349.53644,0.094033524,23.900146,128.83441,0.15641998,41.33561,443.75186,0.063939005,21.83847,132.98935,0.46447143,41.743626,499.4657,0.17331095,3.3209338,131.52194,0.15092915,11.372493,511.67596,0.27198315
293,31.731388,132.37549,0.26003593,24.995188,410.67416,0.23291458,31.339823,219.4661,0.3244098,34.811924,340.0305,0.15173729,34.72787,114.9846,0.10596306,52.767204,508.22363,0.14652815,21.353365,133.97253,0.07499334,31.131046,133.64728,0.5598886,51.25298,499.79825,0.21407317,13.285961,135.37068,0.19536944,13.21908,511.34436,0.23600312
294,28.583338,122.63647,0.20513059,15.161999,313.22507,0.23576514,31.740723,317.10092,0.40775743,35.30757,340.17102,0.1374552,23.022215,503.17023,0.09359227,55.29816,509.99188,0.2156244,51.948036,509.70688,0.067725934,34.915565,131.89317,0.43846554,57.069157,503.97964,0.19376916,17.85596,135.39134,0.23845936,60.473244,511.5956,0.1586199
295,46.039955,133.93752,0.22469027,45.73931,144.20392,0.20398758,38.659,320.5122,0.32259598,43.845905,338.366,0.1136445,6.287528,277.8046,0.08246686,59.919533,512.4107,0.123705864,35.766106,129.66862,0.08502922,45.35486,135.19626,0.52203363,53.09658,115.37281,0.18462808,38.537247,141.26152,0.15432844,3.228384,369.7988,0.14263639
296,11.549741,369.2505,0.1746945,22.05227,368.40396,0.18259469,10.951329,360.3497,0.24350311,13.255747,193.81912,0.1250751,53.924873,132.20897,0.117683336,69.91115,508.20035,0.14840451,64.03308,522.6958,0.05542429,49.87921,134.04048,0.38742006,66.36621,498.84598,0.16374135,38.140705,137.4412,0.19254546,-0.9035959,380.25308,0.28996226
297,63.34975,134.67113,0.18957092,33.26424,312.75412,0.20348777,7.034803,463.03726,0.39381018,17.485298,482.6062,0.11739443,21.146679,296.9532,0.12548,74.199455,510.2121,0.10074072,49.619198,130.20851,0.062167954,59.428753,135.36803,0.3801852,67.13331,116.46006,0.16237244,33.982628,141.1243,0.10965908,3.5605106,477.31686,0.28638268
298,64.00628,133.241,0.20584342,21.047367,280.77313,0.177145,12.517623,270.99884,0.3281382,31.329208,482.78687,0.10909284,51.34086,116.88237,0.097869925,67.7975,128.65536,0.1044621,51.02177,130.11853,0.06792037,65.16559,135.73882,0.42330807,79.483925,499.10864,0.14445789,57.40039,135.26532,0.13814978,4.9537425,185.98347,0.15210052
299,27.351086,177.7164,0.18225141,36.689987,264.16763,0.17492531,22.849705,464.40918,0.26583594,33.996544,481.8083,0.13503864,24.3061,508.29086,0.10294826,87.607475,509.6333,0.15535942,80.81441,523.2864,0.0612719,72.734634,137.4588,0.4315941,88.34941,504.39783,0.13493782,49.769608,141.07025,0.14862244,67.519424,500.11768,0.15416019
300,77.915924,133.24323,0.1990531,52.061577,310.70776,0.21781613,68.07797,320.4275,0.2564914,24.62003,485.95047,0.1301753,66.87849,115.72699,0.11646581,81.48681,127.02603,0.1087184,65.423874,131.25633,0.08502516,78.97975,136.91093,0.48824468,86.52959,117.10161,0.17972821,63.092117,140.62146,0.13190041,93.17964,105.75818,0.109908424
301,80.79142,133.76677,0.1312988,80.16318,336.02673,0.13759874,69.7788,321.98956,0.2105406,78.79937,338.47644,0.10225645,83.89158,131.69331,0.09666223,101.370705,508.9375,0.13016792,96.69784,522.7368,0.053730644,81.20589,135.24864,0.3005639,101.553604,504.33444,0.15381208,66.94296,140.88333,0.14636746,83.62895,499.11835,0.1167131
302,94.571884,134.37518,0.14336434,42.130928,488.52277,0.21192905,37.78551,467.30963,0.15423939,50.232765,481.56934,0.08393644,16.061445,424.8995,0.107749246,104.9401,510.50446,0.11372436,80.83442,131.64024,0.051796027,91.967674,136.35522,0.36296692,100.09492,117.06597,0.18292539,68.05594,454.46106,0.10192806,5.751192,337.01233,0.11321641
303,9.013668,418.39734,0.1670541,17.864458,411.14136,0.1527397,5.564375,413.43265,0.24592711,54.9409,288.6658,0.084220864,19.610697,359.178,0.11333607,70.61298,455.04822,0.079016596,88.36164,119.45588,0.052627705,96.46036,136.17628,0.34104013,103.7676,117.89412,0.12288405,90.771484,134.9697,0.10640453,2.451353,425.2815,0.2890687
304,9.952149,420.67706,0.12802316,59.116253,488.07654,0.19230077,6.353414,416.47562,0.25008833,12.584456,434.33945,0.08825778,17.842813,440.9823,0.10279365,118.213455,508.52817,0.108458154,96.305115,131.99422,0.043192595,97.67341,134.47002,0.25998044,117.89253,504.7632,0.15917295,83.87569,141.36075,0.10544238,3.296062,338.85684,0.21070859
305,19.492767,414.25613,0.16734843,57.41471,489.96518,0.16313611,10.66623,416.4151,0.2601279,13.806224,435.4598,0.10124594,19.518917,149.90227,0.090839334,52.197266,454.99503,0.083148025,97.29501,130.6034,0.06531459,110.18913,136.4379,0.33659613,117.359215,117.39131,0.1839405,97.41515,142.9791,0.09686323,4.0337577,419.43048,0.11443155
306,28.49764,420.65332,0.16026558,58.541164,489.64178,0.1472654,24.137022,417.13947,0.16237201,30.860428,433.73035,0.0773768,115.75026,132.87111,0.089650266,52.23919,456.12027,0.06820675,105.050735,118.09074,0.049805842,112.75063,135.48824,0.27023113,33.899002,258.8249,0.10618966,99.69666,140.96306,0.123687595,14.714357,348.86594,0.12108081
307,28.636988,421.42102,0.099059604,72.86502,489.7026,0.17670949,24.848326,417.70178,0.16539092,80.502075,289.60126,0.082814656,18.61032,517.1548,0.10485967,135.67413,509.2307,0.09750423,119.27078,117.62905,0.038791586,124.51087,140.10738,0.21372107,131.55222,116.77134,0.10072191,24.391735,340.1861,0.10359988,11.980911,522.99615,0.12262224
308,127.482315,134.9614,0.13369744,73.75176,490.31717,0.12616254,116.45264,321.2167,0.17835833,124.71535,337.94775,0.08355518,131.15062,133.52554,0.075409964,53.318314,468.1171,0.07716233,120.24361,118.19397,0.040743586,126.733734,135.59697,0.35760844,133.25244,118.53592,0.11274926,32.372658,348.91443,0.09371946,142.78123,107.32879,0.11262053
309,92.095215,277.05804,0.09997337,90.62559,489.15482,0.15640627,117.86424,323.11258,0.15860587,45.279133,433.84814,0.08416963,100.114815,502.9483,0.07975792,150.70749,508.11722,0.07739903,121.4524,116.53452,0.040148214,135.11778,140.44969,0.23001395,52.395275,354.47137,0.08023396,116.415436,141.23497,0.15616836,81.312706,488.5842,0.1064106
310,141.93617,134.87555,0.11842704,99.58204,386.31262,0.1408635,87.616455,178.66756,0.13603391,93.25808,192.63432,0.0821415,17.179129,486.88458,0.07276299,55.228302,356.66336,0.058482703,129.12386,131.70341,0.034875948,141.43785,136.31715,0.28960398,148.46484,117.94215,0.16171373,3.2025366,387.2374,0.097701676,4.608173,393.27466,0.15087365
311,143.5907,133.9003,0.13719754,106.126884,489.43137,0.14397609,5.984343,369.83606,0.2140335,13.809593,384.56528,0.07496289,19.278076,393.37802,0.107311115,55.264317,357.70526,0.06316044,136.70241,118.0163,0.03709471,144.62701,136.49985,0.2764812,151.69629,118.335075,0.10677463,131.69237,141.79893,0.13653289,3.7515018,385.51675,0.18612823
312,19.453976,369.72812,0.13609557,115.53272,386.4483,0.13527922,9.733692,369.9981,0.2063615,14.539904,386.07275,0.08018585,22.469864,392.81387,0.109175906,167.85168,509.13403,0.07657401,160.96915,514.57135,0.03557818,146.36697,135.40347,0.19623083,163.22896,117.181,0.13052186,51.04946,357.20056,0.09942449,5.3890834,184.49791,0.14202215
313,158.20183,134.00053,0.13670313,82.61711,315.69156,0.12937963,22.85566,369.4476,0.16606303,30.598415,385.29645,0.07911698,34.372894,393.73557,0.0747717,70.80712,357.17142,0.056605488,144.91733,131.49542,0.03503115,159.44221,136.84648,0.38527602,166.74957,117.72925,0.16025855,66.131966,350.5734,0.0999848,21.791336,397.17276,0.111697294
314,20.482468,178.24036,0.087735504,131.33372,372.53452,0.13614708,24.827482,175.4529,0.18399462,155.54587,337.2212,0.06583669,81.308784,245.23325,0.070090264,23.224562,278.35843,0.05558604,166.36856,118.16514,0.03908528,161.2179,140.3469,0.16626327,173.55624,109.22498,0.07251699,114.5567,283.81076,0.10962005,4.0100956,531.5419,0.102828875
315,170.66913,139.40979,0.10152243,130.79752,387.08197,0.123080395,119.05193,178.81369,0.12945828,123.81741,192.40778,0.06362103,83.1749,343.27893,0.06686131,37.5271,420.69656,0.05574257,177.76112,514.3232,0.0330871,173.45848,136.53848,0.23199452,180.06609,117.75122,0.13709,18.799028,404.0599,0.09392871,19.405132,395.99286,0.087768316
316,175.84154,134.36304,0.106621586,104.751175,315.1187,0.116304226,40.70719,177.3834,0.1365193,46.244984,384.00806,0.070252754,34.23127,167.73137,0.06623745,39.144753,294.04617,0.061400186,180.40703,118.84941,0.03398718,176.31793,136.80556,0.24406028,183.254,117.91018,0.083740234,164.51512,142.27902,0.11236169,21.730251,398.16336,0.106307834
317,139.69383,277.42,0.090343155,146.8392,387.67468,0.11322107,134.7203,178.46385,0.10568708,142.25229,288.2057,0.07082298,97.747765,245.7822,0.06593489,200.24872,509.13858,0.06956326,193.48015,514.86194,0.050111867,178.3553,135.42525,0.20233797,195.02425,117.56137,0.10948833,83.551956,355.93033,0.086270556,169.20609,348.2685,0.08258372
318,190.13315,134.48225,0.12030916,178.25081,146.5604,0.10114551,134.78076,179.20128,0.117944226,56.97734,174.91571,0.052450757,18.372288,230.11685,0.07572486,55.1869,294.76785,0.04812789,194.66173,514.5438,0.032598276,191.13377,137.14606,0.34078497,197.9296,117.782326,0.14843656,178.21689,142.00563,0.10349851,5.183422,235.41208,0.10716987
319,187.01617,138.31137,0.101669386,192.49837,339.54938,0.11802092,57.36769,176.29321,0.13440078,12.296878,335.39487,0.050267573,18.35746,328.76352,0.09222848,54.64058,293.852,0.06394405,209.92026,522.70135,0.037962455,193.80716,136.53113,0.22335586,18.583178,337.98956,0.08005484,180.8596,141.50618,0.11661252,180.76341,346.97717,0.09296441
320,18.543194,320.33234,0.13784184,18.930754,132.31224,0.10423663,8.527291,320.4626,0.20533559,13.478526,337.58304,0.113450125,20.538141,344.75824,0.11969246,142.47856,542.2704,0.06407464,210.33786,514.39514,0.02934834,205.88979,136.08182,0.17366263,211.96274,117.43205,0.093828045,3.436692,337.012,0.0863582,4.6079717,322.82913,0.13199948
321,207.58365,134.24797,0.108155176,40.17732,315.52,0.10743498,22.008795,321.3309,0.18550636,28.282246,337.35928,0.112923026,115.341805,246.64864,0.06579456,71.94659,294.4726,0.071138255,225.45166,522.675,0.03601612,208.78842,136.56021,0.2684064,214.57486,110.000656,0.08164315,115.189835,355.7267,0.09163737,120.78611,348.24658,0.08809009
322,170.60718,278.92136,0.07559592,178.69943,277.3963,0.109793164,23.852818,322.34796,0.13444002,29.003187,336.2093,0.07610603,84.72309,279.55234,0.060556892,70.89074,293.28302,0.055020455,215.7109,117.85416,0.028455311,210.51205,135.45967,0.18928115,227.38,117.41811,0.071798734,19.927273,452.9067,0.09314927,18.687706,346.71277,0.07486201
323,222.34557,134.11969,0.11979484,153.98717,218.81488,0.09340101,87.4494,178.54121,0.11011466,88.220055,174.63278,0.04204729,129.99239,247.38766,0.080445305,87.24122,293.99652,0.0553571,168.49329,550.48285,0.031196196,223.28413,136.90002,0.31812537,229.98605,117.02675,0.12035643,218.22969,140.95122,0.093002215,19.112236,138.34322,0.09509499
324,208.52164,128.44107,0.080085166,224.44899,340.10983,0.104546346,89.35682,177.0767,0.1268245,43.73335,335.41455,0.05954911,131.2499,247.25867,0.07693255,37.516777,453.20493,0.055013556,230.74701,117.510216,0.039080452,225.49748,136.33127,0.16904622,195.53757,307.71207,0.07443304,180.20541,284.78198,0.096619606,131.32204,338.38367,0.105454035
325,234.01285,139.47699,0.105474964,114.28699,267.73508,0.10087206,183.23454,179.03714,0.10648556,187.53221,191.53227,0.07454221,146.77925,149.9539,0.06146926,53.800087,453.65002,0.05189994,232.4375,118.03309,0.026864143,238.22757,137.49182,0.20779395,244.53235,117.29188,0.10842419,84.52633,285.41006,0.08238657,179.49657,290.23636,0.06446582
326,239.31165,134.2016,0.089945324,66.70294,324.81305,0.10018367,57.01709,130.13675,0.10188558,59.15506,335.5699,0.049848896,17.159073,390.90045,0.083034046,103.82317,295.58545,0.041853007,246.07997,117.92916,0.03513025,240.8399,137.14386,0.19682588,247.39867,116.8946,0.07091876,227.9664,149.90923,0.09630989,4.7679653,401.86285,0.08595259
327,225.24141,127.59195,0.124587126,19.29385,179.05501,0.087912,7.349339,274.2533,0.116466865,203.13716,191.2201,0.052901134,18.49136,280.6784,0.079222426,101.933105,293.07062,0.04621014,248.94922,125.22368,0.03296092,242.16772,137.03099,0.122509345,19.31235,193.39702,0.10370474,2.8477085,179.59238,0.098226815,3.608332,288.9132,0.14635509
328,233.2705,127.781555,0.117189616,18.668474,381.25443,0.11107499,8.948663,383.34607,0.1748716,14.710642,400.9058,0.08287486,161.49799,247.36882,0.08341655,118.68848,406.27475,0.04318721,250.50311,126.82472,0.029449046,255.9277,138.58035,0.21584317,262.66605,117.34725,0.081077985,2.5187936,399.83478,0.1056159,4.507465,391.4179,0.13646658
329,20.68556,276.42618,0.14236815,35.010048,179.69147,0.10982453,21.889042,275.55963,0.17015195,27.623959,399.4016,0.07285033,34.05149,185.71951,0.06641117,26.16642,198.34004,0.06339521,264.42975,125.99752,0.026649399,263.72684,141.97733,0.14893892,35.09224,194.3437,0.08430056,115.473854,286.13934,0.09395114,16.091663,192.56917,0.07553125
330,265.44467,140.9378,0.093658276,257.8037,340.3226,0.10510349,24.871727,385.74323,0.13059598,30.618233,400.20575,0.05613599,20.882751,295.94434,0.06488947,265.76205,119.46212,0.06402031,266.04916,126.95151,0.04380865,270.66165,138.7664,0.20038426,277.45282,117.996605,0.116263404,19.758537,173.14566,0.09450611,10.062801,412.8587,0.11727901
331,256.69296,133.51015,0.091913104,37.27302,178.89157,0.0818875,263.9828,338.96017,0.110156335,140.45029,399.37195,0.05170796,177.99915,246.94194,0.06187052,22.520351,518.84204,0.058582008,266.96344,126.823166,0.033713058,278.15457,142.16156,0.18047214,280.21396,118.00934,0.066598,20.213718,172.84785,0.11294674,17.790064,530.47876,0.16713831
332,170.00552,124.54093,0.12241614,177.31786,135.47813,0.107197784,231.71785,192.90117,0.11630111,233.5102,191.47264,0.05963907,21.408594,422.75674,0.06468735,230.08974,309.93588,0.054249927,280.7397,126.61771,0.028822169,280.3162,141.67645,0.17326298,243.02554,307.15875,0.074943,34.80796,533.62823,0.09043724,17.88453,546.36316,0.25536233
333,281.78253,141.05315,0.08979347,274.02234,340.07068,0.095483966,279.92834,338.7901,0.10572856,139.76962,190.73094,0.04024635,194.96472,357.78906,0.056940645,282.8691,125.389656,0.05614322,282.301,127.03326,0.037637413,287.24405,138.67267,0.18010382,293.9205,118.41792,0.104006626,35.791897,534.1008,0.09487704,19.91144,546.518,0.28179315
334,272.5194,133.49515,0.093169324,66.513435,380.30988,0.090968885,247.36069,193.53009,0.107517086,155.18329,191.24998,0.0615364,193.93181,246.87373,0.060726136,39.217598,406.5012,0.054383952,282.942,126.37783,0.02818379,289.49612,138.60843,0.1550459,66.91231,322.5602,0.06478546,36.590107,533.42975,0.10044366,22.441307,546.11163,0.19469415
335,186.01341,124.30897,0.097873375,66.16627,380.24585,0.10115304,103.95622,338.4529,0.11390236,156.8425,191.53119,0.058568705,258.91623,518.6379,0.06398784,51.967613,533.7434,0.04401565,296.94345,125.75926,0.028797684,296.19968,141.83249,0.1538313,195.32416,163.75188,0.06408749,146.95613,285.73285,0.09785867,30.052038,547.2056,0.24981734
336,273.02985,128.1899,0.10131021,273.93732,148.02957,0.081712,56.283966,386.04898,0.10775632,250.2295,191.40788,0.066135235,210.0876,342.69327,0.06359673,297.29834,118.834564,0.056436498,297.52118,126.196945,0.03966976,302.51498,138.36473,0.16098876,309.0545,117.995316,0.06358507,147.72383,286.38824,0.091215275,33.882294,545.6575,0.29897195
337,298.27512,139.66728,0.100458264,290.1988,339.99976,0.0896046,295.51947,338.8416,0.11629327,107.66394,350.68698,0.044262085,210.60295,150.80257,0.06625135,54.545544,181.8941,0.049070876,298.83102,126.08349,0.0304918,304.24503,138.25626,0.19552982,310.6786,117.027626,0.07107309,51.186104,173.60933,0.08978547,35.981606,545.271,0.28203747
338,289.13235,133.37828,0.08395941,82.1202,380.10226,0.090007216,168.0848,179.11375,0.10662292,122.349075,335.19675,0.061138537,210.04053,246.93364,0.06501308,56.138233,406.7173,0.060622275,311.6054,116.840904,0.03429531,305.13483,137.18163,0.15319008,82.73765,418.86124,0.060825422,52.086643,173.86246,0.112080984,38.068413,545.984,0.2111288
339,289.38605,133.10896,0.08722715,304.98236,245.25415,0.08573897,264.64746,193.17856,0.0983006,122.70401,334.77142,0.05676149,178.711,184.09732,0.06637821,68.85486,517.84094,0.060420018,312.07755,117.24848,0.03370986,305.73944,137.10301,0.13520671,83.55913,418.5138,0.06865618,162.62692,284.64276,0.09450048,45.184032,545.6737,0.18559207
340,105.880775,109.42402,0.12056244,306.6487,340.7567,0.084136195,263.11676,179.87675,0.09683713,266.84113,190.75763,0.045968216,128.91563,135.34912,0.06556826,70.416374,182.97421,0.049838297,313.2284,116.5788,0.032217473,318.32187,136.45589,0.11420082,36.983086,89.78154,0.061757833,54.61599,410.45126,0.0877019,49.747086,545.60187,0.29683498
341,106.54357,109.45699,0.100340195,305.7952,339.95047,0.10845121,311.07297,337.97852,0.10755004,77.318794,287.5624,0.052054856,52.001595,532.53204,0.058827758,71.66864,409.62677,0.055139262,326.74844,116.26455,0.03071919,319.61218,137.2165,0.16177694,45.477226,89.27988,0.0737748,72.127266,402.43362,0.08672111,51.719994,544.6623,0.3425272
342,314.26962,139.32622,0.0919158,302.67065,137.59221,0.099682085,183.43967,179.54808,0.10588681,138.0031,335.6637,0.0609308,227.42526,150.10733,0.0646101,71.74602,407.1587,0.05888155,327.13303,116.80572,0.031345945,320.90585,137.494,0.14923447,45.155373,89.387924,0.08219854,67.625755,531.6608,0.09968642,54.13849,544.87726,0.27690202
343,233.655,125.35932,0.10094174,225.9866,134.42593,0.0923278,280.4635,193.3384,0.102743834,188.4676,399.42154,0.052658163,68.96408,533.3109,0.069610454,70.45638,535.6798,0.064557694,328.65067,125.43302,0.031648133,321.71793,136.86557,0.124837935,99.10717,418.50565,0.06616437,68.67027,530.9474,0.09789865,56.10985,545.843,0.2719628
344,224.76787,124.662254,0.13250777,224.98172,134.45593,0.114870794,280.51288,193.14471,0.10862912,139.64622,349.99835,0.053880334,68.858284,532.8049,0.060499366,84.568855,550.23254,0.06919075,329.3039,125.60741,0.042436063,322.50864,137.38968,0.12200744,291.33685,307.34943,0.07517693,70.68554,532.2134,0.09044485,62.323784,546.9085,0.34308827
345,329.2066,141.11829,0.1108523,226.50458,134.47716,0.08318252,279.42938,193.80354,0.11670863,139.77652,350.8037,0.05300417,68.558136,532.71643,0.06617408,331.13782,125.50382,0.068383045,330.38632,127.2494,0.042155236,335.4858,138.84584,0.17095019,342.10318,118.59994,0.10563002,83.324715,532.6222,0.081083804,65.47077,546.056,0.3858371
346,329.03592,140.16798,0.13025483,321.19174,148.55118,0.10842574,279.23553,194.58331,0.11064808,187.38553,191.10791,0.060784236,242.69568,150.55904,0.060846955,87.33252,409.08093,0.05459998,330.2962,116.66432,0.022626415,336.55936,138.1112,0.1691801,60.791378,89.60579,0.087571785,83.34913,174.26982,0.0859348,66.91191,547.1123,0.42110488
347,136.52486,111.79277,0.112295724,241.12189,136.55548,0.108234555,104.00635,290.37698,0.12364677,291.2717,206.1379,0.04261062,243.56596,150.47806,0.06570423,84.95403,533.7372,0.05467499,26.123539,127.94236,0.026673323,343.47928,141.60605,0.1389426,60.613785,89.74282,0.07598838,84.06734,174.68114,0.09672508,70.51896,555.5633,0.25038135
348,321.84113,134.1874,0.109910324,337.381,259.55603,0.10259792,103.71448,289.87738,0.13016377,156.63167,351.59515,0.077863805,115.52513,325.45163,0.05480413,149.65636,469.31674,0.04706049,27.368023,128.10724,0.03377965,338.64313,148.52881,0.14444962,114.83479,322.91168,0.07154358,84.89126,533.7556,0.081571326,70.8017,556.09406,0.23358081
349,322.32303,134.1543,0.13070677,335.9479,150.24124,0.11112549,104.51549,289.6482,0.1148105,156.56966,351.396,0.101667486,114.079,311.24518,0.062293254,85.34694,534.40765,0.058111466,27.518116,128.29935,0.03022672,351.86456,150.0593,0.2007823,61.69664,89.16208,0.09766852,260.2815,357.65808,0.07223294,76.46495,556.69574,0.24535128
350,335.13913,134.62311,0.17828958,335.30853,150.35257,0.14253674,295.1616,194.65399,0.11584477,155.51848,351.1459,0.07885398,258.20828,358.3727,0.06107877,100.56028,533.4403,0.049986117,27.83266,128.54672,0.02594694,353.1106,150.56923,0.29723236,67.947586,89.67541,0.1022956,260.0942,357.5959,0.07561047,81.55353,557.3968,0.23995526
351,336.6778,135.11423,0.14535065,336.67233,150.01971,0.1289209,295.24567,195.26135,0.10560653,154.58115,351.1819,0.048801728,258.33456,262.52884,0.058382332,35.250984,112.34366,0.07501889,28.150135,121.86794,0.100207955,354.41403,151.10625,0.2463824,67.301926,90.26531,0.11647912,104.7126,187.33748,0.075564615,79.47542,560.32526,0.31562278
352,170.3662,124.27194,0.10620766,118.658035,193.49835,0.090408094,216.94255,193.58223,0.104468346,154.50284,351.3879,0.05548013,259.21396,262.78122,0.058004357,36.37814,111.91689,0.13728762,30.213196,123.11827,0.19779286,354.46143,150.287,0.14037469,75.889015,89.69391,0.10295285,98.38262,197.25389,0.08930711,82.627144,560.46716,0.2899984
353,337.79413,134.87653,0.12481836,337.32986,149.68214,0.13287158,118.8526,291.80728,0.10236513,355.14478,158.73518,0.045070693,226.59721,184.25673,0.057049144,35.76727,100.844154,0.1159794,35.415848,121.251884,0.11454062,355.3513,150.67888,0.19001548,76.636665,89.33225,0.08919049,99.57675,204.40529,0.0894957,83.00221,560.24677,0.34416056
354,338.27576,134.41638,0.119879365,351.64685,151.45758,0.150401,311.05322,194.4464,0.11752728,316.15466,207.23552,0.07154319,163.72984,151.69026,0.061931558,36.486534,101.484184,0.12292282,35.741585,121.82419,0.1482552,367.67377,150.33241,0.23351884,76.86918,89.22946,0.08849271,100.682045,204.89742,0.087948345,84.15277,560.1675,0.30077264
355,351.30615,135.0177,0.14036165,351.72067,150.19313,0.121526845,119.9923,290.0343,0.15858749,315.65475,207.06738,0.07677643,226.28012,184.01584,0.06365932,37.024895,100.41329,0.13360737,36.092262,120.690346,0.16381809,368.85187,151.22812,0.2544086,77.605995,88.975624,0.1131083,100.26525,548.3922,0.07852917,84.718956,560.7241,0.3087157
356,351.46466,141.05943,0.16920057,351.42792,151.04192,0.16618139,121.0281,289.96448,0.15420364,171.67093,351.61578,0.092662625,130.19958,311.70856,0.06309813,37.43673,100.30854,0.11979951,43.1592,121.179726,0.12240463,369.80585,150.96112,0.28200522,77.41729,89.21404,0.10043824,98.53385,420.10922,0.0803417,85.87133,560.8223,0.26385197
357,153.77834,110.96643,0.12997237,353.05554,149.31543,0.117296785,121.16748,289.52817,0.10631627,171.7727,351.26517,0.0858715,130.44664,311.4156,0.06905432,37.436085,100.26038,0.1416605,42.97073,121.19565,0.13823846,370.60956,150.66188,0.21354894,84.42208,89.313194,0.12297338,101.206436,533.8814,0.0757153,86.51521,560.01624,0.2179879
358,168.202,111.632454,0.11841454,178.33913,341.63507,0.093843974,326.704,194.92186,0.11571446,172.0711,351.21317,0.09114491,274.09103,358.32806,0.05585523,38.975155,99.921814,0.14296667,44.06398,121.14969,0.18671556,369.91473,149.17165,0.15066212,83.608986,89.70033,0.12735781,114.83618,173.72142,0.08472466,96.8078,426.56836,0.23984872
359,168.56909,111.28767,0.11383368,273.268,136.37027,0.107708946,326.8471,194.36476,0.12020198,172.52046,351.40656,0.06887068,192.81895,136.39545,0.06193538,40.26358,99.29271,0.13137421,44.368736,121.20201,0.16409357,370.94427,148.92154,0.12819591,92.09117,89.62158,0.123387896,121.278465,195.30779,0.079240225,97.765274,426.13614,0.2315368
360,265.1126,124.318726,0.15477556,368.49008,150.41925,0.11345516,327.52795,194.40791,0.11151742,235.3151,190.88277,0.0663284,371.24167,133.84856,0.059939984,51.503006,99.68846,0.12451232,50.795685,115.10178,0.1487471,383.44226,149.00485,0.12564862,91.71333,89.17469,0.11174023,114.13398,196.86961,0.08861325,99.10512,426.3868,0.20798111
361,265.199,123.80194,0.15593031,273.01425,135.23569,0.11803891,328.23813,194.30301,0.1109628,235.63416,191.05188,0.059800394,178.63484,455.00272,0.06267046,51.70949,98.59464,0.15770768,51.188953,114.93339,0.2138591,382.7261,142.10803,0.18600927,91.939156,88.75871,0.1078703,116.51173,174.39893,0.08709044,99.73881,530.20074,0.21827258
362,161.37633,103.42875,0.15048984,273.64706,133.91977,0.10649425,327.49576,193.35193,0.12072823,171.37817,351.0167,0.05216098,385.79556,132.21466,0.057856157,51.911125,99.07954,0.17695014,51.37883,115.436455,0.23988603,383.94675,138.71188,0.19101742,78.56188,90.27243,0.0958706,116.49872,182.8505,0.07753236,99.71456,539.7578,0.2584292
363,161.75359,102.868416,0.16145591,162.59032,111.270775,0.109130666,183.52489,123.5663,0.11266815,234.99934,398.61786,0.05621171,192.91287,135.85307,0.06456276,51.978733,98.49564,0.2084452,51.81158,114.52616,0.21652125,389.2732,141.00392,0.17593119,45.127266,59.578083,0.09751625,117.12189,183.0329,0.07748545,95.20579,547.45746,0.33944592
364,162.45168,102.11258,0.13799699,369.0927,148.56297,0.11729865,327.63705,194.06099,0.112590976,331.6978,206.58983,0.051734332,291.05148,150.10875,0.07121302,53.02817,97.742004,0.17234719,52.67941,114.05643,0.18473569,390.80405,140.59987,0.14711341,100.80508,74.008514,0.08952558,120.50356,416.54623,0.08483036,97.15535,546.6271,0.3647308
365,185.11377,109.25241,0.1839245,192.7821,121.51273,0.10683335,327.61166,194.41647,0.11143385,235.7518,399.13742,0.051264558,291.06464,150.49815,0.07118016,53.9648,98.447,0.21400408,53.69575,115.41114,0.26389903,391.94086,141.62498,0.15937006,100.13185,73.9331,0.10390362,119.576675,401.80554,0.0773656,98.06395,546.35944,0.32544228
366,185.40662,108.982666,0.16024421,145.72964,380.6847,0.092071086,342.98618,194.42867,0.10501245,331.69193,206.68286,0.060970455,99.37052,532.9564,0.0676025,54.798794,98.12624,0.19662313,54.945244,114.85116,0.22260115,385.80783,137.31,0.14060344,100.1231,74.4483,0.11863063,115.59271,308.69986,0.071678236,98.85308,544.90045,0.34272906
367,185.4331,108.506424,0.16253951,193.30956,119.94977,0.10516514,343.60898,193.41283,0.11448444,187.51735,350.33893,0.069132,292.12158,150.51205,0.055903453,55.386383,98.48697,0.15293439,55.045055,114.62941,0.20425887,393.53253,141.47627,0.14345512,81.12362,92.8096,0.1011088,115.8564,409.86478,0.08298676,99.5426,544.8599,0.3384378
368,202.35384,109.203224,0.15718055,146.0349,388.98795,0.112669446,344.43433,193.49478,0.110451974,187.91867,350.5035,0.06807494,289.80664,246.85603,0.053253848,66.12028,98.63452,0.12141378,59.546238,115.399895,0.15663947,398.31674,138.4291,0.16783208,108.31742,73.968796,0.101341605,116.26394,409.6689,0.08462207,100.19815,545.7498,0.3307135
369,201.98277,108.705215,0.19204383,193.6778,119.22126,0.11508868,248.21516,179.18811,0.1133922,141.99348,287.81827,0.060444206,257.70837,198.19685,0.05734413,67.575554,98.4367,0.13918722,61.184246,115.077576,0.15620579,399.24567,138.13885,0.17134245,93.648094,89.906296,0.09657836,116.947464,410.08002,0.10217219,101.47073,546.52185,0.33734933
370,201.92519,109.29162,0.15339896,290.38556,133.5379,0.098754264,248.64838,178.61606,0.107399546,346.1471,190.87975,0.07116125,116.42092,533.0008,0.06498701,67.97769,98.638626,0.11311542,66.85388,113.598595,0.11190977,400.262,138.16273,0.16599496,109.67589,74.0002,0.089921944,117.26277,533.1562,0.0853217,102.503174,546.3163,0.2808617
371,201.51247,109.36301,0.16686,193.02591,118.91498,0.0969629,199.82895,123.22896,0.1173774,346.06247,190.47571,0.052013315,209.29399,135.86955,0.07155115,68.78632,98.79713,0.1666884,66.22326,110.42141,0.18990608,401.0574,137.62857,0.14798991,95.156044,91.23006,0.10680794,132.40927,188.67326,0.08965642,104.042046,545.6547,0.22228661
372,201.50636,109.162186,0.15407318,162.00502,379.83273,0.10371504,343.6271,193.9128,0.11787735,187.34727,351.1025,0.05207479,307.05515,150.016,0.06742791,68.804436,98.5635,0.11490955,66.758316,108.87724,0.14033766,407.27957,141.17308,0.1589062,116.81124,74.19907,0.1186981,133.27895,189.08011,0.07741659,110.648,546.67676,0.18996792
373,201.33113,108.852875,0.15053567,209.39746,120.32449,0.098352484,343.88654,194.38525,0.1122066,250.5682,399.18488,0.051693566,307.22015,150.35506,0.0743837,69.90452,98.35658,0.09060768,68.821556,108.14365,0.1481021,408.14566,141.55002,0.15842968,116.30838,74.1261,0.12820488,243.36401,308.4999,0.07065795,116.34607,538.8108,0.21392328
374,201.46835,108.656136,0.15277134,353.21945,196.72862,0.103625864,358.99832,194.23857,0.106993854,347.83572,206.68745,0.067954704,307.9956,149.85039,0.06674437,58.341587,61.40834,0.058523845,68.9019,107.216484,0.10571251,408.69183,141.70972,0.110499725,116.05807,74.45099,0.108703576,243.49782,204.37534,0.0760661,117.150955,538.36316,0.25014108
375,218.09692,109.18323,0.16834,217.8125,119.345825,0.110471144,359.72498,193.51048,0.120392226,204.17624,350.8697,0.08449085,308.44266,150.64188,0.06363762,58.50205,61.267986,0.06586119,83.22328,92.2088,0.035255764,409.62164,141.56868,0.13825049,97.49795,92.419,0.09814792,243.71513,203.42644,0.08716935,115.52272,545.956,0.24702059
376,218.14886,109.08333,0.17547141,209.54326,119.74197,0.110702865,360.00873,193.77892,0.1189936,203.59406,350.54498,0.081567384,163.07986,310.6799,0.065069444,58.68415,61.5072,0.08515162,84.2539,92.53892,0.04525306,414.62543,138.88266,0.16352312,125.14698,73.77534,0.117737584,136.40524,416.94034,0.076990545,116.61331,544.63947,0.24205406
377,217.69696,108.86618,0.19298765,209.45323,119.50009,0.11843075,359.70602,193.63232,0.118002035,204.17773,350.3672,0.07714575,306.06107,246.90128,0.059305914,58.75289,61.383083,0.09052393,84.19843,92.41443,0.03399864,415.11356,138.9415,0.18103924,125.86221,73.69447,0.1172706,308.75577,245.12546,0.07919878,117.73983,545.1336,0.19196524
378,217.77371,109.11876,0.17224751,306.09314,133.57437,0.108394526,359.5848,193.33809,0.1165499,203.6271,350.92422,0.07210192,308.3014,150.46259,0.06465644,58.946274,61.30603,0.09068552,84.39947,92.61066,0.03658706,415.7868,138.86697,0.21432546,126.14887,73.89205,0.09536332,153.65387,171.78697,0.07436778,124.08397,425.97635,0.23330566
379,217.35362,109.04513,0.1814889,208.93248,119.106224,0.11014142,359.80402,193.2364,0.124589145,361.83063,191.07225,0.059238393,224.97256,135.9277,0.07366445,59.122494,61.63088,0.11264098,84.68935,93.07134,0.036227047,416.46515,138.44563,0.17155941,126.069115,73.799446,0.097078644,148.32054,188.89713,0.07945744,129.38329,426.41046,0.23478937
380,217.32234,108.96337,0.16958326,209.27394,118.34612,0.10350761,215.92433,123.73232,0.120987,203.43115,351.23148,0.053102992,225.62538,135.87909,0.077297255,59.660248,61.794987,0.11431366,84.778175,92.55944,0.04047803,416.71823,137.79958,0.14504924,125.88726,74.20928,0.104754,148.91464,189.07254,0.08220036,129.58652,418.52237,0.21044312
381,217.20712,108.63623,0.15676634,178.21477,379.8515,0.10955811,359.91455,193.99115,0.11232039,203.19302,350.966,0.04676079,322.90363,150.00076,0.070227735,60.016068,61.8125,0.109794766,84.711395,92.42976,0.039995134,417.1415,137.63608,0.13045393,133.01459,74.09906,0.103375904,324.74258,149.56885,0.08198633,130.88216,418.61407,0.19552585
382,217.4677,108.300606,0.15026344,225.48369,119.974236,0.115380764,360.21964,194.04607,0.11879754,266.48465,398.68933,0.04649992,323.08658,150.27675,0.06971636,60.251965,61.712116,0.10343765,84.43673,91.53544,0.026897583,417.5648,137.43628,0.14765736,133.12172,74.00485,0.097813256,355.71317,308.3185,0.07540797,132.88257,538.3945,0.22240001
383,233.82785,108.83776,0.13932166,177.95775,380.3857,0.10460724,167.69106,274.901,0.10280933,171.82758,287.97803,0.0593053,226.91994,136.09856,0.063351974,67.07799,62.488655,0.111598715,423.80728,126.55845,0.027077552,417.7487,137.58368,0.17008802,132.82224,73.61484,0.08625215,152.62843,416.44202,0.08156889,131.1194,546.11926,0.25237206
384,233.66469,108.5178,0.17747074,225.51779,119.51015,0.117261246,278.59952,178.74866,0.114885665,220.03653,350.16675,0.059923094,227.39413,135.75917,0.07039812,67.36355,62.33172,0.112132505,424.3219,125.99346,0.032223046,417.8195,137.32283,0.15134719,142.2604,72.73464,0.08340915,162.0219,181.13016,0.07507193,132.81693,545.2355,0.23183297
385,233.91304,108.521355,0.14047208,177.83426,388.83194,0.11809079,279.49927,178.74754,0.11899918,219.61166,350.61365,0.070580885,228.00772,135.79556,0.05259731,67.53607,62.28282,0.11379782,364.85196,580.5109,0.066738896,417.66458,136.37617,0.12426599,142.84491,72.88185,0.08841339,168.7692,186.84067,0.07640578,133.11768,545.84686,0.2668783
386,201.50748,95.82581,0.13299607,225.73238,118.48826,0.10355676,280.14517,178.87997,0.12065895,220.293,350.39093,0.05020793,147.67853,519.05286,0.056517195,67.66074,62.035656,0.11422769,365.7154,580.6953,0.06219885,417.70074,136.43456,0.09949326,77.349655,57.92105,0.09146741,148.65979,533.164,0.09179239,133.90268,546.22345,0.25359198
387,209.24332,101.58455,0.11188473,322.029,133.18826,0.089751534,280.201,178.10056,0.13019575,220.347,350.95734,0.052461974,148.58025,533.2199,0.07355656,74.93399,61.509594,0.12101701,367.15417,582.3516,0.048722766,289.2897,163.15843,0.092216,77.55447,58.07729,0.098330185,149.0682,532.79504,0.08854856,134.86916,546.23285,0.26345977
388,224.25227,101.764854,0.11845173,181.06726,291.3027,0.114278175,280.52075,177.5397,0.12029894,233.0242,335.37256,0.043659076,148.3468,533.74176,0.0751879,75.31797,61.58068,0.13657314,376.08194,578.20703,0.041673463,430.97043,135.58199,0.1171559,77.73039,58.31147,0.09450472,163.9808,188.56671,0.09296557,135.90796,546.12054,0.263409
389,216.15942,95.90517,0.15304399,225.91283,117.253426,0.10465439,179.06949,299.3439,0.11309209,233.97864,335.52112,0.06555376,241.6094,135.35721,0.07472907,75.38967,61.534798,0.13341008,376.1475,578.34515,0.051268823,431.43448,136.70915,0.19456874,77.63644,58.43176,0.08744679,164.95096,189.23344,0.089998595,141.43053,547.66046,0.24639365
390,209.26677,88.819435,0.15251637,226.13885,117.02477,0.11003382,232.0033,122.51451,0.1076847,378.8728,190.98227,0.07145726,339.139,149.8724,0.06045237,75.56766,61.34914,0.12330556,377.48688,578.1319,0.048483364,433.1436,136.32391,0.20862673,150.27985,59.244316,0.09603702,235.4439,131.69875,0.07717598,142.07466,546.81177,0.24109739
391,216.88474,94.71877,0.16957565,241.58035,118.39723,0.10426263,183.63272,274.60675,0.12259952,378.91974,190.64627,0.06560419,148.70772,532.4899,0.07337894,75.713486,61.416973,0.12146871,379.41202,579.18915,0.07187467,434.50555,135.96321,0.18604958,149.84128,58.87482,0.10162575,235.57559,131.84651,0.08919324,146.57132,540.2135,0.3017639
392,223.60292,88.66642,0.13624334,416.4904,134.28622,0.09646374,183.86493,274.5751,0.13361849,283.99274,399.7079,0.070055075,148.54195,532.5564,0.07832922,75.76885,61.39244,0.12149321,380.89978,580.35864,0.04860786,434.56854,135.4809,0.15949446,149.35579,58.965984,0.10983515,167.23114,401.35837,0.0878875,147.11607,539.86676,0.37043247
393,230.67229,96.08234,0.18201657,416.997,134.15466,0.10849431,183.96765,274.44263,0.14051907,189.03336,288.0564,0.09254059,147.3967,533.00275,0.076188356,76.0126,61.552944,0.11791618,381.75656,581.07043,0.06733631,435.43372,135.29974,0.13221067,149.42406,59.339455,0.083003834,162.55313,403.7708,0.08051231,148.37564,539.2521,0.34698066
394,230.62431,95.58749,0.18701537,242.63779,117.493004,0.12558824,184.72296,275.04132,0.12791452,189.74442,288.48196,0.07884485,338.30078,246.66821,0.06069354,83.66048,62.215656,0.10775132,383.03778,580.9229,0.042206433,435.42868,135.17549,0.15848173,159.53978,72.291626,0.08347369,184.70093,179.23445,0.085027754,149.30923,539.83,0.33017233
395,223.61288,88.72558,0.17950335,242.95389,117.320854,0.12825817,247.05441,114.80476,0.12057901,251.53731,110.67103,0.058067575,338.78146,246.88501,0.075726174,91.12494,61.53789,0.106556915,330.82376,578.81146,0.047082335,447.47623,135.52637,0.2389689,159.50093,72.21624,0.088423446,164.11482,532.068,0.08893112,148.90228,543.9036,0.25011784
396,224.05763,88.0561,0.17803773,430.92917,135.47946,0.12708625,390.20654,178.11613,0.12597679,396.24817,191.90857,0.10631509,353.83875,134.66281,0.066464916,91.11415,61.76874,0.11130785,392.6051,576.87933,0.059945326,449.2054,136.23831,0.24786542,93.527695,58.225826,0.08927996,164.57103,531.4318,0.10098627,150.42043,544.5563,0.20771337
397,431.16748,119.37063,0.17640768,431.20895,135.35622,0.14394653,390.19608,178.357,0.12319721,395.72662,191.28258,0.08842839,354.65765,134.92316,0.0756958,91.493744,61.75503,0.11904113,394.4014,577.69073,0.057006158,450.5519,135.65721,0.25942752,93.505196,58.43325,0.08585999,164.789,530.99005,0.098768905,158.74426,522.13464,0.18673462
398,224.76437,87.726746,0.17723526,432.85233,133.8114,0.11779506,199.2351,275.16193,0.11165386,395.06595,190.73497,0.0643627,354.99875,135.46875,0.068231955,91.94701,61.70556,0.101436704,339.47833,583.6411,0.052764256,450.6127,135.2154,0.18236512,166.35727,59.491497,0.10381344,184.19498,401.6985,0.09416981,158.15894,539.37933,0.21248879
399,238.87073,88.76512,0.17784558,242.30966,116.360504,0.109519675,199.02612,274.38864,0.14456439,203.92128,288.60742,0.07452297,163.74127,532.8637,0.06816521,404.66165,565.1896,0.10267463,397.5522,579.19196,0.056235734,451.10034,134.8992,0.11495886,165.94447,59.325153,0.10173427,183.36354,401.32193,0.0968078,163.51491,539.72833,0.29026675
400,246.86949,96.16607,0.1675877,258.60956,117.740295,0.1199023,200.22292,274.2698,0.13958967,205.08649,287.9572,0.09146249,163.14256,533.2277,0.07448505,406.14398,565.6575,0.0936649,408.00955,571.08374,0.04301662,463.0187,135.34055,0.18582112,164.54066,66.61716,0.09100738,178.69421,404.05945,0.089923054,164.92986,529.61743,0.27989545
401,247.20584,96.29393,0.18703552,258.31332,118.05358,0.12821722,201.17467,274.3878,0.1132101,410.6777,190.62572,0.06956716,356.0014,135.33557,0.06973594,107.9358,62.444252,0.10388311,471.11816,124.77429,0.026061343,463.79755,135.95624,0.23995589,176.08528,72.55431,0.101893246,200.51947,179.73225,0.08545211,165.7976,539.2759,0.27136627
402,239.2724,89.25211,0.16780756,447.07996,136.4624,0.12827829,405.6415,178.3797,0.12744254,411.47046,191.82693,0.1021638,259.96762,135.19754,0.07485385,107.85372,63.129597,0.1307332,409.3412,576.8998,0.05462663,465.44873,136.46384,0.2246719,110.80075,58.47582,0.105257764,180.20364,532.1378,0.09185456,165.55728,543.4043,0.2241951
403,248.03091,95.69186,0.17546728,257.9759,117.345,0.12467027,405.98328,178.8848,0.1251111,411.09528,191.09589,0.08049257,273.84464,135.63522,0.07130673,107.65465,63.062355,0.12926668,410.70142,577.50226,0.10352844,466.78958,135.88638,0.19202533,110.48201,58.596073,0.10877755,180.78024,531.8386,0.09981593,179.94856,411.83575,0.17662625
404,241.04057,89.20274,0.19035341,257.9877,116.82231,0.12624374,264.63998,122.93409,0.109601915,315.5751,398.83664,0.057524912,274.3187,135.55896,0.077326134,107.76866,62.639202,0.13601188,412.11258,578.3211,0.0710075,466.62134,135.11066,0.1420796,183.07574,73.671364,0.104276575,267.2148,131.67377,0.09257393,181.39732,412.16376,0.19032308
405,255.50192,89.41255,0.14842108,258.24304,116.85367,0.115848444,215.49002,274.94077,0.11241023,315.41733,399.20297,0.067328885,274.86386,135.3114,0.068253264,107.69426,62.686573,0.12864082,413.2079,578.2606,0.0679333,467.5702,135.58472,0.1261458,110.03536,58.935013,0.09501234,198.89761,401.03564,0.08975901,178.66139,540.17084,0.24434644
406,254.96643,89.72351,0.16688707,258.64926,117.150604,0.12062428,215.72824,274.39224,0.136535,220.71822,288.13696,0.09007456,275.55792,135.27794,0.06648376,107.69226,62.340244,0.11470951,423.85608,570.07666,0.048713807,479.09985,135.63078,0.19405718,181.36008,73.79643,0.10269674,194.01057,403.77866,0.10001962,178.12862,544.7798,0.28856978
407,255.14366,89.548836,0.19835253,259.01855,116.72435,0.14301038,217.36009,274.6532,0.12397486,221.9404,287.92987,0.07714277,370.40976,246.66434,0.06497532,123.89253,63.242844,0.1007429,424.50247,570.0897,0.05677955,479.65997,135.72379,0.24058,192.07004,72.8422,0.10327514,194.70177,404.28284,0.095656335,180.67287,540.1745,0.321394
408,255.43504,88.904144,0.19909886,274.43448,117.75449,0.13850835,422.07935,178.42586,0.10984916,428.16812,191.29637,0.09486613,370.98462,246.89832,0.06319164,124.47234,63.37834,0.12238441,425.32944,569.90173,0.051484127,480.97906,136.1127,0.22017701,192.26598,72.83709,0.10124639,195.2471,404.57623,0.09465721,180.67046,544.32355,0.23830326
409,255.79604,88.696075,0.18516347,463.5218,135.03726,0.15014978,422.40662,178.26279,0.12105046,428.1233,191.58948,0.102712154,275.97202,135.16617,0.06923927,124.03171,63.5871,0.13524473,426.42947,569.198,0.037114035,482.52567,135.4004,0.26092374,127.137726,58.659573,0.112025574,211.21823,181.32986,0.08739475,181.60637,543.71643,0.20748538
410,256.41107,88.029945,0.17289,464.272,134.12213,0.12525319,278.7847,115.11887,0.110492334,427.99866,191.04637,0.0891061,290.2852,134.68686,0.06516309,123.931366,63.44096,0.13516146,141.40646,92.53989,0.033485245,482.94284,135.05121,0.18183562,126.86995,58.879333,0.10706201,211.6665,181.82114,0.08432343,182.12317,543.4299,0.17813082
411,256.7732,87.088905,0.19047286,258.78436,102.32571,0.121302076,231.16779,274.89783,0.12741509,427.1116,190.74026,0.06287919,371.67432,246.51294,0.06299609,124.179825,62.9877,0.12748252,165.1873,76.34474,0.034600392,482.9979,134.23491,0.16272639,126.37314,58.942,0.0921617,283.61716,131.60283,0.08291326,190.00737,521.9791,0.19501364
412,257.35666,86.80177,0.17510544,290.3269,117.07607,0.12378654,294.85596,114.25807,0.10435052,298.2226,110.94976,0.058160536,386.83636,133.88947,0.06201844,124.14231,62.685863,0.12590246,149.63217,92.351776,0.031127285,483.02448,133.94005,0.09848639,199.26321,59.69702,0.107205346,283.4483,131.72769,0.08759718,196.029,403.62433,0.16276243
413,279.37338,95.75238,0.18002753,290.521,116.83745,0.11214436,232.1593,273.66083,0.13608426,283.97098,334.9382,0.078143574,241.67973,295.20212,0.06339209,124.13245,62.344383,0.1249546,142.052,85.83212,0.03297886,483.69824,133.28845,0.12061329,198.45746,59.60194,0.12449678,467.69626,156.94435,0.079805054,196.72206,522.48175,0.20367354
414,376.8617,109.01681,0.17366062,370.55606,117.92743,0.13163935,232.6889,273.70657,0.120735824,299.7921,110.974236,0.09361647,304.81827,120.65982,0.07214791,124.10905,61.72927,0.10240348,142.33398,86.38521,0.035685834,496.35403,133.54288,0.14491087,198.4453,59.89108,0.085760064,208.93527,402.5966,0.08060961,194.03102,530.9721,0.28055906
415,377.07565,108.74119,0.19084097,291.18506,116.98273,0.12647608,233.29733,273.5977,0.11852661,284.30453,335.18314,0.09116198,242.63188,295.36185,0.07194479,124.14932,61.292774,0.07832186,149.93633,92.77676,0.0362725,496.51657,133.55527,0.19108258,207.35487,72.59487,0.08486801,227.66034,158.08162,0.08811483,195.16333,530.42206,0.2628984
416,271.80917,87.79957,0.17526947,290.9036,116.80822,0.12625813,295.48593,113.977715,0.1112987,284.1438,335.49173,0.09620251,387.4048,119.02525,0.05884042,141.44966,63.418633,0.08280329,396.6897,578.9386,0.044629484,496.97598,133.44292,0.17786388,207.44756,72.990135,0.092901945,228.36035,157.95056,0.08232425,195.52812,530.2809,0.30701184
417,272.45807,87.347244,0.17866252,480.24805,133.17593,0.124294996,230.50458,371.27292,0.10641344,284.92755,335.67392,0.10216395,305.32288,120.3428,0.08119844,141.04646,63.16258,0.09798821,150.24281,93.49744,0.044772577,497.9309,133.03055,0.1986279,208.10187,72.49853,0.08572867,209.58743,402.78055,0.10099014,197.47212,529.47034,0.23075806
418,272.78253,87.35615,0.19150096,274.92422,102.95241,0.12628004,294.73962,114.277954,0.12490991,284.30182,335.6048,0.07808377,304.97534,120.53819,0.0763964,140.84232,63.40761,0.11364133,150.43587,93.96924,0.047765497,498.29105,132.74905,0.20787096,142.97313,58.886414,0.08350134,212.40378,516.70966,0.091784015,198.06773,529.7532,0.24454466
419,272.92926,87.04487,0.16680327,274.8273,102.08407,0.1100608,295.26672,114.618866,0.109331615,283.82977,336.1177,0.07469478,292.43304,120.119965,0.06495624,140.66792,63.88746,0.12279373,164.27614,94.71395,0.05664658,498.56592,133.20882,0.1681102,143.09665,59.07819,0.098964944,213.07236,516.4235,0.094428085,198.87749,530.60443,0.19529176
420,295.07483,95.81018,0.17595464,291.14197,116.4147,0.13460463,295.23895,114.4505,0.11900238,313.79807,111.54294,0.07430658,212.15605,517.554,0.06767415,140.54678,63.790928,0.12033811,165.3406,96.273674,0.055409215,498.42444,133.3626,0.14351931,142.96927,59.268677,0.095466584,214.0355,516.84955,0.087601885,205.07904,529.82367,0.2088733
421,294.97382,95.46882,0.19282149,275.13196,101.93131,0.12055724,247.7667,273.35727,0.12161649,314.5151,111.26621,0.07616304,320.15915,120.254845,0.06654001,140.32935,64.10168,0.13421905,166.06512,96.59676,0.05629153,498.43674,133.51526,0.088381685,215.45276,59.864902,0.117463656,299.28952,131.23131,0.07889748,206.4056,531.2495,0.1825323
422,294.99423,95.24582,0.19897561,306.475,116.950134,0.11130091,248.57716,273.05652,0.11333867,315.17303,111.13855,0.0992454,290.16922,439.1752,0.06314772,139.89267,63.43747,0.13263674,166.37013,95.63403,0.059222378,499.39194,133.778,0.11838662,142.25818,58.638844,0.09875667,232.60028,400.40512,0.08037226,209.78459,530.1726,0.27013472
423,295.19772,94.93643,0.1862424,307.5298,116.599464,0.12026038,249.48064,273.17615,0.10782414,300.86963,335.2417,0.089513876,320.9419,120.52179,0.07250847,141.28195,76.987335,0.10695693,166.64203,95.65298,0.055700216,511.55234,133.48387,0.12138584,223.28653,72.73449,0.08621991,249.35442,164.81429,0.0791211,213.59903,522.83484,0.2848177
424,287.31238,87.5791,0.19336918,306.90466,116.935005,0.13209276,311.42407,113.881546,0.12273736,299.7303,335.12973,0.08959114,259.06915,295.0277,0.069315724,157.15268,64.552864,0.107830234,166.88057,96.51666,0.054818224,512.1433,133.75089,0.1457231,196.01399,86.70439,0.096731514,243.9954,157.98567,0.087445185,212.80026,529.25525,0.24040616
425,287.8036,87.90206,0.19090894,307.21896,116.48656,0.13244933,311.4056,113.71149,0.11712086,300.17145,334.7012,0.07869948,227.69492,503.06348,0.06813136,157.20699,64.61473,0.12623166,166.99463,96.423904,0.054089185,512.2228,133.96121,0.17579325,224.20897,72.83041,0.09750756,228.4071,516.6876,0.10307445,214.08525,528.86536,0.22909372
426,288.4236,87.519005,0.18601282,386.9454,117.51738,0.11853175,311.57266,113.820076,0.11984892,299.64285,334.77792,0.05405547,321.50348,120.38897,0.08589831,157.17018,64.54021,0.13136207,166.86974,95.82137,0.050082993,512.4012,133.66672,0.17613089,160.20872,58.922676,0.094739825,228.76631,516.467,0.09840778,214.66623,529.81934,0.23986344
427,288.8323,87.54173,0.18574873,290.95126,102.863716,0.12873638,310.75504,114.11845,0.1258813,364.2994,175.15866,0.06879637,229.0007,517.6736,0.08827767,156.80852,64.486,0.1431083,166.49852,95.75914,0.044338807,513.15485,133.28186,0.16052169,160.10013,58.65475,0.10256486,228.66492,515.37103,0.10441529,215.86801,528.9996,0.25503585
428,288.79218,87.20029,0.17548345,370.17447,179.72203,0.11662712,311.16342,114.073425,0.117546715,363.9985,174.87375,0.062599,321.5336,120.60048,0.09806635,156.75273,64.656975,0.13752864,174.11041,94.74634,0.05356252,513.5486,132.81693,0.18561786,160.14915,58.92609,0.10320786,230.35529,516.43524,0.08263997,221.32826,529.7066,0.22510047
429,289.23825,86.68937,0.1759422,291.21478,101.8155,0.12895867,311.17282,113.86923,0.13246259,364.0365,174.48643,0.056098495,228.98517,517.11475,0.073646136,156.88379,65.06207,0.1496326,180.41225,103.245346,0.054702584,513.8726,132.48766,0.1903652,160.77554,58.965508,0.10304928,315.4558,130.82368,0.082515046,226.46445,524.17554,0.2855788
430,289.88297,86.4213,0.21115693,291.64978,101.68445,0.1332917,311.51343,113.58876,0.12689206,329.62943,111.591515,0.061304893,228.72891,516.63184,0.07871328,159.53342,79.74385,0.14866488,429.9276,579.2822,0.05952692,518.46857,125.36535,0.16662548,215.2321,84.53864,0.10835838,248.71072,400.1897,0.08214804,226.8411,524.14075,0.33410573
431,290.16696,86.03343,0.18578723,303.9693,104.40467,0.11121994,455.40198,178.88617,0.105476856,461.4102,286.58533,0.057475697,227.90274,517.2949,0.0806469,156.43263,64.65411,0.14163189,180.57834,105.5285,0.052353084,519.6552,125.73097,0.13769159,209.6227,86.034424,0.11248067,243.12636,292.07376,0.07914562,228.78577,523.0499,0.322081
432,290.83923,85.20255,0.20555276,304.19012,104.04808,0.1385219,312.29877,113.837746,0.107436426,316.42914,334.29208,0.073939994,226.73015,516.8805,0.07142612,158.35284,79.323715,0.14945097,436.66095,579.46326,0.056024443,520.3676,125.97938,0.11682296,208.749,85.806625,0.1022278,243.75449,516.1267,0.085477404,229.87408,523.1598,0.29752597
433,303.28415,86.8225,0.20321716,304.5271,103.033394,0.12135308,328.05188,113.074776,0.100794144,316.7496,334.20093,0.07884694,336.22263,119.64376,0.066883914,157.80351,78.5724,0.15213792,443.69135,579.4936,0.047015592,514.062,132.7979,0.09011217,208.67986,85.464836,0.09543908,243.77386,392.4695,0.09040623,230.30281,522.7744,0.25919133
434,303.75397,86.73931,0.19911599,417.7862,119.38504,0.12256244,275.0887,169.53345,0.09743655,331.37964,110.58545,0.06719134,336.59854,119.800446,0.06828122,157.98695,78.458176,0.13241197,443.3298,579.7397,0.05756856,370.49744,163.38046,0.07931708,208.98936,85.29584,0.093688235,244.17291,391.91058,0.09311387,229.32294,528.0843,0.23109946
435,304.01202,86.30181,0.21377553,305.53867,102.13716,0.13090602,264.0978,370.42728,0.09803652,270.906,271.9338,0.073257804,244.43623,502.471,0.06549406,181.18558,82.14853,0.11952241,180.57712,105.452705,0.04748283,370.77432,163.3082,0.08047539,209.12816,85.56808,0.10621505,243.81711,515.3936,0.098023824,229.28142,528.6045,0.25967088
436,304.42056,86.41564,0.22953726,306.25287,102.52767,0.16052476,264.68835,369.92816,0.11098826,271.13733,271.72092,0.08285075,372.3739,182.91417,0.056546852,181.31213,81.582306,0.11779238,180.72554,104.10513,0.04553107,526.6376,126.10281,0.08530237,209.82266,85.19232,0.096348494,244.28238,515.7672,0.09207486,242.30098,395.88535,0.2372447
437,304.20688,86.08281,0.2290214,306.38638,102.020905,0.16872013,264.91113,369.55164,0.11701767,316.89096,334.91898,0.07125777,243.83379,502.08493,0.06574894,173.5907,65.21395,0.1258548,444.80212,579.64545,0.06193259,526.20844,121.58833,0.0988376,209.63416,85.10759,0.09841765,244.4648,515.4272,0.097683564,230.26959,528.54645,0.22950163
438,304.63928,85.73755,0.2308163,306.78793,101.52474,0.17073105,265.14545,369.33478,0.11513481,317.56934,335.1733,0.07172907,336.58456,120.11164,0.07016827,173.48763,65.28285,0.14031059,451.06567,579.94543,0.060117435,526.53674,121.98665,0.11027599,176.98213,59.013386,0.09487965,245.71985,393.82245,0.11929615,230.6785,528.0579,0.2026029
439,304.80313,85.450745,0.220728,306.7425,100.99925,0.16392887,326.78873,106.098595,0.11617839,271.4314,271.73166,0.069832444,336.65604,119.894035,0.07357722,173.2277,65.08495,0.14933164,451.9106,580.92395,0.09690046,527.05457,121.967316,0.1368151,176.76132,59.000385,0.097183086,245.7344,393.9666,0.09699086,237.61159,507.1253,0.22800003
440,305.21045,85.37032,0.21181346,306.89743,100.76532,0.1460741,326.93958,106.18229,0.11939321,271.0236,271.5069,0.056732118,273.72757,376.2219,0.06860932,173.0281,65.289375,0.15749006,452.1963,579.8614,0.08405226,527.251,121.3978,0.12111624,177.04591,58.981968,0.10186836,259.3725,165.2956,0.094499454,238.32832,506.99622,0.1916929
441,328.17444,92.09268,0.20080642,307.16675,100.48835,0.14273085,327.1111,106.36935,0.13160266,285.64975,160.35313,0.060734008,336.8833,120.15119,0.07984125,173.14632,65.12696,0.14787078,178.99792,107.54046,0.06122542,527.6282,121.43907,0.13360193,176.6489,59.099247,0.09596436,259.75363,165.61679,0.097020105,237.71211,515.3034,0.18720783
442,328.61444,92.185974,0.2035904,321.0363,103.17368,0.12077338,327.5088,106.53514,0.12706335,474.99823,174.79996,0.06468267,337.07068,120.13326,0.095110185,172.9734,65.273285,0.15560141,452.91052,579.5593,0.0624223,527.6757,121.44363,0.1400394,204.31454,92.76625,0.11056791,273.75897,154.4682,0.08375102,238.12508,515.5736,0.16568324
443,328.64124,92.56054,0.20208994,321.1834,103.22023,0.120141976,327.4247,107.22286,0.12682544,475.141,174.97975,0.07049584,337.1962,119.87676,0.09918112,172.8537,65.32519,0.16372238,174.24966,105.845245,0.07223682,528.4084,121.558754,0.1291168,209.1886,92.35128,0.11681444,340.00937,116.66229,0.08951292,238.63167,515.1698,0.16648407
444,297.70535,80.42046,0.18091813,321.099,102.96879,0.11365332,327.83572,107.16197,0.12594445,475.0452,174.84666,0.06035865,337.73718,119.982994,0.0823709,172.62636,65.221565,0.15888935,172.46243,109.27856,0.08343906,528.6384,121.52978,0.1213168,210.12631,92.28137,0.12226764,264.40674,384.8699,0.091329776,239.28903,515.64795,0.16922867
445,298.16113,80.29675,0.18201442,320.96753,102.887474,0.11536317,327.82858,106.95531,0.12653768,182.76959,67.19341,0.05753459,337.575,120.34182,0.07603344,194.61034,96.90896,0.15958378,474.08398,565.53375,0.07478378,529.11884,121.157684,0.117111415,210.55632,92.678024,0.12164265,247.48198,394.7671,0.099606045,242.26091,514.2547,0.2290237
446,328.19342,91.682724,0.20263058,321.48334,103.005905,0.12812403,279.87683,258.6475,0.13414377,332.15427,112.58643,0.061556187,337.8183,120.65775,0.07702681,195.07086,97.20673,0.15797344,474.40405,565.5114,0.06103189,529.5188,121.143974,0.12094482,210.75636,92.98688,0.11494355,264.15942,384.43668,0.096806146,240.13234,514.3614,0.2556572
447,328.21954,91.55131,0.19328447,321.16232,102.4006,0.12580402,279.53156,258.5536,0.1398387,284.41013,272.50754,0.064594164,264.23566,391.67288,0.07844525,195.34041,97.925316,0.15992606,474.7784,565.7936,0.053786732,535.682,124.59778,0.119703986,211.3713,93.22389,0.12645194,263.9155,384.37823,0.09242541,242.9738,514.54474,0.22776192
448,328.4426,91.773056,0.19267996,337.00302,105.116516,0.117798686,279.67072,258.07184,0.15569842,284.88428,272.6719,0.07565342,263.859,391.65503,0.08093848,195.69139,98.36796,0.16449252,474.70886,566.516,0.055067815,536.3141,124.91159,0.09779733,211.72041,93.47815,0.12512413,264.3708,384.74075,0.09262414,243.2731,513.78394,0.24948087
449,328.53268,91.565506,0.16876718,290.34348,357.36218,0.11756719,279.83762,257.9771,0.13541791,285.2621,272.20264,0.08505993,263.59247,391.14563,0.07123652,174.76642,80.04644,0.16142079,195.57922,107.523674,0.05828475,323.59125,434.60886,0.08093587,212.11012,93.643074,0.109426275,259.4593,277.01675,0.087402135,243.83829,513.9206,0.24668534
450,319.93277,85.59265,0.198181,321.02338,101.549446,0.11989552,279.98376,257.89902,0.12858373,285.49673,272.3152,0.09664339,287.81516,375.41595,0.058358144,190.74748,97.03991,0.1718275,181.3494,110.889496,0.06553846,529.9137,120.33404,0.09603927,212.21622,93.64403,0.107666805,280.39566,163.55089,0.0837784,244.30122,512.77295,0.23439652
451,319.9805,85.85041,0.20748317,321.28992,101.58458,0.13272552,280.25302,257.7699,0.13100716,285.75922,272.40915,0.10144504,435.64108,133.78493,0.054527562,190.84743,96.74933,0.16950968,188.47932,107.69582,0.06966975,529.8372,120.46746,0.098148964,192.89297,99.98121,0.10115216,280.32214,163.68115,0.08471367,244.82463,512.9878,0.22801837
452,344.8075,92.48645,0.21105227,337.4786,104.4356,0.128205,280.97037,257.8035,0.12507087,286.6609,272.2328,0.106354006,339.54456,120.82196,0.06329806,190.95937,96.71139,0.1697518,186.93053,109.98715,0.08395858,529.75684,120.758095,0.08019279,217.22237,92.92816,0.11281135,258.01935,387.29938,0.08627766,245.58101,513.3795,0.20590506
453,344.9765,92.35118,0.22242329,337.76205,104.35777,0.123226255,281.5467,258.0807,0.11602042,286.54956,271.81763,0.083650246,339.81818,120.44351,0.066287406,197.24074,98.23473,0.1524549,187.53189,109.43364,0.079313405,537.02905,124.74824,0.08878303,217.8996,92.80354,0.11838357,258.0429,387.13315,0.09889592,245.97186,513.04236,0.19776659
454,344.7118,92.05326,0.21247452,321.85275,101.08272,0.13648887,279.64893,355.87637,0.108493395,286.49628,271.5171,0.06409915,307.82364,66.78632,0.060296457,204.66614,97.00248,0.16376308,187.63661,110.056946,0.08695532,537.1676,124.71788,0.09915969,218.37245,92.59453,0.13141865,258.00027,387.0359,0.110034615,255.08902,385.77243,0.20844966
455,344.44073,91.922424,0.21958761,322.34637,101.27166,0.1647472,279.0583,356.00528,0.11297262,347.67953,93.396164,0.06013348,307.65198,66.69722,0.061093096,204.75049,96.85496,0.16316134,187.78546,110.28377,0.098567866,401.0181,147.648,0.07984944,218.76785,92.61046,0.12965232,280.55783,164.16696,0.08504692,255.47429,386.43332,0.22598183
456,344.1814,91.75404,0.22519235,322.43417,101.15042,0.16355914,278.73965,355.649,0.11333452,348.29184,111.52695,0.06596186,259.48227,501.55563,0.05946572,197.29504,99.01928,0.16219418,187.26184,111.098495,0.101820596,541.94305,121.15312,0.10975465,223.64003,92.423676,0.11389426,280.60156,163.93637,0.08887044,257.57928,395.20178,0.1979093
457,344.18076,91.79257,0.22384433,322.52048,101.00119,0.15321082,391.9798,163.35153,0.104862146,286.6768,271.35397,0.06824336,259.4533,501.46094,0.06211966,204.7632,96.47,0.15068892,187.6532,110.35459,0.083176,542.11334,121.91112,0.123261236,223.69127,92.484055,0.103659034,274.98456,165.01726,0.08410402,247.20805,513.2622,0.18296202
458,344.24823,92.06222,0.2221718,322.53857,100.96842,0.15482122,391.92386,163.08578,0.114970334,286.8552,271.62445,0.075717494,259.38937,501.5984,0.067388825,197.32689,98.9467,0.15747593,187.66914,110.93915,0.09371487,542.7349,122.2645,0.13548985,223.73978,92.77288,0.11297179,275.82718,171.64804,0.081383854,258.32623,394.64508,0.17929688
459,344.38245,92.26986,0.19974168,322.62592,100.80918,0.14272073,392.09274,163.07751,0.11133255,286.763,271.6363,0.06450663,259.47028,501.66852,0.06411571,197.4037,98.87726,0.16521613,187.84021,110.97619,0.10140048,543.049,122.249825,0.14791285,224.00082,92.78107,0.116390586,275.3352,165.09122,0.09151351,258.35846,386.4338,0.16944776
460,320.99005,85.3489,0.21775591,322.84503,100.636154,0.14536741,343.0391,105.9792,0.11299336,347.93622,111.58532,0.057571806,352.929,120.08921,0.06676112,197.29704,98.98276,0.16595723,187.63753,111.307,0.105478466,543.2255,122.11883,0.1473204,224.132,92.84036,0.11961803,289.62192,155.47147,0.095762976,258.67123,386.3543,0.1709731
461,321.1887,85.26643,0.21896404,323.04083,100.725365,0.15092671,342.8816,105.95232,0.12213512,347.69562,111.69972,0.054330558,352.73184,119.99999,0.06886101,192.04944,97.999756,0.17571937,188.01938,116.45879,0.123496264,543.38763,122.04927,0.14264469,224.3363,93.05468,0.11636749,296.65558,154.97618,0.0949298,258.64597,386.29465,0.16959843
462,321.27545,85.44805,0.20982946,323.22522,100.67616,0.14203094,342.85272,105.90282,0.12894075,301.61725,159.99883,0.05823261,352.7951,119.82877,0.077179134,192.00165,98.09898,0.18963642,187.90842,116.72892,0.1397184,543.7171,122.02178,0.13816284,224.4583,92.90817,0.11641762,275.96606,165.65585,0.09148117,254.02953,499.60834,0.21630524
463,321.32672,85.47475,0.19831277,323.24673,100.55604,0.1339719,342.71188,106.17508,0.13298686,287.63095,271.80392,0.06110744,352.7553,119.85875,0.07982653,197.37672,99.30464,0.17377801,188.42445,116.1813,0.10467768,543.8098,122.21765,0.14886686,224.76146,92.80364,0.11858004,261.32504,500.9851,0.08919297,254.47762,499.5723,0.2071148
464,344.5313,92.869576,0.19308022,323.15094,100.30013,0.121926926,342.96332,106.257095,0.13696855,287.83554,271.863,0.06694675,352.7898,120.07042,0.078668654,205.12563,97.07283,0.1796342,188.08696,111.05606,0.0926314,543.87366,121.715866,0.1257662,224.94016,92.59139,0.12137289,261.54663,501.02768,0.08563695,254.61287,499.99496,0.1933388
465,344.65985,92.89952,0.19359237,336.98895,103.45471,0.118647955,343.07507,106.55796,0.13347755,292.94864,271.86108,0.06490872,352.86624,120.10495,0.08732506,205.42078,97.07249,0.1790991,188.33751,111.25527,0.08833502,543.9489,121.70411,0.123515196,225.276,92.62,0.12598035,261.8091,501.0826,0.08216552,254.65608,506.12653,0.17814562
466,344.65155,92.72884,0.20272082,337.26242,103.4866,0.12304385,343.22803,106.88248,0.13246715,293.04807,271.8914,0.06393531,353.005,119.8522,0.092963204,205.39148,96.94325,0.17540243,188.45068,111.1996,0.084460855,543.90796,121.63138,0.117371626,225.44514,92.78409,0.12514895,261.6202,500.8672,0.09205512,254.72675,499.9074,0.18492301
467,344.70987,92.334946,0.21309507,337.44666,103.16708,0.124656335,343.20514,106.89157,0.12869994,293.08023,271.918,0.061634485,353.2047,119.826515,0.09500851,205.30363,96.94783,0.18472958,188.94403,116.15961,0.09213648,544.0511,121.79838,0.12843207,225.45685,92.739365,0.12549569,261.35764,500.7701,0.10172527,254.49178,499.67166,0.2006622
468,344.71964,92.554146,0.20380862,337.34985,103.158424,0.124963656,294.2684,259.36447,0.12962031,293.21805,272.42526,0.064061135,353.27142,119.862,0.09307243,205.31616,97.26364,0.18115439,188.41289,111.297585,0.094793074,543.77924,121.68426,0.12480504,225.26878,92.70577,0.12879334,261.1981,500.25635,0.10046034,254.35103,499.59348,0.23929848
469,344.9041,92.36406,0.20661965,337.51822,102.94023,0.12586598,294.35223,259.40106,0.13452648,288.84906,272.5415,0.06518465,353.35883,119.86607,0.097979546,205.34819,97.63264,0.18982112,188.83865,116.47755,0.10878095,543.792,121.690125,0.12838072,225.40475,92.74149,0.13553086,261.02856,500.15668,0.10273845,253.6974,499.7728,0.21568704
470,344.89368,92.52112,0.20118205,337.443,102.920784,0.12425857,294.54694,259.18024,0.13094193,289.0924,272.8001,0.06826494,353.32086,119.7916,0.09785588,205.12167,97.63334,0.18945822,188.72318,116.42197,0.11163549,544.0266,121.73947,0.134102,225.1689,92.82295,0.13376343,260.7579,500.1615,0.105633564,258.51135,387.0744,0.19741376
471,344.92523,92.19827,0.1983605,337.5594,102.87525,0.12547885,343.2031,106.841896,0.1207124,288.8931,272.8035,0.06708412,353.31616,119.78578,0.09531848,205.01126,97.53011,0.18967329,188.57973,116.46075,0.112095155,544.0021,121.56194,0.12606016,224.8176,92.85995,0.12791693,260.6342,500.28915,0.097642764,258.0441,387.02786,0.21149383
472,344.9551,92.091545,0.20481896,337.62894,102.84439,0.12654477,343.04227,106.58702,0.119077705,288.48883,272.36227,0.06105852,353.32022,119.86476,0.0886419,204.81284,97.284706,0.18712404,188.57887,116.11242,0.10937562,543.8433,121.339905,0.112114415,224.72542,92.80438,0.12311181,275.7254,165.564,0.09834799,258.00546,386.93878,0.21567993
473,344.72858,92.04167,0.20138986,337.48987,102.84738,0.13098319,343.23306,106.53871,0.116393365,288.6237,272.12753,0.06167037,353.3336,119.85899,0.08487034,204.93964,97.26646,0.18607625,188.35129,116.018616,0.105970375,543.7676,121.4593,0.12046069,224.61479,92.76866,0.121208906,275.59488,165.50928,0.10304038,257.81235,386.66693,0.23165448
474,344.59634,91.75067,0.19176234,337.5229,102.89667,0.1315268,343.15906,106.24614,0.11461793,288.53278,272.32245,0.06567646,353.18802,119.94794,0.08597111,204.50276,97.00567,0.17608452,187.93665,116.15595,0.1229167,543.58704,121.364204,0.12436853,194.2278,98.9102,0.115827024,275.5614,165.42093,0.10587228,257.90604,394.63892,0.22296067
475,344.5208,91.82077,0.18320012,337.39346,102.93686,0.13064356,343.39584,106.49106,0.108689375,288.20282,271.9213,0.06616596,353.26172,119.936874,0.07721754,191.82724,97.74313,0.17453013,187.79913,116.21873,0.12064473,543.5194,121.11986,0.10647836,194.2312,98.94816,0.114749074,275.36148,165.20447,0.10390557,257.25974,394.75424,0.21768421
476,344.5055,91.83128,0.18234636,337.37418,102.97829,0.13186619,392.53632,162.22612,0.10943493,287.793,271.7672,0.075396314,353.35828,119.988174,0.0770442,191.81279,97.703835,0.18557058,187.56407,116.41162,0.13700192,543.48517,121.02978,0.10517744,194.70325,98.808174,0.112799555,275.2744,164.92119,0.10094723,256.80817,394.88498,0.23412564
477,344.58127,92.002365,0.17796285,337.42596,103.0959,0.12513538,279.27612,355.09824,0.11405835,288.07736,271.8046,0.08169814,353.3235,119.970924,0.074832216,192.06049,98.16404,0.19158863,187.7327,116.72764,0.13972108,543.39233,121.040016,0.10545418,224.40913,92.92884,0.11648936,275.25058,165.01404,0.09798259,256.30545,394.8435,0.25134844
478,344.75928,92.06961,0.16854092,337.4378,103.00572,0.11685768,278.8619,355.03427,0.12395344,287.87152,271.6521,0.079293475,353.3675,119.91113,0.07773763,191.90251,98.294716,0.19041948,187.3109,117.235245,0.16011308,543.4846,121.318184,0.11150599,195.28575,98.81836,0.11836715,275.12643,165.0936,0.095409974,256.08575,394.99994,0.2556402
479,344.89838,91.76342,0.18743688,322.86508,100.5548,0.1163056,278.88068,354.98587,0.12709823,287.21545,271.4002,0.07127853,353.4393,120.017586,0.075939685,192.11162,98.64776,0.18484166,187.61018,117.42527,0.16474289,543.3551,121.30707,0.116861954,220.04935,93.25252,0.12143446,275.14,165.10506,0.093352884,256.03497,394.94806,0.25930867
480,345.11688,91.59653,0.20337695,337.87637,102.64763,0.12015828,278.49597,355.54083,0.12329168,182.02727,67.544685,0.05641027,353.53,119.98313,0.06940489,205.3301,97.45915,0.18980986,188.93152,116.286514,0.10779426,543.15894,121.68502,0.132091,224.36174,92.84703,0.12200999,275.5845,171.61845,0.090356015,256.6444,395.15805,0.23214683
481,344.94012,91.57086,0.21414508,337.978,103.02303,0.12566912,278.56552,355.64972,0.12154192,287.1066,271.4228,0.05397451,353.39365,119.980705,0.06685898,205.48926,97.25915,0.18404438,188.71179,110.6836,0.08934236,543.21655,121.649536,0.12989767,224.3278,92.89998,0.119862564,275.68616,171.31306,0.08612585,252.52493,395.43103,0.2374834
482,344.61508,91.65119,0.23233765,322.5581,100.866554,0.13226567,278.8346,355.87708,0.115795165,348.06348,93.41199,0.054604728,353.2157,120.06742,0.064687245,205.25821,97.65848,0.18367247,188.10068,111.42978,0.10325817,543.27075,121.85998,0.12885341,224.31058,92.838936,0.13057052,275.68292,171.19951,0.0827643,256.3878,395.33258,0.23456044
483,344.55118,91.96787,0.22241655,322.48373,100.95728,0.1420812,391.88797,163.18883,0.11424521,348.3368,111.4395,0.056215983,353.07016,120.095985,0.060709324,205.26224,97.850464,0.19377115,188.14418,111.582954,0.111799404,543.27185,121.93324,0.12329406,224.23634,92.84002,0.13754031,274.85452,165.02565,0.08729379,252.79886,395.28867,0.20037188
484,344.37012,92.00839,0.22158119,322.53946,101.14057,0.15977629,391.87677,163.2792,0.11621411,348.47998,111.49366,0.06383745,352.72467,120.05703,0.06236497,205.1456,97.85208,0.19027156,188.4642,117.1475,0.11740146,543.2726,122.22307,0.12861268,223.97238,92.89477,0.13779302,274.98874,165.05905,0.08389433,256.85843,395.17786,0.19247515
485,320.5149,85.727135,0.23069948,322.68103,101.73826,0.17611903,292.11072,169.41542,0.11372265,348.22086,111.38474,0.06110073,259.73175,501.84686,0.062128305,204.93236,97.52381,0.18772724,188.28065,117.65809,0.12761633,543.27814,122.76457,0.14409949,223.92114,93.0714,0.12181556,259.92108,393.20206,0.08911289,256.9522,394.93692,0.19555157
486,320.41223,85.9254,0.24696527,322.58765,102.17845,0.18463323,291.66714,169.38094,0.1062441,286.4068,271.7005,0.07224438,352.35132,119.81828,0.066642605,205.27606,98.16281,0.20585161,188.36922,118.161934,0.13441367,543.371,122.73291,0.1331541,219.62146,93.11009,0.13767517,260.06177,393.4123,0.10677576,257.5178,394.7603,0.18581858
487,320.3884,86.01821,0.25503024,322.36084,102.119835,0.17363316,488.34305,177.81429,0.1026992,287.1172,271.72263,0.070928566,352.47986,119.80266,0.06003072,205.24106,97.69932,0.20025691,188.50398,118.48062,0.12901019,543.2059,126.276886,0.11235364,219.17606,93.18898,0.12521915,260.17715,392.79346,0.1170922,257.472,394.8563,0.20486353
488,320.13623,86.41983,0.26535043,322.14166,102.22677,0.16575924,487.82,178.07573,0.10198585,348.55182,111.31381,0.079481415,352.4167,119.986946,0.07079181,198.1547,99.65396,0.18917707,188.80162,119.13464,0.11615241,543.079,126.495735,0.13100035,219.20381,93.305824,0.11890697,260.34863,392.12518,0.12817061,246.48346,524.13696,0.21671945
489,319.89337,87.37479,0.22894116,322.1625,102.99049,0.14707515,343.7913,112.28321,0.12085319,348.3705,111.36943,0.07524865,352.6651,120.41212,0.06549478,205.95303,97.72428,0.18498585,189.41039,119.39093,0.10185872,542.998,126.58141,0.12294089,219.77635,93.39645,0.11295439,260.32635,391.79337,0.09252349,244.76675,528.2584,0.25273705
490,319.80917,87.86057,0.19939624,338.87067,116.45491,0.1417248,343.645,113.232414,0.122236416,348.61514,111.252556,0.06324967,259.88327,502.44492,0.06088599,205.9824,98.108444,0.17975283,189.63322,120.424995,0.100597814,544.266,133.79282,0.13331097,220.11017,93.53495,0.10833713,260.6445,391.978,0.094614714,257.56137,396.06497,0.23582539
491,319.29547,88.004814,0.19956006,323.47537,116.43172,0.14516695,343.62308,113.654366,0.115999155,348.7559,111.3877,0.08106993,323.22348,85.05161,0.06570967,190.76698,110.30486,0.20896643,188.50931,122.47188,0.13089813,544.0212,134.26926,0.16585723,224.29672,99.80874,0.10744443,260.8364,392.00726,0.116722144,247.0166,522.94867,0.23421165
492,326.74597,94.22739,0.21651518,338.78027,117.10939,0.15411113,343.3463,113.96901,0.12989032,348.06027,111.16242,0.07993771,323.1722,85.28131,0.0678226,205.8967,98.966125,0.18888181,189.82155,121.594826,0.11638538,543.6332,134.62073,0.15807267,224.59155,99.6484,0.11811668,258.36078,402.57797,0.10783219,245.58607,528.1858,0.22422259
493,327.03687,95.08699,0.23250997,323.5712,116.47063,0.16748327,342.52756,114.91845,0.117420636,332.25797,334.6066,0.08351383,279.3712,295.74698,0.06588475,205.48535,98.098946,0.15840283,188.06189,122.96454,0.095840946,543.5143,135.40086,0.15523835,224.44846,99.85457,0.109476835,258.42358,403.02994,0.0975884,245.28204,528.8135,0.24916895
494,327.51804,96.148384,0.21398404,323.33215,116.5358,0.17586687,295.53842,162.24567,0.12449062,332.20926,334.99435,0.086335674,434.81335,246.38391,0.06508729,196.86032,112.42658,0.14955072,188.20116,123.43637,0.101664364,543.3461,135.68507,0.14488117,224.35454,100.29417,0.110403396,257.9964,402.9314,0.11484204,246.02415,528.75183,0.2004165
495,306.2308,88.35077,0.16939862,323.35074,116.64185,0.16240124,295.6556,162.73717,0.120361805,332.0573,335.50528,0.10057651,291.2997,295.5339,0.06521578,197.7699,99.55843,0.14498067,187.49055,124.56764,0.09473654,543.094,136.04134,0.1321372,224.49843,100.52945,0.11369149,257.64316,403.00244,0.0975629,246.00658,529.77673,0.19580218
496,344.52423,107.10817,0.17502946,323.1767,116.991714,0.14480893,295.485,162.86972,0.11442843,347.62576,110.09074,0.0707388,291.14017,295.72562,0.061038457,197.67674,99.7144,0.1469784,187.6976,125.04343,0.10071503,543.2349,136.0919,0.12832035,224.89105,100.97423,0.11445126,274.0673,180.31258,0.088542946,251.3709,410.9753,0.21946223
497,344.5754,107.647255,0.21486023,322.98575,117.15452,0.13447139,278.99982,371.78784,0.11241931,286.5317,287.5041,0.06892421,529.9871,116.30399,0.056590747,204.61317,112.87402,0.16091883,187.76399,126.31012,0.11139028,542.9096,136.28369,0.1155985,225.08878,101.544525,0.12053572,257.79514,403.39545,0.10023663,251.266,411.29044,0.22193322
498,344.30402,107.62396,0.23224814,322.493,117.00867,0.1682439,281.14227,274.68652,0.10504714,347.7952,109.48489,0.06393158,308.5146,83.01623,0.06476306,197.04979,115.494995,0.17625187,187.09473,127.884056,0.13021483,542.5603,136.47531,0.09012321,225.56902,102.07134,0.1343,258.19495,403.3698,0.103990555,255.45314,401.62494,0.19290537
499,343.29385,108.35918,0.2319528,322.2912,117.46493,0.18850343,342.4415,121.785255,0.11255701,285.41498,287.44656,0.061683502,352.49445,135.5323,0.057453778,191.53423,113.87154,0.1828132,187.43314,132.46988,0.1353397,386.62265,179.15004,0.09347994,218.31313,109.22304,0.12378722,258.79535,404.14645,0.10353121,245.62022,539.67444,0.20509987
500,320.19348,101.701035,0.22611918,322.1286,118.29936,0.16969858,488.44662,193.80565,0.110565886,286.11948,287.9988,0.08968524,352.70004,135.47658,0.065126844,191.50102,114.13226,0.18010493,187.1419,133.31555,0.12883762,542.66547,137.41815,0.09232626,217.98239,109.55658,0.12311672,258.82968,404.28906,0.12256832,257.01306,410.81903,0.20079249
501,320.1273,102.155685,0.2287172,321.71225,118.20119,0.1432618,344.1701,128.41786,0.106716074,348.2554,127.31286,0.078618094,352.5843,135.99272,0.06655836,196.52452,115.663315,0.17572752,187.53534,133.91339,0.113938905,542.71857,141.73552,0.11889878,217.91725,109.63169,0.114955895,258.9524,404.14304,0.0984702,245.7091,540.3759,0.23748419
502,319.55423,103.22752,0.19826904,432.93085,135.8238,0.13843969,343.36603,128.79623,0.13122885,348.17606,127.29632,0.07468634,259.8093,518.21216,0.060533945,197.33841,115.34612,0.1854518,188.3361,134.27986,0.08265379,542.86475,142.25763,0.11111741,218.2571,109.50435,0.10978145,259.83853,531.70593,0.08649889,244.09944,544.1755,0.24647711
503,319.1743,103.39265,0.19384293,339.2701,132.63347,0.13697803,343.11707,129.33725,0.12951621,331.89053,350.44843,0.080931485,322.53287,100.9422,0.07472783,197.58984,115.29458,0.18679495,188.46506,135.26837,0.081807725,543.4212,149.53075,0.111958414,218.13423,109.465225,0.12183513,259.88654,407.9383,0.09903634,246.11362,538.7233,0.2452075
504,326.36398,110.39519,0.23490521,339.5158,133.0896,0.124768764,343.29663,129.58281,0.1176713,348.10294,127.172356,0.09411028,299.5405,81.764885,0.07450668,197.47444,115.6693,0.1795069,188.55455,136.50525,0.09206228,531.222,149.71857,0.11168973,218.38866,109.72405,0.11240208,275.80264,173.63443,0.09435813,246.46848,539.1921,0.2615802
505,326.77316,111.19225,0.20617498,323.10513,132.18864,0.15077417,342.7234,130.2569,0.112339094,347.95056,127.16506,0.08152626,291.41476,311.21954,0.07339566,190.50055,127.10785,0.17558348,188.37207,137.69756,0.09074135,531.59534,150.70303,0.15005794,224.00723,116.4341,0.11417167,260.48636,532.7988,0.08732525,246.72542,538.3979,0.23622283
506,305.40128,103.915535,0.19121283,322.53967,132.02914,0.14799164,342.81787,131.33331,0.10932631,332.2023,351.05243,0.09421288,291.03592,311.15564,0.078951634,197.0027,115.572624,0.15653342,188.33075,137.79813,0.065960616,531.8114,151.74644,0.14847562,223.896,116.69551,0.10663361,260.13992,409.36594,0.08324388,244.43573,545.1131,0.24486819
507,305.71143,104.177826,0.21434504,322.3408,132.08366,0.14373557,278.9766,387.79965,0.10224489,331.9831,351.0912,0.092636935,291.2029,311.49777,0.07601799,190.73582,128.69815,0.17455721,188.47214,139.24236,0.083609454,531.6787,151.91263,0.12642002,216.82045,125.68197,0.11918158,280.27966,195.00856,0.08341457,244.49121,546.05493,0.25461942
508,344.9161,123.137,0.17779908,322.68365,132.7122,0.12502341,281.6721,289.96805,0.10328434,287.1867,304.25784,0.088433996,339.43292,152.16164,0.08506127,190.59998,129.45567,0.20239255,186.56123,142.0641,0.11082019,531.5534,152.33809,0.12382378,217.1559,125.69024,0.13931571,257.71515,419.4816,0.09016649,245.75465,544.4467,0.1718301
509,344.63162,123.11454,0.23808853,322.27664,132.86736,0.13314606,281.348,290.12805,0.12334299,286.69067,304.10474,0.10011712,339.74304,152.4419,0.08337192,190.74826,129.4849,0.19310081,186.34552,142.84995,0.10724565,531.06775,152.04709,0.104577355,216.67957,125.848335,0.14433455,258.31247,419.76617,0.08649741,245.77155,544.8014,0.16331376
510,344.6323,123.87261,0.22073634,321.74762,133.34814,0.13897458,281.46616,290.7947,0.11047191,286.23672,304.12466,0.07951044,307.53632,98.70804,0.07227136,191.10777,129.81065,0.19051129,186.39558,143.49728,0.10458876,537.0311,155.96364,0.100696124,212.91017,126.618835,0.137965,264.93927,418.02985,0.08683397,245.0304,555.9449,0.2236737
511,327.70886,123.54492,0.19780916,321.3775,134.12833,0.15883237,281.36514,290.49475,0.10855801,286.42816,304.1637,0.07929313,436.0033,166.2115,0.07021489,174.49178,113.093704,0.19591151,187.65913,148.10498,0.07884161,536.78485,156.66643,0.09544546,212.74173,126.36983,0.12839927,258.83566,420.1336,0.10786083,245.37215,556.17426,0.18367244
512,319.2862,117.26574,0.20929353,320.77042,134.5037,0.16340083,344.07492,144.74876,0.1067633,347.33582,142.82912,0.0748251,352.2221,151.35416,0.088541135,174.53781,113.40827,0.18083756,187.82785,149.19737,0.072835855,352.51752,147.78119,0.10210115,213.11574,126.364944,0.14094278,258.6451,419.6645,0.08140784,245.4709,556.03625,0.27772126
513,307.3393,115.97418,0.20796031,320.27167,134.90536,0.14568809,344.2117,145.05261,0.107587464,347.14606,142.76852,0.069243334,352.1442,151.26532,0.07212509,196.07295,131.55716,0.1880032,188.10245,150.11519,0.063776694,352.40555,148.01959,0.093626305,213.20006,126.12809,0.15479326,259.35953,547.7916,0.07865386,244.84842,555.70905,0.32545283
514,425.05862,140.75677,0.1870551,432.79623,152.17848,0.13760033,328.2535,145.7637,0.11196241,332.14972,366.2287,0.0673736,299.04492,99.40774,0.07567317,191.75394,130.16617,0.18874645,174.36511,150.23347,0.06307578,536.8164,157.88416,0.11173579,213.04266,126.13691,0.14618991,259.68912,425.56293,0.075875975,244.80418,554.8967,0.3269323
515,327.0347,126.78111,0.20595445,417.9167,150.19951,0.1512139,342.94803,145.0469,0.13207233,347.35934,143.15215,0.091130935,435.17828,166.19318,0.08173653,173.80013,113.18227,0.19045626,174.29747,149.98422,0.051773705,536.36566,157.6017,0.12855123,213.09076,126.142296,0.13480379,281.29324,196.73697,0.08891192,245.51767,555.0072,0.29517716
516,305.2828,117.95215,0.2297399,322.49683,147.39331,0.14461818,342.53784,145.61012,0.119761884,347.24213,143.01796,0.09088777,299.31305,97.658,0.08365887,196.15749,131.71112,0.17753783,174.37311,151.79173,0.07501673,536.37103,158.25752,0.14133687,213.48837,126.18183,0.12165161,259.8636,548.70483,0.0864548,245.63007,554.60315,0.3075166
517,304.8736,118.89912,0.2235664,322.23505,147.462,0.17100736,342.03064,146.20401,0.12191584,332.43735,367.6949,0.088715054,434.88425,166.05287,0.08557397,173.23584,113.05596,0.18491104,174.2194,151.86024,0.06759399,530.6857,166.12244,0.16921379,189.54433,58.259254,0.11908112,331.67465,163.49704,0.08686597,245.90793,554.9689,0.26523668
518,304.6103,119.61588,0.21112362,321.96478,148.07607,0.16444515,281.54065,305.65927,0.11486396,286.39453,320.4192,0.07667256,314.75122,116.22276,0.07976478,195.9719,131.80615,0.17324851,174.2744,152.11691,0.06334753,531.04315,166.98856,0.1820907,189.6091,58.277004,0.12540486,331.77228,163.87442,0.08986881,244.3502,561.1807,0.23194575
519,304.91565,120.43596,0.21891674,321.5144,148.37059,0.15409498,280.73862,305.4596,0.14457044,286.5816,320.95865,0.096252546,338.58554,167.94751,0.071820065,190.16997,144.48558,0.1961307,174.64755,153.95567,0.071319506,531.1593,167.66328,0.17124788,189.69846,58.04709,0.13568492,331.30856,163.92053,0.08427307,246.90898,553.9632,0.19028296
520,303.75137,121.24731,0.17763905,337.17853,151.47067,0.12206912,280.62662,306.08746,0.12325643,286.1227,320.12943,0.09399204,338.6987,168.19147,0.08764812,190.25218,145.16884,0.2027148,180.15762,158.30806,0.07703132,530.963,168.06458,0.17219669,212.19077,142.38918,0.1349749,331.02606,163.86693,0.089987464,245.30032,559.84235,0.17912866
521,298.18936,127.561035,0.20236084,418.62686,164.56084,0.13531557,280.28824,306.02274,0.1251537,285.52463,320.24295,0.096270755,307.67886,115.674675,0.085103,190.56757,145.0205,0.1923794,180.2554,158.4249,0.069744594,530.48615,168.27904,0.15331942,211.83868,142.68845,0.14001484,258.57953,436.11038,0.08278434,245.31308,560.81964,0.18043995
522,298.1135,127.830795,0.19636916,418.3445,164.93826,0.1308704,280.42377,306.7566,0.12226649,285.76553,320.37183,0.08893952,299.91718,115.00721,0.0837433,190.95422,145.21768,0.17605089,180.37346,158.54852,0.06299738,530.484,168.34341,0.14947546,212.1765,142.58026,0.14202082,264.76788,434.69183,0.088436775,245.22054,561.2653,0.17249198
523,327.94363,139.3406,0.20202331,320.3642,149.84833,0.13920248,328.54245,155.1965,0.1141755,285.36612,320.4942,0.07989003,300.05106,115.25584,0.08191762,176.45882,129.52336,0.18051702,180.50728,159.23274,0.06285421,530.45197,168.37228,0.14605775,212.39954,142.3688,0.16013715,263.95068,434.12433,0.09861433,259.0335,331.19302,0.15348446
524,327.57193,139.99176,0.19868334,320.2524,150.37126,0.14423531,328.28928,155.27086,0.1257743,286.0136,320.34164,0.075700685,299.78677,115.10096,0.076810196,195.27219,147.01353,0.1852399,174.61551,156.20982,0.06403283,530.1648,168.37645,0.15195495,211.77502,142.09474,0.16394038,258.6356,435.76746,0.091516055,244.30844,576.7409,0.18466409
525,298.14404,127.72373,0.20716012,307.42365,142.76256,0.16306995,328.22644,155.1968,0.12256493,285.57236,320.32928,0.06871486,299.49463,115.30775,0.08296966,194.85272,146.95222,0.19210365,172.83461,159.03207,0.07799535,529.83704,168.62395,0.16121046,211.37698,141.99689,0.16178979,258.5832,435.81012,0.07611628,244.29057,576.55896,0.22452356
526,298.38242,127.17072,0.23220813,307.2356,143.07787,0.19386184,328.41446,155.10645,0.1107699,284.90588,320.25055,0.06823013,435.09033,182.63768,0.08287196,175.6173,129.66992,0.19408765,172.69778,159.01772,0.074245304,529.62146,168.8246,0.1518914,210.5506,141.94958,0.14112158,371.13992,317.5714,0.100222595,244.30577,576.6255,0.21521342
527,305.80444,132.10559,0.21976973,307.0964,143.2421,0.18303785,328.02686,155.00139,0.107086875,284.64493,320.16913,0.07810501,299.18832,116.081726,0.08669357,175.54198,129.746,0.19299704,172.62677,159.16624,0.06892173,529.24976,168.98798,0.13161671,189.63617,59.116344,0.13149609,371.41812,317.8678,0.086643666,246.12321,571.1067,0.25095522
528,305.63177,131.9993,0.23567633,307.59622,148.59956,0.18312244,327.99152,161.54584,0.13004665,284.64008,319.9459,0.06847958,299.22812,115.22115,0.08491804,175.2811,129.76949,0.17935291,172.81633,159.67232,0.07246157,529.1113,168.97697,0.12048684,210.08768,141.98662,0.12348497,436.85385,181.67177,0.0855079,244.2311,576.8555,0.21230528
529,305.43817,132.07396,0.23555616,307.44742,148.73257,0.18342231,327.94852,161.6392,0.13784894,295.26184,113.634285,0.06306161,435.01846,182.1785,0.082695164,175.21318,129.75621,0.19232148,172.7888,159.24757,0.0822005,528.93774,168.67451,0.09807666,199.44875,57.752666,0.1202351,436.6706,181.69861,0.083255626,244.60112,576.8069,0.19073096
530,305.2932,132.24844,0.23028351,307.3653,148.88461,0.17234029,327.7914,161.90337,0.14159562,165.69849,114.64632,0.06332611,434.99023,182.33026,0.09158374,175.30745,130.02628,0.1869077,172.994,164.19199,0.08368142,528.6891,168.55249,0.10127552,190.45491,59.084595,0.118761696,436.54755,181.72086,0.08620632,244.91034,576.70325,0.17888181
531,305.04004,132.3792,0.22129413,307.2498,148.98259,0.17143929,327.5497,161.91287,0.14269543,165.60449,114.70585,0.06303586,434.99792,182.36996,0.09343773,175.3602,129.92921,0.19392276,172.62468,158.7062,0.07881087,528.6795,169.01764,0.10709658,190.39134,59.086407,0.12083208,436.57498,181.5252,0.08754715,245.03387,576.54614,0.17745346
532,304.83762,132.59433,0.21579362,307.0956,149.07024,0.16586925,327.12857,161.72408,0.14609687,165.57881,114.68521,0.06383494,435.15152,182.39551,0.09244496,175.4144,129.92102,0.18742882,172.55234,158.48769,0.073950686,528.4648,168.93878,0.11512854,190.29703,59.21176,0.12023492,436.38858,181.56906,0.08700714,245.23824,576.6046,0.16291316
533,304.8422,132.787,0.22658122,307.20618,149.26935,0.16232902,326.8906,161.56035,0.14067398,165.56155,114.722565,0.06437411,337.58078,168.65558,0.094353355,175.40115,130.09143,0.19033124,172.27382,158.75392,0.08824126,528.49506,169.25447,0.127418,190.2025,59.15836,0.12065665,436.71042,181.64146,0.07963954,245.14767,576.7757,0.16282296
534,304.87875,133.09738,0.23322791,307.23422,149.41974,0.16085173,327.0163,161.37184,0.13564834,331.5429,159.5332,0.0625444,337.3228,168.47275,0.106165074,175.44124,130.17108,0.17673658,172.37138,158.96982,0.08161299,528.3372,169.57573,0.14938399,190.27159,58.99135,0.12467732,436.7529,181.56714,0.07679873,246.48654,571.0124,0.19647294
535,304.68323,133.31932,0.23274855,307.31482,149.7051,0.15882571,326.71735,161.2609,0.13118389,331.57816,159.37775,0.06542434,337.25232,168.29585,0.11301806,175.32489,129.92896,0.16699864,172.40945,159.41385,0.08781723,527.8668,168.95142,0.11858484,190.40564,59.01678,0.12372588,259.82938,564.72577,0.07493408,246.40642,570.9073,0.22187892
536,304.61673,133.4476,0.24144343,307.39398,150.05402,0.16476066,326.64273,161.29259,0.13785188,331.6799,159.38638,0.064835005,337.20227,168.11877,0.10902969,175.3374,129.83284,0.16097975,172.18127,159.47685,0.085820116,527.6168,169.4624,0.15856263,190.4819,58.880836,0.12690686,264.5151,434.17123,0.07666298,246.33888,570.98193,0.21769471
537,304.42017,133.48528,0.24675637,307.37778,150.13896,0.16113666,326.56488,161.65092,0.12939523,475.3071,222.43848,0.05804918,337.0696,168.04932,0.11887488,190.02887,145.59338,0.16041899,172.52582,159.46825,0.07592501,527.5083,169.03487,0.13802046,190.55095,59.02754,0.12475267,264.3576,434.0825,0.07960589,246.05998,571.22156,0.24371773
538,304.3841,133.85684,0.23364069,307.24564,150.28546,0.14736828,326.5778,161.67476,0.13778357,331.5091,159.4347,0.06232279,336.8383,168.11406,0.11701088,156.47557,128.18652,0.15976323,172.59927,159.72008,0.06796128,527.3948,168.97133,0.1384362,190.77887,58.910004,0.13206573,264.21094,434.08786,0.07943807,246.31412,570.9296,0.2219082
539,304.43118,133.70302,0.23358427,307.14108,150.33638,0.14148732,326.65717,161.32033,0.14957738,331.85315,159.57278,0.0662749,336.97348,168.37268,0.11144127,156.73868,128.29245,0.16255106,174.41508,157.08058,0.06956371,527.34845,168.57224,0.11901626,208.94551,141.8629,0.13231671,264.8387,448.61404,0.083064295,245.96909,571.10803,0.26154366
540,304.14896,133.7737,0.24636637,307.12323,150.54198,0.15950191,326.756,161.40465,0.14380123,474.71234,222.85158,0.070521064,337.15332,168.26309,0.107761905,189.7348,146.69534,0.16351928,173.48787,165.45375,0.084445335,527.1945,169.26695,0.15335496,208.84598,142.27245,0.12998058,259.63245,564.51044,0.0825314,245.36021,572.1318,0.2912319
541,304.50085,134.00871,0.23257269,307.07346,150.72543,0.15651938,327.19946,161.17763,0.13221839,381.3569,222.61028,0.065641604,337.24338,167.99709,0.10908639,189.62927,146.15625,0.1586053,173.22426,166.0816,0.07238869,527.33264,169.56172,0.16087422,190.5647,58.67634,0.12654744,259.3255,564.01294,0.08371622,245.683,571.3552,0.28789228
542,304.3273,134.07962,0.22763738,306.74002,150.67564,0.1539923,327.2737,161.34784,0.1271025,381.10028,222.9507,0.06673817,337.39197,168.05255,0.10738974,156.83295,128.71574,0.16510738,173.03674,166.13403,0.078558244,527.23285,169.25517,0.13005914,190.81589,58.822304,0.12180762,259.44144,563.9618,0.09121142,245.63332,571.23486,0.29404238
543,303.96497,134.17027,0.21683091,306.52414,150.86137,0.14549117,327.20236,161.40974,0.13492084,380.81512,223.21758,0.07034795,337.47464,168.10767,0.0942965,156.8204,128.62381,0.15855366,172.58719,165.94025,0.07963296,526.65436,169.55571,0.13219121,190.47923,58.980793,0.11420404,259.11862,563.8737,0.08449426,244.97804,562.5924,0.30573446
544,303.8687,133.99934,0.21355122,416.99893,167.1032,0.15153733,327.2749,161.44536,0.13382596,380.45282,223.02194,0.06638118,337.55878,168.09497,0.09361316,181.47255,147.5031,0.15358034,172.66132,165.88745,0.080093585,526.5904,169.35585,0.10978891,190.7021,59.104996,0.11823009,259.33423,564.27216,0.07718973,245.92572,570.36383,0.27564296
545,303.71902,134.26427,0.22371167,416.8637,167.8914,0.1730154,327.08054,161.53412,0.13800961,380.341,222.79321,0.06148877,337.57242,168.32945,0.0825168,176.20906,145.88486,0.15550542,172.45651,166.47267,0.08413789,526.08704,169.49979,0.13108394,190.6484,59.139328,0.12297922,272.9507,218.99258,0.07224727,245.9682,570.33856,0.2713714
546,303.6972,134.82372,0.22634299,416.92502,168.09955,0.16913511,327.21567,161.43066,0.13774273,380.09286,222.74866,0.064939894,337.44214,168.41933,0.07491161,156.76205,128.8713,0.16326454,172.47319,166.79185,0.08336581,514.9865,169.47343,0.110630184,190.80891,59.14709,0.13402387,272.7945,218.2694,0.08042704,244.1462,577.5244,0.28724974
547,303.55078,135.27075,0.22334866,416.8726,168.209,0.16204153,327.25354,161.82321,0.13978343,379.79642,222.92177,0.0691964,337.5041,168.55511,0.06944431,181.46416,147.60176,0.1651419,172.3436,166.42621,0.084375404,515.1013,169.39326,0.11446606,190.46445,59.17767,0.13010006,264.50616,448.6633,0.07291601,243.92975,577.54987,0.3186504
548,327.72446,143.34932,0.21022476,416.60352,169.0009,0.15967672,281.92075,209.82597,0.13196513,195.93246,65.03291,0.068493366,293.625,121.6596,0.06410063,181.55438,147.81705,0.1722016,172.31436,166.83963,0.09598096,418.9684,168.20535,0.09569755,190.66974,59.29282,0.13388732,257.53778,338.89487,0.07432278,243.77016,579.071,0.3284434
549,302.95468,135.77959,0.20652269,322.65912,165.21353,0.16377012,326.50372,162.22018,0.12983999,195.81651,65.11275,0.067461036,419.36368,166.96985,0.06508402,181.4221,147.65036,0.17568436,172.45325,167.23009,0.089203484,418.86755,168.2833,0.10014911,190.38109,59.483692,0.1281562,257.8322,339.10623,0.085483596,244.37236,579.0517,0.29148996
550,303.0157,136.369,0.20848927,322.26358,165.58014,0.16461928,326.46503,162.80229,0.12648116,195.75066,65.03766,0.070495814,314.6721,132.77501,0.07200241,181.64389,147.76285,0.16566174,172.4538,168.20839,0.07411678,521.9683,173.98747,0.15673743,190.37619,59.641357,0.1329917,259.05084,228.90123,0.094314,244.23479,578.9443,0.28115386
551,302.52902,136.52138,0.20561576,307.0777,163.78462,0.17416276,279.47275,322.52554,0.11864936,195.76607,65.09836,0.064820446,314.68854,133.13248,0.075936295,181.69661,148.02263,0.16904283,172.38338,169.11986,0.06846214,522.3011,173.73419,0.1614266,190.04457,59.740864,0.1248804,259.12585,228.89905,0.10718752,244.28157,578.7286,0.26273236
552,291.09027,135.3157,0.19604944,306.9426,163.81271,0.16165459,279.35315,322.41943,0.122625284,196.32112,65.14986,0.05842721,294.18018,121.62729,0.07274559,182.62444,147.50098,0.16896378,175.64876,157.73619,0.05753,521.84106,174.19708,0.13569042,172.56374,74.89746,0.1272656,259.09927,228.77849,0.09981507,244.24347,579.0983,0.27556518
553,290.7177,135.92854,0.17986983,306.86014,163.88913,0.14375539,279.38455,322.6995,0.11053456,196.43176,65.26965,0.06143341,337.19098,183.44962,0.06470164,181.96092,147.47762,0.17533958,173.4355,168.02518,0.06551005,515.20294,181.19077,0.14613557,172.71152,74.970406,0.12691575,259.31122,228.85481,0.100277565,244.13918,586.7912,0.30466887
554,290.2587,136.36742,0.17378716,307.03287,164.18513,0.14510491,281.21436,210.1471,0.11365749,196.3948,65.24253,0.057515398,264.4127,344.42487,0.06103253,181.33032,147.22829,0.16542794,173.12883,168.69595,0.059572447,515.35956,181.41739,0.15782453,172.64207,75.004684,0.1345533,259.0948,228.69481,0.09823781,244.30238,587.2659,0.28122935
555,289.7392,136.54955,0.17427723,306.90964,164.09367,0.1368382,281.37308,210.16809,0.1119601,196.29253,65.40669,0.058013707,337.2354,183.62425,0.06731303,181.38802,147.22748,0.1617835,173.3424,169.02084,0.05395339,514.921,181.67491,0.16410019,172.53952,75.13999,0.13618197,259.2503,228.88414,0.1020314,244.37874,588.06226,0.2638355
556,290.0325,137.066,0.18429856,306.93317,164.15085,0.13090847,281.08127,210.35472,0.113274336,331.63107,158.00127,0.056677885,337.2489,183.61864,0.06764476,181.38322,147.02203,0.15654969,173.43724,168.82138,0.050054546,514.90076,181.76445,0.15187393,172.78476,75.194626,0.13456228,259.56113,229.14253,0.09948079,244.62372,587.89996,0.25321117
557,290.24377,137.10625,0.1868756,306.81876,164.27492,0.14030263,281.09375,210.40927,0.11304809,196.27675,65.528625,0.058029745,337.3437,183.71758,0.06921596,181.45427,147.4139,0.15748219,173.4211,169.08536,0.052812785,514.7284,182.06584,0.14974453,172.684,75.10146,0.13785596,273.47253,218.91553,0.09520013,244.4688,587.917,0.26056832
558,289.85098,137.12538,0.19237657,306.8981,164.40382,0.1456675,280.91702,210.38892,0.11238265,196.27641,65.48628,0.05932091,337.35013,183.86618,0.069248706,181.30138,147.20506,0.15389855,173.36157,169.04291,0.05230334,514.74524,182.23384,0.16417132,172.78519,74.95887,0.13979985,259.4849,229.07996,0.10076834,244.2333,588.21606,0.2715211
559,328.4807,154.85805,0.1966306,306.99692,164.37064,0.14794949,326.20142,165.12805,0.11023025,331.83612,157.86873,0.06204785,337.32703,184.0321,0.07200282,181.1934,146.86775,0.1511118,173.15599,168.73148,0.05284422,514.62335,182.2048,0.17389622,172.5918,74.95658,0.12928677,259.3836,229.03336,0.10498028,244.28053,588.351,0.26214302
560,290.0455,136.8833,0.18427196,307.24896,164.37636,0.1512553,326.14377,164.9945,0.11256785,331.72336,158.06905,0.06689131,433.71237,183.19891,0.07566392,180.90671,146.92267,0.14932916,158.16168,166.28859,0.048690934,514.4949,182.01015,0.15942267,172.65666,75.0432,0.13244759,259.23517,228.82404,0.11274835,244.4853,588.5824,0.2502136
561,289.86697,136.84943,0.18744384,307.2159,164.31024,0.15453805,326.13663,164.68143,0.11356687,331.8196,158.16718,0.071436845,433.6734,183.19185,0.076284856,181.06445,146.9538,0.15217361,173.25427,168.81184,0.04496131,514.33954,181.74965,0.15125284,172.54619,75.06174,0.13651198,259.04782,228.6629,0.11077234,244.78963,587.88,0.2358354
562,290.47427,136.09233,0.18181722,307.18057,164.3592,0.15095681,326.14227,164.50864,0.112414606,331.72412,158.12952,0.068301626,433.26617,182.9944,0.07529638,181.1998,147.01384,0.15455377,158.18791,166.05688,0.04669619,514.21124,181.56444,0.15625037,173.15067,74.916626,0.14183317,258.86508,228.71858,0.114671275,244.74747,587.42487,0.23796344
563,290.70856,135.52336,0.19933705,307.00317,163.95465,0.16706048,278.61575,323.12943,0.12921195,331.57227,158.31789,0.06774575,433.23856,182.7966,0.06961622,156.63795,129.12297,0.15828748,158.4602,167.20638,0.067196324,520.3981,174.30768,0.11991381,172.80797,74.86668,0.11981932,258.5776,228.40976,0.11476731,244.9148,587.3522,0.22748516
564,290.54388,135.4877,0.1862488,307.2083,164.05717,0.17788534,326.4502,163.73178,0.112991445,195.83168,64.937904,0.074371114,307.41248,132.64203,0.07231872,173.3363,159.05563,0.18469377,158.52042,168.05943,0.08479926,520.3027,173.91252,0.13096851,190.7102,59.25256,0.1339854,258.55957,228.39113,0.11263096,244.1741,578.9798,0.29180098
565,302.58057,136.31425,0.20726264,307.29477,163.83582,0.1742174,326.35797,163.1196,0.12868403,315.06924,383.82712,0.07314521,420.06754,182.39272,0.07416261,172.64514,158.89246,0.1754824,158.30966,167.49698,0.07969322,519.94617,173.86691,0.15220104,190.7462,59.47009,0.1330368,258.6142,228.60443,0.10628691,243.8449,578.9902,0.32252768
566,310.57318,143.05487,0.21874368,322.6633,165.55766,0.19564392,326.55206,161.99509,0.1367318,332.5498,159.44687,0.07983729,419.97937,182.51251,0.074650146,171.98674,158.5123,0.19433327,158.31839,167.77748,0.09860457,520.2448,173.5944,0.12578297,190.974,58.991543,0.14756268,258.44705,228.33212,0.09247856,243.72908,578.8532,0.3154292
567,302.9057,135.19032,0.21712591,416.48108,169.55861,0.17010325,327.304,161.16234,0.14047703,332.37833,159.28227,0.07504598,419.9589,182.19423,0.08339052,157.38951,129.05072,0.19102378,158.32906,166.50464,0.08851154,520.2069,173.63326,0.12889172,191.21194,58.840496,0.15923193,258.47766,228.24548,0.096695274,243.91524,578.01154,0.30714077
568,409.08688,155.96805,0.19135994,416.85748,168.53586,0.16655755,327.63953,161.22945,0.12436466,315.62097,383.55334,0.06817495,244.59637,565.4928,0.07230785,157.48474,129.16342,0.21860643,158.2834,165.19086,0.081186324,519.9418,172.94853,0.113365285,190.81235,58.70678,0.13754383,260.5212,205.09435,0.109527536,244.68349,562.4354,0.30821124
569,302.88556,134.56065,0.20521367,322.55392,164.4899,0.16092907,327.19983,160.66995,0.14476103,279.6237,113.89521,0.07198004,307.21512,133.13335,0.072311334,158.10587,129.46315,0.20348336,158.48839,164.79898,0.09127206,513.39667,168.944,0.10747483,190.60605,58.369343,0.13055354,260.43158,205.27603,0.12239006,245.41931,571.1095,0.27620444
570,303.42853,133.60182,0.22568086,305.83926,150.1667,0.16799745,327.87036,159.93027,0.12021911,332.39203,159.21696,0.067278735,420.23392,182.63536,0.06594033,174.98186,146.0187,0.20071557,164.81107,160.73077,0.106223166,513.1724,168.80045,0.12882844,191.64125,57.917313,0.1447115,260.6099,205.13014,0.10624805,245.2985,561.042,0.25100416
571,304.06464,133.04517,0.22084624,306.4271,150.12587,0.17460436,326.8513,153.35649,0.1029179,331.75208,139.75844,0.063528374,336.58646,167.38278,0.07102401,174.7445,145.71681,0.20967245,164.58672,160.11217,0.12987058,513.53516,168.42593,0.14553013,200.62782,141.69502,0.14649782,264.52316,202.54556,0.10780339,247.7301,446.15457,0.23324642
572,327.18082,139.62175,0.2101937,306.5654,149.33682,0.19055603,326.64032,153.55484,0.114925444,332.084,140.85776,0.07682765,264.4399,439.4774,0.075177364,174.41293,145.72456,0.21550453,164.4301,159.43376,0.11714417,513.4802,168.09706,0.14916833,173.85388,59.2059,0.14221156,263.73322,434.0087,0.11488179,248.10617,445.55914,0.22192632
573,328.20477,139.0809,0.22572878,306.47604,148.55655,0.17563069,276.8656,217.75186,0.11324863,459.13293,223.59789,0.0718265,263.50586,439.50415,0.080621235,173.83376,145.5012,0.24339095,164.41327,159.18062,0.1199699,513.9244,168.01134,0.17586431,173.43835,59.04495,0.1385607,264.76105,433.4336,0.09956775,243.03708,577.00635,0.2104908
574,328.12347,138.83334,0.18629676,307.23724,148.683,0.16541673,326.2424,149.01065,0.111783445,459.8643,223.47522,0.08157731,419.93002,166.55795,0.07337705,173.40114,144.97575,0.1965843,157.22,162.48727,0.08198025,514.0247,167.67764,0.21208325,172.64156,58.76459,0.13569702,258.6574,212.8613,0.10365655,243.72311,561.76447,0.24613665
575,289.8775,120.20237,0.17599374,306.9337,148.3244,0.15683945,278.30298,306.6967,0.12657383,272.87753,320.60413,0.07268107,419.4758,166.88622,0.072061166,173.23225,143.7315,0.19648463,158.36394,152.96652,0.08572102,513.56055,166.93408,0.21474385,172.22499,58.73236,0.11040906,258.32883,212.24026,0.10338195,246.03072,554.5908,0.1976555
576,289.735,119.69395,0.19489704,307.0753,148.05865,0.16572146,280.42938,193.8822,0.12157291,292.4072,98.179634,0.07480256,293.43924,106.58613,0.08294029,175.38634,129.99698,0.18361917,158.06418,152.28714,0.0942126,513.34454,165.86075,0.17152257,196.55821,126.02569,0.12041435,258.43164,212.38393,0.0962607,243.20985,562.18036,0.26448336
577,310.83313,126.96703,0.21626392,307.41058,147.93394,0.16070984,280.40204,193.1252,0.11782432,332.2069,143.18074,0.086957805,293.59265,107.40702,0.07983363,174.91353,129.98306,0.1848526,157.67604,151.23552,0.104935996,513.41876,164.4281,0.12767434,196.3534,125.9091,0.1386371,257.81375,212.12988,0.08744277,244.46451,555.72064,0.28976348
578,310.40256,126.2021,0.21151538,416.33136,152.63087,0.14420547,327.0485,145.11008,0.1221508,332.17255,143.16002,0.088608734,284.035,98.7373,0.08094299,174.97243,129.79181,0.19381641,157.76103,149.76535,0.09507452,513.1098,153.80763,0.09284624,196.76866,125.72085,0.15408881,258.11636,212.18758,0.08853333,243.44307,555.6681,0.3496301
579,302.78152,118.70072,0.19237776,277.29092,195.1542,0.13155317,327.14484,144.86363,0.13078542,331.97977,143.42703,0.08405458,419.21445,166.24586,0.079337195,174.69897,129.92606,0.1918556,157.94528,148.9548,0.09342396,513.4057,153.67009,0.12137636,196.38608,125.926414,0.1521363,263.52167,424.17636,0.0827504,243.4863,556.3072,0.33253488
580,303.11346,117.61137,0.20642453,305.04562,134.33011,0.15686007,275.48102,200.87738,0.11248033,331.96844,142.84552,0.072234236,336.55893,151.44601,0.076937385,174.49306,130.03468,0.18759112,157.85208,148.24178,0.095391564,512.5078,152.84967,0.1383644,196.16798,126.3494,0.14287218,260.4617,188.51051,0.08434329,243.98347,556.597,0.3054459
581,303.3822,116.68043,0.2141126,305.7737,134.02365,0.19427894,274.31656,315.20764,0.117720984,271.75772,304.14035,0.0802004,419.57794,166.18494,0.06359254,173.9836,129.95293,0.20283271,163.25677,144.01268,0.10335536,513.1724,152.49666,0.18165307,195.80014,126.66682,0.14595662,263.08505,417.5437,0.10551542,243.63962,556.7691,0.30032235
582,328.464,123.883514,0.21368954,306.01074,133.18738,0.1360924,275.72897,201.40118,0.12270744,271.9446,303.5298,0.068667516,292.18854,99.52011,0.076085255,173.66135,128.96161,0.18681398,163.86868,142.52051,0.092635006,513.36017,153.08969,0.22628522,195.76314,126.206474,0.11677666,264.84885,417.67664,0.09788232,243.26752,557.1112,0.27118018
583,328.4151,123.50245,0.17835443,307.1419,133.39061,0.14761944,325.6249,132.78156,0.113165356,272.24677,303.96503,0.07535544,323.90915,152.28581,0.07746026,173.37215,128.4387,0.19369708,156.4287,141.11977,0.08021436,513.06036,152.02773,0.22162108,195.84253,125.51968,0.103672005,258.20593,196.29535,0.09391157,242.88696,556.5535,0.28438056
584,289.48288,104.44505,0.20148551,306.61514,132.50916,0.15915377,278.90305,290.4015,0.115141235,273.30777,304.48108,0.078507945,323.72855,151.64267,0.08222377,173.16504,127.1284,0.16048841,158.09106,136.89908,0.06358604,512.68463,150.77039,0.21453978,196.48164,109.85322,0.09375202,258.09586,195.95686,0.093754105,243.78325,545.51544,0.24904017
585,289.14993,103.865005,0.2022263,306.80966,131.68185,0.17029743,279.13885,178.4805,0.12312477,273.1715,304.5299,0.0776026,299.2721,100.27916,0.07358219,174.66367,113.11751,0.14994588,157.77751,135.58983,0.060981866,512.7606,149.36212,0.18230516,195.9712,109.661964,0.094717264,264.20908,194.2948,0.08978348,242.88692,546.64294,0.29713765
586,289.27765,102.25748,0.19393784,322.29636,133.20554,0.12088106,326.61053,129.39088,0.12303086,330.98904,126.837776,0.08094966,244.07451,533.103,0.0665764,164.95085,119.72393,0.15765266,156.98746,135.82024,0.09205886,512.00726,138.49788,0.14615662,162.2668,115.710526,0.10498462,259.9758,172.771,0.09922243,242.71078,545.69556,0.31212613
587,289.7335,101.38673,0.1797883,275.32388,292.7347,0.12569834,327.2457,129.19829,0.121716596,330.77225,126.8907,0.06915348,244.84024,533.1627,0.08750853,164.49948,118.58803,0.17517208,157.09613,134.89066,0.120754495,512.1519,142.11739,0.11790307,163.12419,114.78421,0.12028772,259.65588,172.93289,0.10776074,243.81953,539.243,0.3631136
588,290.62875,100.68195,0.21985742,276.08536,292.13165,0.1312646,312.2514,130.09471,0.1254546,270.93533,288.08563,0.06397129,244.7214,532.93475,0.07807238,173.17448,112.456406,0.16109559,156.68602,133.45567,0.0968397,512.2372,137.6867,0.10036157,161.5677,115.485435,0.117083944,259.24768,172.1031,0.08549994,243.78992,539.98083,0.32640976
589,302.7642,102.06063,0.20032649,303.97186,119.086784,0.13450216,274.76944,184.95659,0.122451864,272.031,399.82663,0.065047115,418.70535,150.51741,0.076573215,173.25122,113.1156,0.1735876,157.0827,132.75075,0.10356267,511.84265,136.99171,0.1332904,194.026,109.050674,0.13852078,263.67178,401.43292,0.07874915,244.00424,540.12854,0.31087872
590,303.222,101.20956,0.19576323,304.34186,118.14973,0.13498972,274.96704,185.06807,0.13105169,271.6104,287.96332,0.072163716,244.00183,532.26544,0.06957849,172.80792,112.42301,0.18062359,156.53886,127.18842,0.10668083,511.93677,136.25475,0.17121537,193.93396,108.84488,0.13633204,264.06903,401.23526,0.07893671,243.85213,540.86426,0.30896142
591,311.86023,107.46119,0.19991134,304.82462,117.810455,0.12857038,275.679,184.9642,0.13618332,271.36212,287.9111,0.08219396,284.22888,83.10196,0.063888416,172.86182,111.62147,0.17286263,156.3702,125.61074,0.09582437,512.11584,136.09532,0.14469534,189.2667,108.637566,0.11910499,264.45874,401.24857,0.08789996,243.80238,540.6086,0.29140565
592,303.74875,101.313126,0.17213637,277.92267,177.56078,0.12923843,275.74908,185.5507,0.1334944,459.92227,191.07199,0.072533935,291.63815,83.69602,0.07780868,172.5309,111.113686,0.16346022,156.06496,125.25502,0.10161165,511.79147,135.92476,0.15442327,188.8637,108.70729,0.10639432,265.38354,401.7014,0.08679944,242.85791,544.8437,0.25031847
593,288.4754,90.13309,0.17430961,277.9233,177.441,0.123296365,275.75574,185.67702,0.12788834,270.7433,287.26895,0.07936514,322.4585,136.51627,0.07237193,171.96684,110.98503,0.15661685,155.69254,124.97706,0.09942053,511.8728,134.99948,0.14840937,188.56473,108.76722,0.1021816,263.83432,168.92879,0.080286026,243.05675,540.98395,0.26100415
594,289.14,89.40684,0.1787561,278.1665,177.09366,0.13379157,275.61908,185.391,0.12592626,459.7907,190.69533,0.07947514,322.30032,136.04956,0.07005818,173.81433,97.42692,0.13858649,155.49176,124.87218,0.085734166,511.90817,135.02396,0.17992009,177.4667,93.44222,0.091269456,263.54282,168.93663,0.0816204,243.22293,531.3593,0.27017504
595,289.07758,89.087364,0.24081828,305.5792,116.56702,0.146726,275.74796,185.63446,0.12090845,271.77615,287.66995,0.07856824,298.97968,85.50338,0.065243304,165.44942,104.39698,0.14516589,155.5364,124.011665,0.082868904,512.10187,134.3744,0.16339308,177.21858,93.2969,0.093884714,315.4003,131.82814,0.08029859,243.22713,530.5414,0.25551087
596,288.82272,89.057014,0.22754069,305.76422,116.311226,0.15664975,312.35092,122.94417,0.10514789,316.04166,335.69623,0.08146538,298.9316,85.510704,0.06988663,165.22098,103.67356,0.14528933,155.49927,123.63485,0.0762231,512.34454,133.9843,0.13302504,176.44774,93.152855,0.094628125,315.67816,131.90851,0.094847225,243.20836,530.30225,0.24881223
597,288.90585,88.73708,0.22870705,306.01624,116.18367,0.1686642,325.63202,115.96487,0.11557482,316.72153,336.1272,0.097601004,298.88547,85.03923,0.07791624,164.82062,103.49173,0.16210103,156.8064,120.83775,0.0925157,512.51636,133.5785,0.124785915,307.46613,131.39304,0.102070644,315.54263,131.88875,0.103105605,242.98685,529.8318,0.24654575
598,289.1185,88.22494,0.22225498,306.25546,115.882935,0.1694906,325.485,115.385925,0.13177502,316.84027,335.70535,0.085632585,245.05959,517.88226,0.064879,164.22351,103.36316,0.16927736,156.28111,120.318306,0.10808788,323.2297,130.87767,0.11912607,307.36768,131.47289,0.10137332,315.56372,131.7907,0.10539399,241.82579,530.33716,0.30478385
599,289.4032,88.01664,0.2383957,306.31497,116.1955,0.1833482,311.17633,115.18629,0.13645458,316.71127,335.17557,0.07236331,259.13635,504.01843,0.06276595,164.26727,102.88271,0.15394272,156.27112,119.49355,0.09522399,511.32587,121.90273,0.11783945,161.12225,100.687065,0.10069811,315.48438,131.6466,0.100754514,241.6135,531.39343,0.31096074
600,289.33594,87.614136,0.22931002,306.55063,115.737144,0.16675174,325.5696,114.74853,0.13215019,273.75122,175.98557,0.061707232,259.0592,503.83365,0.06291976,172.30045,96.085396,0.15691791,156.25995,118.1983,0.088179715,511.17746,122.26644,0.12963195,160.59059,99.93168,0.10106276,315.37476,131.51723,0.09342565,242.05095,531.0958,0.29780522
601,289.2325,87.30903,0.2319246,306.51813,115.877846,0.1537499,325.7001,114.85246,0.12787922,273.88312,176.00046,0.060158744,259.13217,503.8158,0.06213439,163.50212,102.01684,0.1446976,155.50966,118.643974,0.09299471,511.27985,121.868256,0.11183773,160.30066,100.87267,0.109968744,315.3833,131.67758,0.08661891,241.52074,531.50183,0.30797485
602,289.3095,87.22993,0.24797463,290.83655,102.35792,0.15488476,325.76688,114.26562,0.1283494,329.48126,111.41806,0.0662132,290.25104,198.75981,0.06460837,163.30283,101.98038,0.14080532,155.30028,118.222755,0.092379645,511.28,121.724464,0.097993016,160.57648,100.78614,0.11271301,315.25955,131.44151,0.085005,241.60939,531.46234,0.29598045
603,289.3251,87.0303,0.2290581,290.99484,102.12937,0.15681547,325.7396,114.17959,0.13187362,315.8239,334.61365,0.06406247,246.41008,406.73483,0.065579236,171.91231,96.103836,0.1346824,155.26144,118.233505,0.08366192,511.31262,122.30309,0.12378189,160.60388,101.0875,0.11530891,263.94974,177.86,0.08490779,241.49075,531.49054,0.29849494
604,289.513,86.92888,0.21644555,291.16434,102.02606,0.15216084,325.70804,114.204254,0.1335746,459.9157,191.19777,0.070200935,246.50539,406.60196,0.06403845,171.87196,95.94149,0.13413489,155.38567,117.85911,0.08453185,511.4478,122.25447,0.121064045,160.3237,101.0182,0.11404855,264.1619,177.98798,0.086870186,239.1645,532.0441,0.30008352
605,289.40027,86.689354,0.20082645,291.10547,101.80765,0.14845423,325.73306,114.05686,0.13621481,459.77344,191.05525,0.067535475,259.72137,503.99326,0.06266181,163.21227,101.77609,0.13248171,155.22253,117.90725,0.08549323,511.5249,122.01192,0.10592109,160.3371,101.15051,0.118224286,245.02267,404.99265,0.09440927,238.86154,532.0717,0.3181209
606,289.44443,86.75784,0.18688378,291.17462,101.87118,0.13708559,325.79358,113.920654,0.13380691,459.86188,191.00812,0.06719211,418.62402,133.90813,0.060899436,162.79799,102.12237,0.16098633,154.82909,119.0232,0.1319534,511.60736,122.42937,0.12801509,161.58228,100.571045,0.13293648,244.98116,405.00323,0.103312366,238.8606,531.94275,0.31093863
607,289.4695,86.583,0.1918726,291.30658,101.74941,0.14545265,325.76428,113.850815,0.1362414,270.95444,288.10364,0.06269353,418.55304,133.92827,0.061209023,162.71968,102.09069,0.15680854,154.80994,119.018814,0.13126385,511.57288,122.14021,0.116520405,161.66902,100.588905,0.13353445,244.91609,405.09348,0.09981143,238.79759,531.65735,0.29777205
608,289.34067,86.64411,0.19553423,291.19934,101.77031,0.14502957,325.80017,113.78353,0.1411444,270.9729,288.022,0.06373787,418.49966,134.1312,0.061713375,162.83282,101.80007,0.14452296,155.02008,118.38064,0.11297709,511.6853,122.3577,0.121114545,160.9348,100.892784,0.12885626,244.75087,405.07343,0.10391535,238.67336,531.697,0.30292848
609,289.4218,86.69265,0.18528458,291.24704,101.830536,0.13486545,325.91635,113.844215,0.13362908,271.16876,288.0957,0.06940034,418.5045,134.18132,0.05964812,163.15286,101.6568,0.1448907,155.31784,118.0701,0.104688995,511.71262,122.64002,0.13203667,160.7545,100.84483,0.122451484,244.65176,405.0439,0.090392984,238.68428,531.7288,0.30655426
610,289.3548,86.69941,0.19523044,291.14014,101.71054,0.1419684,325.8898,113.83104,0.13873005,271.50696,288.152,0.0701094,418.4924,134.23889,0.061220217,163.23181,101.60272,0.14061509,155.35916,117.9017,0.09771395,511.8213,122.332375,0.12329549,160.61383,100.97895,0.12230434,264.14398,164.06912,0.08890609,238.5924,531.7246,0.31084073
611,289.42148,86.59899,0.20905359,291.21155,101.81152,0.14551564,326.0178,113.779434,0.1367911,271.73468,288.28598,0.07307068,307.94705,343.2569,0.062712744,171.72253,96.39612,0.14545208,155.62727,117.41956,0.097098395,511.9488,122.16329,0.117009684,160.6945,100.7052,0.12227472,244.30495,404.81683,0.096630044,238.34944,531.5681,0.3002504
612,289.02213,86.42226,0.19991511,291.0373,101.715004,0.13907203,326.385,113.81495,0.12370143,269.67078,271.7113,0.0650877,418.50845,134.12427,0.063626945,163.08388,100.9213,0.13881592,412.5487,577.34406,0.10491206,511.94055,122.25185,0.12857592,160.76431,100.31143,0.12334236,264.3522,178.04262,0.08498446,238.05536,531.6908,0.27164134
613,289.1523,86.4155,0.19106717,291.19366,101.63428,0.13590412,326.5193,113.7649,0.119807094,269.75342,271.7621,0.06804933,275.541,295.59644,0.06551931,162.7634,101.22614,0.14404266,412.39307,577.3166,0.10663571,512.0859,122.136986,0.13226902,161.46156,100.25795,0.13616884,264.44962,178.1996,0.08356742,237.5023,531.8198,0.27329272
614,289.31235,86.510475,0.18667586,306.95978,115.60937,0.13258646,326.7099,113.77397,0.11740978,269.70367,271.7493,0.06581474,418.48724,134.05824,0.06730618,162.72469,101.01869,0.14439905,151.72487,116.507225,0.097909175,511.94012,122.10128,0.13854271,161.49083,100.14573,0.13721013,264.55637,164.15678,0.08608251,237.47882,531.08374,0.24905528
615,289.73334,86.409836,0.19285034,306.83612,115.599625,0.13619061,326.66592,114.0314,0.11201109,316.2413,334.09073,0.07279619,418.59805,134.19054,0.07470133,171.46373,96.17493,0.14683424,412.2871,577.13806,0.09833505,512.0521,122.2122,0.1495367,161.22714,100.28721,0.13058941,264.59717,164.2506,0.084604986,237.40092,530.9591,0.23855312
616,290.19302,86.09791,0.20242897,303.93973,105.12225,0.12928894,326.9558,114.28782,0.10295722,316.12912,334.4067,0.082041465,418.73346,134.4318,0.07727117,171.32689,96.001465,0.14252923,412.16968,577.1067,0.10542805,512.0019,122.00222,0.15028207,160.7985,100.38648,0.13038324,245.738,515.816,0.09254229,237.18071,530.5064,0.2562558
617,290.0454,85.68979,0.20350982,304.00394,104.757355,0.13179812,327.15256,114.30468,0.099749036,316.25946,334.48474,0.07769168,245.6331,517.5097,0.08129086,162.98529,100.63297,0.14179313,155.9006,116.25639,0.10173167,511.76605,121.543335,0.14939292,160.60353,100.03082,0.13398713,245.18918,515.2896,0.09908327,236.81068,530.035,0.26875383
618,290.6134,85.37898,0.22250214,303.91895,104.642105,0.1435977,327.28748,114.359116,0.095845796,316.19736,334.22632,0.070380636,245.61272,517.3975,0.08481513,162.94536,100.39619,0.13481662,412.51917,576.8472,0.09629616,511.67554,121.252975,0.1539802,160.2108,100.11093,0.131471,244.91716,515.09625,0.100100584,235.98042,530.3025,0.27903128
619,290.29675,85.52802,0.21136254,303.7752,104.141655,0.13401483,262.88934,370.6463,0.10860481,316.40833,334.35,0.07509075,245.32214,517.2418,0.08540889,163.10149,100.15022,0.13116693,412.2478,576.78217,0.10882583,511.7231,121.184044,0.14680211,160.09763,99.98028,0.12695238,244.74347,515.10516,0.10403902,235.58275,529.9129,0.27563775
620,290.20752,85.55907,0.20246351,303.91846,103.65041,0.12921658,263.07663,370.11368,0.10762259,316.4016,334.35916,0.071027905,245.24464,517.1049,0.07947668,170.93483,95.23701,0.12637186,412.3993,576.51904,0.09212231,511.70526,121.09369,0.15095252,159.57748,100.07168,0.11328961,244.56912,514.98285,0.10441376,231.6784,529.9993,0.2735428
621,290.12732,85.37819,0.20500132,291.6203,94.89851,0.13347372,312.22107,107.65708,0.10835914,316.6496,334.39325,0.07600366,244.99437,517.29944,0.074009106,163.72676,96.68204,0.12255252,412.39493,576.5651,0.08893575,511.98718,120.95343,0.17025378,159.2201,99.74751,0.112002835,244.52962,514.84644,0.102527894,236.54492,516.20306,0.23467733
622,290.13885,85.26563,0.19867243,304.08813,103.29872,0.13627198,263.89984,369.19843,0.12123053,316.68893,334.51355,0.07675081,322.16653,120.24307,0.068160504,163.61667,96.499245,0.12669905,412.3863,576.357,0.08369186,512.27545,120.77957,0.18063132,159.05836,99.50852,0.11130745,244.39441,514.7715,0.1007338,236.59024,515.4126,0.21713051
623,311.7971,92.96163,0.19625133,304.2264,103.06206,0.1411007,311.98242,107.55748,0.11904641,316.5252,334.50934,0.07435989,322.12656,120.53841,0.06845443,163.56299,96.35566,0.12749422,412.38306,576.29517,0.08408728,512.404,120.830185,0.2044206,159.0662,99.34189,0.109136835,244.2113,514.70575,0.10328818,236.38152,515.20483,0.2160519
624,311.88974,92.86052,0.19343343,304.33234,102.74099,0.13293074,311.99847,107.755394,0.11987768,458.66458,174.83774,0.057381585,322.20602,120.53043,0.07571135,163.28212,96.11131,0.12579392,155.0273,108.97384,0.06188509,512.51996,120.92804,0.21194996,158.7637,99.44177,0.111204796,244.42311,514.1157,0.107005164,237.79198,506.95514,0.22822225
625,311.8005,92.24943,0.19286853,304.52167,102.635925,0.1415358,312.1436,107.741646,0.12164455,316.6502,334.3832,0.06584173,322.12375,120.68294,0.07768846,163.03691,95.65155,0.12390464,412.34094,575.92883,0.06985365,512.69666,120.49627,0.18093635,158.3117,99.02033,0.10838319,244.3309,514.6377,0.10862149,237.65381,507.15497,0.19306192
626,290.14038,84.69082,0.17880931,304.6156,102.30601,0.1349472,312.28073,107.666855,0.11737021,316.8522,334.6684,0.077364825,322.20337,120.74708,0.0711162,157.52863,95.3563,0.12872884,154.93697,108.44254,0.06622416,512.77167,120.686554,0.20181473,158.87906,98.66306,0.10980891,244.4717,515.0272,0.10467819,242.6216,396.15912,0.19889557
627,312.4954,91.99745,0.16463716,320.9963,104.70608,0.12483403,312.51813,107.83184,0.110292554,314.9656,319.3425,0.073153175,322.15796,120.66103,0.06875396,163.09645,95.3548,0.12608047,412.25803,575.62695,0.087021165,512.95087,120.54353,0.21642098,158.33763,98.16875,0.09558819,244.39145,515.0224,0.10721503,231.01851,529.07404,0.21697767
628,287.65854,74.649536,0.15822946,495.18835,119.50579,0.13131016,312.7447,107.536896,0.10827741,459.60242,175.14319,0.08289819,322.4206,120.600624,0.07635922,412.08908,556.776,0.15451778,412.25204,575.4408,0.07702168,513.4265,120.22636,0.21617725,158.23593,97.76407,0.093852945,244.31322,514.9491,0.10644888,230.79797,528.7001,0.20372087
629,494.90823,104.05451,0.17206521,495.13763,119.36033,0.13941267,312.7097,107.73364,0.10229912,459.7037,175.25671,0.08421443,322.44934,120.3304,0.08248032,411.8236,556.43823,0.14473201,411.56982,566.1332,0.07278538,513.41235,120.12254,0.23133816,158.26646,97.76954,0.09371208,244.57452,515.3403,0.10547244,241.90971,395.7061,0.19251189
630,494.7795,103.52178,0.16345426,495.34485,118.45478,0.13475546,454.1697,162.63637,0.113636576,459.5268,175.48247,0.09203124,322.4078,120.1874,0.07609987,162.93195,94.60888,0.12536427,411.92023,565.0971,0.06508193,513.2492,119.37752,0.22772793,159.53119,85.16021,0.08488274,244.72899,393.3849,0.09777292,241.8999,395.61472,0.1878345
631,288.5327,73.68028,0.16095032,495.77084,117.994576,0.1286999,312.86533,107.371025,0.10934229,459.90942,175.29297,0.087747164,322.40814,120.10629,0.07819436,406.56006,550.3189,0.12656604,411.8142,565.81305,0.073258795,513.3122,118.469444,0.2193242,158.39413,97.78685,0.08909468,244.56024,393.6721,0.102622226,241.93513,395.4959,0.18047932
632,288.86163,73.287285,0.15775156,305.7377,101.06452,0.11665897,312.70297,107.31427,0.111153,459.6612,174.88281,0.072161384,322.28232,119.95658,0.07128303,412.1772,555.3825,0.13070688,411.92853,565.42535,0.07440732,513.4219,117.611855,0.2292898,159.69037,85.53082,0.08065473,244.54358,393.79922,0.10511185,237.15578,507.02557,0.19143197
633,289.025,73.173615,0.17739575,305.62488,100.99408,0.12457116,312.5076,107.367096,0.1147721,270.57202,272.61902,0.07610178,322.16455,119.944084,0.075596966,412.13388,555.38654,0.13289554,406.35492,566.12506,0.07999469,513.427,117.04629,0.20941542,159.90863,85.38779,0.08397124,244.19138,393.93182,0.103844345,236.84634,507.21848,0.19285032
634,289.0931,73.26127,0.19657813,305.4114,100.772125,0.14795361,265.54565,258.52005,0.116592556,270.53445,272.36948,0.08276931,322.33743,120.04319,0.06354329,412.05643,555.5162,0.15419838,406.38208,566.376,0.08292595,513.4963,116.4346,0.19527258,159.55461,85.313385,0.083772734,244.3356,394.69696,0.09202562,236.7728,507.04266,0.18843639
635,289.00766,73.01988,0.1991245,305.64642,100.55929,0.14561251,265.08713,258.01297,0.11545165,270.4286,272.52963,0.094536394,322.41098,119.74736,0.0600329,411.97495,555.1828,0.14655599,406.35098,566.0925,0.08423839,513.7672,116.056404,0.15734625,159.39516,85.168594,0.08739502,243.98563,394.44724,0.09350597,236.79794,507.19275,0.16997561
636,288.61917,73.133415,0.201279,306.00552,100.79721,0.14813341,264.72565,258.1143,0.12198244,270.0385,272.25314,0.090589166,322.78543,119.77037,0.07575256,156.45508,93.68921,0.122232705,411.59543,564.4107,0.063953355,513.51465,116.4531,0.16217795,159.07616,86.00279,0.091186404,315.06982,115.56105,0.09064222,231.48863,514.1791,0.16654366
637,288.80386,72.890465,0.2056927,306.1408,100.56465,0.14749923,264.2769,257.94565,0.124629945,269.9067,272.24814,0.09628368,322.9277,119.7446,0.081457295,411.59573,554.8886,0.13066657,411.3169,564.45544,0.0776903,513.5422,116.217476,0.12276027,159.25677,85.679565,0.095618844,315.1278,115.440994,0.094963044,231.44087,513.6288,0.16669342
638,288.73206,72.82196,0.21711257,306.23315,100.52128,0.14821735,264.21164,258.15714,0.12307946,269.9652,272.25485,0.09741669,322.96155,119.73227,0.07745924,411.5695,554.7718,0.13877037,406.07846,565.2258,0.08039096,323.17422,114.922226,0.111320674,308.19165,115.16747,0.09898025,315.35428,115.5664,0.10096895,231.32616,513.57513,0.17228538
639,288.89673,72.51456,0.21356171,306.2651,100.49657,0.15172309,264.34418,258.16705,0.117828466,270.28137,272.29724,0.09626139,323.0481,119.76532,0.07556523,411.55865,555.2599,0.20631053,406.4939,566.35254,0.10866214,323.18384,114.97045,0.11421237,308.1078,115.26201,0.102227844,315.38876,115.59342,0.105347194,231.40848,513.6462,0.17170653
640,288.9757,72.41815,0.22073412,306.22974,100.24879,0.15184249,264.41882,258.18973,0.11951583,270.40796,272.36984,0.10106049,323.07333,119.75893,0.07480701,411.6019,555.1252,0.1934673,406.40082,566.1104,0.095122635,323.13235,114.9002,0.11561917,308.06,115.274086,0.103389665,315.36124,115.61361,0.10491093,231.2834,513.7479,0.1803543
641,289.05142,72.36242,0.22235188,306.2428,100.19051,0.15607098,264.4266,258.0997,0.11974707,270.62762,272.75348,0.100451715,323.2102,119.86566,0.07185456,411.5804,554.9328,0.20242383,406.542,566.38934,0.11169702,323.23535,114.89381,0.11722258,308.1448,115.299515,0.09967573,315.29648,115.589355,0.104381025,231.40195,513.98944,0.16854434
642,289.0396,72.24457,0.22384827,306.32953,100.22883,0.16158494,264.60532,257.85556,0.12762614,270.98853,272.99713,0.10302733,273.99292,280.21097,0.076224476,411.652,554.6864,0.14563878,406.22867,565.19904,0.078517556,323.39697,114.936485,0.11978157,159.15683,85.10952,0.10395868,242.57625,388.11716,0.10389775,231.30339,513.94684,0.17238137
643,289.10632,72.282486,0.23564774,306.26248,100.397125,0.16031279,264.6467,257.8466,0.13014548,271.05295,273.06836,0.10576702,274.03833,280.06473,0.076672606,411.72995,554.7972,0.15082218,411.4646,564.37,0.076884314,323.29025,114.96311,0.11899308,159.08861,85.01633,0.10717311,242.36427,387.9262,0.10237994,231.23132,513.86554,0.18453099
644,289.4801,72.07607,0.22946154,306.36914,100.158905,0.15939827,264.5918,257.7995,0.13232644,270.75604,273.36276,0.10141742,273.7747,280.0667,0.07298031,411.7493,554.78424,0.15431646,411.53317,564.3875,0.07897463,323.40237,115.018166,0.118677214,159.09462,85.274895,0.11351333,315.2747,115.75848,0.100250565,230.75519,514.4252,0.19402416
645,289.63913,71.927605,0.21803175,306.54617,100.17811,0.16179623,264.74255,257.61023,0.14005822,270.79254,273.35028,0.1030026,273.72818,280.07922,0.07192822,156.97269,79.10522,0.12898475,411.6746,563.7637,0.06297626,323.47705,115.00432,0.1180655,159.19505,84.96874,0.11516864,315.23422,115.82505,0.09833354,230.26202,514.9731,0.21968445
646,289.8914,71.363594,0.23169672,306.5774,99.93504,0.15186924,264.48532,257.32596,0.1426464,270.58304,273.3158,0.0977848,323.182,119.539276,0.06697175,156.8864,78.94415,0.12531924,411.69638,563.92944,0.06501871,307.5095,114.59829,0.11320489,159.00897,85.06489,0.11067289,315.33673,115.81328,0.096755624,230.269,515.3622,0.21074481
647,289.5626,71.0283,0.22445437,306.61572,99.85128,0.1444533,264.68207,257.5544,0.1524733,270.80054,273.33145,0.093794994,418.55237,118.81128,0.071923085,411.87424,554.5627,0.16159563,411.7138,564.30225,0.08591874,513.65717,105.15049,0.109726086,159.11378,85.10522,0.113024995,315.30804,115.72736,0.09150457,230.18675,514.83,0.2141898
648,289.42102,70.57369,0.22422051,291.06754,85.99027,0.13819768,264.8099,257.62607,0.13775346,270.61276,273.30408,0.084954716,418.70752,118.825356,0.075073585,412.18347,555.38513,0.20053552,411.97156,565.29205,0.096104264,519.537,108.29133,0.104202874,159.53671,85.2701,0.1275893,241.5048,387.05304,0.08980376,230.15302,514.7368,0.22686559
649,289.54474,70.53388,0.21491365,291.17368,85.91601,0.13099979,265.22586,257.7114,0.13302292,316.1851,319.37277,0.087205715,418.77045,118.807365,0.07922971,412.13525,555.1468,0.19932763,411.91064,565.1279,0.09788668,519.66705,108.18608,0.1008765,159.56163,85.215866,0.1277279,244.69014,501.03366,0.084848404,230.10527,514.83325,0.23226692
650,289.47263,70.24591,0.22267881,291.22302,85.80797,0.13516138,265.0526,257.70502,0.12612031,316.35425,319.56567,0.09161828,418.8573,118.84867,0.07819599,412.20108,555.31433,0.20305324,412.00388,565.189,0.09655415,513.7987,105.005516,0.118109375,159.64204,85.021095,0.1239871,244.44353,500.76974,0.09048257,229.74771,514.87665,0.26453328
651,289.39008,70.21186,0.20476484,291.13565,85.61566,0.12405713,265.53757,257.74216,0.12107553,316.43472,319.63858,0.097092606,419.05984,118.72146,0.07782841,412.064,555.3679,0.2039348,411.9566,565.074,0.0903033,513.769,104.74131,0.113366865,158.95264,85.30151,0.11509334,244.34296,500.6939,0.09467832,229.75232,514.33813,0.26057413
652,289.438,70.110886,0.18750122,322.06955,100.78542,0.12426494,326.45883,97.85705,0.124527454,316.59186,319.5349,0.09776927,419.19882,118.66621,0.07556412,412.23557,555.0799,0.19661033,411.95923,565.0664,0.09634979,513.9417,104.791,0.11672286,158.70413,85.235916,0.11560334,244.19247,500.52374,0.10268235,229.70071,514.07196,0.26189044
653,289.3976,70.09961,0.19075426,370.69254,162.77,0.12501228,326.68134,98.03322,0.11496482,316.66,319.54614,0.10008245,419.3269,118.59727,0.07586958,412.34552,555.08325,0.22512071,412.05933,565.3151,0.104140274,513.76166,104.543434,0.10255802,158.97473,85.16251,0.11696344,243.99438,500.37723,0.105775654,229.36505,513.8543,0.29115674
654,289.44022,69.93366,0.19046116,370.63486,162.60004,0.12159781,326.86633,98.16892,0.114608034,316.86325,319.52585,0.099337175,419.52652,118.43942,0.07399351,412.42004,555.3287,0.2352816,412.00745,565.863,0.11071176,513.59424,104.422714,0.107746966,158.92978,85.27328,0.11509551,244.00737,500.43195,0.10806037,229.55928,513.4145,0.28424957
655,289.5889,69.67963,0.1908394,370.5406,162.79349,0.119022176,326.84207,98.071365,0.115382835,316.81284,319.41135,0.09902527,419.63953,118.26786,0.07915722,412.38724,555.46735,0.19362706,412.21536,565.3364,0.08814414,513.5418,104.485695,0.10758035,159.26578,85.21915,0.115847275,243.98125,500.44992,0.11316446,229.34023,513.10706,0.28906423
656,289.6258,69.68589,0.18826419,370.5777,162.831,0.1277207,327.0113,98.06618,0.11420844,316.7904,319.28555,0.09405863,419.7091,118.06505,0.07918856,412.34982,555.05597,0.2247125,411.965,565.47546,0.110186026,513.62366,103.99393,0.10421952,158.76288,85.325134,0.10431926,244.0252,500.3787,0.11355744,229.8831,512.7903,0.24890436
657,289.96732,69.4717,0.19721206,370.66672,162.81154,0.1265797,311.8475,98.88376,0.11888394,316.891,319.14722,0.08882305,419.63736,118.08721,0.073919214,412.1226,555.34985,0.28010023,407.74902,567.5749,0.14517221,513.689,104.08122,0.10160305,159.11096,85.12317,0.112001225,244.15106,500.62067,0.11029922,229.72601,512.9159,0.24972759
658,290.16998,69.48784,0.18229908,370.70038,162.78514,0.12666103,311.8633,98.63095,0.11427912,316.75146,319.0339,0.08456748,274.4748,278.88425,0.06754895,412.0105,555.1576,0.27012047,407.60538,567.14795,0.13832499,513.82806,104.17565,0.103096955,159.33788,84.96717,0.11630456,244.04153,500.45523,0.10982462,229.71672,512.68164,0.23877786
659,290.45612,69.382645,0.17975971,370.72937,162.81555,0.12642431,278.87033,145.63498,0.11725361,316.76178,319.02606,0.080864154,274.67166,278.96527,0.06899438,411.79144,555.53314,0.31123677,407.9139,568.135,0.17480369,513.6938,103.99547,0.098805524,157.863,85.12131,0.09425592,244.16028,500.3934,0.1077749,229.6081,512.8593,0.23709103
660,290.61124,69.173904,0.17250088,370.61304,163.40465,0.11944479,311.8474,98.47739,0.10007402,331.11908,94.67548,0.08612937,419.9861,118.31969,0.07217452,412.2924,555.15094,0.23775777,407.59537,566.77405,0.11188711,514.01215,104.66839,0.10793444,157.84425,84.75634,0.09173842,244.11401,500.23734,0.10531726,229.563,512.6188,0.23214705
661,290.97086,69.06702,0.18090194,370.87665,163.18451,0.1149869,311.97595,98.56946,0.09612551,331.00378,94.69528,0.08652458,420.0067,118.32178,0.069989584,412.31015,554.34235,0.2208946,411.95444,564.74896,0.11270898,520.37103,108.29829,0.10156308,158.12424,84.6308,0.088072084,244.03656,500.23962,0.10484521,229.3188,512.6505,0.237717
662,291.05728,69.23505,0.16351148,418.15683,102.47951,0.118410826,373.14075,146.72531,0.09718338,330.90378,94.671585,0.07907676,323.4941,104.73837,0.071968146,412.4376,554.68604,0.27893293,407.8799,567.0723,0.14538157,520.5705,108.10683,0.094541155,157.77185,84.68951,0.08886376,244.0893,500.28174,0.10541453,229.3725,512.56055,0.22960375
663,302.97894,71.19633,0.18611713,418.15024,102.606125,0.124276474,373.32034,146.90208,0.09836743,330.95947,94.8693,0.07801453,275.39087,279.4478,0.07656188,412.29868,554.74194,0.27786696,407.95615,567.3234,0.15490617,520.7568,107.94583,0.087079026,157.5539,84.68138,0.08651956,244.0008,500.17465,0.10713847,229.44455,512.31305,0.22925767
664,303.03235,71.18027,0.17114712,418.43295,102.44968,0.12793377,373.53653,147.04144,0.09616297,316.5751,318.801,0.07316876,275.45236,279.53833,0.07538685,412.17963,555.25037,0.31374925,408.294,568.1209,0.1760818,323.23907,88.04022,0.09972573,157.20079,84.736824,0.083556175,244.13356,500.24335,0.10238405,229.42265,512.4414,0.22214653
665,303.22797,71.1237,0.17381476,418.5161,102.39343,0.121743664,327.6043,97.48837,0.09913278,316.29233,319.01938,0.078563206,275.42752,279.60214,0.072522774,412.2337,555.01154,0.28253415,407.98123,567.4207,0.1501863,323.56192,88.08949,0.096182644,157.39597,84.82975,0.08740606,244.1471,500.21732,0.10087008,229.41661,512.455,0.22418422
666,303.2961,71.12161,0.17719142,418.3,102.213554,0.11684517,327.39423,97.39704,0.1029626,316.0695,319.02817,0.079479195,275.38947,279.676,0.06672407,412.033,555.1082,0.29492435,407.82822,567.7502,0.15865679,323.71255,88.144165,0.08713451,157.41052,84.82482,0.092243806,244.2648,500.3601,0.09739612,229.64392,512.4094,0.20693171
667,303.3962,70.85672,0.19328843,418.36774,102.21252,0.12861432,262.32272,355.19543,0.11010519,331.46924,95.21039,0.07995463,275.38007,279.62814,0.067487076,412.1459,555.2427,0.29126185,407.84167,567.778,0.14881022,324.0815,88.33035,0.07479266,157.97523,84.77803,0.105049394,244.05885,500.31207,0.099057466,229.51167,512.23364,0.21887614
668,303.59476,71.054,0.18461986,418.09473,102.23432,0.124694705,327.43753,97.239296,0.11021544,315.7774,318.85638,0.07709756,244.08249,486.9523,0.07121888,412.53763,555.5393,0.2814034,411.85693,566.95764,0.13033555,514.49713,104.42244,0.08214918,158.07605,84.712006,0.10818025,259.61288,140.96841,0.10311205,229.61078,511.98608,0.21262418
669,303.80206,71.182755,0.19232431,322.57892,100.19304,0.12314724,327.62195,96.91382,0.1157303,331.54938,95.14187,0.07413477,244.52162,487.1027,0.07466376,412.16315,555.2634,0.27588013,407.76132,567.5715,0.14871891,323.93594,88.13537,0.08346566,158.40475,84.59797,0.1145999,243.87561,499.90005,0.10995035,229.50137,512.1146,0.23264292
670,303.82416,71.14445,0.20034154,305.83557,86.630135,0.13221471,327.68604,96.97155,0.114618465,331.6588,95.13446,0.069831304,244.3291,486.9932,0.06991245,412.2789,555.5762,0.28348047,407.95612,567.87933,0.14575659,526.78906,104.10229,0.10112323,159.66927,84.634445,0.13024385,244.04565,500.01508,0.10936646,229.77617,512.2752,0.21695812
671,303.73337,70.933556,0.21271195,305.9818,86.62679,0.14516802,327.72958,96.79341,0.118130185,331.9896,95.1279,0.071668506,244.10463,486.7124,0.06424901,412.30914,555.1713,0.23211752,411.88553,565.80975,0.102751486,526.5939,104.30602,0.11863191,159.65546,84.42212,0.12932253,244.35396,500.14664,0.1040482,229.86926,512.92145,0.21608025
672,303.7028,70.69541,0.23148966,306.31973,86.71801,0.15864746,327.6383,96.9914,0.11706482,332.21008,95.081696,0.07293523,244.7639,500.829,0.06751784,413.04205,555.8816,0.24084075,412.63538,566.7136,0.112537675,526.6153,104.86762,0.1373482,157.04427,83.96848,0.08460299,244.19783,499.7578,0.11222996,230.163,512.8378,0.22220145
673,303.79144,70.64856,0.22480531,306.37738,86.73995,0.14845975,280.42517,145.37115,0.10347595,332.322,95.10199,0.07015314,244.7037,501.0869,0.07108291,412.76053,556.2164,0.26043203,412.25955,567.14185,0.115920536,526.57104,104.96068,0.15991546,157.25107,83.85851,0.08661195,244.04279,499.46753,0.11635495,241.17953,394.9272,0.19999497
674,303.83447,70.61758,0.22771329,306.45016,86.60058,0.15133987,280.56964,145.41084,0.10267385,332.2597,95.04453,0.061292306,244.8466,501.28827,0.07280686,412.85272,556.36,0.28422374,412.37665,567.5386,0.1269502,526.5758,104.96417,0.161465,157.52913,84.0548,0.09448526,244.16153,499.29752,0.111028254,230.92233,513.03125,0.20015852
675,303.81616,70.47656,0.22860837,306.5787,86.473175,0.14877717,472.78912,161.68349,0.101691686,332.06775,95.018036,0.05905542,244.91565,501.59375,0.077338986,413.49142,556.4335,0.26167423,412.96585,567.23724,0.1097957,526.73254,104.86034,0.17737314,157.77065,83.904366,0.09932362,244.03854,498.6892,0.12755828,242.65271,394.4286,0.20910117
676,303.76855,70.54325,0.23012277,306.5303,86.520874,0.14639826,472.73676,161.48895,0.10075045,331.97574,94.93312,0.055403613,245.32077,501.37485,0.08331692,413.8774,555.9577,0.2537803,413.33548,566.55725,0.11071974,526.91156,104.5621,0.17117444,157.84044,83.92595,0.09907528,244.84381,498.9641,0.12233395,236.44853,513.5531,0.23177671
677,303.6254,70.79617,0.22966488,306.43924,86.74383,0.13951547,472.60077,161.29507,0.10456129,272.56866,272.28595,0.06033719,336.9254,104.18452,0.07031646,414.03314,556.1751,0.23569196,413.54282,566.62665,0.10174233,527.12976,104.27146,0.1578468,157.98833,84.08719,0.10174572,260.15985,140.87769,0.118398346,237.8918,507.78342,0.22101828
678,303.763,70.6702,0.22755295,306.41937,86.6475,0.13780825,327.72894,96.94679,0.10161849,336.6127,94.66834,0.05917604,336.89526,104.20726,0.07247477,413.8199,556.4756,0.17475025,413.54984,566.0569,0.07794268,527.2666,104.12278,0.14964668,157.88638,84.28647,0.09958748,260.19733,140.63869,0.10755006,242.89993,508.24774,0.25291038
679,303.63275,70.59825,0.22626337,306.44122,86.75909,0.14054869,327.4275,96.72035,0.10897684,332.14877,95.03969,0.06663232,336.88092,104.40438,0.070163,170.8429,78.22009,0.13839068,413.17853,575.17834,0.06501516,527.00476,104.16511,0.18240651,158.00084,84.32147,0.10438391,260.20688,140.54271,0.1005454,241.23781,514.39874,0.30159658
680,303.48788,70.60792,0.20803285,322.96906,100.404274,0.132154,327.4142,96.50181,0.116293736,332.3131,95.122635,0.06990753,336.8316,104.39848,0.069071546,414.12366,556.431,0.1343649,413.9166,565.78723,0.06998739,526.9239,103.76893,0.20573977,157.60873,84.43589,0.09765936,260.228,140.59464,0.10257052,243.10771,513.7353,0.28740197
681,303.2133,70.81065,0.19640954,305.88477,86.98433,0.12715934,327.48352,96.846466,0.12289893,332.51807,95.07275,0.07078366,242.17963,516.54846,0.06342236,419.62842,555.85095,0.11279011,420.74695,567.6603,0.08154191,526.96454,103.299065,0.22448279,156.77867,84.61051,0.07861885,257.69495,275.37598,0.09360559,243.81633,513.39484,0.29631025
682,303.0917,70.84283,0.18693708,511.1181,103.527115,0.14593057,327.4474,97.482506,0.11964822,332.4998,94.99116,0.06561607,291.29578,293.70755,0.060093105,427.59595,554.28546,0.121489555,421.05167,567.72046,0.07646725,527.4626,102.641266,0.19429716,420.07278,115.486824,0.08500219,258.3014,163.72069,0.09050356,245.01524,514.6942,0.26689583
683,303.01288,70.808586,0.1824452,322.66785,100.6015,0.13979328,327.28745,97.20569,0.13396135,332.40506,95.098694,0.06908367,387.95425,181.85117,0.05969934,427.59567,553.3583,0.14368156,421.94525,564.88306,0.08429392,527.5063,102.13163,0.20849724,420.47598,115.541695,0.094400816,258.3796,163.78177,0.09869524,246.39424,514.5091,0.17432542
684,425.3776,91.24842,0.16662645,497.52304,100.824875,0.13217972,327.55627,97.126625,0.12901966,475.29437,159.30869,0.07223822,292.809,49.990288,0.05804206,427.64062,552.9623,0.12411773,421.8467,564.41534,0.077122614,527.79193,101.71118,0.17676146,420.74503,115.52473,0.09279987,258.79538,164.0792,0.10389309,364.19772,552.6105,0.16295263
685,302.5513,70.78401,0.1608465,417.85602,101.236694,0.122690186,327.5909,97.60503,0.12413784,285.09128,160.43794,0.058330655,434.18994,103.43118,0.07138094,163.70073,78.47595,0.0907689,415.18842,565.0285,0.056138016,527.20233,94.10065,0.10867034,420.07196,115.36442,0.09819149,258.54535,163.74545,0.10629214,365.47516,553.1586,0.21777533
686,328.2491,79.07393,0.18451226,279.07422,161.00726,0.11738117,276.7615,169.35146,0.12289765,331.51306,94.994,0.07988778,434.48755,117.76473,0.06744308,428.83426,552.4989,0.14770247,428.47635,562.9157,0.114019245,526.5666,89.83535,0.1140315,419.96362,115.41256,0.085645124,258.18442,163.59879,0.110449664,368.17932,552.71655,0.21935773
687,289.31696,69.80957,0.19037786,278.90857,161.1466,0.12070758,276.86658,169.27129,0.11638243,331.30515,94.92624,0.08990753,433.85986,103.147766,0.0689095,429.25226,553.6281,0.17633185,428.50223,564.4509,0.11551505,514.68823,89.17899,0.0958838,419.65823,115.639946,0.07759337,258.12625,163.80252,0.11131381,370.3129,552.8407,0.20613188
688,289.198,70.46304,0.19512098,278.3781,161.17418,0.11990385,326.64,97.677414,0.12059696,330.99155,95.0753,0.08385911,420.65894,102.516624,0.064453594,429.54166,553.4653,0.12057438,428.969,563.8822,0.090330325,525.69324,88.109825,0.15052274,232.13348,59.872013,0.07347926,258.3127,163.99309,0.10659886,372.4886,553.0012,0.26377812
689,289.43652,71.23257,0.17631501,321.71335,100.531525,0.12468614,326.04993,97.597534,0.1316658,330.04953,95.32715,0.064842924,335.292,104.10181,0.06702187,459.7095,552.8198,0.20402412,430.49844,565.7879,0.1126882,525.78687,87.22529,0.1510727,232.68896,59.976727,0.07972739,258.2014,164.30666,0.079927884,375.016,551.99255,0.22599225
690,288.13998,71.695114,0.17953126,306.46817,99.55839,0.12902893,326.8154,98.342,0.1117908,283.79684,272.1541,0.04786705,482.0317,166.43153,0.055209134,445.91254,552.64514,0.1527014,460.66757,560.906,0.08562055,515.8289,87.93035,0.16483165,156.90935,84.2443,0.07548975,258.86887,155.97499,0.08162572,382.21555,550.103,0.2777864
691,495.44897,77.7941,0.17942102,495.538,86.88864,0.1306738,326.93454,98.899185,0.10911262,283.35858,271.9745,0.059526317,298.2885,68.29415,0.05949148,445.80344,552.6002,0.16267341,445.48557,562.68195,0.08549647,515.2449,87.392685,0.21246105,156.9466,83.94016,0.07498772,499.52283,100.87079,0.09498879,385.96088,550.4608,0.31594566
692,495.29205,70.32838,0.15752906,495.92593,85.97378,0.12260491,422.2404,541.35254,0.1521654,421.48288,534.50946,0.053606488,418.791,102.387596,0.055003967,445.60754,553.1225,0.14580494,445.40512,562.64215,0.07512966,514.6179,85.55942,0.14755787,171.00415,92.59231,0.067481324,257.8793,179.9731,0.08007881,388.22348,550.38196,0.35730943
693,393.11673,77.40221,0.1577667,497.18,84.69585,0.102990344,424.6377,540.2982,0.15018211,423.45132,535.0598,0.07034367,292.124,516.2196,0.06648144,446.18866,553.9668,0.1138639,415.11954,577.8429,0.0745711,514.55304,72.89593,0.10112765,439.84326,550.81726,0.072973505,399.6736,546.68134,0.09147101,391.22974,549.3327,0.29562202
694,408.55923,78.16334,0.17077963,401.6069,87.6367,0.11025547,435.94614,539.45636,0.18039554,274.67725,57.411583,0.06784835,276.0099,59.08295,0.06732161,446.86185,554.46,0.1541,446.75305,563.2126,0.086024724,514.82,72.92552,0.15123695,442.48914,537.7153,0.07124157,292.50546,516.0356,0.0963683,397.9831,547.13513,0.3687977
695,408.78323,77.88152,0.17504345,401.20172,87.59869,0.13480906,437.87143,538.36865,0.18746577,267.1557,58.805275,0.0667786,275.69504,66.52991,0.06330571,439.02203,557.30066,0.090332925,447.65646,563.2666,0.050765358,514.59937,72.53654,0.2450441,520.00665,39.54368,0.08718075,257.7289,180.2152,0.09632534,402.43872,546.5023,0.37547153
696,494.03683,57.002747,0.19344743,480.739,72.51248,0.10520215,437.87494,538.08435,0.17227522,266.05676,58.45837,0.05643619,307.2487,119.39392,0.060161002,123.51298,76.91125,0.073311254,413.17572,577.3813,0.048115082,513.9566,71.16962,0.33874312,519.61914,38.399456,0.07876976,505.45282,75.07767,0.08619402,406.44705,545.5831,0.37799293
697,494.03522,56.32988,0.18165238,480.43665,71.666794,0.12539564,438.3185,537.6831,0.17996809,315.51517,93.63209,0.05226563,417.77783,86.164536,0.061560106,507.76157,46.41214,0.0949716,413.0731,577.6208,0.059687562,512.9277,69.54928,0.29031184,518.3621,37.494507,0.10700444,229.1269,97.51052,0.12272072,410.21478,544.8087,0.39073348
698,503.47586,60.187702,0.18087186,496.52512,69.94775,0.119938776,452.59305,537.77905,0.17963398,265.7686,57.984203,0.065848574,418.31152,86.051956,0.06663637,431.65753,558.9053,0.09030659,428.4343,577.7917,0.075875774,512.5536,57.876358,0.17785653,210.89076,74.65133,0.08368481,231.68054,96.62779,0.102045886,415.8357,544.30927,0.38540995
699,297.53195,90.50386,0.15588723,402.12564,85.510345,0.10341332,447.0616,530.27106,0.21286124,264.8376,57.958313,0.0586772,418.24512,86.15765,0.048206422,125.70476,92.532936,0.08499654,428.30453,577.37714,0.050005082,511.5223,55.294613,0.14887363,468.98026,536.78595,0.08702319,244.65076,173.89746,0.07508252,419.4897,543.70764,0.3382277
700,297.3474,90.78133,0.16977698,401.9473,85.06019,0.09417951,456.1405,525.7505,0.19394736,300.9612,93.82713,0.058486223,323.37305,516.49603,0.05320952,125.530014,92.56606,0.077120885,513.4926,37.208675,0.053450655,511.25977,54.67778,0.15498345,469.3387,537.0433,0.08347937,244.39796,173.83331,0.09299174,426.30942,541.5935,0.35758638
701,479.9973,51.58762,0.16659105,479.26053,57.354874,0.095011026,467.63956,525.7399,0.23100547,467.52917,537.58203,0.062230583,483.10767,230.83496,0.053150088,107.45694,92.31632,0.09492934,512.71814,36.42877,0.053625427,499.55014,55.28496,0.15214226,210.82243,76.86398,0.06921699,243.89792,173.70001,0.13650008,431.5928,539.0791,0.32124823
702,296.75098,90.97233,0.19182537,479.57666,56.446056,0.12352419,469.1239,524.47754,0.24518481,301.0797,93.01051,0.06911595,468.7654,525.3189,0.06075687,107.65447,92.66956,0.09502746,554.1641,504.57776,0.06952535,499.6303,54.437553,0.17317022,124.851265,91.8785,0.06034678,243.33484,173.2927,0.14704816,437.31564,538.8468,0.26696646
703,479.22278,39.365986,0.21576856,479.8869,55.50666,0.14312525,468.8443,523.0582,0.27604407,467.83124,536.52734,0.055112615,469.45044,526.552,0.06947468,108.20971,93.244576,0.10723158,555.1662,498.16562,0.04146307,504.1208,45.509537,0.1582688,504.97583,11.758945,0.09793245,242.73106,173.16565,0.12643297,203.07889,94.20781,0.2691733
704,296.20898,91.956726,0.1939942,480.43518,52.90756,0.12162403,468.49,522.02405,0.27566272,300.3756,111.08942,0.060526337,469.17868,526.83264,0.07387331,108.1438,93.45112,0.11213088,492.92813,33.44081,0.044211224,499.04623,42.02749,0.19538364,505.0906,10.79539,0.12143804,212.45224,112.33699,0.117387705,203.19153,94.31317,0.2987317
705,295.95508,92.82773,0.16624947,289.42294,105.34682,0.10799015,468.62738,521.6692,0.23652826,466.1163,547.12933,0.056462914,305.30972,119.69975,0.061745133,108.20107,93.83004,0.122768,492.71292,32.490574,0.06657322,497.8208,39.810673,0.24069856,201.9458,91.63546,0.113578826,212.32922,111.93324,0.12799236,202.29407,94.67553,0.2895438
706,478.59116,24.366272,0.18738861,464.37717,42.2224,0.11578994,474.09903,515.8933,0.21151249,283.93225,111.687645,0.059364263,304.89877,119.37778,0.06701486,108.43905,94.47115,0.112958044,491.97128,31.847023,0.055297013,496.0789,32.413002,0.20915821,194.143,90.28242,0.09465687,242.98297,188.49579,0.08795301,197.21861,95.94569,0.22978735
707,280.10135,94.39529,0.17681642,289.42715,106.47009,0.1201596,484.97632,509.44525,0.17704462,491.67148,8.565117,0.06454496,304.62793,119.53754,0.060625788,107.89177,95.05609,0.12521443,569.459,483.60074,0.041896414,494.92365,30.369934,0.21827692,498.50323,12.706924,0.09452487,242.33853,188.07275,0.096695915,191.4099,98.46097,0.20514798
708,279.66864,94.24663,0.21386106,289.32907,106.74779,0.12747996,486.12256,509.04663,0.1540771,284.78705,111.958855,0.06700111,401.7242,69.97602,0.07031169,91.15458,108.52413,0.16328266,109.40844,132.07356,0.03914833,483.6012,36.28417,0.098100506,94.201294,90.35179,0.12760964,242.18997,188.37946,0.10117059,191.88045,109.66659,0.26663163
709,280.23224,93.95707,0.20251477,465.60635,37.682384,0.12569922,491.17874,507.87927,0.15236208,284.3501,111.311104,0.07007289,181.74364,87.71528,0.079487704,91.751396,109.66097,0.17767878,109.66968,132.59715,0.039733596,482.78162,49.96013,0.08104918,74.60756,91.27086,0.110571004,242.08392,188.36938,0.09256059,189.09708,109.34735,0.2995495
710,280.11505,93.9255,0.1727179,259.85007,179.30872,0.09887049,497.39777,507.9136,0.14113551,284.45538,110.78344,0.06656183,180.79085,81.33599,0.06275388,91.984024,110.37077,0.16837451,110.15747,133.0073,0.042277597,482.39194,21.092472,0.086728804,75.15078,91.50976,0.0987674,196.16269,126.505554,0.1064383,186.3626,110.55066,0.30869675
711,360.04333,62.610962,0.1790659,368.98148,71.78201,0.11133659,498.23502,506.6805,0.15327035,284.85333,110.8023,0.07429931,182.32329,104.67285,0.07469795,92.2737,110.9669,0.15959953,132.22778,131.99486,0.027257431,386.15445,69.41681,0.08355797,74.5918,105.55462,0.095337965,196.71666,127.52538,0.1092929,185.71637,111.52108,0.34506604
712,279.4019,94.00456,0.18183485,281.3427,108.54157,0.108569264,472.55606,26.12985,0.14257595,285.2736,111.51579,0.07502186,180.32814,94.72981,0.068018675,92.59222,111.15521,0.13605744,93.923706,133.46217,0.030954149,385.9444,68.865395,0.09800572,185.52751,104.28128,0.11541054,197.15233,128.27805,0.12138408,185.37607,111.60471,0.2862567
713,360.5904,62.17243,0.1731953,281.0943,115.91226,0.10718571,265.4707,201.07368,0.19293693,277.33435,110.11236,0.07322947,338.18985,408.44867,0.06669063,94.48761,125.434,0.16486011,94.17062,134.78711,0.0526292,385.89542,68.45999,0.08085755,76.608665,106.02853,0.13212045,196.43816,128.56258,0.095824204,186.2277,111.465385,0.23893689
714,360.37958,60.74824,0.18475041,242.88324,191.6422,0.118092805,264.74988,200.75185,0.20501383,276.5102,109.209,0.072873734,354.47086,407.63303,0.072239086,94.41151,126.76596,0.18378785,94.21781,136.1529,0.048053596,384.2587,54.704056,0.070381254,78.21084,106.694725,0.1356215,228.63423,188.44917,0.10477572,181.3866,118.50713,0.20293798
715,360.5097,58.868088,0.20981899,280.4737,117.4091,0.12760079,264.80405,201.11516,0.17690054,276.61493,109.00256,0.073868886,348.41727,61.03887,0.065758094,94.13314,127.314316,0.19915971,93.70485,148.53983,0.037521217,384.0745,54.33343,0.07718555,78.90844,107.37173,0.12481382,228.5574,188.37508,0.13727161,176.11543,127.22461,0.25508067
716,264.45715,105.93905,0.20410141,280.37366,118.42533,0.12462756,264.1224,200.92023,0.1790852,270.21048,108.53647,0.06983995,401.3265,502.1549,0.06341637,94.14384,128.0977,0.1727993,94.13816,149.23282,0.033669412,370.69,56.12855,0.082925774,78.105606,114.438255,0.111419514,229.42079,189.33655,0.14324218,174.77881,129.09456,0.33945614
717,264.37103,106.69292,0.20047393,273.17667,121.08382,0.12388249,263.9717,201.22878,0.1855236,268.8411,129.58931,0.058686357,165.82465,119.58902,0.069489926,92.932526,128.01118,0.103310056,117.80106,156.1697,0.035985984,370.12378,55.782978,0.08354772,77.69612,121.58433,0.08130371,228.38345,196.96907,0.15152504,172.43901,130.12436,0.3655837
718,344.1571,62.87205,0.18876585,273.23868,121.49977,0.10067241,263.46246,200.81145,0.20641752,252.44022,126.1532,0.059746943,372.2646,53.54436,0.070728056,77.21582,141.92398,0.1490551,110.2166,164.573,0.039623667,369.52423,55.340897,0.09524664,58.001034,121.83787,0.12638181,228.07965,198.8665,0.18323404,173.05342,129.2464,0.28236142
719,362.63895,58.833637,0.20311187,362.08246,68.717735,0.11545638,262.8749,200.63147,0.18858759,176.73044,130.85628,0.068724826,164.64777,118.92784,0.07665648,77.2217,142.85666,0.15491104,93.99391,164.6156,0.038946476,368.8643,54.70961,0.10322968,59.459587,122.67044,0.12824123,227.90874,199.77515,0.15042941,172.65915,140.76187,0.31082708
720,363.2877,57.96823,0.18593521,362.4196,68.23306,0.123503365,265.06668,217.59549,0.22488101,359.32303,60.544113,0.05895931,371.449,53.356773,0.07384139,77.286095,143.11531,0.113607965,117.79865,172.3531,0.037412796,368.3964,54.235638,0.10099756,163.5625,137.39919,0.09125865,226.49866,201.8836,0.16320859,171.02205,142.86162,0.32381204
721,360.21622,47.318756,0.19285668,347.91745,69.78899,0.1102742,502.4109,105.18461,0.19033809,263.91437,125.62481,0.056000598,370.62137,53.165382,0.063226186,77.21988,144.3863,0.096568376,110.37262,173.02505,0.037688836,355.90436,56.517864,0.112052016,79.062004,138.23543,0.088122405,227.42984,210.164,0.18158752,171.59274,143.27591,0.28627563
722,265.89575,120.14857,0.20007944,264.8836,133.16745,0.1346466,501.33664,104.4852,0.18279861,263.43454,124.29894,0.06805499,433.4612,104.421265,0.06269708,92.55433,94.43834,0.10715606,130.13773,186.96434,0.039854467,355.0704,57.054264,0.104451805,71.507706,136.9929,0.09017067,227.73288,212.77798,0.2333036,163.85722,158.65204,0.23069163
723,348.03055,58.912895,0.20765477,347.55603,68.84331,0.14680535,552.6062,185.2975,0.18297374,263.72842,123.060165,0.07430942,274.55756,117.46858,0.06554768,78.94879,159.86546,0.1465807,117.12637,182.6956,0.040296756,354.41675,55.73535,0.09234032,61.30626,144.45532,0.10476889,227.82336,213.9803,0.26742998,54.694347,143.97618,0.23294118
724,350.01492,58.850563,0.1917362,349.30606,68.87785,0.1362269,488.1573,89.15028,0.19131523,163.07303,146.52586,0.05263277,384.61475,406.7463,0.0609168,78.884254,160.37015,0.14118409,116.80697,189.76537,0.043131504,343.81583,67.93545,0.1021462,61.050026,146.20355,0.09424899,227.1528,215.11981,0.19983035,162.66843,161.00183,0.22584717
725,350.18512,58.92117,0.17392789,349.39728,68.4031,0.12751335,321.02783,292.45157,0.19663326,162.15929,147.14168,0.065730415,261.03442,116.00601,0.06856004,78.76182,161.59052,0.12650414,116.31247,199.25684,0.06629439,343.43008,67.32362,0.1124294,62.04146,148.26158,0.1075379,324.62537,66.71696,0.23812945,162.6879,163.25932,0.22763166
726,252.1804,134.41519,0.15253532,251.34665,146.20493,0.10578591,321.54984,292.8835,0.22262828,133.84488,67.39776,0.056995448,339.44632,34.58495,0.051962573,115.63007,193.68875,0.1298605,117.77902,207.2865,0.05827825,326.51294,71.74612,0.09742464,63.54481,154.01126,0.13346224,323.3811,67.004845,0.25392354,51.94145,153.28763,0.24453108
727,332.9326,60.60962,0.17366663,370.5192,75.02668,0.16165508,487.19373,88.59442,0.1948349,116.74722,67.40697,0.05325748,339.64777,34.906677,0.061985,79.14203,176.2958,0.13860746,116.715355,208.37164,0.06325594,328.28046,71.699936,0.08983689,63.83863,159.54214,0.12377419,321.82404,65.58381,0.230431,49.27251,155.82011,0.28132376
728,334.1741,60.98475,0.1232675,370.34067,75.104416,0.16109201,480.89832,75.56414,0.24062474,116.87431,67.22624,0.06033289,147.18887,169.53372,0.050920095,114.51298,203.05278,0.12785064,109.85886,216.42297,0.052835003,340.31918,67.30763,0.08873155,64.84269,161.31972,0.11801172,323.10205,61.810955,0.20933424,49.631622,161.67455,0.31356668
729,335.16824,71.84322,0.21036813,334.62,83.9905,0.16700579,480.26224,74.56086,0.28961504,116.804924,66.889366,0.066479415,101.41236,177.60892,0.05625149,110.777306,208.9769,0.15264902,109.44236,217.6456,0.060598064,477.1095,160.11995,0.100474134,120.67168,202.95863,0.11012344,225.35124,229.58662,0.21892162,48.970703,164.74605,0.3085174
730,335.25262,72.15158,0.1969413,369.85565,75.24075,0.14986299,256.88876,154.2279,0.24485183,250.24835,138.63632,0.056870088,261.2274,160.21265,0.0712099,109.85482,210.78847,0.15887928,103.244514,220.04906,0.059320442,246.34581,146.96584,0.09306673,119.816605,203.97705,0.14795507,308.65744,68.72618,0.2457147,47.903133,168.06769,0.27149016
731,336.0854,72.52708,0.17579584,354.8165,76.52012,0.16119903,244.18086,169.96645,0.2486154,117.487724,83.1326,0.05955986,335.88837,57.39491,0.06877777,110.11786,222.46432,0.12893781,108.2078,231.7086,0.069195904,401.69516,226.8375,0.08863861,118.17637,216.29579,0.14212292,307.49548,69.82267,0.27905715,43.554325,175.61551,0.30833572
732,334.9051,74.03936,0.16713797,354.2257,75.42624,0.17972445,244.52252,169.68224,0.26875344,116.605774,83.11768,0.06317847,271.6283,247.97916,0.048543964,110.59741,223.58769,0.13386114,108.502495,232.88985,0.060665548,341.12735,73.37364,0.11773651,119.96942,73.483185,0.13489716,304.88214,69.85271,0.26352406,38.643585,179.7209,0.25133637
733,334.92114,72.01525,0.1992729,353.9232,75.12873,0.19241564,245.06894,170.27835,0.24563341,100.57043,82.40229,0.08369374,260.599,240.73956,0.056574762,109.96826,225.23018,0.14024508,107.66137,234.6052,0.0588606,540.5191,143.36388,0.11095975,112.279144,75.51242,0.15804103,299.91623,75.93848,0.26682538,46.643738,184.28893,0.236726
734,333.779,74.22074,0.14179821,353.5596,74.97411,0.15749381,245.439,171.77708,0.2695372,328.01022,60.704643,0.07770249,327.19055,58.320686,0.070468165,91.479614,96.3972,0.11801958,304.71735,101.7346,0.037623156,324.5151,69.101814,0.11993242,95.77947,90.14818,0.116498254,295.4913,76.58101,0.23516186,41.303562,185.67407,0.21373697
735,252.19722,168.27266,0.078361765,353.66,75.5206,0.13105687,243.29422,171.10062,0.30178502,183.1103,145.01,0.06794824,182.6788,147.13274,0.08400111,108.928734,238.7514,0.12286273,105.869576,248.01295,0.051816214,323.67044,67.15064,0.10020881,95.96533,90.567474,0.13098605,291.0998,83.15026,0.19562916,37.698303,193.86774,0.22726451
736,324.51462,89.65026,0.123980574,189.56386,159.16869,0.13989814,244.12022,170.65741,0.3256806,183.71211,147.04332,0.1195697,183.53548,155.77673,0.12995589,102.57642,241.92506,0.14733993,105.06694,248.7346,0.052963387,322.79816,68.51138,0.09365997,96.14656,91.433304,0.13788238,288.67136,81.97043,0.27063286,36.937435,196.08992,0.18250147
737,252.18909,168.63084,0.1076947,418.35028,156.06685,0.12332387,240.47105,186.19548,0.32698256,100.15062,98.66892,0.076097846,181.6923,152.27144,0.11245376,101.12664,243.40514,0.1442896,98.98727,262.0512,0.06602815,309.95764,69.96135,0.089280404,60.08736,106.57982,0.12294202,286.78168,82.19472,0.14329134,43.911358,208.49576,0.15639767
738,317.10556,80.93943,0.10449717,336.61246,91.62463,0.10842853,240.17752,186.11517,0.33230245,310.52893,58.93261,0.057276826,168.3384,146.75182,0.06596432,101.06394,249.2552,0.10870588,310.9037,103.74293,0.046146546,309.8141,82.529495,0.10142489,95.382256,106.683846,0.08713812,278.74704,88.36957,0.23975854,49.324642,211.05952,0.16313379
739,310.47958,89.393715,0.10556804,337.37735,85.79152,0.11553833,311.72153,78.660126,0.25291526,385.9559,80.0858,0.078946985,385.55798,88.65867,0.075509526,100.971115,256.87308,0.17937678,93.545334,266.8555,0.07180628,306.4084,68.49715,0.1040684,179.15178,173.5681,0.10105677,277.06683,88.394516,0.17861657,269.50827,96.01991,0.16573322
740,309.57083,89.98936,0.11315256,522.227,132.01591,0.10408396,306.1936,91.217766,0.30118743,385.0604,80.03387,0.06468785,321.0959,183.62695,0.07232592,96.625206,258.35593,0.15759613,93.81141,267.75467,0.052745786,295.94363,83.98285,0.09832846,105.78427,250.16899,0.09591053,275.69324,88.179955,0.16445719,267.68848,98.18143,0.17425643
741,299.16077,80.27942,0.105847046,321.20438,93.00935,0.1287753,306.05905,91.77834,0.3515432,449.60107,63.765575,0.06388826,320.49435,184.21811,0.0846178,99.78115,262.42743,0.10090076,226.7548,161.63184,0.05482937,304.5568,67.57241,0.0801052,78.72089,106.89188,0.14243034,273.94522,87.6213,0.14874901,265.83386,99.50604,0.20449983
742,435.16772,52.59222,0.0914934,321.42947,92.53672,0.13312371,296.85248,92.54812,0.31067854,522.49615,126.23452,0.06176222,320.06268,184.5519,0.07771671,95.00949,271.25766,0.1431494,92.29124,280.8108,0.0644427,293.47018,82.98801,0.10194782,177.25975,190.5772,0.09755136,270.76254,88.77475,0.12022299,264.5214,100.07298,0.16474691
743,301.8546,88.88748,0.08532108,321.5624,92.26559,0.119186305,295.567,93.09158,0.29084864,441.53378,63.457794,0.0759048,319.81268,184.54419,0.07187631,95.84638,272.53693,0.13628094,92.94212,282.1158,0.044722088,292.4672,83.50616,0.11226023,175.73105,191.00072,0.09845332,263.36023,100.372086,0.130777,72.399254,238.49072,0.13333115
744,442.4162,57.22908,0.0985617,258.0524,188.4694,0.110978946,294.81726,93.27854,0.290679,361.85648,79.41895,0.07691501,151.45186,176.99783,0.08491,96.944305,274.6758,0.120414965,92.43523,293.82242,0.05120697,449.58957,130.71375,0.098953255,176.75543,191.22124,0.112413846,262.37262,100.32833,0.113405734,253.77805,111.05741,0.15206887
745,434.436,52.198284,0.08182748,291.53018,131.83029,0.09993539,292.4787,92.83048,0.23317116,361.38666,80.18559,0.077019565,242.9905,279.92065,0.069789596,95.51382,286.2177,0.12060618,92.61563,295.15265,0.0542435,432.89273,50.717175,0.0784943,167.95892,190.54044,0.09680791,261.33484,100.83349,0.15880732,252.94994,111.95369,0.17387366
746,426.44882,56.7399,0.11164677,177.16434,209.91902,0.09195196,290.28363,107.213425,0.23905534,433.8794,63.330616,0.08760633,368.5807,89.1931,0.08003722,95.78334,287.562,0.1750268,338.9738,551.2214,0.079103194,289.35324,83.20893,0.1002759,166.64925,206.71875,0.07804534,264.11862,102.04724,0.13741593,251.34422,114.62517,0.20593695
747,506.62607,105.71963,0.1076559,176.85115,210.44936,0.09306075,281.2922,107.96238,0.26143846,425.88815,64.01186,0.08142167,367.9809,89.27908,0.08314485,96.435234,289.08035,0.15266633,339.5303,551.6172,0.13747053,277.77097,98.108154,0.071606226,166.52675,206.35034,0.11495927,260.16888,101.79185,0.1223324,250.54216,115.51714,0.20105785
748,331.26712,9.392922,0.11386264,330.28513,18.978548,0.09352705,279.55722,108.322174,0.24387479,425.8134,63.68649,0.08334316,151.11441,193.45686,0.081150055,96.7265,289.82312,0.10840429,339.90256,551.5575,0.1427338,276.94855,99.25597,0.09291895,165.3306,206.57706,0.11713826,259.62573,102.30771,0.11873222,250.09084,116.29362,0.1693057
749,331.59775,9.926163,0.10446112,305.33383,108.65477,0.08406558,279.8552,109.301346,0.25568968,425.68854,63.233723,0.08080021,162.29193,207.12144,0.08471276,341.93036,532.03375,0.096398294,340.09396,551.312,0.14543642,353.69354,81.67176,0.09007658,164.99611,206.40387,0.111904904,259.171,102.73315,0.12492291,171.724,196.33324,0.13309644
750,331.66275,9.864383,0.1085318,329.68423,19.834337,0.0989663,278.82117,109.15981,0.24927871,419.04916,63.53554,0.065274924,163.26405,206.92953,0.09820335,341.66373,543.56647,0.08132821,340.4457,551.68134,0.15572256,275.77216,99.53954,0.088309005,166.08005,206.4404,0.117732115,259.19254,102.95572,0.12270345,171.08598,206.8728,0.13349606
751,418.37158,52.69012,0.080840394,276.26337,147.64165,0.082138926,276.42773,108.890144,0.2042835,177.51556,228.29404,0.057240855,353.5436,89.17237,0.087817065,349.05997,528.98413,0.09647272,340.7629,551.79724,0.1679987,309.71484,19.230957,0.10081638,163.98372,223.27377,0.13019843,247.05219,117.36037,0.10671551,238.69536,129.90187,0.14669657
752,411.18512,57.648148,0.08645941,276.2503,147.42711,0.090961225,276.37384,109.00785,0.20930597,177.03017,228.44211,0.05772521,353.1268,89.082016,0.07753211,355.17157,515.7425,0.10039913,340.93286,552.2865,0.17265518,309.54202,18.219284,0.10814721,163.55246,223.31958,0.11414356,245.7573,117.76608,0.13419777,237.54709,131.09581,0.21089873
753,410.81137,56.463078,0.10612559,290.70227,108.22683,0.088512644,275.5623,109.913795,0.16228072,410.37314,63.69268,0.078404434,290.88663,200.32404,0.08970186,355.7372,515.4843,0.13375278,347.3868,537.43933,0.1878915,309.29984,18.036613,0.11583245,163.97601,222.78511,0.10106482,245.3142,117.75968,0.121459,236.45258,130.94073,0.19263805
754,410.96826,56.60428,0.09943964,386.51733,156.43837,0.09469242,263.55795,124.35473,0.15209696,409.7342,63.767742,0.075807124,291.2234,200.5565,0.08728013,355.6869,515.3056,0.14557043,347.30698,537.02234,0.20945773,308.0812,17.887966,0.10742654,355.62698,507.8513,0.101987496,244.58205,118.009995,0.1304785,235.96172,130.69427,0.20444182
755,411.61307,57.505,0.09134806,290.1616,108.36985,0.106863365,263.03363,123.9032,0.1644553,264.47873,110.4156,0.05419996,291.20184,200.84723,0.080221735,355.97055,515.3354,0.14226677,347.4678,537.2371,0.18970633,337.58997,82.04063,0.10501087,355.96094,507.73517,0.10573766,243.31221,120.768585,0.17002697,234.81068,131.0859,0.20229068
756,411.2531,57.126026,0.118883006,290.27155,108.36477,0.098016225,263.16354,124.77927,0.16379216,410.30264,63.1635,0.067739464,290.75436,200.595,0.0885698,356.2898,513.9518,0.14240225,354.09546,529.02576,0.17654806,290.26077,195.03757,0.09591783,356.22128,507.26892,0.09643227,242.43585,121.96847,0.16539113,228.22847,141.10426,0.17432673
757,402.49054,52.593563,0.07440017,338.7574,132.33908,0.09716952,262.42462,124.859436,0.1757904,331.0014,95.21349,0.055190206,290.48264,200.77408,0.082393624,357.08383,514.2718,0.16137098,353.85223,529.9303,0.22816542,292.90076,18.81853,0.10328913,357.93024,506.9322,0.13073173,241.59338,122.390335,0.15548322,228.77089,134.14903,0.17153184
758,395.3007,57.0868,0.10051221,338.48203,132.36293,0.08054676,260.44058,124.23887,0.14565015,177.76624,245.21996,0.061803546,166.67905,190.89018,0.083981425,357.0951,514.24347,0.14797255,354.30606,529.9233,0.21519494,291.86148,18.244236,0.11134394,357.9294,506.95874,0.124267235,241.86092,122.81083,0.148711,149.82486,238.65372,0.1647048
759,395.21567,56.874184,0.121727064,394.93207,67.11679,0.09636111,259.84323,124.04808,0.15893568,329.91388,95.321815,0.067865685,323.72687,105.0507,0.08146729,357.62695,513.4288,0.14672983,354.60733,529.52783,0.22447363,291.6297,17.770403,0.102930814,358.62167,506.38065,0.11581618,275.52002,22.405838,0.14177749,148.14348,237.4273,0.17544736
760,387.2506,52.66972,0.072571404,262.63818,123.011246,0.07052136,259.22116,124.376144,0.1722744,159.45087,183.55518,0.054739725,166.23628,190.38904,0.16394757,357.49158,513.29517,0.16532321,354.51355,529.5786,0.25343737,290.7868,17.758024,0.10195251,163.01604,238.2397,0.12999392,275.0696,27.435339,0.11395718,166.73524,188.44208,0.23858325
761,387.2201,52.71163,0.08604086,260.0737,163.88683,0.08044578,258.91473,124.58647,0.1261141,153.54767,183.75111,0.056255355,164.83902,191.37808,0.12740467,357.52048,512.79443,0.17987636,354.34198,529.2219,0.2843076,321.43225,82.58683,0.09403554,163.54237,238.36743,0.13090886,228.83797,133.93854,0.13269736,219.55363,148.88243,0.21964255
762,395.7002,58.004215,0.088771924,260.11102,164.41014,0.07990856,280.106,195.57867,0.112677105,154.16164,184.97585,0.06112317,164.4446,192.54857,0.11529293,357.77258,512.78827,0.18720587,354.13196,529.25604,0.31637004,321.04733,82.85712,0.10632166,163.6871,238.6992,0.13082372,228.37701,133.78525,0.13285828,220.23845,146.26468,0.2177536
763,386.6486,52.93872,0.066816166,260.23987,164.36522,0.07715077,471.60287,83.44161,0.12157027,355.53223,496.99896,0.048688482,164.98235,205.93689,0.081948325,364.51935,502.18533,0.20409817,354.6274,529.1348,0.3396351,321.15988,82.96834,0.093322754,361.15652,505.3295,0.12255448,228.12077,137.88696,0.17059678,218.42142,150.05821,0.19047256
764,474.99454,89.73991,0.091018856,291.92194,36.04742,0.10144692,471.0995,83.84015,0.11839464,313.69055,95.289444,0.052647598,162.7989,205.57002,0.08094473,364.6299,501.95532,0.19903101,354.78458,529.11566,0.33568487,275.6805,18.999826,0.08368273,165.80896,205.28134,0.15284984,227.72261,138.36421,0.15338315,216.59521,156.86618,0.21886899
765,291.84903,19.967283,0.09845827,259.2143,180.91406,0.087992616,246.09259,140.49368,0.119727336,137.15558,242.83138,0.048580717,290.21786,40.545555,0.079061136,358.4212,512.59045,0.20634092,354.3552,529.4988,0.3579573,274.7675,211.21669,0.09521236,163.8258,204.8448,0.15340872,227.32211,139.04584,0.16585658,149.62985,256.4653,0.18771885
766,291.2782,19.94629,0.08526063,259.1507,180.98013,0.08034817,244.76144,140.74951,0.12654625,355.20874,496.95282,0.049040183,161.40457,208.2854,0.085621424,358.09814,512.8375,0.21388254,354.47852,529.80804,0.3684361,306.81516,98.75735,0.097558826,360.69342,505.6175,0.12508205,224.3029,148.75699,0.16976225,151.0514,271.9604,0.18573074
767,371.04517,52.90144,0.06390501,240.40279,151.07664,0.07767725,244.09833,140.38023,0.1411912,152.10715,257.41852,0.05275897,151.85786,255.78156,0.08476172,358.541,511.78723,0.22228667,354.64557,529.07434,0.3805748,274.4889,211.21248,0.10847135,155.5722,269.5289,0.12101554,224.22963,149.0221,0.1539538,150.80057,271.91913,0.16367087
768,370.86203,52.854927,0.062100127,248.1686,147.80322,0.07762181,243.91716,140.21704,0.15031779,152.03711,258.10294,0.059487067,306.47437,104.18434,0.08521864,358.93082,512.0609,0.17889464,355.87872,528.8846,0.26660946,274.40802,211.02469,0.108001046,154.95218,270.0536,0.12897798,223.28024,149.14774,0.10904157,208.0194,164.72792,0.19221747
769,275.5434,20.706356,0.070105284,275.60556,23.247465,0.065987326,242.60777,140.30775,0.11138763,137.29604,259.00467,0.053711694,274.3076,216.33647,0.082099125,357.9487,512.67065,0.19053018,354.4728,528.7849,0.28311685,274.0547,210.85045,0.10547181,359.73764,505.98428,0.118127175,227.13959,140.54662,0.11640254,152.50084,271.96106,0.15105686
770,275.6167,21.21273,0.08816089,275.6912,52.08599,0.069672026,297.11493,98.95372,0.10681439,137.43457,259.47534,0.059711613,150.4317,271.13492,0.08077269,357.93976,512.5419,0.218431,354.268,529.13275,0.31859776,273.61353,211.1804,0.10536989,360.66266,505.1621,0.121426806,243.93509,37.483707,0.1383739,204.82462,173.96634,0.19383071
771,274.83142,21.275145,0.0895302,264.07065,51.04949,0.080250464,456.40393,83.507385,0.120578796,354.98303,497.08832,0.04801005,150.72107,271.94162,0.08994158,357.87177,512.78937,0.21555857,354.35223,529.18787,0.30771953,274.87003,226.75444,0.1065321,360.27194,505.39078,0.12504293,243.6009,37.78545,0.13589555,204.5531,174.75482,0.19178444
772,142.90213,294.91434,0.064730436,263.64435,51.418724,0.07218471,455.88828,83.34676,0.11590822,354.86356,497.06702,0.049201004,150.59239,271.35947,0.0986156,357.782,513.41,0.24165632,354.48203,529.79584,0.36126673,274.84064,226.86136,0.105726235,154.35611,285.95682,0.1296075,245.13797,29.730677,0.13186501,203.95735,175.38501,0.23972243
773,299.41748,105.74379,0.06364841,213.87877,275.69406,0.077656835,456.52817,83.81312,0.112675436,138.6892,274.3976,0.05385968,151.07901,271.5905,0.09086867,357.88232,513.5666,0.24243547,354.81808,530.0442,0.362257,274.75403,226.92453,0.11020546,154.12637,286.1971,0.14304636,210.36943,164.74602,0.12693062,203.0166,176.09999,0.26405504
774,144.0774,295.87827,0.06068805,213.8408,275.6348,0.07963954,393.24948,130.58795,0.10974504,138.60777,275.1298,0.0563708,244.78688,38.79922,0.06961037,357.3106,514.1577,0.23422368,353.94452,530.3967,0.35334724,274.82343,226.92714,0.10695455,359.54385,505.99258,0.13355793,209.72723,165.0319,0.15854757,202.55681,176.07549,0.26021022
775,355.9583,68.29774,0.060421173,260.71774,51.926662,0.06730813,393.01596,130.63126,0.108200654,138.10783,278.96988,0.046337888,259.00064,39.33611,0.08060409,353.71475,516.4188,0.21777862,350.60046,532.8705,0.32034892,258.01807,35.661736,0.11178837,358.99908,506.36353,0.130121,209.75217,165.5531,0.19551586,202.46997,175.90894,0.20986862
776,161.09329,296.08945,0.06866324,213.29218,282.2458,0.067555785,392.5004,130.6685,0.11884742,138.15501,278.66678,0.057183966,149.30394,285.62112,0.10577432,356.84503,514.38525,0.23791002,353.81613,530.44855,0.34244302,257.53897,35.66185,0.10303932,155.25186,288.07346,0.15052876,209.38385,165.55975,0.19463378,202.25372,175.90645,0.17981623
777,205.79922,274.15814,0.067046955,205.01527,281.66745,0.07619221,392.62695,130.85263,0.11665793,137.04826,279.4904,0.04613804,149.39954,285.96347,0.11270834,356.7677,514.7346,0.23779207,353.8181,530.6871,0.34609842,242.40935,36.084892,0.10700454,154.27579,287.96844,0.14824066,209.41527,165.4149,0.18632454,204.82422,142.23752,0.18493707
778,205.94637,273.05267,0.079101734,205.2489,281.12616,0.11036764,392.68436,130.63055,0.11962955,137.74791,293.38382,0.052029405,149.68665,287.02618,0.113183424,356.8617,514.5072,0.2335698,353.80807,530.39307,0.3378934,290.94775,114.32354,0.107434385,358.55927,506.5211,0.12889664,210.03484,166.0615,0.15774702,153.55453,286.86075,0.18098441
779,205.94604,273.98718,0.081865914,205.70007,281.74713,0.09304705,440.57834,83.21151,0.12377211,138.39565,293.70297,0.046064246,149.80624,287.68622,0.10671067,356.6483,514.8834,0.23225401,353.7748,530.5105,0.32510853,386.0894,130.69258,0.10532806,153.74698,301.99417,0.13390121,210.64262,171.3864,0.15969062,132.0013,303.9883,0.194211
780,205.92781,274.68582,0.0728234,214.10484,290.60275,0.084823735,281.02567,114.178375,0.121124946,137.64836,281.27576,0.037551995,148.47362,286.26562,0.13159867,356.6892,514.45325,0.21329054,350.01675,531.2253,0.30075648,273.53683,227.04807,0.106043026,154.02882,301.7734,0.19148842,210.44594,171.10478,0.17118478,207.75853,78.36276,0.20249662
781,213.11334,276.1704,0.08524046,214.46121,290.20496,0.09816984,264.56516,226.97493,0.122829325,138.35204,294.50253,0.04303138,149.22246,287.3196,0.09578525,356.31094,514.75757,0.20203955,349.8102,531.59717,0.26703706,144.36316,321.90424,0.10631111,153.1724,302.04294,0.16362762,210.52832,171.16158,0.11912345,130.82596,302.4987,0.19892907
782,213.26173,275.80902,0.08691543,214.3614,290.18982,0.12175032,264.62802,227.29724,0.11999575,138.37883,294.7685,0.049075387,149.44466,301.43744,0.0767418,355.99167,515.3601,0.22322813,349.65747,531.84766,0.29525325,273.1868,227.23999,0.108783886,154.33163,303.74054,0.158727,195.57993,284.88318,0.10479298,206.78867,78.832054,0.2027416
783,347.43448,73.898506,0.08591479,214.2068,290.13373,0.111069396,439.47864,83.59428,0.11616439,138.3314,295.3385,0.038369104,149.55682,302.56247,0.073309414,356.2461,515.0947,0.2216921,347.9929,535.77747,0.2920928,273.25848,227.17589,0.10485392,151.87276,301.33786,0.13510355,210.00583,170.91605,0.11004608,131.33417,301.44147,0.21217321
784,435.19345,84.937584,0.07582611,213.61493,291.76767,0.094824634,280.0346,114.890526,0.11851238,137.78435,295.2264,0.04299757,148.84679,301.57214,0.09995552,356.25888,515.5523,0.24071093,347.85147,536.4712,0.33476064,385.03363,131.33072,0.09471084,154.18579,304.11343,0.17330903,209.67523,170.72829,0.09908879,191.46732,196.09393,0.21446697
785,283.5192,121.2115,0.07050133,213.4877,291.67154,0.089119494,375.3248,131.36624,0.12626922,137.17299,295.38773,0.044156417,148.6088,301.34238,0.116721325,356.14532,515.415,0.22951913,347.40042,536.26965,0.32109872,144.61722,323.9125,0.09428894,154.02481,304.9005,0.16700591,201.67142,183.83957,0.11232053,190.59837,197.60976,0.2514483
786,207.01114,286.93933,0.08044468,213.66489,291.95493,0.113471776,374.98636,131.20116,0.14215617,137.4841,295.92773,0.0519624,148.35378,302.03125,0.13597155,356.09058,515.2012,0.1984257,347.3861,536.42645,0.28357708,384.58023,131.05972,0.09788396,153.15991,304.89957,0.15859386,201.403,184.269,0.1154552,190.44135,197.93542,0.23307441
787,206.57964,287.37292,0.07947169,213.42456,292.1199,0.1066711,375.25223,131.39267,0.13324077,137.62047,296.5984,0.05014794,148.5738,303.00955,0.12695248,356.23337,514.33923,0.18038316,347.5947,535.9429,0.2322103,226.7814,51.6011,0.09513342,153.35617,318.90228,0.1489938,211.78204,69.56369,0.117234595,189.81079,198.49168,0.23204887
788,206.65288,286.9923,0.07404837,213.26385,292.1998,0.10415355,375.68677,131.4637,0.133709,137.37726,296.87653,0.04417814,148.74278,302.62308,0.12243627,355.8314,515.32446,0.19099419,347.26865,536.49615,0.27791625,143.66545,336.81448,0.098450676,154.10579,318.81573,0.15458424,211.27913,69.55594,0.1232607,187.44156,206.19104,0.27537903
789,206.49574,287.33093,0.07535397,213.04591,292.21524,0.10835716,375.91782,131.29578,0.13303307,149.51973,304.2016,0.05231123,148.5637,302.58142,0.13192473,355.78226,515.6043,0.20195846,347.2886,536.1598,0.2835081,145.8423,322.83344,0.103179604,154.43019,318.417,0.16985767,211.1693,69.3717,0.14209664,187.085,206.29288,0.30241656
790,323.6239,68.92544,0.08042354,213.0382,292.23083,0.10688562,376.0221,131.03058,0.12566508,138.24818,297.44745,0.044420164,148.9568,303.00848,0.12610485,355.6748,515.39044,0.19283587,346.77264,535.80334,0.27306756,226.64145,51.619797,0.09416392,153.94894,318.00262,0.16180263,211.11447,69.35511,0.14175771,187.11536,206.28683,0.2774913
791,206.41135,287.6425,0.08043799,212.88399,292.3304,0.10742286,375.62677,130.55919,0.13057637,138.34732,297.43658,0.04517749,149.06326,302.5135,0.14001015,355.99268,514.9244,0.19696453,347.12036,535.8489,0.27699918,226.25276,51.587204,0.10146069,154.43149,318.40378,0.16583169,211.08229,69.491066,0.12820098,187.02669,206.0993,0.26103327
792,206.35086,287.94342,0.07684487,212.52574,292.34885,0.099267505,376.02713,130.60077,0.120444015,138.0529,310.4229,0.039045822,149.47784,303.63684,0.120798446,356.42834,513.7166,0.20006017,350.28214,530.2554,0.24341953,225.99533,51.569397,0.09875721,153.18648,318.53476,0.13481075,201.3595,181.39821,0.12667707,186.56128,206.48033,0.29365855
793,206.22418,288.07895,0.07600205,212.30803,292.48965,0.103152856,376.19302,130.54556,0.1171155,341.28986,513.03345,0.0360555,149.9033,304.43475,0.10705254,356.42523,513.76044,0.15648967,347.11246,536.01404,0.2188582,226.00717,51.569866,0.103688285,152.60568,317.78424,0.11529789,196.50862,186.46425,0.12523563,186.54103,206.25603,0.27729598
794,323.50015,68.76808,0.0790799,212.46246,292.27567,0.097291194,375.9116,130.52339,0.11163632,269.18097,142.76904,0.040621363,149.83846,304.25137,0.10774729,356.0949,513.78424,0.18532124,349.59177,530.29865,0.2423331,226.09564,51.530506,0.1152942,152.87985,317.94574,0.116525404,196.34271,186.22763,0.12916587,186.5907,205.83612,0.25431266
795,323.7068,68.7759,0.07731579,212.50764,292.07272,0.099116564,263.83762,226.93285,0.10841082,268.99017,142.87971,0.039419603,149.66814,303.83026,0.1081067,355.6977,514.15314,0.19705163,346.7194,535.8805,0.27547058,226.1822,51.37162,0.11501798,153.25194,317.8387,0.11981127,196.12636,185.71573,0.11684329,185.91345,206.22844,0.2852983
796,222.44574,56.72858,0.07356461,212.50282,292.02252,0.09763913,147.44228,290.56137,0.103193745,268.8613,142.72577,0.037952308,149.74084,304.06033,0.10613462,355.9239,514.18414,0.21197331,349.24564,531.1381,0.30884847,225.96948,51.21955,0.11547083,154.1828,309.47223,0.12203208,196.04544,185.52147,0.12579417,185.64221,206.19937,0.2867656
797,330.90585,73.02182,0.080927126,212.68001,291.8074,0.093607895,327.32953,67.97728,0.106654614,317.9681,190.79602,0.039468195,149.12073,303.72623,0.11005618,356.37762,513.1636,0.20606187,349.7447,529.8491,0.2595374,225.88184,51.26039,0.11408287,153.13187,317.7805,0.12545316,195.77629,185.01103,0.13160387,185.14888,205.95204,0.28026092
798,275.0292,116.19423,0.084509976,212.89494,291.588,0.09211071,327.5658,67.58958,0.109524146,318.2496,190.89676,0.03874192,148.81844,303.50974,0.114919744,356.6777,512.6766,0.21225743,349.7953,529.204,0.28619117,225.85515,51.215614,0.11207417,152.7988,317.9689,0.12766476,195.6116,184.9603,0.14260378,185.02687,205.66902,0.27204135
799,274.8795,116.18271,0.08615218,212.65102,291.68204,0.09551,327.75357,67.226974,0.1102432,318.17297,190.8903,0.044599604,148.898,303.44858,0.11443096,356.79276,512.90515,0.23342845,350.15097,529.9854,0.31857452,225.93181,51.18521,0.111111715,152.96667,317.97556,0.13162321,195.34532,184.95465,0.14522114,184.74283,205.57365,0.2776911
800,274.80927,116.16941,0.08578527,212.74867,291.4964,0.09755699,327.90863,66.95912,0.10979191,318.27286,190.8857,0.05053594,148.83455,303.75583,0.11085509,357.13803,512.8698,0.23704477,353.9952,528.8046,0.3077348,225.9403,51.205338,0.11077223,152.54677,318.10376,0.11784403,195.34079,185.0654,0.14549062,184.71895,205.3026,0.2720472
801,274.86987,116.17618,0.08304201,213.04103,291.27875,0.10657237,327.84897,66.92674,0.11343297,318.216,190.84004,0.04700261,148.52654,303.53296,0.112808466,356.62424,512.9534,0.2309752,349.88837,530.08386,0.31089598,225.97336,51.182312,0.10795669,152.85172,318.00586,0.12593682,195.26805,185.02345,0.14979073,184.68198,205.01884,0.2685145
802,274.86337,116.11103,0.0849597,213.44792,291.17462,0.11023001,327.92908,66.94087,0.11302848,318.22183,190.77539,0.04593907,149.1087,303.9972,0.109491274,356.60858,513.05615,0.23319916,349.85678,530.21387,0.3329351,226.03343,51.18904,0.10898826,358.38303,506.2864,0.11273728,195.31319,185.04094,0.14130594,184.72325,205.42224,0.26538366
803,274.90738,116.12753,0.08208257,213.6118,291.23624,0.11349586,327.63028,66.94865,0.117013544,318.3216,190.76698,0.045191426,148.92767,304.05347,0.113321446,356.36566,513.112,0.21443784,349.32877,529.9702,0.28355253,226.06703,51.18847,0.1064479,152.66942,318.26486,0.113227844,195.3736,185.14587,0.14660183,184.81471,205.42392,0.25964302
804,274.95642,116.07676,0.087139145,213.60612,291.146,0.10453055,327.72522,66.96535,0.11490363,318.31934,190.87076,0.043981608,148.39734,303.35638,0.11579874,357.1501,511.9879,0.20370081,350.38306,528.5189,0.26107466,226.04614,51.285526,0.10871752,152.63054,310.68066,0.12418201,195.27663,185.24756,0.12695591,184.69722,205.89458,0.24931069
805,274.9558,115.99259,0.088523604,213.65028,291.2412,0.10632865,327.83762,67.02344,0.11347608,318.23187,190.8777,0.044274107,148.4088,303.4191,0.124112435,357.07455,511.9926,0.16899262,349.7697,528.28687,0.21588603,226.06,51.31761,0.106389485,152.77103,318.25757,0.12198419,195.31087,185.09647,0.13723622,185.0005,205.50433,0.25098437
806,274.9365,115.96831,0.08781748,213.78708,291.2091,0.10991058,327.67752,66.980606,0.11609009,318.34616,190.83847,0.0433029,148.74586,303.02283,0.13069485,357.14966,512.83514,0.19198418,350.24252,529.4854,0.23627071,225.9886,51.263397,0.108212546,153.73344,318.33655,0.13142319,195.32474,185.00986,0.12770863,189.6915,91.48219,0.24728051
807,274.94028,115.95635,0.0866145,213.81221,291.15213,0.109103486,327.7464,66.9781,0.11626467,137.64822,297.44324,0.04230567,148.90915,303.6231,0.11504179,357.20612,512.13556,0.20565899,350.20566,529.0517,0.26306054,225.99167,51.26511,0.106587194,152.99084,318.26434,0.119042546,195.31729,185.09062,0.12550285,189.58232,91.42779,0.24912032
808,274.91452,116.01165,0.08264661,213.83466,291.20468,0.1084487,327.81775,67.02337,0.11526179,149.65292,304.24777,0.049756717,149.26167,303.52466,0.121562235,356.8543,512.5357,0.19635656,349.85062,529.22424,0.25454512,225.9641,51.2591,0.107378796,153.78491,318.43738,0.12906358,195.30957,185.21263,0.13397688,189.49182,91.54527,0.24925236
809,274.85278,116.01514,0.08373137,213.75764,291.14154,0.10364665,327.7639,67.05667,0.11544647,149.39607,304.0406,0.04828134,148.93433,303.3552,0.123637065,356.78915,512.87714,0.20697814,349.82742,529.2951,0.2645208,225.91528,51.249256,0.108392656,153.294,318.74402,0.13223985,195.20364,184.97046,0.1287115,189.61821,91.5433,0.23475899
810,274.8741,116.03246,0.0817806,213.69484,291.19946,0.10301686,327.65964,67.11003,0.11556643,137.4487,296.8564,0.045146093,148.4905,302.44788,0.1369955,356.96384,512.3503,0.21680099,351.10718,523.89655,0.26711908,225.947,51.27612,0.10773496,153.64973,318.94333,0.1554176,195.21727,185.04114,0.13318764,187.65916,157.37247,0.22687854
811,274.85284,116.07309,0.08484204,213.65932,291.19516,0.103859395,327.7279,67.103645,0.11684985,149.23305,304.0131,0.046348307,148.55748,302.7526,0.13255599,356.6707,512.76715,0.21220632,349.98795,529.3859,0.27243552,226.00838,51.228718,0.108450785,153.50838,319.06445,0.14783889,195.20338,185.03958,0.14180963,184.91109,204.65326,0.22589593
812,274.95056,116.0147,0.08674807,213.54909,291.15097,0.102196634,327.49265,67.16639,0.11822905,149.28629,303.8946,0.0465937,148.60728,302.75006,0.13622682,356.43256,513.65375,0.2012573,349.9567,529.9626,0.2686344,225.9635,51.19486,0.11044436,153.42061,319.0323,0.15187751,195.1629,185.0675,0.13647774,189.8918,91.59773,0.22604305
813,275.0562,115.932655,0.08991855,213.45384,291.32935,0.10243405,327.3806,67.336136,0.12034795,318.48322,191.00883,0.046752762,148.14052,302.7907,0.12885389,356.55478,513.13,0.19210802,349.96628,529.77655,0.25058016,226.00089,51.2278,0.10871647,152.44829,318.93402,0.1509812,195.17265,185.02109,0.1341899,189.7951,91.684494,0.23706272
814,331.03094,72.64934,0.08918708,213.44928,291.27676,0.10255125,327.1403,67.650475,0.12227164,149.22173,304.30905,0.043704618,148.39058,302.9558,0.12910195,356.50974,513.656,0.19674931,347.54083,535.851,0.25864115,225.93726,51.27209,0.10927061,152.98393,318.63007,0.15694185,195.16045,184.90541,0.13624142,189.85973,91.72729,0.24633642
815,275.13965,115.86473,0.08607515,213.19823,291.40863,0.09447434,327.2265,67.82704,0.11381334,149.1231,304.13452,0.04756845,148.33803,302.7014,0.1356957,356.6478,513.2442,0.2055169,350.24518,529.8404,0.25773174,226.02084,51.247116,0.11198359,153.03175,318.86313,0.16115987,195.30235,185.34995,0.13486631,184.72116,205.11087,0.24249125
816,275.30057,116.05995,0.081195936,213.2987,291.34662,0.08460489,327.51703,68.07765,0.104953066,149.13907,304.21494,0.04084873,148.47165,302.63913,0.13350148,356.01196,513.4747,0.14331074,350.00806,529.6212,0.17097369,226.01846,51.337173,0.11327937,152.4769,319.04678,0.15398115,195.29369,185.6799,0.13597606,184.84412,205.26102,0.22600065
817,316.06973,183.48703,0.07831663,212.92178,291.6369,0.088581175,264.18213,227.05434,0.10310964,149.01173,304.019,0.048075687,148.32375,302.32608,0.1440371,355.75876,514.8923,0.16175044,343.17636,544.6334,0.24454482,226.03966,51.33683,0.11344986,153.07573,319.21283,0.17255548,195.37183,185.75041,0.14162037,184.80124,204.84425,0.23481345
818,206.67007,287.67413,0.07682544,212.95033,291.65268,0.09292426,376.00635,130.48776,0.11265379,148.8483,304.04205,0.04676255,148.24629,302.45367,0.1422414,355.68225,514.87823,0.16480356,342.99323,544.625,0.26148975,226.16852,51.313316,0.114025965,152.93993,319.26355,0.16807371,195.40985,185.54524,0.14051193,184.86496,204.91843,0.23945463
819,206.6734,287.66406,0.079952456,212.93637,291.73868,0.09682559,376.10623,130.4457,0.117817245,148.96213,304.07056,0.045579437,148.13396,302.05063,0.14355247,355.8315,514.5504,0.18290533,346.85687,535.73,0.25749728,226.16814,51.342274,0.11414222,152.94443,319.28186,0.17845264,195.49664,185.53935,0.13859212,184.96451,204.94464,0.2446725
820,206.6482,287.61197,0.07852505,212.88126,291.7981,0.09795914,376.30722,130.4705,0.11396936,149.01471,304.0625,0.050971415,148.14764,302.12466,0.14021732,355.6879,515.0588,0.16816247,346.73193,536.0596,0.2546698,226.21204,51.401035,0.11324606,153.2297,319.18585,0.18615231,195.60643,185.53004,0.1436792,185.16438,204.85,0.24436463
821,206.68626,287.52396,0.07606139,212.9786,291.8732,0.097448416,376.35855,130.59465,0.1143465,148.89177,303.97894,0.051930312,147.89331,302.11203,0.1419176,355.8303,514.85974,0.18318757,346.9921,535.871,0.24883854,226.15211,51.444004,0.113125116,153.36394,318.95297,0.18854462,195.8316,185.64409,0.13564894,185.42233,205.31299,0.24576478
822,206.69005,287.24466,0.079116106,213.0435,291.97012,0.1014475,375.94574,130.5956,0.119973786,137.44994,296.80704,0.04266965,147.91895,301.6228,0.14203548,355.75092,514.87067,0.1823222,346.98694,536.0431,0.25158802,226.1115,51.472492,0.10840597,153.31062,318.96872,0.19162454,195.98947,185.81439,0.12517409,185.57458,205.59792,0.25277174
823,206.63818,287.04633,0.080295615,213.11783,291.95328,0.10516968,376.0601,130.73405,0.12108537,149.04367,304.2269,0.043343116,148.02574,302.11432,0.13679184,355.59644,515.0233,0.18626188,347.0722,536.0443,0.25376928,142.4819,337.06793,0.10676621,153.18616,318.88626,0.18451829,196.21257,186.15187,0.121615455,185.994,205.7564,0.2511357
824,206.65166,286.85864,0.08254787,213.20717,292.0343,0.10769588,376.29062,130.94733,0.117562786,208.66374,304.13168,0.043151874,148.31561,302.5779,0.1311978,355.75696,514.8149,0.16895592,346.9568,535.7357,0.23372573,142.71187,336.85883,0.10647805,153.20215,318.79788,0.17151506,201.19244,181.22089,0.119935066,186.39595,206.01706,0.25123516
825,206.74557,286.79346,0.08461023,213.36263,292.0373,0.109288454,376.09064,131.06773,0.119142525,149.23125,304.853,0.043060362,148.30222,302.72272,0.12838528,355.79626,514.9705,0.1817839,347.13876,535.84515,0.24448512,225.96338,51.497623,0.10573964,152.82307,318.6222,0.16983648,201.2914,181.32373,0.12135828,186.9147,205.92151,0.23852731
826,206.73738,286.85345,0.083569676,213.2354,292.16232,0.10621579,376.13132,131.33453,0.11854834,282.64554,125.993546,0.04425744,147.8445,302.27225,0.13277641,355.84854,514.7554,0.15272042,343.06674,544.70557,0.20813136,226.04514,51.52824,0.1053295,153.05241,318.33762,0.17660415,201.34013,181.51932,0.1256501,187.17674,206.05603,0.2502016
827,207.59003,292.18753,0.08327242,213.32414,292.37195,0.106969394,376.00128,131.34065,0.1277635,282.61438,126.07562,0.052590754,148.12137,302.60406,0.13035908,355.87582,515.0593,0.1622042,343.05328,544.9782,0.20614228,226.08739,51.54913,0.10288716,152.74753,318.65387,0.1640291,196.95755,186.79488,0.12819657,187.6585,205.82843,0.22670452
828,206.81522,288.303,0.07833751,206.01929,297.48676,0.07992429,375.6785,131.34879,0.13316177,282.51852,126.12352,0.056931224,148.04012,302.06323,0.13353871,355.54242,514.85114,0.16462985,347.36877,536.09106,0.1993499,226.33241,51.577927,0.098949924,152.7856,318.31097,0.17298935,194.1117,195.89957,0.12894751,188.20682,206.22267,0.2014613
829,206.72597,288.52853,0.07792666,214.11034,305.81647,0.08465982,375.7145,131.25662,0.1360434,282.3498,126.34939,0.060139764,147.85619,302.3621,0.13061062,355.215,515.4299,0.1661349,346.98633,536.21265,0.20807903,226.49042,51.650192,0.092917256,152.75278,317.9296,0.17882031,194.32751,195.99362,0.13829464,188.47237,206.16525,0.18695934
830,206.71999,288.27826,0.08130843,214.08153,305.79102,0.09306976,375.81552,131.2547,0.13301255,282.27063,126.302536,0.059259564,148.36794,302.7679,0.12382833,355.48816,515.4494,0.16606194,347.5173,536.5593,0.18969686,226.40512,51.776287,0.095143504,152.8815,318.19598,0.16578928,194.30234,195.92717,0.14086433,131.2213,303.66928,0.18344876
831,206.58049,288.5631,0.080951765,205.74422,297.6453,0.0944816,375.77444,131.28064,0.1304782,282.28604,126.12853,0.055769164,148.39091,302.77258,0.12062591,355.50745,515.603,0.17254485,347.48157,536.603,0.20063423,226.30519,51.895428,0.091306284,152.937,318.04987,0.17032073,194.41722,196.09584,0.14092046,130.71991,303.40613,0.18643284
832,206.29608,289.439,0.0725023,297.59158,219.4841,0.07750461,375.66095,131.28687,0.13188611,282.40494,125.88117,0.050011307,148.70535,303.59772,0.10819411,355.65244,515.5764,0.17495011,343.24445,545.23193,0.2167504,226.21338,51.999367,0.08912774,152.06895,317.90564,0.1452957,194.27937,196.05981,0.14778943,188.41261,206.46135,0.19523354
833,434.61053,84.62202,0.0718332,339.77484,180.58482,0.07063512,375.534,131.2615,0.12536326,333.0461,190.46889,0.04516626,148.66014,303.7011,0.1047023,355.69067,515.44525,0.17602167,347.7006,536.5617,0.20798719,226.12306,52.118076,0.09206128,151.66537,318.174,0.13834156,194.29997,196.1092,0.1589247,188.4066,206.40936,0.19560367
834,434.53717,84.50381,0.0734824,213.48848,306.76157,0.07027642,375.44427,131.22331,0.12021682,282.26016,125.93726,0.05252755,148.78935,303.56638,0.109125175,355.66293,515.29803,0.16445717,343.25186,545.15137,0.22440368,226.2573,52.21743,0.09832432,152.14087,318.68097,0.14481924,194.32486,196.00682,0.15216684,188.44565,206.84079,0.20167308
835,434.433,84.47054,0.07497649,213.5428,306.5917,0.07508863,375.17618,131.01762,0.11888933,282.13373,126.01487,0.05193616,148.75656,303.0587,0.11525822,355.56775,515.1777,0.15580082,342.9715,545.2245,0.1989763,226.44943,52.335964,0.09538908,154.57553,320.6421,0.1609738,194.37779,196.22267,0.15483525,188.5812,206.76314,0.1922905
836,212.59009,291.80505,0.08209543,213.55609,306.3867,0.08778436,375.11942,131.13501,0.113125905,332.395,190.73013,0.046986315,148.94263,303.22552,0.11572073,355.62122,515.2764,0.15564588,343.05658,545.56824,0.21547285,226.44899,52.419598,0.09873957,154.59494,320.72125,0.1733088,194.60023,196.20558,0.1390501,188.69722,207.143,0.19343354
837,212.56953,291.64474,0.08873891,213.48204,306.23535,0.09342605,375.16586,131.22218,0.10647562,332.42874,190.72481,0.04867518,149.15958,303.24875,0.1190381,355.49567,515.36926,0.14426894,342.85834,545.5076,0.19807409,226.49704,52.461323,0.099528454,154.89062,320.76035,0.17603786,194.76514,196.1579,0.14443833,188.828,207.16142,0.20210654
838,212.66458,291.55545,0.09153011,213.44266,306.15503,0.10304422,374.94116,131.42676,0.10491561,332.448,190.75438,0.050643187,148.98322,303.221,0.10821205,355.46036,515.2651,0.15666075,347.07712,536.3612,0.19832791,226.5516,52.40997,0.101475105,154.42163,320.4745,0.1595485,211.12122,69.76264,0.14763196,188.84557,207.39742,0.20483726
839,212.70602,291.6766,0.09137631,213.5178,306.23846,0.10322473,374.8601,131.38657,0.10953127,332.48535,190.78198,0.046399187,149.24908,303.58435,0.096392326,355.54898,514.86694,0.13830885,342.84436,544.55664,0.16943592,226.59245,52.365078,0.097962186,154.43494,320.53552,0.14437163,211.21275,69.82178,0.14973532,188.76012,207.51729,0.20294768
840,212.76012,291.4485,0.0913939,213.65862,306.04407,0.10402187,265.05746,242.0129,0.11109629,138.26906,310.86365,0.04813041,149.10002,303.64676,0.09397061,355.19864,514.185,0.12873937,343.12485,536.88153,0.17344117,226.88017,52.48129,0.099811055,152.54945,318.03897,0.14254987,211.08711,69.64598,0.15663233,188.82793,207.95734,0.20798163
841,212.7998,291.452,0.08877603,213.66751,306.1069,0.10686239,265.2527,242.03737,0.112711966,138.08516,310.42987,0.049634226,148.90236,303.14008,0.10297678,354.93945,516.4556,0.16798314,343.43042,544.72797,0.30318317,226.7136,52.44335,0.099609196,154.8948,320.26495,0.16334397,211.24161,69.70082,0.15732831,188.87476,207.83081,0.2066619
842,212.9199,291.46512,0.08997346,213.80234,306.10568,0.1090234,265.29276,242.13731,0.11466274,138.05232,310.81235,0.046255503,149.13225,303.47723,0.09216518,355.10168,516.3691,0.16262704,343.38278,544.8957,0.29378954,226.83633,52.479816,0.10143016,153.42151,271.4673,0.1444125,211.13019,69.77739,0.15676636,189.12364,207.74132,0.19963387
843,212.8957,291.56393,0.086623736,213.73029,306.22882,0.10650855,265.15765,242.06906,0.11525237,138.01685,310.81458,0.047270704,149.04054,317.6557,0.08542972,355.3024,516.1128,0.16210957,343.893,538.1751,0.25592774,226.90709,52.47533,0.10293212,152.2866,317.7308,0.1407767,211.03511,69.87531,0.15932228,189.25713,207.57072,0.19561961
844,242.14317,54.21339,0.09012418,213.78963,306.1313,0.10625753,265.12415,242.12915,0.11628139,137.71307,310.61493,0.04436558,148.8989,303.3114,0.093708426,355.0726,515.9093,0.13653399,343.32083,544.85297,0.25792763,227.0489,52.48461,0.103606336,154.68211,320.12286,0.15218322,210.98335,69.910904,0.15773855,189.46916,207.64491,0.19373012
845,242.0785,54.263103,0.09665431,213.66138,306.2168,0.10681867,265.1393,241.9809,0.11879167,137.83856,310.98514,0.045259632,149.24649,303.80557,0.08287086,355.07874,516.2783,0.1560479,343.3267,545.05853,0.26342773,227.23102,52.590717,0.10372692,152.13496,317.69052,0.13415386,210.86284,69.76929,0.16699855,189.57709,207.54413,0.19089301
846,242.05632,54.28835,0.09317072,213.77177,306.1012,0.108488835,264.90958,242.02777,0.1220091,137.79625,311.18616,0.04335062,149.27534,317.8854,0.08055395,355.14206,516.1051,0.147755,343.49677,538.3261,0.2568264,227.19743,52.589863,0.10293783,153.51205,271.47223,0.13222732,210.80127,69.88915,0.1667345,189.46568,207.6285,0.19541201
847,241.97481,54.313557,0.095210604,213.68724,306.1991,0.10753296,264.89502,242.09125,0.12054282,137.91972,310.90768,0.04830835,149.50851,317.63455,0.085620925,355.50134,515.76245,0.17366618,346.47998,536.6319,0.2569589,227.30075,52.60269,0.10432019,152.55829,317.93207,0.13242063,210.7907,69.838455,0.17347828,198.39984,92.628716,0.20114933
848,228.10786,52.609024,0.092657715,213.59346,306.34576,0.10743137,264.9861,241.8771,0.12236682,137.66464,311.30325,0.041727316,149.63557,318.0217,0.08283242,355.44107,515.8008,0.1668437,346.451,536.7813,0.25323388,227.2338,52.56207,0.10353141,152.26968,317.6596,0.12669882,210.97067,69.78425,0.1661284,189.30608,208.07571,0.20123757
849,242.00656,54.317635,0.097002864,213.567,306.3451,0.10961071,265.01154,241.93764,0.12005772,137.71936,311.28094,0.040889475,149.6618,318.05807,0.08377171,355.20908,515.7538,0.15030646,343.50925,537.9742,0.24283768,227.38562,52.5371,0.10518405,153.2543,271.37408,0.12384488,210.8825,69.71285,0.17697887,198.62769,92.71939,0.19283943
850,228.1349,52.56421,0.093270764,213.59375,306.3544,0.11094326,264.91254,241.90894,0.11986035,137.77406,311.49643,0.039323937,149.9164,318.50626,0.07978563,355.22516,516.20215,0.16214813,346.60736,536.84814,0.24844041,227.23282,52.53566,0.10626607,153.48167,271.50595,0.11554029,211.04933,69.60937,0.16580313,198.68192,92.75739,0.19937868
851,242.06598,54.306652,0.099573426,213.62692,306.33585,0.11035078,264.82828,241.83737,0.1213628,138.09972,311.36108,0.044869833,150.18904,318.33917,0.0882026,355.21762,515.804,0.13132818,346.85275,537.06573,0.22004904,227.37433,52.610386,0.1046179,153.51703,271.3654,0.117500566,211.07771,69.63595,0.17018032,189.38313,208.53522,0.19735885
852,241.98889,54.279873,0.09960214,213.72705,306.2445,0.11501201,264.80115,241.89096,0.1175937,137.87404,311.43875,0.04410421,150.51944,318.44168,0.08944049,354.97653,515.3108,0.12187498,342.45715,544.45935,0.18693008,227.41623,52.53319,0.10460641,153.82892,271.19592,0.11329357,211.00624,69.57139,0.17662384,189.17126,208.67548,0.20494713
853,241.89653,54.288265,0.09277384,213.68149,306.20505,0.11696113,264.68146,241.71301,0.12203637,138.43457,311.26596,0.05063991,150.69078,318.48312,0.09250224,344.0436,529.3301,0.13788667,342.78247,545.2007,0.28685215,227.27623,52.454884,0.10409795,153.86954,271.29016,0.13002881,211.09842,69.78748,0.1647557,152.21382,318.75732,0.21100667
854,241.85056,54.393776,0.10331498,213.61514,306.2082,0.118847676,264.59668,241.84384,0.122324966,149.70322,312.4913,0.050373785,150.81506,318.76828,0.09146069,349.33972,527.19104,0.14251202,342.9192,544.9137,0.27629504,227.45734,52.620766,0.105085485,154.00766,271.23386,0.13470276,211.01318,69.73758,0.16800268,152.16583,318.52527,0.21012327
855,228.17413,52.56547,0.103669345,213.56898,306.14517,0.11999648,264.62924,241.90268,0.120446034,138.36942,311.3797,0.045777243,150.52803,318.83243,0.086939014,354.94403,515.86163,0.12994203,342.77258,544.98785,0.24158205,227.309,52.46385,0.10491804,154.23764,271.3941,0.13192178,211.09517,69.72256,0.16458167,152.56557,318.56802,0.20417975
856,228.21817,52.543358,0.107783794,213.63654,306.03122,0.12407236,264.65607,241.80676,0.12408336,138.27118,311.3315,0.047237933,150.22594,318.6848,0.087454066,355.2237,515.6165,0.14066724,342.9691,544.82715,0.23006575,227.34775,52.48769,0.105252765,154.0639,271.56622,0.1394555,210.96532,69.693794,0.16383892,189.26031,208.8883,0.2066419
857,228.17505,52.59702,0.10087946,213.66177,306.02106,0.121371254,264.535,242.04865,0.12243338,138.16055,311.3273,0.04684871,150.03471,318.74567,0.08664717,343.94165,529.5274,0.13180129,342.78156,545.4004,0.2589704,227.22623,52.43878,0.106259435,154.24023,271.6917,0.13882811,211.08,69.69703,0.16422437,189.1608,209.25356,0.21068954
858,228.08139,52.669617,0.09833551,213.63748,306.06476,0.12092403,264.52216,242.04105,0.12519899,138.31569,311.36777,0.04514846,150.45352,318.902,0.089431114,355.13287,515.63873,0.13177894,343.20187,545.4293,0.2456662,227.14922,52.491417,0.1042295,154.26184,271.53262,0.12755293,211.14664,69.72097,0.15838298,189.10886,209.34496,0.22622636
859,227.9734,52.685402,0.10013146,213.81992,305.93246,0.12074134,264.37683,242.0369,0.12572172,138.07747,311.1862,0.0442785,150.26355,318.2116,0.104710385,349.6949,527.764,0.12807144,343.34906,545.79236,0.23429903,227.15982,52.60721,0.1036684,154.15976,271.42154,0.13345303,211.09119,69.708046,0.15815094,189.20482,209.17561,0.21717212
860,227.97958,52.695553,0.09976867,213.87242,305.98856,0.12308675,264.49765,242.11127,0.12418264,137.91492,311.2783,0.04207327,149.7804,318.25195,0.096352935,355.36154,515.4182,0.14139704,343.67838,545.3855,0.242718,227.16971,52.58559,0.1034266,154.34279,271.379,0.121727705,210.99461,69.61777,0.15420108,189.27206,209.37486,0.22529429
861,227.96414,52.688133,0.09385348,213.85854,306.1712,0.11976553,264.623,242.3063,0.12051388,377.88504,142.91122,0.040145002,150.1189,318.19113,0.09617261,355.21545,515.8152,0.13515185,347.06448,537.3445,0.22398235,227.13933,52.64107,0.10216326,154.45216,270.94415,0.1169353,211.1718,69.55363,0.15118739,189.267,209.3538,0.2316221
862,241.9482,54.418373,0.08942864,213.77597,306.16394,0.11764579,264.66843,242.38567,0.120128475,138.56534,307.45245,0.040991534,150.08488,317.8886,0.09999276,349.85626,527.9471,0.13592516,343.40668,545.93823,0.22811174,227.0806,52.582916,0.100803144,154.38768,271.02792,0.11759451,211.26561,69.66423,0.15323554,189.47816,209.50371,0.22287327
863,227.9513,52.819683,0.096722335,213.91716,306.1219,0.11779337,264.64334,242.59174,0.12087651,281.86267,126.51547,0.042215917,150.15056,317.74213,0.1048257,349.44534,527.90204,0.1174744,342.98312,545.47675,0.19760063,385.11166,146.58702,0.100833416,153.42455,317.56396,0.11416763,211.15317,69.51697,0.13830605,189.65196,209.36635,0.23397048
864,230.14122,66.02136,0.09256245,214.03865,306.31674,0.11274337,264.74008,242.95305,0.116673574,138.05138,307.49826,0.039450813,150.12189,317.90088,0.09263348,355.2742,515.8774,0.15072525,347.00253,536.2181,0.25305113,273.44412,242.98943,0.09681006,154.33867,271.2654,0.11933227,212.66643,58.96839,0.14400862,189.62866,209.9028,0.24590938
865,230.2236,65.9486,0.09801018,213.96513,306.1972,0.11473162,264.50015,242.92923,0.11827394,377.8124,142.96289,0.038647756,149.88336,317.37045,0.105511464,349.3271,527.4969,0.12829578,343.06604,545.26514,0.22415788,385.16034,146.57022,0.09797715,154.12537,271.17688,0.13054273,212.60193,58.82989,0.14662087,189.70699,209.82909,0.24230194
866,230.20642,65.89404,0.09989205,213.89465,306.0948,0.1166347,264.43628,243.04665,0.11922381,138.4296,307.12408,0.038846415,149.66626,316.6613,0.11200072,349.42935,527.23517,0.15042058,345.90384,536.6547,0.25560358,273.32928,242.90067,0.1005547,156.6707,320.70374,0.1439574,212.54863,58.6851,0.14049399,189.60017,209.92947,0.2420317
867,230.38527,65.9695,0.10038931,213.79453,306.14377,0.12065967,264.46204,242.98647,0.12271605,138.36163,307.2491,0.04018903,149.7713,317.02835,0.107660815,349.4523,527.3493,0.14574,346.2828,536.7442,0.24336495,273.33752,242.85246,0.10307858,156.64563,320.82867,0.12943871,212.53055,58.791103,0.15097162,189.78012,209.80421,0.2384476
868,230.32196,65.972786,0.10781187,213.67426,306.19144,0.123799354,264.5351,242.89104,0.12256315,138.41817,307.2552,0.03748932,149.47734,317.03525,0.10717821,349.0379,527.76105,0.12481762,342.76736,545.1811,0.21280873,273.514,242.80861,0.10485109,155.98814,320.70364,0.13762379,212.54599,58.65822,0.14651221,189.67155,209.76337,0.23743814
869,230.14497,66.268906,0.110472955,213.3921,306.31573,0.1255173,264.527,242.9741,0.122244895,377.547,142.95564,0.0380507,149.31993,317.21213,0.10943923,348.94128,528.10724,0.120000504,343.1362,538.364,0.20011498,273.46497,242.84126,0.10820869,155.64418,320.63458,0.1388287,212.6444,58.882767,0.13897537,189.77884,209.67923,0.2320895
870,230.38791,66.155235,0.112946175,213.29572,306.35098,0.12447737,264.32098,242.96086,0.1256073,377.50372,142.90657,0.035983495,149.45024,317.77924,0.1033718,348.94403,528.1766,0.10274671,341.53784,551.6132,0.17622407,273.38846,242.77495,0.11033478,152.69975,317.84695,0.124261655,212.50282,58.632156,0.1478143,189.72473,209.61038,0.23418505
871,230.57092,66.450836,0.11369689,213.187,306.5038,0.123739295,264.08017,242.88258,0.12903464,377.47574,142.93011,0.040939793,149.40393,318.01685,0.10332024,348.90576,528.06714,0.09944268,342.69073,545.38214,0.1746377,273.25946,242.7573,0.11337333,152.15906,317.83893,0.1266751,212.50157,58.925304,0.15055636,189.69522,209.38092,0.2370725
872,230.4316,66.54626,0.113936916,213.30931,306.326,0.113557324,264.06885,242.9825,0.12831485,335.44864,205.87517,0.036924858,149.49968,318.34253,0.11005669,348.8038,528.2285,0.10832584,342.5881,545.58673,0.19118364,273.1242,242.91531,0.11053338,152.1376,317.73248,0.12495012,196.19353,197.44061,0.14913428,189.63202,209.3125,0.22028038
873,230.30862,66.78952,0.11134141,213.26012,306.5192,0.10818098,280.53857,130.27834,0.124450624,377.42175,142.6479,0.04029367,149.19046,317.83868,0.1186058,144.81384,339.05585,0.1113408,342.35498,545.51776,0.18210025,273.24896,243.01208,0.11078686,154.59218,320.3576,0.13993502,212.58098,59.050568,0.15096131,189.3354,209.3468,0.22283132
874,230.20312,66.93268,0.105641074,213.29227,306.65884,0.10483545,280.3756,130.39064,0.12549983,319.4292,207.58583,0.043069437,149.48532,318.43362,0.11498161,145.38106,339.29327,0.0942508,341.1835,551.526,0.1670591,273.14093,243.10107,0.10544922,152.17973,317.61072,0.1312581,212.64748,59.333363,0.14599271,189.22578,209.46587,0.21219996
875,230.08325,67.25511,0.10168145,213.4735,306.3683,0.10619387,280.28323,130.52179,0.12886639,319.46884,207.71684,0.046172775,149.19766,318.1017,0.12210558,145.55742,339.49823,0.10759532,341.09967,551.36694,0.18511075,273.08258,243.21461,0.10114536,154.4314,320.4309,0.14634958,212.70459,59.775105,0.14384454,189.08559,209.49055,0.2162532
876,230.17857,67.289116,0.101754576,213.52403,306.55215,0.10395919,280.3773,130.51562,0.1304387,148.62746,313.0783,0.041926425,149.6141,319.12634,0.10454065,341.64395,542.82715,0.10627655,340.82114,551.7045,0.20422326,272.97116,243.22542,0.098000705,151.9217,317.64417,0.1292585,212.6455,59.742474,0.14954974,188.93657,209.58571,0.20112576
877,229.92926,67.52952,0.09091657,213.6523,306.68372,0.10504157,280.2673,130.60913,0.13430652,334.9171,206.2822,0.04489858,149.41724,318.4914,0.11637351,342.23798,530.2881,0.106566444,340.86697,551.6141,0.19389954,274.69757,130.33122,0.09916282,154.36554,320.79907,0.14885096,212.66661,59.991272,0.15283719,179.84682,324.43475,0.18854086
878,229.6565,67.723236,0.087380245,213.752,306.97095,0.106903754,280.38794,130.58817,0.13252634,334.51785,206.11452,0.040532533,148.9122,318.35156,0.1128372,342.2712,530.7572,0.10736775,342.0534,545.9659,0.2100375,227.12628,66.41608,0.10137992,153.7275,320.7781,0.16009194,209.49924,83.79944,0.14400576,188.58568,212.89757,0.19055967
879,229.43814,67.939606,0.08185284,213.63339,306.84814,0.10580953,280.29742,130.7356,0.13095368,147.78766,311.8265,0.04284414,148.62404,317.72858,0.118646845,341.54764,542.8451,0.11159523,341.88104,545.9542,0.20356707,226.91132,66.56585,0.102864735,153.54623,320.92883,0.16930099,209.60535,83.96301,0.15050972,179.62,324.39713,0.19419001
880,229.32245,68.05313,0.0782496,213.74501,306.97876,0.105038,280.42383,130.60176,0.12540355,147.7221,311.8743,0.042536356,148.41847,317.7551,0.118787505,347.9072,528.9403,0.11975729,342.00775,546.0244,0.22008495,226.78926,66.59351,0.10403812,153.33412,320.6088,0.17711838,209.64616,84.08459,0.1500298,179.8248,324.30014,0.19101146
881,142.83324,340.87665,0.073703654,213.79224,307.01346,0.10455038,280.53076,130.7093,0.1182854,147.72005,312.10016,0.042288277,148.31076,317.77,0.115902916,347.9939,528.8832,0.12225975,341.92957,545.9124,0.23219483,226.61067,66.63284,0.10349881,153.30316,320.55222,0.1714841,209.90532,84.184685,0.14668553,179.66196,324.38168,0.1912642
882,142.74367,340.54596,0.07642497,213.73376,307.21866,0.09642168,143.64122,302.886,0.11656301,147.56023,312.11868,0.045459595,148.32263,317.70587,0.12475647,144.0649,339.35397,0.12497064,341.92984,545.94214,0.20458128,226.6058,66.658676,0.09943091,153.58978,320.35898,0.18625791,195.15817,197.43594,0.15156463,179.7315,324.75626,0.19630465
883,142.6553,340.85413,0.07725968,213.7763,307.30252,0.08948002,263.70193,243.37122,0.11208295,147.48848,312.10165,0.042272247,148.04922,317.6744,0.11991034,143.61314,339.1998,0.11926833,341.92828,545.9877,0.22780284,274.82074,130.49438,0.09963232,153.37312,320.83643,0.17667325,196.52968,200.64493,0.1452008,179.52475,324.5168,0.20009546
884,524.2516,106.46332,0.06998201,213.57281,307.5508,0.07463179,328.20056,82.66751,0.11468382,137.19675,310.94705,0.03962838,147.838,317.404,0.119635165,143.19447,339.24796,0.11538483,341.7597,545.3836,0.18826066,226.30362,66.72951,0.10400674,153.11624,320.7494,0.18238252,194.81981,197.35146,0.14645515,179.65303,323.86423,0.18637565
885,524.2598,106.4775,0.06915595,242.05237,171.68791,0.081314355,328.05487,82.78796,0.11539197,147.52953,311.83563,0.040285323,147.87251,317.27664,0.12863185,143.35342,339.5593,0.120672956,340.43738,551.52124,0.17198218,226.37746,66.77654,0.100840725,153.19055,320.86484,0.18624075,196.25418,200.68921,0.1442428,189.59784,174.68689,0.19515386
886,228.67816,68.51673,0.065479726,242.11032,171.67027,0.08056802,327.95538,82.89675,0.113538355,137.40106,311.48053,0.039927766,147.95328,317.86215,0.12393448,143.38972,339.3737,0.09869954,340.64752,551.3304,0.16479233,274.85205,130.6314,0.10024023,152.79424,320.75403,0.173208,194.57166,197.35663,0.14779478,189.39702,174.6436,0.21068512
887,142.81151,341.31317,0.07270758,242.06721,171.65353,0.08379798,376.4687,146.31203,0.1136457,137.76114,311.55112,0.04035303,147.97594,317.6196,0.12456111,143.9662,339.8291,0.10136656,340.79742,551.4502,0.17424887,226.21358,66.932686,0.10461085,152.77922,321.10117,0.17356756,195.90417,200.5212,0.14918655,189.3005,174.70284,0.21521352
888,142.97629,341.2446,0.07242666,242.00948,171.82997,0.07925022,376.54666,146.43709,0.1115454,137.95238,312.05603,0.040809616,148.27718,318.28973,0.12904106,142.07797,351.27322,0.09887963,340.82132,551.45825,0.16608906,226.16536,67.059975,0.10510411,150.0727,319.31836,0.15241066,195.75708,200.99547,0.13979359,188.98247,174.57155,0.23893157
889,143.0168,341.29382,0.07227725,249.7102,171.62381,0.07995784,376.38712,146.2981,0.116042346,138.08163,312.13666,0.04000092,148.19972,318.46262,0.124188766,341.87213,530.2608,0.09931867,340.766,551.4717,0.15617041,226.15057,67.08353,0.10143801,152.29047,320.6576,0.15509652,195.69824,200.99736,0.14240423,189.03175,174.43832,0.23061307
890,142.75887,341.2134,0.07884985,249.72343,171.57127,0.07850518,376.47046,146.3053,0.113924965,138.37491,312.14835,0.03913098,148.4428,318.54614,0.120485045,342.33832,530.41125,0.1227403,341.85446,545.53253,0.2127886,226.06395,67.10474,0.10281858,152.46388,320.8497,0.16212985,195.6135,200.95052,0.14309548,188.85425,174.42906,0.23010197
891,142.59636,341.26962,0.076532066,214.35712,193.80544,0.07726793,376.37604,146.05388,0.11579153,147.63992,313.35007,0.036704198,148.0776,318.3052,0.12112214,342.0622,530.45844,0.120419204,341.70398,545.4713,0.19067939,226.06299,67.1187,0.10650269,152.25609,320.77823,0.16879205,195.46486,201.04791,0.14272323,188.47742,174.35678,0.23408508
892,142.81114,341.3422,0.073134065,291.4085,171.46031,0.0847114,144.95183,305.7421,0.11483624,377.5273,141.79042,0.03398696,147.39949,269.48383,0.11338852,341.8856,530.79626,0.12424667,340.40524,551.31854,0.19484101,226.11467,67.1279,0.1092016,153.16795,296.91418,0.17067714,193.55249,197.10394,0.14201128,188.2405,174.5,0.23386939
893,275.5628,132.09196,0.074866205,291.34103,171.49532,0.08758981,376.28085,145.97192,0.118233815,377.49173,141.91733,0.033978198,147.84639,318.81967,0.11042887,341.79608,530.6849,0.11734313,340.49738,551.34564,0.18499924,226.18686,67.11009,0.10939986,152.94678,297.19547,0.16761553,193.4387,197.08781,0.14982098,188.20113,174.47089,0.22669609
894,142.6452,341.29202,0.07857594,291.35388,171.49832,0.089759566,376.15247,145.96466,0.119794264,377.4738,142.00597,0.03419139,147.91212,318.6843,0.10441342,341.75797,530.4136,0.10756127,340.75766,551.51917,0.18094255,226.1641,67.10648,0.10661022,151.8063,320.59406,0.16131882,193.44397,196.95161,0.14553048,131.66962,318.3648,0.22451565
895,221.19096,184.93929,0.07365393,291.26855,171.50291,0.091191255,375.9789,145.72197,0.11983842,377.44928,142.2511,0.04005749,147.7978,319.23254,0.10102661,342.00015,530.88165,0.11212712,340.64178,551.5939,0.19234431,226.21684,67.06115,0.10500322,152.48149,297.06412,0.15926057,193.29268,196.98332,0.14730015,131.52367,318.15262,0.23318742
896,316.66434,200.24036,0.07335921,291.18842,171.49292,0.09067088,375.8288,145.69376,0.1160291,377.43472,142.33508,0.042802628,147.59514,319.7133,0.102337934,341.75928,531.0087,0.10812819,340.70676,551.65027,0.18186799,226.23306,67.09948,0.10390273,149.19354,318.94226,0.14007242,195.01857,201.01419,0.14481194,131.90404,318.2289,0.23552223
897,316.59344,200.16545,0.07320845,291.21466,171.559,0.09057987,375.7399,145.82803,0.11317172,377.49603,142.29642,0.04041121,147.49313,319.5614,0.0986826,341.64728,530.4571,0.10489702,340.72375,551.47406,0.16260912,226.24817,67.0647,0.10430042,151.88205,296.73468,0.1463438,193.27106,196.91446,0.15188807,132.01373,318.157,0.22850291
898,275.4807,132.12378,0.07537061,291.16995,171.62419,0.09061593,327.77582,83.69764,0.11576303,266.78503,254.07684,0.037799884,147.47902,319.42627,0.10348517,342.0377,530.88916,0.11534696,341.86124,545.7102,0.18840674,226.19534,66.9543,0.104882084,149.16847,318.8815,0.14512788,193.14543,196.88847,0.15043294,132.131,318.44635,0.23266385
899,275.3902,132.11798,0.07857075,291.10443,171.61888,0.09324388,327.70334,83.768555,0.12119262,266.8589,253.98488,0.040183805,147.46538,319.371,0.1080072,341.514,530.59,0.09961203,340.7038,551.5572,0.16951114,226.15825,66.9244,0.100174025,149.37218,318.95477,0.14637223,192.9798,196.7401,0.15948041,132.0262,318.52832,0.23154493
900,275.25726,132.1882,0.075071916,563.26953,164.76617,0.07322006,327.26273,83.621124,0.12751463,148.7497,320.43292,0.036414094,147.4159,319.501,0.098941356,341.2818,529.5912,0.07980893,340.52264,551.35944,0.14649332,226.00192,66.952324,0.1024637,150.85632,271.48203,0.14912133,193.18956,196.90195,0.16445765,131.35364,318.14743,0.2385775
901,331.37042,89.05398,0.08642593,563.22394,164.86299,0.07239264,327.0806,83.75427,0.12537374,266.71948,254.11765,0.039900173,147.40504,319.97293,0.09694814,341.37543,530.4277,0.100884765,340.3287,551.1641,0.16091822,226.09642,67.032684,0.10375211,150.76224,271.3308,0.13642171,193.23898,196.98885,0.15231583,131.56023,318.21616,0.2381961
902,275.0623,131.97919,0.08500956,290.94647,171.83884,0.07910918,327.16235,83.68743,0.12579924,266.70486,254.24855,0.04370936,147.66586,320.35718,0.0938989,341.02533,530.7135,0.0874547,340.40356,551.68646,0.15362267,225.96964,67.047104,0.10953135,150.68956,271.36343,0.13838387,193.10571,197.09123,0.14869927,189.62415,107.885704,0.24870773
903,274.9314,131.91463,0.08257725,323.45584,197.21243,0.0804701,327.25504,83.74235,0.123008534,318.31787,206.64502,0.047752112,147.00621,320.00867,0.10684812,341.08127,530.73694,0.09294257,340.14996,551.152,0.16799606,225.95175,67.250946,0.109918274,150.56064,271.31146,0.13927917,194.23418,201.30283,0.14190082,189.49771,107.93181,0.25136694
904,331.24054,88.93056,0.08294816,323.61282,197.3458,0.08381119,327.2405,84.045105,0.11735379,318.6904,206.7241,0.056488656,147.41862,319.8424,0.10163839,341.36926,530.33057,0.088207915,340.37738,550.84424,0.15362102,225.97557,67.29685,0.10321889,150.69403,271.10788,0.12334484,194.24297,201.25572,0.13925278,189.27965,107.572014,0.25559327
905,331.0074,89.120094,0.084391184,323.64157,197.50856,0.08106849,327.1545,84.068,0.117592946,318.5749,206.73685,0.059991527,147.6425,320.5622,0.08553033,341.17715,530.72,0.09354093,339.96844,551.1447,0.1568873,226.06833,67.378525,0.10032009,150.56036,270.95877,0.11619342,194.44098,201.25443,0.1392686,188.81612,107.3101,0.26612318
906,330.9416,89.17327,0.083648816,228.19548,180.81905,0.08594322,264.2595,131.3278,0.11912639,318.93347,206.86977,0.06791897,147.63419,320.425,0.08472218,341.4632,530.4955,0.09988779,340.0687,551.1571,0.15724069,225.94319,67.36888,0.10389902,148.21973,319.06155,0.10429315,193.17195,196.89975,0.13879894,188.864,107.1847,0.23598006
907,330.81943,88.61388,0.08725888,228.1469,180.8407,0.09017724,264.5648,131.394,0.11367342,319.33463,206.9249,0.07634852,147.3478,319.87515,0.08640151,341.35498,530.7818,0.10466364,340.12592,551.5764,0.15157998,225.70526,67.56129,0.10240094,149.55779,326.7432,0.11921424,192.77036,196.9317,0.14477381,188.84833,107.10172,0.22759597
908,330.89215,88.48876,0.0945559,324.22107,197.69197,0.08872726,327.2406,83.84151,0.10967761,319.5359,206.85574,0.072628565,147.07835,319.62024,0.09044686,341.4455,530.51166,0.10400964,340.075,551.5774,0.14921999,225.5938,67.63025,0.10445774,149.45332,327.0002,0.122641556,192.88455,197.18387,0.1549885,188.44664,107.440155,0.24492358
909,330.49927,88.39229,0.09540405,324.33817,197.6072,0.08665903,326.84537,83.95262,0.103815764,319.51895,206.82579,0.0707583,147.4644,319.9088,0.08999413,341.34247,530.50574,0.10056507,339.99197,551.4957,0.15353894,225.26839,67.73303,0.10344322,148.63863,341.764,0.113904916,193.08401,197.28372,0.14570847,187.54498,107.80268,0.2768939
910,315.919,198.92378,0.080323644,324.5678,197.46371,0.08785409,424.45193,98.8786,0.10046161,319.75775,206.87502,0.06811044,147.45654,319.73083,0.08414746,341.53424,530.21814,0.10568824,340.27087,551.3255,0.15049495,225.08005,67.8418,0.097144276,148.34033,335.15244,0.11492216,194.15292,202.25871,0.14371066,187.38358,107.988655,0.23089442
911,315.90558,199.02284,0.07993161,418.37674,101.14457,0.094933085,214.29263,203.8102,0.117589556,319.8053,206.86713,0.064363234,147.60344,319.719,0.080278255,142.46419,352.9731,0.08855563,340.25287,551.70856,0.13735776,259.67114,258.42752,0.093316905,148.69319,335.15778,0.13090222,193.67706,202.07639,0.15770088,187.08621,108.09301,0.20554173
912,206.86876,311.5311,0.08102025,324.4052,197.61664,0.089244016,213.88449,204.3504,0.12037082,319.7348,206.87761,0.06674698,147.24802,334.06,0.07540974,142.23203,352.38828,0.087709524,340.31638,551.4563,0.15688439,210.5946,68.27922,0.09312061,148.3174,334.84064,0.1332522,193.65965,201.9411,0.13793153,186.59317,109.079475,0.21378076
913,315.68356,199.25563,0.07421729,214.63132,194.65546,0.09938949,213.40201,204.36955,0.11291191,267.70383,143.26338,0.06166049,147.69043,334.60403,0.07361283,341.03128,530.15845,0.07740735,340.35507,551.38873,0.15336254,210.76112,68.4985,0.08952622,148.45734,334.8313,0.13501017,195.76408,85.4682,0.13297413,186.22069,109.26148,0.20901366
914,225.92557,70.51046,0.07606262,228.00722,180.82397,0.09220968,213.47978,204.41983,0.13789633,267.5945,142.9334,0.052675333,147.71298,334.86307,0.07276585,341.3743,529.8223,0.08778078,340.29694,551.2517,0.15583576,210.74542,68.46318,0.093893886,148.43462,335.07385,0.12761429,195.3846,85.45367,0.1470974,185.5266,108.95285,0.22440316
915,316.16763,199.75243,0.078607805,228.0048,180.86864,0.094405346,212.76146,204.58318,0.13088754,267.64642,142.58417,0.05867219,147.56126,335.37463,0.071546316,334.96542,543.40656,0.08968462,339.64655,551.0463,0.16912055,210.76573,68.509315,0.09802661,148.61543,335.2151,0.12986504,195.08575,85.80087,0.15169384,133.21396,334.0311,0.21182
916,211.9982,68.610954,0.08777886,339.41797,123.45112,0.09876914,208.21065,218.34465,0.12334216,268.0445,142.50307,0.068007335,147.70343,335.40668,0.0862666,341.09277,530.4219,0.0873639,340.1697,551.6018,0.16120121,211.07866,68.642746,0.10293152,149.08711,334.8745,0.13113241,196.39479,76.0368,0.16248918,133.26292,333.70984,0.2176173
917,212.11075,68.63517,0.09209024,227.65332,234.99579,0.09496784,208.38582,217.5929,0.15427865,267.68076,142.65958,0.06459471,147.40578,335.4929,0.10119316,341.1745,530.4747,0.087598644,340.27783,551.8586,0.15434437,211.05322,68.803856,0.11640373,148.88274,334.97192,0.12548801,195.89536,75.969734,0.16717203,133.49052,333.57587,0.21601516
918,213.23244,82.48191,0.08521103,227.59094,235.23315,0.09244682,208.07072,218.04512,0.13295175,267.09357,142.77484,0.06451536,147.4727,334.90283,0.10856955,341.0418,530.5067,0.083053224,340.4063,551.8065,0.15022948,368.84802,146.89569,0.09661338,148.82309,335.16895,0.13912866,195.58473,75.90619,0.13310921,133.34608,334.2239,0.20197815
919,206.3574,311.6026,0.082088485,561.5834,149.86967,0.091736846,359.18213,146.02586,0.12832288,266.53125,142.81615,0.058951125,147.14267,334.66425,0.11684063,341.1894,530.5214,0.08624647,340.3019,551.55164,0.17585327,368.94717,146.69908,0.10182595,151.50699,336.48938,0.13721588,193.79408,203.302,0.11522585,132.9216,334.68906,0.2087698
920,207.43092,197.0095,0.0773374,274.59396,132.66469,0.09739065,359.1946,145.97499,0.14320457,266.3441,142.3544,0.05058021,147.35162,334.7821,0.11737442,340.9963,530.5121,0.07735481,340.35657,551.774,0.15723775,368.84933,146.7111,0.09618205,150.184,343.5652,0.13245694,192.7209,100.390305,0.12202938,132.60869,335.25638,0.21070893
921,142.81097,358.04745,0.067376226,417.42712,87.355736,0.08361986,359.78522,146.27551,0.124887615,147.67265,329.96085,0.03559209,148.11185,334.7081,0.13125433,341.5268,530.4444,0.09307494,340.376,551.52136,0.17720552,209.82156,82.658356,0.10336434,151.63293,343.97476,0.15283252,183.01866,76.624504,0.12063496,131.15999,335.1424,0.21818146
922,315.29233,90.03698,0.06339664,417.6685,100.504616,0.08070507,359.798,146.20703,0.11752451,411.9816,110.3411,0.03672764,147.80617,334.93063,0.12545985,341.29312,530.0903,0.081615485,340.55084,551.31256,0.16727814,209.65216,83.14945,0.10595994,150.99008,351.23798,0.14634536,182.98581,77.80575,0.12520482,174.31415,123.8924,0.22564536
923,410.33914,90.082726,0.06842692,258.97733,147.91585,0.08308574,359.39102,145.99982,0.119098485,315.44333,94.43161,0.043745156,148.18413,335.12747,0.11338344,341.2652,530.1197,0.07186416,340.5242,551.5859,0.15743145,209.35617,83.67531,0.1014257,150.90378,351.07697,0.14258233,185.0204,227.51205,0.10570882,174.88632,236.822,0.27059838
924,410.31985,89.69159,0.07864136,402.53796,99.497955,0.091727175,359.22922,146.37135,0.1129361,315.7063,94.508484,0.0338977,148.66678,336.1207,0.10086718,147.01993,361.79202,0.061546743,340.41376,551.701,0.13618107,209.2008,83.81287,0.08691186,151.63495,303.4272,0.12758988,180.09135,229.36525,0.12367765,172.37993,124.62823,0.30432144
925,409.9963,89.16296,0.076111846,402.47778,99.68119,0.09563726,360.29486,146.7008,0.10004154,138.53036,338.1395,0.037050378,148.96933,335.48975,0.12341922,143.15735,369.05856,0.08734165,340.649,551.63043,0.15108013,259.339,274.58606,0.0948804,154.67647,353.1496,0.1504572,180.13028,101.01452,0.1203958,172.30843,124.82548,0.24875419
926,410.31064,89.7114,0.0742776,306.16882,101.01585,0.09392694,359.6223,146.07498,0.10869398,138.08034,338.96555,0.033392463,149.19406,335.60074,0.10045143,143.8542,368.9344,0.07742599,340.5572,551.8071,0.15745556,259.33807,274.69232,0.0877246,152.21979,303.21506,0.13194239,181.32777,91.66622,0.15808481,171.51953,125.32393,0.25029868
927,410.42392,89.56424,0.078782365,306.48108,101.155174,0.08847082,248.7588,146.63925,0.10784831,411.2931,94.14394,0.034704365,148.75923,350.0971,0.10102588,147.70906,364.0527,0.07109503,340.637,551.8506,0.14146024,194.33969,84.183,0.0961844,154.71729,352.75885,0.12659883,180.39299,91.56889,0.19265366,147.06384,71.80524,0.2370917
928,196.6306,84.80894,0.07943086,213.33484,338.47363,0.093705654,359.91174,146.38554,0.107018605,137.35765,339.5078,0.031664763,149.46004,350.89804,0.08694248,148.6531,364.638,0.06379573,340.8347,551.7636,0.13268527,194.46237,84.34598,0.099691994,152.42734,303.57544,0.14701246,179.592,92.35278,0.20464022,175.20331,240.36044,0.242599
929,206.95651,327.586,0.07019788,213.64806,338.00647,0.11008742,248.9242,146.90034,0.09903728,410.59457,93.98201,0.032705482,159.15125,351.9508,0.10409278,150.00586,375.72443,0.073710464,340.85712,551.56067,0.14246614,259.1787,274.53058,0.0884481,152.22931,303.75464,0.13506822,179.59813,92.63438,0.15387537,175.97527,244.3311,0.23504719
930,206.69087,328.39752,0.06763028,213.3445,338.08408,0.09673694,188.68076,106.507484,0.089150615,395.51193,94.481804,0.04251497,159.27332,351.63184,0.092103936,150.1451,376.47687,0.070032984,340.83264,551.74115,0.13783935,194.31429,98.32683,0.07968335,157.74402,352.73227,0.13132465,178.09238,117.096886,0.13008563,175.6579,251.59477,0.23309182
931,395.4295,89.760994,0.06864295,213.50565,338.1778,0.088915095,297.32803,98.72706,0.103135295,395.1394,94.27696,0.036216628,159.6527,351.26608,0.0955892,149.76036,376.40128,0.07913792,340.95062,552.17267,0.14017834,194.4432,98.75895,0.08556292,158.05775,368.1813,0.14500697,177.45929,116.992966,0.12897658,138.72383,75.32088,0.23267306
932,395.79004,89.945564,0.07964247,212.86153,338.31665,0.080502264,296.7472,98.556114,0.104470566,372.91354,562.3765,0.031317543,159.94464,350.81165,0.10470689,154.73584,384.43793,0.097444944,341.0764,552.13885,0.14715451,194.26904,99.045204,0.08577977,161.92216,368.20737,0.14510126,178.02715,116.72437,0.11425722,175.3162,252.77449,0.23458718
933,300.1114,216.1888,0.073607564,546.7195,132.18344,0.089762345,295.81116,98.70509,0.11743066,136.49715,354.65604,0.034706283,161.10637,351.37122,0.10612616,151.69244,377.4546,0.08471921,341.10297,552.4567,0.12925333,193.90305,99.59503,0.08419458,154.10153,319.06372,0.16003087,166.56401,101.13904,0.13067804,137.40788,82.57203,0.27838886
934,300.24796,216.04344,0.07766667,195.83443,226.89667,0.09016678,296.35013,98.594986,0.12135146,136.3977,354.88104,0.036860175,162.18445,351.91263,0.108917795,152.61433,377.9665,0.07744911,341.067,552.5273,0.12511338,193.49261,100.04858,0.08991716,154.5601,319.21405,0.14332123,166.87738,107.692314,0.14340521,136.5776,84.270775,0.22848964
935,395.65988,89.86813,0.07511361,197.0167,242.31317,0.084130414,296.04605,99.47214,0.11902949,136.04498,355.23682,0.03123187,162.64256,366.746,0.097235695,153.25009,377.79022,0.0671716,341.07993,552.5691,0.1191233,258.81598,275.2915,0.07997401,154.22386,319.81638,0.12914577,165.81622,107.85618,0.17938985,175.15305,255.8172,0.27331424
936,180.28616,101.11537,0.069735035,196.67113,242.4138,0.07537051,249.93184,162.2231,0.10499854,135.32022,355.49463,0.035630826,162.97504,366.79935,0.10196244,157.80672,385.4008,0.057253808,340.89468,552.1165,0.118711025,370.58075,259.85056,0.08001516,165.15848,374.2149,0.10913512,165.41634,107.88436,0.17137712,132.13452,89.219986,0.28082663
937,179.69992,101.77197,0.07492722,196.08623,242.60849,0.082464546,344.10248,147.35944,0.09840007,135.75726,355.77875,0.039960876,163.73128,365.9811,0.13417867,159.52715,387.22784,0.09122537,340.81866,552.2776,0.123816416,466.39487,339.93347,0.07676116,167.08047,382.98636,0.15456922,182.12515,251.35472,0.15432258,135.0725,92.64111,0.29415795
938,180.77725,115.143654,0.078339264,196.04047,242.60808,0.076285996,535.65247,120.97833,0.120372124,134.88277,355.67517,0.035851795,164.21559,366.33322,0.11916822,160.04666,387.60754,0.09349833,341.13788,552.4758,0.10615212,291.4477,114.6234,0.07484795,171.30672,384.39752,0.15221006,164.25192,117.66412,0.1616427,129.98306,97.93276,0.32990095
939,179.80966,115.93309,0.09475016,195.84215,242.62439,0.09309043,171.59026,138.22878,0.099309474,372.96713,562.0456,0.031491596,165.4351,367.36087,0.121791646,164.12997,395.1556,0.09317925,341.22092,552.30237,0.12954216,178.81653,115.08496,0.0779698,171.23859,384.68585,0.14730236,164.41016,122.37396,0.16455682,128.35358,103.48795,0.26742682
940,175.17438,394.34207,0.08159749,195.45277,243.13136,0.10834541,171.53098,138.5937,0.099457614,166.58041,369.48355,0.040742025,166.45831,367.8237,0.124045014,165.44402,397.29828,0.10579367,341.1848,552.33704,0.11555444,178.19006,115.609856,0.08298487,172.7558,385.74615,0.1390187,155.00342,123.46317,0.15885988,128.37549,104.92639,0.26215196
941,179.55498,117.55819,0.07523539,195.17087,258.87717,0.08254846,535.12854,121.29495,0.11513758,372.96252,562.11914,0.03307228,176.12428,383.22757,0.112008736,166.89276,395.97498,0.08983208,341.0588,552.38086,0.12033564,273.97522,291.4232,0.0761863,173.5795,385.0418,0.12648785,153.73047,125.04522,0.15084527,127.86692,106.45057,0.24524577
942,174.91637,407.89706,0.075860225,195.16537,259.13672,0.09350612,265.80203,289.3903,0.122706994,113.798676,118.3009,0.037792224,176.72108,383.15625,0.1160694,171.76608,403.20703,0.074302055,341.04868,552.6941,0.11405186,178.77998,130.25499,0.077413335,166.74826,336.5441,0.1396675,162.53827,133.80852,0.15648763,123.48381,111.42908,0.23433746
943,299.34653,231.92401,0.071662255,194.98999,258.80652,0.10225532,265.52133,290.42883,0.11347447,114.13497,119.12819,0.037094668,177.98373,382.70114,0.11316325,173.22325,403.60968,0.08077991,341.17078,552.4,0.10773117,273.89404,291.39465,0.087146565,179.96523,399.42828,0.1422318,154.11142,138.46497,0.18790518,122.91556,121.122536,0.26191297
944,165.33359,131.94563,0.08350955,195.191,259.1826,0.105358236,344.29996,161.70807,0.10875617,378.79962,94.02075,0.04502453,178.5574,383.51053,0.13804017,175.20514,404.4909,0.088524334,341.11502,552.19916,0.097621515,274.6698,307.0662,0.10871259,180.96954,399.99573,0.16775998,150.9636,138.6679,0.16630471,120.95978,123.26313,0.34890935
945,192.23044,410.48425,0.0843456,227.94711,370.69855,0.092069834,211.49266,283.5211,0.13413955,378.92065,94.07522,0.04543032,179.0308,381.534,0.14947124,174.96295,417.39795,0.15809432,178.93146,430.5418,0.08410423,274.6174,306.93005,0.11000987,186.36606,401.74045,0.21243702,150.26176,140.96657,0.12973398,120.72533,126.68192,0.2988708
946,191.47646,410.27603,0.085741706,194.35477,274.6659,0.104458906,343.80612,162.20734,0.11141899,379.2964,94.15773,0.063312866,179.90189,382.9867,0.1521419,178.96384,413.78262,0.10314611,341.0069,552.0348,0.06587104,274.36664,306.22253,0.08723256,170.37634,352.69766,0.17473838,150.26259,148.70116,0.14565046,116.68542,136.59969,0.27643687
947,165.02364,147.79224,0.088127814,194.54654,274.14703,0.10012144,206.98303,282.3116,0.13169506,197.38565,294.93832,0.053158958,182.85583,398.85364,0.13641472,186.34262,430.5114,0.090526916,164.96965,374.84143,0.067781664,274.08902,306.5405,0.08049768,190.30681,417.0225,0.15171742,148.37234,149.9049,0.19379541,119.36482,140.54398,0.34357268
948,378.44632,90.97988,0.0984737,244.44328,386.38226,0.0855942,279.45,130.48845,0.12757845,283.59824,143.19762,0.057881877,191.95148,400.21463,0.12335533,187.56311,430.94308,0.08657308,164.76387,374.77814,0.05030424,177.3826,149.35306,0.077706024,176.88243,368.05298,0.15412664,148.87212,163.86984,0.13632429,115.304245,148.61964,0.28911933
949,378.91476,91.476875,0.09891407,274.72736,146.211,0.08825214,205.55513,297.58203,0.13837515,196.74954,309.39444,0.06291512,192.32227,400.19693,0.1303572,188.2386,432.3734,0.08605792,176.37944,397.90048,0.048425335,177.85925,177.35562,0.08385093,178.90303,373.55844,0.1458021,147.36119,164.25186,0.16594131,114.35084,152.83807,0.3986994
950,150.86322,164.85808,0.12536113,212.48425,290.9175,0.10290387,206.69777,297.0775,0.17989099,198.6386,310.33466,0.075631626,194.44717,412.77567,0.13963795,189.70862,435.1793,0.1337043,187.38153,452.829,0.06969317,177.3794,177.66913,0.07647424,180.90544,376.2805,0.17750615,146.98642,169.91191,0.21882024,113.86032,158.69418,0.43913767
951,151.32043,167.19315,0.11203783,213.41841,306.33154,0.10497094,207.35376,298.428,0.16327637,199.56827,310.86832,0.06843478,195.20284,413.6334,0.15991186,194.76237,441.98825,0.14340816,194.33363,455.97787,0.09783059,177.6884,178.1687,0.07803163,203.13924,433.64767,0.20357415,143.94662,176.21988,0.18214165,112.18948,167.7025,0.3420746
952,150.83775,178.85455,0.11775673,165.02554,194.6628,0.104076006,204.49275,313.26804,0.22097561,363.94586,111.1737,0.073072985,195.93437,413.56302,0.13377464,196.0208,442.11108,0.11989868,195.2868,456.01022,0.05285418,210.68251,304.1985,0.072137766,184.3583,384.03598,0.20492302,142.95912,178.90868,0.19214438,111.78917,173.53717,0.4511005
953,361.25058,93.77722,0.1256881,164.34209,210.87996,0.1132138,206.1614,313.3295,0.19129005,268.13394,159.67134,0.076598406,197.71263,413.6399,0.14635876,202.08228,450.4358,0.09761363,196.04968,456.97934,0.051518295,202.0544,452.53574,0.07746619,185.75473,384.99042,0.17775169,141.16159,186.97684,0.17498845,110.85624,182.02797,0.35875022
954,171.94499,186.87077,0.13231258,165.27051,198.08406,0.1349691,205.33908,313.8302,0.20356941,236.04166,239.15465,0.062139835,208.86668,429.44385,0.13496189,203.38783,452.05267,0.13921593,202.30695,469.483,0.061527204,177.37619,209.01262,0.07557811,214.14256,447.6068,0.1879633,142.54767,194.2701,0.20569243,110.132,188.34332,0.42989185
955,362.60953,106.00648,0.15339427,164.51634,210.59554,0.15193306,202.49686,328.93024,0.16665176,330.54056,190.83777,0.04414295,182.13521,385.87775,0.13958006,205.52525,453.7256,0.17841059,209.45242,475.99097,0.09477705,211.48723,319.8682,0.07916215,218.58116,449.89163,0.24450697,139.66685,202.65134,0.2318541,110.58501,195.89912,0.35246244
956,251.08192,156.36891,0.17447872,165.22693,213.48558,0.15517347,220.75583,330.7909,0.17794469,363.54697,128.44261,0.08297764,182.96564,386.20303,0.14951622,205.90457,463.68637,0.15997879,210.84555,477.10913,0.082296215,216.6368,442.95917,0.08257623,219.86143,449.41046,0.22733767,142.33926,209.98586,0.24901281,110.11032,205.32085,0.37785137
957,362.58615,107.09631,0.16369365,165.07619,226.57738,0.1638849,511.74393,89.70567,0.1476582,356.32083,127.16559,0.075329825,238.5637,449.95047,0.13169074,208.27702,465.83768,0.16657795,218.11087,486.22928,0.09732688,219.0439,469.1727,0.084170766,229.8753,463.49155,0.16886124,138.9048,219.31099,0.28608632,111.38641,212.15062,0.32880995
958,153.10968,223.80627,0.1502012,166.92474,228.71547,0.19042267,220.9897,346.22644,0.1619367,348.42548,127.920456,0.06379202,196.41708,401.41736,0.12585583,218.42976,470.13498,0.2128523,212.16267,488.47028,0.114047915,217.09323,459.9959,0.09702328,231.56317,463.11627,0.2675358,139.11397,223.40913,0.36016768,110.905426,222.47166,0.38099197
959,348.19586,119.33637,0.1550981,165.66902,242.91264,0.16293404,221.65085,346.03085,0.21272291,349.4117,129.25352,0.06168026,224.96173,442.81808,0.14192632,221.56496,480.7263,0.24577463,219.11847,490.97653,0.13670345,221.05121,475.35165,0.087769724,235.69395,466.0203,0.27433774,139.14818,234.1228,0.3309025,106.5221,235.07864,0.33942485
960,347.81775,121.07664,0.18262388,167.42117,245.04898,0.18432298,221.49574,346.3414,0.20520437,267.1019,191.69962,0.06428084,199.7308,416.7786,0.1514216,222.79453,482.09586,0.30589443,220.19029,492.1929,0.11918242,221.9611,474.66342,0.08658757,237.93172,465.33032,0.25770205,139.0393,240.80759,0.42545658,112.268074,240.26115,0.31776887
961,347.24878,121.269745,0.18176338,166.4241,259.04898,0.16059572,502.04175,89.250305,0.20785867,209.72336,415.37387,0.0519791,254.02524,464.91574,0.13039772,224.90654,484.25864,0.28538305,228.62125,504.76547,0.15362152,232.0626,476.94604,0.10653285,247.45589,478.087,0.24676709,138.41652,251.6372,0.38250613,108.83009,253.0933,0.25756758
962,347.32956,121.527115,0.26216802,345.0656,133.98979,0.18393686,497.90656,89.16939,0.21559449,215.35974,374.631,0.056560542,239.96617,446.85812,0.12689398,235.66753,487.75058,0.26911208,233.96022,506.79202,0.12290959,233.54852,476.03897,0.09810551,249.64963,479.4276,0.25592524,139.22034,256.4292,0.4425753,122.761314,259.8631,0.26455122
963,347.32666,123.6632,0.1834322,167.31033,275.01755,0.17137524,496.4509,89.15833,0.195637,218.46758,396.89648,0.063404225,213.37291,432.23926,0.13412532,238.71132,498.10394,0.32186615,235.92679,508.97363,0.15871333,237.06696,490.0785,0.098228544,251.69775,478.6324,0.22808342,137.87598,266.91104,0.40313652,120.532585,271.82822,0.30315185
964,333.50644,136.19073,0.16064487,168.1859,276.55603,0.16822098,488.70847,88.75806,0.27545014,244.04512,462.6797,0.06375115,274.74512,470.8861,0.11747861,239.3958,499.3486,0.3381644,236.8296,509.22217,0.11519763,238.51727,490.6596,0.08716127,257.63306,491.975,0.17922772,138.21475,272.48123,0.4441843,127.82478,276.03897,0.34343982
965,333.26514,135.8849,0.21291743,331.32718,148.67262,0.1692977,487.66473,89.23052,0.23848698,258.6046,479.9537,0.06306874,274.81137,470.7794,0.124022864,240.65027,500.876,0.27614132,238.04282,509.63727,0.081859365,513.16156,307.45267,0.111483395,264.50763,494.34613,0.20750715,136.41768,284.53848,0.43559167,120.571396,288.69443,0.36297348
966,253.87054,215.38419,0.19425723,166.12117,306.85028,0.15359019,486.69778,88.45713,0.23966639,272.76605,497.3592,0.06119596,226.93655,449.1218,0.0906057,240.12085,500.83035,0.21289577,251.11397,522.2785,0.08499153,245.94708,214.28142,0.10585795,265.58173,494.82867,0.20869814,137.99356,292.3509,0.42504403,119.51308,294.09927,0.36846626
967,253.63976,215.76804,0.1604059,168.5746,308.57608,0.16515584,482.4768,89.03572,0.25650907,273.61548,496.79086,0.054424744,112.93328,306.5727,0.08163892,255.00868,513.992,0.2430463,252.45279,523.31604,0.08582488,253.21716,506.03915,0.086645104,261.81152,493.5566,0.14587528,136.28505,300.9527,0.44019365,120.85991,305.8808,0.36913922
968,331.09573,151.59317,0.13697909,166.5347,322.58237,0.13778973,474.86603,89.91128,0.2619895,115.40716,309.26215,0.06755394,288.4642,497.90652,0.10237132,255.16887,515.07404,0.24975498,253.01126,523.8347,0.07870838,245.18561,225.90909,0.08383984,273.8386,508.63992,0.12484887,138.00575,308.12634,0.37028354,117.208824,315.58438,0.3199205
969,331.0159,152.40167,0.14838414,169.11061,324.55063,0.15171923,473.4574,89.143326,0.2582423,113.47163,324.38412,0.06916922,121.97074,329.02142,0.09580568,255.48254,515.2988,0.23034066,253.16856,524.0105,0.07119453,583.0794,240.32593,0.09486759,280.42673,509.29807,0.14734788,136.55759,317.14587,0.43294692,118.030205,320.3177,0.2644417
970,331.36282,153.90736,0.15193035,329.4132,165.31139,0.13914558,472.9433,88.41562,0.30190086,113.19136,326.32654,0.06566483,119.39712,329.40128,0.09669916,256.28574,514.702,0.14740796,482.0038,570.6319,0.060310926,451.67923,98.13295,0.07498699,274.88892,508.77042,0.12511656,138.60886,325.02954,0.4237397,112.43928,329.9585,0.31019205
971,155.36626,337.36963,0.117561296,169.24466,340.86127,0.14995246,471.7306,88.87258,0.2643853,113.48197,340.36868,0.05671379,111.59381,340.63278,0.1019131,270.2524,527.8842,0.11911073,481.99457,571.1482,0.0638421,464.6762,80.36891,0.10215517,275.2907,509.00073,0.096975036,137.50232,333.0467,0.42380604,113.44844,336.92212,0.2899732
972,156.84706,337.42917,0.1448196,171.60971,342.34796,0.1412824,466.18726,87.39461,0.31816006,479.78177,96.88548,0.06967112,164.86832,374.9201,0.09171824,270.72772,527.80023,0.100314416,482.39023,570.1044,0.049743127,463.55984,79.200455,0.12319132,191.50316,249.90569,0.0723722,139.5359,338.35858,0.5233303,122.36126,339.16037,0.25018904
973,172.27495,339.4317,0.1325172,170.8098,356.19406,0.16277735,464.3323,87.91215,0.27362242,479.8621,95.94275,0.0781632,307.65842,501.80203,0.088438705,271.95728,528.37244,0.11605706,589.28485,112.82425,0.04952542,315.36426,173.26088,0.10830091,282.0065,521.6706,0.073230915,139.03058,345.38724,0.4667401,129.05641,348.83932,0.2765841
974,156.27777,353.7937,0.13608865,171.97144,358.3092,0.1340143,458.88287,89.29164,0.33092684,472.1288,96.461754,0.055951353,307.76697,502.58347,0.08477733,585.5772,92.77598,0.105430976,459.56882,108.47579,0.07093363,458.30368,92.78717,0.12900978,485.13995,587.1594,0.07751608,140.3548,351.79922,0.5153713,123.7489,355.06586,0.24629124
975,251.67776,264.1558,0.12805656,170.20975,371.59134,0.12077809,458.44077,89.45727,0.26135483,469.6879,74.08099,0.07223895,111.90949,372.69632,0.06797668,585.14374,92.55878,0.11992752,458.89322,108.09873,0.06478474,458.42874,93.497375,0.11035753,191.12334,265.50983,0.076996334,143.07289,359.55655,0.4665318,121.143425,365.92755,0.27572888
976,172.46457,357.36215,0.12512621,171.87473,373.80154,0.12572958,247.21024,265.5312,0.37123153,465.99854,96.6996,0.08390718,254.5507,280.88016,0.070494324,584.64966,92.89993,0.097476535,457.11853,107.420685,0.061176777,451.7983,94.07552,0.14411202,450.39722,132.00476,0.07107975,142.46106,365.85092,0.44790304,122.28885,377.36536,0.2813063
977,315.69925,183.60918,0.12356614,313.54083,195.41777,0.10528518,447.53268,104.715416,0.286624,458.75238,97.16954,0.108527504,470.40054,94.830635,0.0825028,572.30505,93.08205,0.08183644,482.23083,571.22626,0.048417795,514.1849,162.18054,0.10960577,582.87396,91.257126,0.06529968,145.11241,373.2907,0.38332248,130.02399,380.1113,0.29145664
978,450.2637,84.374596,0.12611751,313.20087,197.02094,0.11195203,449.46823,88.319435,0.31567103,457.80243,97.78404,0.12700312,309.69547,215.7085,0.07842551,572.20636,91.48391,0.08211544,482.29462,571.70905,0.049884874,441.63193,80.15136,0.106421486,307.65375,227.11803,0.06855022,143.9608,380.74435,0.32612628,126.09844,392.14062,0.3418081
979,448.95166,86.963,0.19937228,452.30115,98.49699,0.1438416,245.77203,282.0161,0.3474463,457.38055,94.00718,0.12884532,254.45944,296.84424,0.0785019,572.92957,91.749855,0.1183503,579.03345,100.66726,0.06394159,437.98657,95.9638,0.108856745,581.8181,89.9291,0.11434857,147.98935,388.41278,0.32165197,130.46909,395.56482,0.3011611
980,448.4263,87.572784,0.15203813,430.99417,86.59966,0.08343782,306.9338,200.23238,0.2770334,455.55914,94.41663,0.087486535,309.0508,216.74355,0.077082746,572.2036,91.29817,0.17194968,578.7094,101.29128,0.076113746,354.83194,114.19653,0.09879547,581.8623,88.136925,0.13352025,150.41855,391.77966,0.30140617,128.26114,406.89844,0.36361188
981,441.0862,87.79602,0.21433215,440.4172,102.18144,0.14027196,438.55615,96.046135,0.27065417,448.4293,114.86792,0.14135292,438.22882,120.77826,0.09309644,571.18945,91.954025,0.17722906,578.38434,102.75047,0.08346526,447.7665,87.34345,0.1129878,581.3912,88.712456,0.1684024,154.0764,395.83456,0.3166057,130.83308,410.16052,0.34368446
982,439.9575,88.33383,0.21495809,437.85712,96.31754,0.15186717,243.5463,298.34702,0.24439627,448.30267,113.42172,0.11128634,447.34827,119.748985,0.07942809,569.12915,77.23825,0.12959923,565.0271,92.813835,0.07266607,578.7635,212.56087,0.10915916,580.958,87.91331,0.15414472,155.35522,402.94156,0.2731606,143.33966,412.23846,0.34711236
983,432.922,85.57666,0.18549483,431.1922,96.006714,0.13223581,426.59085,98.90172,0.23764008,442.62573,96.241005,0.12634581,435.55573,121.28369,0.06889515,569.06226,78.56351,0.15722209,560.1481,92.38848,0.11254493,574.7087,142.86705,0.08242184,587.4475,89.421326,0.15855287,155.34787,407.5493,0.254588,135.30898,425.4315,0.36223203
984,431.76123,87.0035,0.18507494,432.7924,105.431175,0.11970392,425.51822,97.0312,0.20479882,441.74957,94.580185,0.09137718,433.8725,120.156654,0.073840976,570.0768,92.15458,0.15993541,559.224,91.93531,0.13289846,575.75525,142.54489,0.11169963,589.0358,88.898926,0.14503974,157.2675,411.43723,0.2718788,141.95721,427.2182,0.33629078
985,430.20886,87.28084,0.19196947,416.4115,93.259514,0.13648884,422.95456,96.38211,0.2658731,428.75818,96.13569,0.08749195,422.67807,120.94326,0.08362895,584.7276,105.951584,0.14696364,557.4622,86.00748,0.111978285,433.23712,86.7487,0.12667242,589.4626,89.64901,0.14033958,157.43477,418.36053,0.24014376,144.74648,428.33264,0.33473182
986,424.54028,88.51327,0.22902802,423.0577,96.875404,0.15881097,419.60696,97.13326,0.2180524,425.7694,114.56605,0.097967446,431.63638,120.536026,0.08600901,555.86835,75.62248,0.20913738,556.34424,86.72904,0.12670685,570.30133,104.36755,0.08624183,583.31104,87.44071,0.10617528,158.01201,419.79062,0.2075516,145.93924,429.81848,0.33064175
987,423.8412,89.088875,0.17719524,422.1796,96.6995,0.13489906,418.5514,96.765816,0.1737051,426.9351,95.77455,0.0869501,431.49228,120.55865,0.07542961,555.16003,76.26315,0.20026232,550.78723,91.48026,0.112340674,432.04266,88.19842,0.09936457,582.73944,88.19006,0.1349463,158.11081,424.5923,0.18918104,138.30994,442.82217,0.32238552
988,400.2834,70.99741,0.19665904,408.73474,100.88111,0.11640898,408.7535,97.82084,0.16116618,426.60574,95.46629,0.12356921,413.54883,98.03513,0.07666859,569.1096,92.3384,0.17472285,550.5325,84.33988,0.09093948,554.4514,88.092064,0.08262051,585.49756,84.454285,0.1102489,157.65096,432.01474,0.17754444,143.34029,442.11737,0.31627393
989,408.87988,87.10594,0.19433452,407.5607,94.89692,0.13438268,406.66107,97.77944,0.19544901,560.09534,67.14608,0.08083495,576.98724,112.39485,0.08232225,569.404,89.68252,0.18488614,549.9016,85.16693,0.15210655,575.2331,197.21907,0.11241501,566.5916,70.2383,0.10858909,158.06047,432.77264,0.18594465,144.58638,442.82193,0.32368672
990,408.908,88.273026,0.21134053,407.29724,95.71353,0.1531864,404.80835,97.58762,0.2165195,405.33533,95.13097,0.080645785,405.3037,98.48646,0.08072268,568.81067,88.03181,0.14792761,563.2695,89.63887,0.12516578,567.6599,95.80516,0.10893108,577.2611,75.22647,0.117498465,158.94861,434.2801,0.16130313,146.55305,443.8537,0.26971734
991,408.87076,88.79554,0.18305698,406.94147,95.94313,0.14604363,404.2852,97.5273,0.14996326,410.81134,95.57556,0.100432195,576.39307,181.13197,0.085049585,568.1648,88.84088,0.14137426,562.9633,88.85211,0.14615887,416.8714,87.03897,0.10094173,573.92285,109.008705,0.11490538,162.18091,436.93103,0.1500576,147.42383,444.73224,0.2335996
992,384.5414,70.695984,0.19131188,407.67728,102.19478,0.13117191,233.0582,329.00995,0.13124883,410.44055,95.79008,0.1048527,396.19406,98.68279,0.08348429,539.2368,60.05167,0.17310722,562.1813,88.65197,0.14045283,416.14517,86.957085,0.08962326,573.2501,108.78109,0.14066304,163.64702,441.37177,0.17041916,143.89975,457.12573,0.23316161
993,384.02643,70.98941,0.17445114,386.0174,93.04358,0.13481168,233.02556,329.39465,0.12897192,403.9125,96.142555,0.09345289,396.31552,99.0997,0.067911826,566.35004,74.68647,0.1582613,549.4821,85.491905,0.1032598,554.7369,87.62956,0.09090901,572.3997,108.6202,0.14092132,164.2692,443.28497,0.13712654,145.8282,457.6301,0.22550455
994,392.6074,85.825066,0.16346714,390.86774,94.40223,0.15705952,390.44138,96.35481,0.18125564,395.5012,96.31126,0.10490882,562.4333,95.44577,0.12033392,553.3809,74.049706,0.14789678,533.8249,69.69543,0.14433107,537.86194,72.64792,0.09941974,571.192,108.045685,0.15147455,163.90565,451.54962,0.109092146,151.17258,458.9532,0.22464183
995,392.6073,87.00294,0.2085234,391.02142,94.46863,0.1571562,389.98206,96.91234,0.15038577,401.7962,95.89681,0.103143565,562.18085,95.53834,0.09649236,553.5213,72.56339,0.14428324,532.91486,68.84999,0.18224561,537.02814,72.23807,0.094216764,570.0747,107.62742,0.11899609,163.73445,451.20346,0.15580352,160.0104,445.2321,0.24354367
996,393.22025,88.187325,0.20423476,391.2598,95.607994,0.16052678,389.93964,98.01767,0.14141217,388.7871,95.350784,0.09675085,561.783,96.54168,0.08140506,553.4768,71.49432,0.11470286,532.67145,68.26834,0.14158325,552.44183,78.5934,0.111724086,557.1337,57.216995,0.121682435,165.87486,451.99023,0.15490958,157.85048,459.06818,0.2213029
997,369.332,70.1424,0.19518808,392.53403,101.09732,0.16408573,389.51538,97.19333,0.13694176,388.0623,96.169174,0.108440936,563.1693,165.20131,0.09231411,552.4938,72.42523,0.14253666,546.4828,72.99796,0.15623352,551.1436,73.02529,0.10547297,560.06036,92.81161,0.12701246,167.3572,458.53918,0.10711543,160.20532,459.6198,0.2182752
998,368.40857,70.77122,0.19649732,392.36063,100.86916,0.14154233,389.63168,97.375114,0.10618757,387.2555,96.283966,0.101235494,371.72534,80.34913,0.07687054,533.4103,63.192368,0.12911545,532.4827,67.59861,0.15941547,537.6442,70.58345,0.09797506,558.5712,92.9494,0.13524392,172.66994,456.0954,0.13974379,161.8943,460.6327,0.2606051
999,367.80823,71.13664,0.13900258,370.13107,93.030365,0.1272242,375.32077,97.03087,0.13180217,386.77078,95.60786,0.09159457,338.4795,199.76775,0.080757044,521.39984,43.09918,0.12227094,516.69867,57.17804,0.16292216,559.59485,167.55833,0.1196502,558.5189,92.80974,0.15012653,178.4816,459.07452,0.13788895,161.87169,467.29117,0.22548087
1000,375.82974,84.70598,0.15420641,369.25824,94.08031,0.14390953,373.95004,96.79851,0.15723592,379.2336,95.87041,0.109425575,558.0743,98.81418,0.087200865,533.5773,65.05964,0.12161484,515.74207,53.767036,0.1472595,558.58655,166.459,0.11484235,559.26624,91.421715,0.19332412,179.53581,460.38034,0.13436192,161.61765,474.33112,0.20491025
1001,376.1827,85.36793,0.18165721,375.52274,94.190735,0.13819931,374.14316,96.97985,0.13541466,372.0501,95.45274,0.11009759,547.38983,79.42461,0.10767831,551.58984,94.587296,0.11440316,515.88855,53.441917,0.13485922,519.7525,57.34525,0.116728835,557.10236,90.07812,0.1882012,179.99103,460.6578,0.124014236,167.20015,474.57788,0.2036548
1002,352.92822,70.66266,0.1876533,377.12854,101.68567,0.12578379,457.18155,132.36667,0.13036725,371.7655,95.049164,0.11234302,546.6614,80.180786,0.09426609,530.04767,51.03916,0.1260273,515.2687,53.302868,0.19336262,536.64716,64.51939,0.10105926,555.3643,90.52212,0.16346903,179.2436,468.43292,0.1322328,174.91658,460.52142,0.22561917
1003,352.65756,70.93653,0.17099789,376.74918,101.345276,0.13919643,373.67947,98.13995,0.14055403,378.5475,95.415016,0.10464371,546.33,80.073074,0.10694043,536.9596,51.961376,0.117684826,515.2032,53.000805,0.1740519,536.9779,63.7103,0.10395486,554.6773,90.13705,0.14031938,180.66911,469.68948,0.1280364,176.11725,467.56412,0.19904952
1004,377.33038,89.86382,0.16007036,376.6016,101.23685,0.13137594,373.98712,98.59496,0.13449627,378.30026,95.08564,0.09005272,465.73294,135.39456,0.07925781,517.15625,47.18974,0.112388715,515.627,52.538776,0.15505102,535.84467,62.99051,0.11388898,547.30963,76.20495,0.11845116,182.57613,475.52148,0.10019729,176.38348,475.75824,0.2250434
1005,352.05328,71.27106,0.14935505,352.71606,88.041,0.123784855,373.73788,98.105675,0.11933688,378.1306,95.61414,0.08974929,547.1512,131.96642,0.08637206,536.39874,57.712513,0.1312654,515.2906,52.746346,0.16303484,520.36053,50.328335,0.1023754,516.85925,25.813915,0.14145693,194.18774,469.2606,0.09490481,178.69614,476.10928,0.19303393
1006,352.09354,71.3289,0.12479908,369.4866,101.608635,0.11164649,457.19894,131.68958,0.10813793,363.20502,96.43764,0.08181106,546.32904,116.25138,0.092881456,516.1036,46.320656,0.143047,494.72214,41.764698,0.18094382,547.1521,151.39316,0.10803046,520.9168,27.280313,0.16902666,194.38156,469.39096,0.12345572,189.21669,467.1032,0.17092994
1007,361.49634,87.6582,0.1257159,360.05542,93.65483,0.10046417,457.41238,131.5706,0.10994928,363.2646,95.995575,0.07825384,548.404,132.07927,0.087540045,515.9965,46.415016,0.130932,494.38586,41.111065,0.17974894,554.0802,143.46358,0.11991808,516.3494,25.678286,0.16383515,196.00665,475.46182,0.1502211,190.7295,467.2873,0.20233743
1008,338.88443,70.297424,0.13556966,352.21933,89.420784,0.11106922,359.43707,98.10973,0.11198599,363.2282,95.82443,0.09026449,548.5134,132.70036,0.08736199,516.5287,46.50251,0.13852166,494.59415,40.249744,0.26056707,553.78217,142.051,0.11072562,515.9726,24.869148,0.1482718,196.7469,476.399,0.13141526,190.79291,475.24133,0.18547872
1009,338.91794,70.363464,0.15024906,353.6868,93.3781,0.1377945,359.37793,97.44352,0.13315152,363.34497,95.94389,0.11079903,357.02774,98.37572,0.06480847,516.961,47.266945,0.15669826,494.98798,40.283154,0.24377944,552.9959,140.84683,0.12128948,520.36395,27.115032,0.16206898,197.94713,477.24792,0.12537226,190.01599,490.97385,0.1979373
1010,338.7301,70.47676,0.15387246,359.47046,93.71597,0.13202906,359.213,97.62094,0.13599452,363.0922,95.883446,0.10620465,547.4543,133.75577,0.06968356,517.0032,47.07901,0.14079756,494.54306,39.752914,0.2077599,534.2115,47.76686,0.10071779,520.76776,27.21995,0.1357703,211.14682,469.5046,0.08488131,192.33731,490.54834,0.20848109
1011,338.33752,70.75741,0.14613192,359.97787,93.732475,0.1203418,358.87598,97.93676,0.1446917,363.03326,95.59465,0.096584804,547.58575,133.85225,0.0722567,513.4173,33.000317,0.12178542,494.54163,39.982746,0.23970515,503.58725,39.320316,0.10756097,521.9441,27.245234,0.1239354,211.1841,484.54614,0.099502176,198.31516,489.92548,0.20331407
1012,338.1786,71.18592,0.1526496,339.0982,86.34383,0.1223173,358.57758,98.26089,0.15733016,363.04214,95.18705,0.08854155,547.63293,134.03761,0.078348786,514.14166,33.265995,0.12964463,499.43237,36.30768,0.17151265,503.08142,39.697586,0.10574431,541.0266,58.856724,0.14545171,211.41447,485.0704,0.11154015,199.20146,490.3462,0.22884664
1013,338.14084,71.426506,0.150723,338.76523,86.57897,0.12081863,358.58163,98.572845,0.14965783,362.81787,95.04963,0.08939954,547.39734,133.80464,0.091608174,514.07007,32.952953,0.13056685,499.3957,36.65499,0.17835656,546.46844,136.53644,0.11460079,540.2859,59.409836,0.13841672,211.81339,485.65088,0.110038094,205.55513,490.14905,0.17340085
1014,344.3812,78.1796,0.16007736,338.65787,86.86472,0.11571246,358.41525,98.564,0.14567435,362.82468,95.12229,0.093754984,546.9716,116.21576,0.09467012,513.83215,32.980656,0.12211285,497.8177,30.192215,0.16273113,546.7625,136.71867,0.1297347,539.66656,60.23318,0.13821118,213.08348,491.16223,0.11128122,206.23605,490.97647,0.18775572
1015,344.22906,78.24513,0.15718639,338.41812,86.92819,0.1113028,358.41846,99.00751,0.13152893,355.5105,94.9383,0.08456587,546.7991,116.24217,0.08852507,514.1166,32.852818,0.12631126,497.99527,29.779041,0.17029352,546.8438,136.4083,0.119618446,539.6143,60.467915,0.14958213,214.33455,491.21808,0.09689854,207.9515,491.26562,0.22531916
1016,344.24548,78.28813,0.1567985,361.46564,107.8454,0.118321806,358.18158,99.142845,0.13309589,362.6864,94.99277,0.08284818,546.99915,116.43237,0.07736385,514.2996,32.886204,0.1287608,492.04822,26.546768,0.20400709,546.92883,135.70633,0.11642794,540.14716,60.3311,0.17678541,451.82034,132.46648,0.08423248,209.79709,491.46872,0.22540352
1017,344.20755,78.34134,0.16386038,361.36584,107.93871,0.12098003,358.11414,99.12844,0.13814703,362.71204,94.94964,0.080654845,547.40045,116.70823,0.08303675,514.61255,32.790695,0.123528145,497.913,28.91465,0.16840272,553.7272,127.30058,0.11789045,539.49524,60.486774,0.16593258,226.36252,485.2512,0.107174054,215.26569,490.1095,0.17598668
1018,344.12546,78.48992,0.17920703,338.03564,87.260475,0.118019946,358.30762,99.13116,0.14185873,363.36365,112.53062,0.07554994,547.7555,116.80917,0.085228465,514.66614,32.365482,0.11670007,498.2263,29.388338,0.15213177,547.4139,134.02179,0.124249205,539.2617,60.305607,0.1572855,226.78387,485.419,0.108180866,213.61136,496.89978,0.19074778
1019,344.11835,78.92506,0.17314106,361.4392,107.91654,0.11391061,358.1654,99.16932,0.14102563,363.57745,112.69433,0.081487894,547.8953,116.96718,0.09063951,514.3662,32.33197,0.09928322,498.1765,29.422195,0.154385,547.68964,133.44028,0.13863981,539.16016,60.401814,0.16196093,227.91982,491.96255,0.11025883,214.8619,497.9294,0.19671209
1020,362.3657,90.16175,0.18757464,361.68832,108.082146,0.13601281,358.17715,99.07404,0.1343098,363.93637,112.62997,0.08228436,548.4237,116.9768,0.09354618,475.70694,524.4808,0.101245396,498.33313,29.417772,0.16147646,548.1394,132.9211,0.15634663,539.318,60.58817,0.16087872,244.8373,380.08942,0.10988273,227.14482,483.15042,0.124948695
1021,362.27774,90.13442,0.19481939,361.6858,108.03156,0.13706535,358.21164,98.89214,0.13723095,364.02835,112.80106,0.08534789,548.3418,116.677505,0.094322145,475.55646,525.3286,0.16240478,498.03745,28.49872,0.15647891,553.22565,125.35917,0.15014707,538.71844,60.32659,0.15606713,229.77184,492.81717,0.12186067,224.06406,490.94785,0.16043845
1022,361.74283,90.00116,0.203573,361.21915,108.09398,0.14403215,357.6796,98.90907,0.15575059,364.15094,113.5796,0.099255815,369.10052,120.41797,0.09207078,475.91336,524.92816,0.13150288,498.26028,28.88966,0.18306737,553.16376,125.213875,0.13756698,538.1844,60.093414,0.1424,230.71236,492.53775,0.10550845,225.02885,491.45917,0.15988986
1023,361.39896,90.37609,0.20583512,361.05466,108.025375,0.14099896,357.3425,99.50448,0.14732839,364.08646,113.59691,0.09950592,369.07584,120.31784,0.107515134,461.0006,525.88135,0.17618202,498.2103,28.53574,0.19439393,553.35254,125.25014,0.13031702,538.09204,59.878777,0.13559684,231.34737,492.9996,0.09887539,225.4213,498.90036,0.13771729
1024,361.19867,90.70753,0.20399266,354.3593,102.95589,0.13131286,357.25696,99.93137,0.13970491,364.02,113.2773,0.101012446,369.05563,120.3412,0.11269412,460.4831,526.2595,0.20448935,498.25443,28.33262,0.20998064,553.3747,125.4053,0.13903941,538.1046,59.99344,0.13624938,242.40102,485.1149,0.11421761,225.43893,505.71405,0.17733179
1025,361.11316,91.14334,0.21683294,354.12152,102.97479,0.1344914,357.43658,100.08647,0.1206915,363.8337,112.87613,0.09298131,548.4867,116.37847,0.10202076,459.9922,526.4697,0.26898143,498.55975,27.79121,0.2045119,553.40924,125.448235,0.1336263,538.2349,59.815605,0.1363249,242.63167,485.1851,0.12410434,229.65625,506.54214,0.2376813
1026,360.6863,91.1166,0.21925505,360.71442,108.24141,0.15031885,357.2559,100.20934,0.114057735,364.11905,113.30837,0.11831756,547.97723,116.492195,0.09461131,459.79407,526.1378,0.23939356,498.29358,28.214224,0.22084235,552.93274,125.55488,0.12675999,538.1106,59.870544,0.13871242,243.54488,485.20224,0.13400844,231.10092,507.23895,0.21287802
1027,360.60846,91.84544,0.21694921,353.6917,104.02991,0.15538958,440.0189,226.11507,0.095079124,364.12198,112.65075,0.09639702,547.8495,116.34718,0.08979972,460.77426,526.142,0.24052143,497.96185,28.269094,0.22623779,553.15375,125.744835,0.1336827,538.1524,59.5599,0.13014387,243.21567,500.53152,0.119610764,232.03775,507.87854,0.20707214
1028,359.8846,92.488396,0.2128777,352.9009,104.3472,0.15851848,360.10724,112.66278,0.10280566,363.84283,112.54579,0.088869125,547.61176,116.44179,0.08648994,460.52774,526.3042,0.23287968,498.00415,28.800533,0.23054959,553.3369,125.67042,0.12653886,538.1977,59.41411,0.13259749,243.94762,500.76788,0.11699458,230.8182,512.3893,0.14834774
1029,344.78793,91.3058,0.2134639,352.16498,105.13092,0.15827055,359.89532,112.863365,0.11377925,363.67258,112.48411,0.07708355,465.7655,501.7255,0.095017746,460.57962,526.422,0.2507063,497.77322,29.28728,0.23164241,553.51556,125.61148,0.12982295,497.7713,508.40594,0.15073317,244.47235,501.22528,0.10875847,289.4709,57.46389,0.112186834
1030,338.44077,86.86898,0.23726572,351.54785,105.89626,0.17195742,360.1318,112.77543,0.10893097,364.06415,112.73355,0.08102094,465.725,501.50742,0.093825586,460.5534,526.1154,0.2862459,498.0524,29.396008,0.23763375,553.58563,125.65707,0.11652867,497.96304,508.32568,0.15632364,244.1664,501.22687,0.12594022,231.96127,513.45746,0.15571062
1031,338.46805,87.03339,0.23874201,359.6643,109.241714,0.17990029,359.77924,112.69679,0.11826915,364.27972,112.84027,0.08671434,465.7625,501.28043,0.084122434,460.24866,526.05133,0.28159383,492.20694,26.68567,0.257115,553.7802,126.0193,0.12807114,497.5179,507.98312,0.14459835,244.59091,501.45102,0.13182576,238.0351,507.5252,0.19172627
1032,338.2417,87.2771,0.22376056,359.79175,109.4138,0.1591345,359.5965,112.85493,0.12460545,364.08963,112.63141,0.08737695,465.85632,499.712,0.10216184,460.6992,525.9741,0.3141793,492.58447,26.319508,0.25853735,554.19147,126.228584,0.13680835,497.43384,507.87347,0.15296224,259.5271,395.41418,0.119112514,238.9264,508.57587,0.17822438
1033,338.2647,87.37927,0.19910222,355.60468,115.03892,0.13580564,359.49335,113.04295,0.12492053,363.63757,112.0381,0.081731156,382.79742,119.80455,0.09290188,460.93823,526.06836,0.29591298,492.70993,27.502592,0.2890137,554.41943,126.104,0.14450257,496.92038,507.92203,0.13814624,260.1316,394.76456,0.10367857,239.20471,515.0632,0.16096307
1034,344.3896,93.020706,0.1863122,339.2705,102.305435,0.12875392,359.39075,113.09934,0.11730278,363.4919,112.09113,0.08704154,382.90103,119.99189,0.10084806,460.4643,526.0218,0.26048097,492.66153,27.864737,0.29477102,554.7632,126.10693,0.13828427,539.4487,58.665688,0.1388314,260.40552,394.62555,0.14091341,289.93475,57.63943,0.16850483
1035,344.50787,93.33823,0.18491828,355.79965,115.45473,0.124349155,359.51703,113.56514,0.10920508,363.48828,111.938705,0.079427734,547.9051,116.278564,0.09150746,460.5632,526.4253,0.26689968,492.44827,28.61345,0.30140746,557.09766,126.09414,0.14128076,539.333,58.74584,0.13730088,260.96814,396.25516,0.117203884,239.62946,515.70294,0.21262138
1036,344.55936,93.27149,0.1901294,368.97586,116.74721,0.12953597,359.42578,113.63104,0.11481389,363.5059,112.02024,0.080377586,547.92334,116.37536,0.096787296,460.5215,526.4456,0.23540357,492.06378,28.951641,0.30327514,554.99286,126.46009,0.13698357,539.22266,59.098213,0.13568951,261.3419,396.94208,0.10368867,240.20576,515.70874,0.1656647
1037,344.4341,93.241234,0.20776166,368.88983,117.065704,0.13434792,359.35562,113.799835,0.1201172,363.53577,112.104004,0.082453124,547.8599,116.493546,0.09557919,460.88104,527.00073,0.21293627,493.75443,39.311974,0.2792486,557.26385,126.135796,0.13911667,539.204,59.05443,0.13823026,261.44025,397.09634,0.0991294,240.7015,515.3786,0.15560192
1038,344.2913,93.19337,0.2317758,360.51868,109.90654,0.13416925,359.12286,114.03925,0.1261268,363.6236,111.928345,0.077797264,547.9778,116.5154,0.09504108,460.81174,526.8425,0.18220724,493.79053,39.16873,0.27800497,558.2277,132.24397,0.13946196,539.2573,59.097416,0.13729978,261.5839,396.97507,0.09996309,241.08405,515.71405,0.1424253
1039,344.18445,93.041504,0.25361207,360.19592,110.43112,0.1429606,358.83038,114.38699,0.12958735,363.46817,111.9018,0.074327916,545.4645,100.551,0.0911801,491.69373,19.44965,0.17137258,494.0987,39.32275,0.28895012,557.313,126.15537,0.14228226,539.23334,59.05232,0.13579671,261.75372,396.79672,0.09460011,289.1993,66.23126,0.14140975
1040,343.97437,93.276955,0.25851458,434.8375,116.83394,0.13967766,358.80563,114.468475,0.13521627,363.57043,111.6748,0.071766,545.51544,100.55528,0.09266242,491.65918,19.624426,0.1703815,494.2344,39.154057,0.29463688,557.3466,126.102745,0.13679934,539.1036,59.042835,0.13533899,261.82193,396.87222,0.091386445,289.19232,66.42885,0.13929452
1041,343.87302,93.37834,0.26330957,355.38986,115.97395,0.14424002,358.7773,114.351944,0.14376791,363.72345,111.74452,0.07700472,545.15875,100.53619,0.093122944,491.54337,19.980906,0.1777889,494.37384,39.532875,0.32180017,555.1902,126.63117,0.13746701,506.57498,25.044085,0.13568461,261.59814,396.79498,0.10642466,289.229,72.031136,0.13918929
1042,343.68726,93.746086,0.26958618,355.17133,115.89893,0.14583987,358.60306,114.13837,0.15208942,363.82913,111.6787,0.08322345,545.29865,100.49129,0.09038425,491.52103,19.961359,0.16085917,494.5558,39.703087,0.3131671,555.42926,126.832535,0.15165977,506.61224,25.202091,0.13283937,261.468,396.53693,0.0970525,288.91205,72.091385,0.13145688
1043,343.44028,94.16694,0.27869603,354.6211,115.98302,0.14725257,358.7597,114.38445,0.15387882,363.78558,111.300064,0.07373169,383.35944,119.47828,0.08658129,491.75055,20.37572,0.15380192,494.55566,39.98205,0.34110668,554.92456,126.94842,0.15297674,531.3056,26.519161,0.14210883,261.33078,396.3505,0.087128766,288.6513,72.32558,0.12719175
1044,343.1602,94.813446,0.25899932,354.74643,116.72675,0.14293815,358.23126,114.71524,0.14402817,532.0281,89.58467,0.07728553,547.3101,116.75109,0.08924898,461.2782,526.89417,0.1899052,494.44897,40.770363,0.3207861,547.4971,133.76865,0.13952503,506.2495,25.361229,0.124183446,247.66638,509.18643,0.0912293,283.045,190.18253,0.10453104
1045,342.95703,95.311424,0.2337484,354.6381,117.07449,0.14919475,357.99924,114.23775,0.1527645,363.9252,111.23719,0.07723807,547.608,117.186485,0.087700605,514.4012,31.499619,0.14609154,494.25998,40.43589,0.33635294,554.347,126.26673,0.13999973,530.97705,26.336798,0.12010591,247.67429,509.10413,0.10068972,287.72696,72.88861,0.11961139
1046,342.96906,95.29521,0.24892427,354.63602,117.167496,0.15407114,357.42148,114.33237,0.14889354,363.9221,111.38432,0.08039453,547.728,117.40252,0.10111057,461.5104,526.842,0.15812677,493.60284,40.74615,0.32094374,547.67255,133.71204,0.15143368,508.9539,25.643702,0.11213532,247.07436,509.17935,0.103780754,240.67934,515.0731,0.12007137
1047,336.00046,95.4531,0.22402908,360.64026,123.91982,0.16206332,357.3617,114.02591,0.15869454,364.43994,129.84242,0.07757715,547.47375,117.11631,0.10323169,461.30972,526.78107,0.17427571,492.75198,40.443455,0.2950055,547.4696,133.16365,0.1473887,508.4082,25.742157,0.119902216,246.66318,508.8838,0.11536158,240.09132,515.17834,0.14889057
1048,335.725,95.70766,0.21330115,360.62994,111.46368,0.137292,357.7507,114.4056,0.1389467,358.5344,127.69111,0.071439125,547.2504,117.17541,0.10764273,460.91858,526.5644,0.14090958,491.79922,40.524033,0.23518616,552.3531,125.054146,0.14874642,503.3719,26.354511,0.118896134,246.26599,509.41302,0.10497651,555.5501,107.99107,0.12531012
1049,335.41504,95.98146,0.21103135,339.35413,115.796295,0.13399187,357.72318,114.66788,0.13549195,357.5819,127.288216,0.07275472,547.2033,117.107765,0.1030858,553.95105,111.97074,0.15068911,490.15414,40.497917,0.24879731,551.7195,125.41842,0.15668496,530.0158,26.293863,0.11612992,245.5413,509.18112,0.101309665,555.79767,107.84158,0.14476404
1050,329.83698,94.14391,0.21743275,354.12286,118.19173,0.14840066,357.2312,114.49709,0.12620637,363.75195,111.28867,0.088737845,547.067,116.54168,0.088515155,553.0542,112.04634,0.16774893,489.59863,40.610287,0.17900763,550.8362,126.51117,0.18759619,502.66333,27.467672,0.104708195,244.58067,508.78455,0.105754696,555.6853,106.92537,0.15269595
1051,328.6607,94.12763,0.22271936,344.77478,110.13919,0.14646363,357.2126,114.27818,0.10782483,363.25974,111.66046,0.094348766,546.37756,116.553055,0.08813311,499.9989,31.0885,0.15862277,489.8235,39.34278,0.19378361,545.09454,133.30296,0.19038516,505.6982,32.67647,0.10310633,243.66837,501.78775,0.10842884,555.83356,106.88962,0.13995141
1052,328.38812,93.762115,0.23249939,344.49985,110.2992,0.15481918,280.93732,274.99783,0.11226932,362.6868,111.60783,0.0906204,530.45966,100.50702,0.0791058,499.3332,31.54318,0.15370129,479.71927,39.553284,0.2240682,544.3728,133.17241,0.22888938,491.24216,33.96814,0.11500333,242.77092,501.34488,0.1290272,230.21843,522.9595,0.14049874
1053,327.89563,93.77015,0.248405,433.31842,96.06395,0.13956313,342.70972,114.52026,0.13361041,347.72015,111.793175,0.06954588,530.1594,100.335915,0.08624743,499.29587,30.953007,0.13856618,479.1625,40.158413,0.26314166,542.9651,133.43391,0.17489351,491.90692,33.179028,0.1109056,242.65419,501.3534,0.12227519,228.91771,523.32886,0.14608221
1054,326.99075,94.68735,0.22290806,344.4313,110.511055,0.15549196,342.09824,113.49537,0.15281194,348.23602,111.65462,0.08857569,435.15305,118.22543,0.085473284,499.743,30.612373,0.13953853,478.13727,40.55358,0.26537138,542.28345,133.31686,0.19293064,549.8306,104.30908,0.11729144,231.43832,509.32364,0.10166855,557.94305,107.267746,0.11984068
1055,320.08624,95.35343,0.2020788,418.37238,109.80072,0.14882858,341.58978,113.46156,0.16092096,347.76282,111.909615,0.08661886,516.8655,99.44999,0.07273623,445.1516,540.4685,0.14115138,476.6178,39.268696,0.26222655,531.8082,133.91072,0.14117888,548.72394,104.41354,0.111091524,230.38393,509.20706,0.10713378,225.46982,499.3361,0.11741799
1056,313.61572,93.49924,0.18115939,431.34787,96.67078,0.15002227,341.6429,114.05219,0.1308189,347.40573,111.49105,0.092911564,531.46136,116.84368,0.09328491,445.15436,527.3681,0.17319061,474.07373,39.872177,0.21790814,537.2443,125.64895,0.14398187,515.902,24.979776,0.1460736,228.2734,508.44818,0.11991477,221.71918,506.66183,0.10868528
1057,312.6457,92.969055,0.21528965,337.5955,117.030014,0.13821311,265.0103,275.38214,0.11206898,346.51196,111.63958,0.10737463,515.718,99.59458,0.081115924,444.77432,527.80115,0.18114428,470.1258,38.45723,0.15832062,535.1633,126.55743,0.18460041,514.73584,25.326513,0.1138019,226.92328,501.3917,0.13385792,539.6865,107.077675,0.15159908
1058,311.9512,93.3397,0.2155366,323.57336,115.95394,0.1310606,326.9797,113.86245,0.13764296,331.58917,111.69513,0.078191385,351.15637,120.1906,0.08581444,444.71082,527.84064,0.1952489,463.00146,38.880363,0.18804565,528.33325,133.5405,0.21405835,478.0068,33.198067,0.100403644,226.20287,501.1835,0.103118554,212.66458,523.7557,0.14444757
1059,328.64047,101.303024,0.19305965,328.66116,110.63039,0.14162579,326.10858,113.00704,0.16087301,331.9506,111.90741,0.081532285,514.3164,100.42499,0.084074125,443.02725,527.72705,0.20234014,461.4262,39.061348,0.25946668,526.47986,133.56984,0.18996145,502.70764,38.83603,0.107701175,214.04755,509.23373,0.10476762,207.12146,516.25854,0.14427298
1060,328.7949,103.79351,0.20126027,322.48285,116.95592,0.13904007,325.5238,113.48453,0.11016644,331.339,111.77166,0.11562075,516.5243,117.1767,0.08650312,429.13098,528.5038,0.16854441,458.0283,39.859367,0.17375174,522.33185,126.14996,0.14557706,501.71915,32.594704,0.111560434,211.66872,516.51874,0.118107475,198.66756,527.5825,0.15660955
1061,296.2418,93.58275,0.20469238,321.1281,117.401,0.13526435,311.38034,113.8893,0.11530664,315.29474,111.958244,0.076152906,335.32773,120.26764,0.079790436,428.08566,541.5782,0.20745301,453.8842,38.442,0.17135769,514.67865,133.75284,0.17790541,499.73105,24.824387,0.13649867,210.85478,501.48593,0.11225095,198.36086,522.748,0.22313534
1062,312.6783,101.57294,0.18556632,312.91977,110.473175,0.14366625,310.0048,113.31747,0.15579732,315.59293,111.60828,0.08448106,421.02594,517.1521,0.08427289,427.94687,542.0302,0.20579197,446.5102,38.98418,0.22612326,511.8491,134.45728,0.2331481,492.56735,59.69518,0.09982762,198.22264,509.63632,0.094151035,192.29816,522.4409,0.15020564
1063,280.39578,93.233,0.18646589,290.2456,109.634285,0.15138072,309.68982,113.61807,0.11393613,314.77414,111.80687,0.111292966,419.38733,518.44714,0.08367805,415.33258,542.58185,0.1629471,442.71027,40.098408,0.2082828,500.19434,134.124,0.14192902,488.1632,32.214375,0.126196,196.27722,502.06177,0.10420009,506.0212,108.94283,0.11769583
1064,279.28314,94.533035,0.1938472,296.97836,109.968956,0.12990108,294.84448,113.42001,0.14913218,299.92035,111.49562,0.086330354,416.34238,135.67226,0.07956916,451.92227,29.928005,0.19131278,432.99426,39.75102,0.2035424,499.09406,134.27063,0.17518246,485.24847,23.652857,0.14370741,499.46783,148.5088,0.091004714,181.76744,522.4441,0.18220758
1065,297.87082,105.77072,0.1685528,370.292,108.99552,0.13652904,293.96008,114.23614,0.13019373,298.91437,111.21523,0.082878225,404.53842,517.9495,0.08857024,398.85126,543.5257,0.19816202,429.9114,40.34778,0.28977022,495.67236,135.30127,0.21351585,479.15494,59.87204,0.11157312,366.31226,51.67763,0.0894671,508.17432,107.62148,0.13882859
1066,264.0748,94.36821,0.19286853,288.9515,117.95174,0.11768809,278.9907,114.4974,0.1189913,297.8659,111.20945,0.06640682,402.9208,518.04846,0.092784576,398.3466,542.84015,0.24160689,461.6975,40.752014,0.19060422,491.06293,126.97898,0.15582553,477.24298,59.962456,0.12031729,366.04236,53.4415,0.09789633,167.12758,522.1068,0.17743748
1067,250.03888,94.05189,0.16082421,450.55246,131.32567,0.117728695,278.07898,114.74691,0.13372467,283.00574,111.17185,0.06745208,483.38068,115.86762,0.08538853,395.4564,543.5879,0.20056951,414.7671,39.23362,0.21795836,482.10233,134.77824,0.2316246,468.66376,23.75904,0.1490206,349.89514,51.76857,0.088275716,490.8758,107.26914,0.15794238
1068,462.7982,118.34345,0.189698,449.07755,133.097,0.11939191,376.48145,124.23536,0.103945844,452.2883,89.87628,0.07015549,479.50052,100.08215,0.09216366,394.9336,543.3051,0.20461471,446.8847,39.764618,0.29410866,478.60913,135.11278,0.22500205,465.60052,40.690495,0.11728345,350.61737,53.844566,0.10053801,149.66948,529.8998,0.16229732
1069,455.36072,123.986916,0.18133302,258.0648,118.32448,0.12060842,262.2709,115.09484,0.13086924,261.1539,127.26004,0.06353778,453.98953,116.18694,0.07723688,474.52603,113.502075,0.14534652,399.30246,39.14189,0.23074059,467.37683,135.4961,0.20429505,457.79166,23.271944,0.15053594,467.84113,148.67584,0.08374034,476.24908,101.33278,0.14758857
1070,439.72592,123.46169,0.18855533,433.2641,133.01617,0.12193438,444.21225,81.55836,0.12006011,422.49246,90.21572,0.060906954,447.24094,48.211548,0.09898504,421.7261,30.339006,0.1516745,432.13788,39.38584,0.25881633,463.30377,135.95021,0.2337708,458.6286,59.092075,0.152598,147.52654,517.84924,0.09752693,476.32697,106.99898,0.14603232
1071,439.0174,124.21199,0.19559929,418.92944,131.89664,0.11185105,245.83575,115.3564,0.11857629,421.87494,89.58366,0.0639464,453.03052,133.57002,0.08985506,364.7463,556.5237,0.1576764,430.3944,42.09878,0.25540972,451.64246,136.14561,0.21698858,444.67355,41.501644,0.16586122,179.25487,181.50937,0.086708404,162.7937,73.12027,0.17018996
1072,423.45285,123.72911,0.20404162,416.9925,133.17006,0.12052437,230.65584,114.09764,0.14096779,235.89348,128.74907,0.08490427,448.64832,99.89011,0.09215231,363.27304,556.62695,0.15648825,415.89865,40.638386,0.24899033,447.79913,136.27515,0.2307305,443.53992,57.84149,0.14589468,319.05002,51.88458,0.10490987,460.35208,106.8503,0.15688744
1073,422.87543,124.71924,0.18952812,402.6138,132.23581,0.12837572,385.22452,46.501167,0.1091836,405.32077,89.790924,0.06864334,436.77332,133.50008,0.09228323,406.69647,31.93685,0.13076892,414.7456,43.067547,0.2117283,435.50766,136.12363,0.20682755,431.12222,42.771774,0.15726903,441.7138,101.538704,0.08689085,442.23047,107.695564,0.19040202
1074,421.55634,125.86386,0.15685207,400.88947,133.48116,0.11138504,214.2729,115.13549,0.1276674,389.01938,91.00958,0.07938651,416.19565,47.724407,0.09712321,371.81796,30.431135,0.1321626,400.41818,42.07738,0.23746765,431.29907,135.79721,0.22913359,419.94687,23.458721,0.15051208,179.69711,356.65796,0.099874444,131.54802,72.97035,0.22096337
1075,406.05075,125.820946,0.19972645,386.2833,132.90385,0.14332709,198.55081,114.84178,0.12904686,202.97612,128.2967,0.08452601,420.6337,132.87146,0.08921476,426.58713,113.952324,0.13192527,349.17004,39.121872,0.19089828,419.18472,136.69084,0.24389614,414.19672,41.8476,0.16897918,424.7756,101.12742,0.096552916,428.1612,100.187035,0.18048161
1076,391.72205,124.25107,0.16775337,193.6577,119.03975,0.110949874,413.67667,99.66318,0.11879379,372.97186,90.47217,0.07145512,399.09216,47.958084,0.115367614,330.58575,558.19135,0.13776162,385.3854,42.231304,0.25209495,413.61945,135.38222,0.21209636,402.6352,23.241608,0.17231229,424.89227,103.73278,0.09217112,429.05426,106.306244,0.16301657
1077,389.81866,126.88816,0.17162296,387.18015,261.5186,0.12130172,396.78018,96.609024,0.11849402,356.34982,90.39254,0.07259045,386.60876,31.422508,0.12340521,315.7474,568.65765,0.14349374,331.52103,39.313953,0.18044978,401.67145,136.63307,0.26232946,393.46524,22.992943,0.18084842,408.833,101.080444,0.10056019,412.76068,99.54555,0.20041884
1078,375.13498,126.22971,0.19008192,354.06726,133.22664,0.12493263,392.25754,100.161156,0.1421522,171.23915,127.65329,0.08182078,177.11449,135.98706,0.09947064,384.08966,72.48883,0.117083564,318.24265,38.658237,0.16341679,387.87418,136.75766,0.21930656,390.35132,59.614635,0.15533388,274.86084,148.34402,0.07396916,393.11136,106.90892,0.17924812
1079,373.84326,126.10724,0.20209064,371.7548,149.42455,0.13284506,380.08206,98.75757,0.1490253,326.07523,90.858116,0.08269233,341.8166,116.81768,0.097532846,323.42157,32.27793,0.13585155,303.04474,38.070232,0.16332042,383.3841,134.86073,0.21501434,382.60654,61.035748,0.10922459,259.48395,148.45895,0.087902024,397.12268,107.28593,0.1391606
1080,359.3406,125.82423,0.24764518,369.15137,150.15315,0.10649483,370.20752,100.264046,0.14131147,371.53677,451.12738,0.08417173,375.0147,460.3144,0.11830936,286.14548,558.8442,0.13459398,299.24597,39.774967,0.09896893,370.1125,135.64058,0.18960138,375.49472,90.58884,0.16333532,244.23915,149.14294,0.079440296,367.2159,451.39066,0.14590065
1081,346.21957,136.77544,0.19373149,346.76645,162.62656,0.11500723,363.1432,102.2356,0.12062347,368.45923,456.01602,0.14496514,370.93796,452.2505,0.2054143,373.35284,465.30435,0.2055941,369.89127,475.681,0.29466954,355.32672,92.83539,0.17830043,363.9078,72.60778,0.18400374,306.49277,469.0711,0.08410917,356.68173,448.3996,0.24597102
1082,343.0935,138.89214,0.1798063,322.80075,260.77594,0.1180159,345.59985,104.069305,0.1665791,361.04874,438.89618,0.16556342,366.3182,451.4314,0.20050377,370.1132,465.2893,0.2682882,365.64798,475.03033,0.34113336,344.10992,85.98929,0.21009804,356.9434,109.0894,0.16035883,361.75735,104.85965,0.09617902,350.9133,449.8723,0.24066706
1083,326.8034,137.02754,0.28302,325.39682,163.56859,0.16587783,336.59213,111.653305,0.27301142,355.82098,440.80655,0.24005817,359.06403,451.7782,0.29326847,360.3743,468.28806,0.18295948,360.69748,475.28445,0.24634473,336.26263,148.17332,0.23630442,344.43823,109.79271,0.2186504,307.34738,178.6826,0.09541045,338.49182,450.19714,0.3204947
1084,311.35898,138.8282,0.2975193,308.22073,164.45197,0.13418116,323.84955,112.25133,0.22343898,353.48315,449.90717,0.19085778,353.4858,452.5162,0.25336653,355.8759,468.71698,0.22050506,353.46088,478.69962,0.30104724,321.96512,150.50809,0.25934768,332.0501,71.58765,0.20620292,291.69275,179.7684,0.09344483,335.02094,450.9745,0.30311278
1085,295.28232,141.03229,0.27665716,292.5761,276.4731,0.1379303,311.82755,114.37524,0.17628837,342.4764,437.9724,0.18053378,346.9391,450.26703,0.28312066,351.60205,468.1935,0.28850454,346.1169,477.5177,0.32947302,308.20782,152.0797,0.26145285,318.2162,63.977417,0.18505864,360.14395,453.9169,0.09881303,323.53992,452.1251,0.25852245
1086,279.47662,142.24109,0.20847325,282.67822,157.07906,0.15269275,299.57782,112.832825,0.18154632,340.0004,450.23776,0.15809934,339.48566,450.45367,0.23231162,296.6708,79.26063,0.26751027,337.48492,485.18912,0.32717636,293.29276,152.2498,0.20536338,306.99283,71.78366,0.19117668,195.10144,339.2578,0.09303122,321.511,451.32004,0.33585206
1087,268.17767,152.90092,0.17931126,259.66415,276.36703,0.1259804,288.17578,117.1583,0.20583926,329.65527,455.97266,0.16013011,333.45477,451.70862,0.19610806,283.648,79.02909,0.33399293,332.2002,477.5517,0.36470038,287.33353,93.989494,0.15956897,294.84323,70.01705,0.21732274,19.59733,277.0023,0.09904006,317.20712,453.2852,0.26663935
1088,264.68094,154.0663,0.22803372,259.12692,166.73228,0.15738234,275.86093,116.45573,0.27746198,323.39035,462.11917,0.12515467,323.86337,458.3928,0.18480156,268.47894,78.45717,0.23626557,320.0798,487.7782,0.35572845,269.80362,157.36989,0.1718805,279.79382,66.8583,0.18176597,325.4172,450.38577,0.08905735,306.08044,452.03268,0.30565056
1089,248.43047,156.02963,0.25134984,244.65433,180.84312,0.1514122,263.32437,118.3952,0.21173662,310.9869,457.21335,0.11398172,315.97858,460.0001,0.1785604,321.12805,468.66098,0.32088768,313.5877,486.30374,0.40564618,255.32747,165.97932,0.1870553,259.65753,59.35962,0.16821869,52.037575,235.5741,0.08550821,299.65585,458.58795,0.24539158
1090,233.13602,156.7012,0.2462311,228.60416,180.66536,0.13368832,249.18956,118.25716,0.20881477,303.95142,468.759,0.13400264,304.5526,472.5749,0.20417967,310.0661,474.18582,0.24146149,304.13962,488.69473,0.37172535,247.44742,101.07585,0.19631764,254.59312,74.21624,0.18497434,244.21198,105.53788,0.08998393,288.64902,457.73303,0.324914
1091,216.55313,158.1176,0.22837026,209.87164,292.44614,0.12392632,234.17606,125.20043,0.25908422,297.5459,470.2095,0.13804871,294.70428,475.86392,0.17696398,460.8941,203.89998,0.27685523,297.9448,487.2572,0.37970954,232.88646,102.26869,0.25044277,238.76395,73.417816,0.16758597,19.229977,243.34772,0.11175249,273.69205,461.39465,0.30882937
1092,202.39136,170.0459,0.22474778,202.19255,195.26534,0.14505708,220.50677,129.4161,0.28071368,286.109,469.79385,0.19958666,287.8054,473.17853,0.16438705,459.89316,204.77216,0.3516716,287.16513,489.07962,0.32057518,218.08333,103.33612,0.27898613,219.96599,74.43244,0.17847243,178.54945,298.4307,0.08855625,273.214,460.62775,0.25931382
1093,191.11087,165.53886,0.22358707,181.20877,196.21114,0.1393578,205.34189,130.48685,0.22303672,278.95227,472.33035,0.17864767,275.9799,475.60214,0.15683348,451.28836,195.66757,0.27669826,239.60886,329.0301,0.42282876,202.09688,105.102684,0.26078287,203.18008,74.45674,0.17698558,146.87657,323.85947,0.10582949,261.77435,457.36517,0.27219838
1094,176.62231,166.71115,0.23692924,162.16913,308.30777,0.14703846,187.6817,141.50333,0.18263699,269.0794,471.78262,0.21670218,265.57858,477.50745,0.16188039,444.27267,205.06625,0.34605217,226.81952,331.16354,0.39901602,176.5525,184.37483,0.18993016,451.29544,185.57957,0.15632842,19.70191,309.24182,0.10575099,255.23386,461.7702,0.18939416
1095,155.57935,200.01839,0.20876354,153.78094,205.05112,0.16387673,151.27101,196.64095,0.16208538,257.94662,464.8335,0.20121077,259.05325,475.4177,0.16685133,432.51657,205.07726,0.40752894,214.6171,333.40118,0.37131143,159.031,195.28358,0.18345608,450.34958,187.15303,0.22381914,20.661312,198.19756,0.09629904,243.80174,461.83124,0.27181613
1096,143.11038,181.62239,0.18976632,124.92747,195.84166,0.1308032,119.78929,442.25482,0.17416038,245.12186,459.84378,0.24527931,225.1306,344.28357,0.16224904,207.74583,315.60992,0.31366795,205.70114,334.66556,0.40400943,142.10907,196.90741,0.21467398,218.44765,308.68253,0.13919847,410.38602,172.96504,0.10684975,228.57983,464.45767,0.29921678
1097,127.33202,183.08865,0.21879722,109.38463,197.37262,0.13684681,114.43075,204.99681,0.18458974,228.51964,457.75406,0.17036597,222.31866,356.54947,0.17154112,424.88498,203.8048,0.30049708,190.15099,336.12006,0.39680055,126.32801,198.73376,0.23550113,431.17603,185.42531,0.16991033,18.075638,387.41016,0.13003795,231.87785,463.28152,0.20460242
1098,106.99708,190.79382,0.18996882,94.54644,203.59734,0.14356545,22.76728,368.41962,0.20594606,226.2709,477.67593,0.19343877,209.15102,355.42734,0.18460867,414.13623,205.768,0.33922526,176.4169,336.58496,0.31163752,106.46328,204.17816,0.180133,216.41315,344.63617,0.1747409,161.47612,147.38187,0.1451011,212.18546,466.2375,0.2581311
1099,78.11686,200.96185,0.19266601,77.24767,219.36319,0.1778132,191.88867,345.74796,0.15554936,209.54561,474.7692,0.2607905,196.48758,357.06723,0.21852165,404.09326,208.1224,0.33210787,160.98299,339.8736,0.31882435,83.490395,211.86403,0.1775305,415.1187,189.61908,0.2267671,154.34435,139.95091,0.13650027,110.082664,466.8177,0.31712797
1100,60.26539,230.33887,0.19760774,61.304817,227.48929,0.17639868,162.80621,359.79697,0.16337967,204.15654,479.83224,0.2759123,177.05278,346.72824,0.25235024,393.39124,206.3457,0.47583959,150.85313,336.85242,0.2840135,391.8847,202.85748,0.24590564,406.52512,185.80038,0.24973786,139.96512,140.23189,0.15476726,185.70306,472.4736,0.23978521
1101,49.79314,213.53508,0.21377933,47.49172,221.1507,0.16551326,162.90584,357.99466,0.17010625,190.30205,487.17957,0.3010748,179.80734,357.28995,0.20600346,382.72565,208.01012,0.47830808,271.73343,428.57382,0.25023282,48.869312,226.92798,0.20430599,397.26715,195.37712,0.31933877,125.2852,139.22032,0.22898896,117.68398,144.43192,0.24666265
1102,21.470644,226.25153,0.19999273,28.896101,224.36418,0.14855538,147.88329,358.64288,0.16628891,176.72485,488.43118,0.3311501,172.42918,364.7467,0.18671338,376.05322,207.1232,0.4524216,259.97092,428.941,0.27792147,30.401096,228.83426,0.19573988,388.6523,195.8212,0.25273255,110.39568,139.84541,0.19383802,77.42922,523.40234,0.30414405
1103,118.48821,335.75595,0.17236617,99.12638,342.83603,0.13103452,169.58878,472.71594,0.174589,171.89436,490.55383,0.3260776,156.73285,366.0605,0.2407442,366.34183,205.98204,0.4907165,248.60062,430.31955,0.21674189,362.87024,201.45139,0.27532434,378.20883,191.63449,0.3269062,91.41862,146.0312,0.24299358,54.772175,475.2201,0.29991922
1104,102.870636,338.86542,0.19503792,116.96877,387.86984,0.115561865,176.17152,389.74182,0.17685363,155.26022,491.58853,0.25036597,93.894875,185.5248,0.1940234,350.53232,210.57672,0.5671956,349.74118,228.82776,0.3864911,92.767525,338.46368,0.15764683,372.3348,198.7285,0.41345796,109.95532,367.97104,0.108531155,60.6433,152.15321,0.4321841
1105,80.811295,335.625,0.17982394,86.57609,170.48715,0.12144177,137.99898,473.1298,0.20827651,139.80411,486.11377,0.2811073,78.45043,185.73073,0.1700658,343.5688,210.46149,0.5201934,230.12727,435.68262,0.32168975,344.92697,206.72617,0.21269757,359.7442,196.30072,0.37360534,58.12988,148.75977,0.18019313,47.26122,153.04991,0.48768374
1106,213.06462,416.27545,0.17074154,195.59067,436.23724,0.105733745,126.68466,482.64215,0.18086016,126.3562,497.04944,0.23576625,213.20654,488.9526,0.17265719,332.70374,209.8052,0.5300234,218.21078,436.50238,0.3896221,332.39117,203.53691,0.28986323,347.37308,195.02718,0.3686988,43.5606,149.82439,0.16654687,34.51012,153.6949,0.45553824
1107,201.11604,416.58624,0.18482172,293.98154,198.05717,0.09030768,112.884605,483.77652,0.26715988,119.75721,501.82965,0.24580736,91.24817,364.30862,0.19597898,319.60785,209.70995,0.4195612,209.98097,437.83444,0.31974462,319.73,203.06175,0.27007398,333.67593,195.44208,0.3593139,29.974527,154.1191,0.19832824,24.04335,535.9594,0.3879086
1108,188.34161,416.22647,0.14903036,294.01428,198.50887,0.11662312,106.076706,487.68225,0.31213555,107.198586,503.3726,0.25527716,98.95535,372.71652,0.15246998,197.19017,417.25183,0.37487078,197.87978,437.29483,0.33436266,78.778145,188.40926,0.30509064,320.5363,195.28885,0.25142136,164.9125,411.10345,0.12241799,84.18964,491.32892,0.33974677
1109,180.26566,418.3268,0.13861988,278.38367,199.07391,0.11359157,93.45673,487.05453,0.36767325,96.647835,504.08124,0.23836248,21.440758,361.90634,0.2001948,296.39514,208.03705,0.37066272,187.15584,438.91547,0.33696553,296.82718,207.69232,0.32387516,308.5757,197.68439,0.26407558,15.120743,168.86906,0.20908912,71.38448,494.19064,0.3867187
1110,166.77542,418.77826,0.16692513,261.9739,199.64883,0.09863275,77.27579,491.15436,0.32424578,7.1421328,364.19873,0.18105786,9.60606,368.68768,0.13328098,283.32675,211.78117,0.418079,173.24557,442.29132,0.34350815,285.31473,210.41547,0.38152003,297.0075,197.69743,0.3307746,55.404846,492.88776,0.1657679,52.99302,498.07666,0.46423224
1111,150.93817,420.37003,0.15377125,246.58572,199.10674,0.10442746,59.869637,498.66476,0.2927965,63.191933,515.0963,0.14334233,52.234222,390.42847,0.1269408,267.87762,213.16151,0.53648335,155.87216,444.20792,0.30839908,270.88193,212.86205,0.26175472,285.9266,198.91728,0.40016705,128.35916,408.0413,0.12552628,38.624252,498.17935,0.43642187
1112,137.52995,424.002,0.16647606,230.20334,198.96712,0.10069558,44.335587,500.7365,0.30415997,47.49675,515.1147,0.14867601,293.97925,325.08524,0.22092447,254.48744,213.825,0.44485956,143.96846,442.0723,0.30316752,256.7923,210.62192,0.27626976,269.406,199.39098,0.36657557,116.72834,415.03333,0.13380559,21.733158,503.0266,0.31748393
1113,123.89464,423.14426,0.17768025,112.85909,436.26974,0.119888425,221.59357,203.13826,0.17194544,30.812954,412.08908,0.08473082,279.99945,324.9406,0.26885396,239.78317,213.19563,0.4240733,129.38426,444.00012,0.34510973,240.91302,210.79137,0.2517186,253.38051,201.07741,0.37729964,95.21347,416.37442,0.1243872,38.657146,200.35541,0.40130848
1114,108.61281,423.60693,0.15887979,98.02257,436.4212,0.13456653,16.385914,404.2745,0.15662606,7.9261875,513.8166,0.10168596,264.8976,325.81332,0.25945216,114.361145,430.47757,0.47875395,113.451935,445.94287,0.41302297,224.76167,214.47688,0.19726183,237.26532,202.18816,0.3909647,188.06754,176.87816,0.12890407,21.412024,199.81102,0.45885694
1115,89.52296,425.0595,0.1566999,85.01876,433.3912,0.16067593,202.0943,205.53714,0.18388526,7.0726924,415.35797,0.21985215,250.09282,326.02557,0.22973454,99.367294,430.46835,0.52096313,98.25983,445.97336,0.41615853,208.24,207.87296,0.2925458,218.07149,200.998,0.35270515,50.058704,419.44214,0.11048694,10.436436,402.80627,0.26844546
1116,77.777534,422.63843,0.18073429,72.8251,425.33078,0.13370752,80.070625,444.03802,0.15659836,92.87886,206.02129,0.0876913,242.1511,318.54034,0.22322851,191.12477,213.40091,0.46743533,85.67043,445.5883,0.39608213,191.29156,213.02072,0.20260908,249.26361,338.374,0.40267885,189.02916,143.37851,0.11106485,201.33455,209.57623,0.21599166
1117,169.84068,199.54794,0.12921537,151.3422,209.51974,0.12328107,63.217415,444.72562,0.1569744,69.33952,588.8711,0.12195213,228.31506,318.27454,0.25441825,65.834015,431.8057,0.5907395,65.688416,448.87628,0.4789317,172.96193,216.59888,0.2555852,185.70825,204.73216,0.46003795,42.26203,436.0395,0.14348316,16.48039,215.15558,0.26058084
1118,142.59203,204.64233,0.14775965,136.27873,209.86575,0.1508521,210.9189,118.89118,0.17615248,57.701633,605.1105,0.08816095,212.12604,318.2912,0.24006005,49.419266,432.75995,0.571007,45.84191,451.87958,0.5307827,155.5152,214.02654,0.2768807,221.36028,330.46014,0.3919699,139.26479,161.04375,0.13149527,172.96779,209.22113,0.24769202
1119,185.98573,125.95114,0.1399494,79.173744,169.40361,0.12808838,131.59076,211.36143,0.15241794,42.007732,605.53436,0.07205146,186.66954,340.95187,0.18411955,32.829624,433.05945,0.4099723,30.86807,448.41684,0.44434872,138.4176,205.36757,0.24490811,208.44362,323.62335,0.3632931,137.3731,156.83627,0.12133014,185.48975,364.6917,0.2537639
1120,169.27495,116.01254,0.13880913,65.43797,168.17789,0.1629229,13.925079,419.71893,0.17681564,24.328495,606.51495,0.06914165,179.30841,317.58923,0.14583656,118.95264,211.67723,0.38563982,117.954,222.35588,0.32901177,170.83421,117.60855,0.25529608,191.26881,324.82324,0.44389814,53.437126,173.43675,0.11932219,115.78983,206.5469,0.25237638
1121,151.16103,116.166016,0.15871207,48.577602,167.997,0.13203481,148.75888,122.73729,0.16926052,77.60517,218.66743,0.070889845,149.77765,345.135,0.14655003,97.35991,212.08449,0.3500521,156.59554,336.3411,0.36142516,93.20462,204.74487,0.24394053,175.54227,322.34274,0.4241122,107.32376,144.92702,0.102810234,7.8906636,204.35915,0.3456363
1122,133.76965,114.80513,0.12847652,15.826561,166.1377,0.09777582,130.93002,121.740005,0.15861556,61.827415,210.8739,0.086582534,147.29907,297.32602,0.1581064,81.209656,211.06824,0.34156904,141.39764,323.50455,0.38016453,81.3826,205.42084,0.272803,157.84695,322.23456,0.42617515,90.42138,143.71149,0.09460001,89.88542,207.40332,0.34083188
1123,104.27311,126.27589,0.11177644,113.25921,322.06982,0.10410957,56.987167,198.0268,0.31316352,129.57405,270.82764,0.08443559,129.49539,282.26486,0.22711298,125.547905,319.51517,0.28754914,118.28785,330.39926,0.3840327,60.406063,192.4767,0.32604465,139.5936,316.825,0.4208282,44.596222,144.10228,0.15956225,22.01213,159.89334,0.46370658
1124,87.47432,126.89002,0.09122387,97.225914,322.3573,0.13403894,40.751865,194.82516,0.31912547,6.316759,155.8855,0.13638495,113.64039,296.7617,0.3133805,109.32633,320.5705,0.3109377,102.055695,331.5058,0.41422707,43.295116,188.96289,0.29144162,122.95522,318.88696,0.44713828,45.478428,187.2686,0.1265806,15.527597,145.37982,0.344531
1125,70.34211,112.036514,0.08833815,80.29812,322.64017,0.13075623,17.728895,193.12317,0.23402393,7.1174903,139.35439,0.15461111,96.21817,296.5397,0.28186825,92.45897,321.7035,0.28579134,86.00945,331.5699,0.4272825,70.43966,109.52302,0.21223356,84.578575,107.782555,0.47374886,41.495125,106.23405,0.08047265,17.028667,202.86095,0.42824852
1126,42.138416,111.84797,0.073274225,63.646526,322.71594,0.13385096,52.767597,361.0065,0.21423082,11.16918,124.22716,0.10346229,79.08779,282.59027,0.2635828,49.954376,123.0811,0.26908493,69.27362,316.4913,0.4217893,46.093185,124.34293,0.22184615,63.42617,107.10361,0.51036644,61.843117,116.59554,0.06321622,13.532101,115.55729,0.198502
1127,49.50109,137.15956,0.041737568,35.93205,321.9341,0.09266032,33.890083,116.693054,0.18416522,64.53898,286.75955,0.063831516,63.006134,296.44174,0.17962478,33.655083,115.10695,0.22044274,52.416874,315.6261,0.35512182,25.458015,102.08371,0.31536362,69.80241,316.48163,0.32224602,29.447906,93.879005,0.068708494,20.619648,371.23248,0.20238331
1128,31.176498,295.529,0.055420917,31.957657,324.58298,0.09117957,28.60577,359.77536,0.21780364,14.582338,84.60492,0.060290527,18.669445,93.6962,0.12323084,14.100488,111.24947,0.20691827,35.591885,313.38242,0.20314637,7.3873134,101.54936,0.10578224,28.31012,106.37643,0.35659206,257.77252,524.6592,0.04627209,271.9939,529.5925,0.27163473
1129,27.761265,284.63956,0.060895607,12.420696,326.398,0.1480538,14.043606,314.25433,0.118277155,17.606361,271.20203,0.08460242,19.412992,281.27155,0.29769206,19.191769,319.20355,0.22353727,18.73348,331.73648,0.31720963,8.953582,318.12524,0.09078364,31.383612,329.08746,0.28143287,13.993852,332.72205,0.077929616,221.31248,325.94037,0.5000432
1130,-5.041774,279.72882,0.07720661,5.6281915,308.78326,0.06518691,-3.5937462,292.19086,0.072669886,3.589876,248.29195,0.06977204,2.1715298,281.56616,0.23027143,11.601234,296.60666,0.121972,280.20203,526.0508,0.06377698,10.706072,307.72778,0.061135273,11.2023115,304.0749,0.23965721,13.046421,259.32697,0.06801559,221.20215,324.34674,0.40267667
1131,242.76326,597.2098,0.02429701,50.391617,599.7101,0.037794877,225.27374,320.80896,0.058929086,194.75102,515.9515,0.031863917,211.29655,313.94107,0.04062335,284.4343,504.7866,0.044299085,280.3529,526.1475,0.076998346,304.42386,598.5797,0.07126352,5.4131613,586.5539,0.08281075,304.27136,598.4851,0.034555793,217.3497,325.98914,0.5776715
1132,36.20843,598.4949,0.02409255,50.37605,600.02826,0.047504753,209.85419,529.50085,0.07403696,195.92535,548.16974,0.04361578,263.23993,506.61172,0.029213373,227.91893,518.6079,0.035705667,217.55875,534.6329,0.184886,303.81497,598.8854,0.0721176,5.2263355,586.685,0.10364206,304.51807,598.4967,0.04419333,220.0949,325.13052,0.5093577
1133,35.933464,598.245,0.02139713,50.544132,599.5048,0.04092509,258.3604,528.1449,0.064121135,296.81104,349.96036,0.045813333,303.82104,349.46085,0.056025613,282.13046,533.75946,0.0391565,275.39398,526.7206,0.08224913,304.05844,598.50195,0.05348179,275.58765,521.3158,0.08210449,378.31253,274.36688,0.040577352,319.38614,344.12604,0.41682684
1134,35.975113,598.562,0.020542601,50.648277,599.74365,0.042317886,398.15182,552.1916,0.06854493,194.57129,516.1752,0.024665723,393.32602,538.6999,0.037441753,402.533,534.4578,0.10898772,396.65286,544.5352,0.1579669,288.51077,597.7344,0.052639067,5.5822124,586.65765,0.08446353,344.89886,364.81995,0.037538484,415.12552,536.6458,0.2527622
1135,35.840603,598.4756,0.015196423,50.45027,599.6118,0.029453984,258.01968,544.3993,0.045688607,244.08583,531.9476,0.031323146,96.908554,165.21307,0.024934387,203.75946,518.03174,0.044114903,203.0649,520.4367,0.084344715,384.37912,166.907,0.05120994,203.37068,522.0463,0.08364096,21.486046,607.02795,0.031339362,382.639,148.8899,0.28887692
1136,35.698837,598.5436,0.015096261,50.018475,599.8631,0.0425632,192.00545,537.0909,0.051310733,179.0751,531.88196,0.043096185,81.61198,596.5498,0.024054589,266.89493,527.8176,0.04684135,197.72339,512.83624,0.10567243,185.5874,523.96606,0.03551673,197.46625,520.76685,0.090972975,360.59305,412.0187,0.031047791,429.7539,291.13745,0.13680366
1137,499.5639,83.75541,0.019410271,50.28063,599.4905,0.032219652,175.24911,537.32245,0.05267803,294.4467,115.44536,0.028920393,563.965,19.121622,0.03858991,188.3199,518.83966,0.059240043,186.5295,535.17737,0.16394557,289.3861,116.60232,0.06301065,583.83215,587.3163,0.090114675,361.28012,366.5175,0.039763715,193.07219,538.5065,0.16107105
1138,594.5144,598.87146,0.013983662,224.88908,484.06665,0.03763825,193.40204,529.1736,0.044349343,195.8621,483.61884,0.031687845,563.9752,18.963345,0.044653594,572.3555,28.601274,0.057908554,218.5387,473.70813,0.13068877,400.4491,598.6935,0.048067246,583.3694,586.45776,0.07439176,342.98584,143.15779,0.03381015,335.66992,122.09429,0.19473627
1139,515.25946,68.07969,0.026051847,50.1751,599.6329,0.026783863,210.22868,528.51953,0.04584942,421.82297,290.924,0.035945397,563.6198,18.816132,0.053951345,572.38873,28.621063,0.049529385,205.72655,521.4988,0.050895065,399.64725,599.4978,0.061675604,5.5332007,586.67554,0.08197277,424.7932,286.00006,0.027453586,431.9551,281.6721,0.19622988
1140,36.563705,598.24603,0.026457367,49.89904,591.14386,0.045589834,258.64133,527.8435,0.04979378,243.70511,516.2228,0.028940862,386.64563,84.22526,0.03282427,268.03757,513.4005,0.03972604,268.3633,521.03284,0.06726501,386.99884,102.03656,0.044893026,5.704089,586.36774,0.082467966,21.107927,606.49316,0.03694346,396.94003,87.9772,0.17265236
1141,594.8371,598.35504,0.014079438,287.72385,540.9037,0.026769973,273.2824,360.63718,0.05677104,261.26904,275.1478,0.0414054,261.6916,332.2861,0.048633695,130.31685,467.63913,0.046627633,264.48447,346.61206,0.13100135,384.5198,598.5012,0.05515721,5.34776,586.4326,0.080224775,135.9339,399.1731,0.044045027,269.57602,261.26382,0.45888495
1142,35.539486,598.6842,0.018602664,595.46747,583.0036,0.01894951,589.8977,584.4696,0.04871289,242.99678,356.5098,0.03307583,261.70764,332.53528,0.04310072,272.80255,338.38568,0.03972425,263.96228,346.37405,0.10148913,369.12512,599.1527,0.045354456,4.8991623,586.5217,0.09611684,281.70804,357.16815,0.048572987,110.25071,473.3549,0.37761238
1143,289.8912,528.8614,0.017447742,595.6273,582.69806,0.020204037,326.66046,399.65137,0.04665206,260.7522,531.38544,0.032925986,240.9167,363.3146,0.027308878,272.12405,517.9019,0.05431145,281.9991,519.78644,0.19170202,369.25085,599.2252,0.047411356,284.301,520.6249,0.0896391,345.6088,403.9081,0.04210846,337.16446,376.62393,0.3988293
1144,594.6827,598.2955,0.018552803,207.603,309.2928,0.03296719,196.30603,301.76697,0.08112891,178.56842,309.26764,0.04924855,198.78516,302.2352,0.04922782,271.29868,517.92944,0.055461433,281.3423,512.02783,0.18792051,281.63562,605.6959,0.042787686,283.72623,510.84067,0.08058689,329.18384,396.24948,0.030559229,206.45267,294.89606,0.2480428
1145,35.858116,598.49054,0.023013849,287.32034,355.69955,0.054743882,289.00055,359.38504,0.05286966,265.08536,350.31586,0.041233025,546.33746,100.413,0.03883184,290.8876,329.1706,0.026988016,290.5927,346.06345,0.068294555,384.86203,598.95667,0.04065911,5.153369,586.51733,0.07625522,21.828949,607.3178,0.03443113,256.7277,344.0585,0.2597232
1146,36.062126,598.2831,0.023533985,241.91899,341.16913,0.028082632,226.65483,527.96906,0.041140273,242.32286,516.0869,0.037705693,563.8484,19.1441,0.030195989,572.21606,28.342272,0.038305424,106.4778,473.4574,0.057317298,320.59967,371.38254,0.040004592,5.407647,586.4984,0.076957025,247.19551,339.78015,0.03596367,239.14708,328.08917,0.31008294
1147,36.54746,598.0856,0.03199198,256.81967,373.84082,0.06690971,239.94595,364.85797,0.06292984,251.92137,374.49136,0.05517134,244.02762,365.98453,0.045002043,300.22507,518.81024,0.036183976,300.35696,519.94183,0.034879174,239.8676,363.57404,0.04857538,4.774243,586.3378,0.11919647,296.79584,349.24878,0.042985253,248.76894,367.70776,0.55596256
1148,36.29857,598.5723,0.027508153,51.23924,605.57385,0.03256076,290.30524,543.9664,0.039766084,275.80075,532.01245,0.02693442,546.5819,116.063126,0.025716823,300.2269,518.78345,0.058046058,296.61624,527.07623,0.089119144,272.0438,310.79614,0.044151876,5.27203,586.4802,0.09090694,21.250826,606.71075,0.03842456,270.16443,294.91208,0.30783963
1149,482.91968,83.75042,0.02747171,145.52888,467.51437,0.05844853,145.74065,466.0851,0.081399426,211.1606,548.2025,0.03389935,132.21906,442.5495,0.038191088,315.56744,488.9501,0.052154984,313.81836,507.0307,0.14441392,176.73738,167.34569,0.07512573,5.2021008,586.61053,0.08888039,169.24672,154.46819,0.0415366,136.24292,454.339,0.5770489
1150,482.88443,82.51099,0.024438102,483.14532,37.589054,0.030000689,184.0356,336.94794,0.046652626,258.024,515.831,0.03216481,530.64386,36.585495,0.026016321,315.801,488.54172,0.05396914,314.4108,505.04272,0.07832138,400.60284,599.1274,0.055147793,5.138906,586.60175,0.090323396,185.58722,331.94138,0.04432156,321.25717,504.51007,0.14967665
1151,514.32587,68.053604,0.032027353,513.8437,69.072624,0.029476989,290.6019,511.83704,0.046421833,210.65459,516.0545,0.032984346,563.7115,19.390238,0.0302011,572.0562,28.180586,0.029589174,301.65363,504.80194,0.046224028,337.03143,598.1772,0.057624534,5.1196427,586.5427,0.08014897,598.3838,599.0533,0.032840826,538.4,219.50813,0.127198
1152,531.696,84.31435,0.01203012,321.72055,499.1239,0.023773748,322.42996,512.9452,0.05775739,242.65256,516.0161,0.03573245,50.175785,20.131191,0.031873252,325.03256,501.8037,0.028411958,121.89285,520.68024,0.07642144,304.88486,118.14455,0.042441785,5.4249415,586.65735,0.07945163,295.281,107.54037,0.033074774,301.94366,103.72462,0.24308951
1153,514.9202,84.40606,0.025313681,49.979824,599.9424,0.031983025,193.77046,528.1583,0.045827646,243.12376,531.91376,0.038925964,168.42328,589.39136,0.029992167,267.11072,526.88275,0.056740906,169.26527,410.06607,0.10963608,400.90988,598.9189,0.048455123,5.5783687,586.60187,0.075315416,249.21777,340.20117,0.042320658,175.47585,406.99536,0.23572971
1154,594.33246,598.4397,0.014471148,50.085415,583.2343,0.02277131,257.7863,511.9079,0.04806458,243.38579,532.0736,0.04251944,530.33484,84.53259,0.029783461,267.18274,502.23044,0.03900473,266.71768,503.86865,0.056396164,400.54202,598.9112,0.06683675,5.5888047,586.60126,0.073352,102.82287,207.33618,0.03745251,94.68755,199.84842,0.20045905
1155,531.2405,84.110466,0.017602207,272.5168,581.27313,0.046027623,258.01474,545.57574,0.06354498,244.31046,579.2066,0.04586137,256.60895,554.6091,0.04564378,267.82227,487.0014,0.046794258,263.175,550.2144,0.10069692,400.92075,598.5389,0.041524235,5.4121313,586.57544,0.07798432,345.5745,396.53473,0.031382777,274.3233,501.14572,0.1509823
1156,515.059,68.091606,0.026714766,178.44792,613.90063,0.023821596,272.69302,367.42795,0.047286693,276.33722,372.75208,0.038534503,530.92444,36.23661,0.037776224,267.18372,502.53592,0.050785292,266.72375,503.60226,0.06946237,384.6724,599.14667,0.04456687,583.46436,586.85803,0.079158485,406.7345,188.66124,0.035559904,286.96112,369.796,0.39610496
1157,35.999386,598.07196,0.01872414,35.319946,583.561,0.03938799,576.00116,582.9692,0.050521363,242.87532,532.4239,0.03368263,466.80502,36.800556,0.023360208,268.25864,426.07007,0.043456387,252.77124,534.96936,0.048625194,62.820347,599.53424,0.040247403,5.4997654,586.5522,0.097820185,216.7131,348.35678,0.0395433,127.77583,442.72485,0.12957346
1158,35.82151,598.2248,0.02115204,465.441,100.2158,0.029812291,572.6823,431.95206,0.058417685,242.95949,532.4752,0.031333547,569.70874,428.939,0.0363304,250.94913,560.2049,0.026147615,237.57458,504.79028,0.030024484,369.00354,598.96796,0.04340099,5.4526887,586.50397,0.08851136,21.420143,607.31116,0.033515364,429.74316,229.6335,0.37409776
1159,594.3601,598.3559,0.013011437,306.7469,598.1351,0.022505872,242.33818,528.33234,0.049569443,242.86687,531.2757,0.0362861,563.6835,19.340794,0.043044694,252.26624,517.89264,0.047992006,247.84113,519.235,0.09572923,434.09967,245.16719,0.07551295,432.9447,227.8073,0.07167403,439.2218,237.85143,0.043535594,430.81683,229.24973,0.34917146
1160,594.507,598.2415,0.014394571,273.57074,517.1455,0.027732022,242.76596,513.4641,0.06470569,243.47618,530.6579,0.052871678,563.79346,19.206757,0.04517332,253.52971,504.62476,0.074433126,251.84471,522.13354,0.15232077,361.81927,605.62085,0.05233906,261.19464,518.2147,0.12385116,241.32591,498.04474,0.032674022,274.07068,521.24634,0.19032119
1161,242.69713,597.6591,0.020299125,255.34198,532.6281,0.03540949,242.635,513.5447,0.073650524,211.76047,563.6512,0.044730335,563.74554,19.451374,0.031475645,253.39178,505.34705,0.065320015,249.86934,521.22723,0.20650113,257.78485,181.56667,0.055608522,261.40198,518.3933,0.11222253,262.84363,174.52158,0.04346412,255.04234,168.16467,0.18012246
1162,594.47107,598.42377,0.018534226,306.5581,499.79138,0.019469181,295.78748,545.4214,0.046476584,147.37164,514.6812,0.03512805,563.65137,19.434181,0.03312722,301.24475,513.32385,0.04632994,156.36237,505.43637,0.06847209,497.8778,341.03207,0.073691435,5.036817,586.64417,0.08196603,512.43054,339.6029,0.04127453,509.13205,327.24936,0.18445921
1163,258.31268,597.5274,0.025444351,306.5876,598.1488,0.022578975,274.2298,528.59375,0.06313781,194.61528,388.62915,0.039997585,209.5797,381.16547,0.037212554,572.24615,28.224524,0.03857356,284.0651,520.09326,0.075390875,144.38885,357.35855,0.062063243,5.023282,586.5801,0.08418865,313.10083,380.918,0.034625743,222.01125,373.61096,0.43770537
1164,226.46297,598.1692,0.01974611,210.63538,613.59955,0.023471843,177.6809,496.3838,0.05304201,179.01016,516.0842,0.028950145,353.22122,379.77866,0.027446238,315.35672,497.6491,0.05997646,313.2637,519.16754,0.1533353,254.8315,356.28027,0.046019595,313.6771,513.71515,0.09915445,264.20685,269.20367,0.04165304,367.688,387.47372,0.2456626
1165,258.2433,597.43494,0.05236174,257.4509,605.7003,0.038917154,225.38359,544.6314,0.060060088,242.97496,483.13315,0.04233288,249.17934,474.53812,0.035607588,266.57327,457.4253,0.044046473,262.17816,479.29428,0.08440229,288.16605,597.43823,0.048893366,265.5319,478.68964,0.09601053,275.92133,480.30838,0.046885,254.88686,375.17105,0.29218635
1166,242.49687,597.232,0.015683867,255.90324,499.1113,0.03185283,193.41165,529.8013,0.0519775,162.94238,515.50244,0.040287502,384.40945,491.2954,0.030928984,188.41777,517.3496,0.05071311,254.78572,481.6555,0.07131038,224.42911,134.45993,0.07318404,265.37158,479.403,0.112218,471.59702,398.30084,0.045113735,237.89613,128.09299,0.24698745
1167,242.51277,598.00543,0.020538121,50.08162,600.1647,0.034441646,177.95082,545.0863,0.06077117,211.2821,579.0943,0.040178467,513.3573,69.17484,0.043569062,188.18175,532.99677,0.050861727,187.73122,534.6041,0.08698131,400.19736,500.24792,0.040213466,4.999635,586.55524,0.0868476,456.02902,395.80402,0.041065875,463.51828,390.61057,0.12580666
1168,36.028584,598.39044,0.026731433,50.388187,600.00604,0.047666553,209.90851,512.48145,0.058801237,194.48093,516.16833,0.04358112,208.44547,348.15393,0.035060823,204.58694,480.8736,0.036446087,205.38492,489.20334,0.053299893,313.91937,605.9256,0.053157322,5.461173,586.6403,0.084985666,225.97531,498.0094,0.034834303,155.97299,96.499695,0.40625152
1169,177.85298,598.07605,0.016134517,192.11342,547.48035,0.026253013,193.4171,529.1162,0.07093388,195.336,500.0154,0.038643472,289.36218,411.76053,0.023441056,189.26799,512.9719,0.044557616,187.83174,534.97626,0.11081878,304.1575,422.2274,0.057770558,5.3910637,586.5398,0.07811837,313.50134,412.21613,0.030132113,319.05023,416.50452,0.28087696
1170,177.51566,597.7169,0.01869755,288.20242,436.24042,0.032374386,193.75626,544.65155,0.05756131,179.19637,532.6579,0.031200735,163.01268,594.8172,0.032510985,253.64725,470.78375,0.06078092,253.77505,480.91324,0.09310832,290.1207,437.6918,0.06072936,260.64075,473.59717,0.09152638,311.77856,436.53976,0.03999861,302.88922,423.8591,0.3393401
1171,594.28534,598.7128,0.025320152,273.98068,500.6908,0.03371984,191.98767,535.9221,0.0937644,179.78862,516.91095,0.040745698,482.71036,36.859478,0.031350493,253.00787,466.39703,0.049444113,199.06828,520.46185,0.10747403,400.4695,598.6434,0.041681398,261.68533,486.835,0.09278452,193.52788,512.3776,0.039378777,208.16386,522.38336,0.16783527
1172,594.46014,598.6869,0.031537972,194.0734,614.1741,0.03226788,195.02051,613.8102,0.062449656,163.38892,516.20605,0.028789664,137.06548,590.19214,0.030692773,148.34534,612.4469,0.030645352,269.66696,504.5,0.028568478,482.25858,516.80457,0.03680919,583.3584,586.496,0.09474445,152.14668,333.6107,0.044474296,494.5777,503.30093,0.18105987
1173,594.3675,598.5997,0.025795622,49.97859,600.1493,0.03527594,195.17796,613.80115,0.06386376,163.29129,516.0968,0.03649473,96.53489,116.105194,0.03176547,186.80095,579.1583,0.036682263,173.43279,504.43613,0.040511113,95.975204,118.14276,0.039168112,5.5605445,586.701,0.07803889,191.76024,597.4113,0.0335493,110.67482,152.95038,0.11931797
1174,177.95276,597.339,0.032013174,178.26094,605.42944,0.021924896,161.7409,528.7261,0.044350214,178.47644,516.1474,0.031681977,225.55711,395.38782,0.030259237,170.73102,353.28937,0.029170115,170.93108,361.72284,0.08431731,361.8209,606.0192,0.052488443,5.6399355,586.5327,0.07713636,200.95,333.75482,0.03587014,239.79993,407.03247,0.21057068
1175,177.84816,597.0027,0.027190808,304.4556,405.8713,0.035998307,242.05737,513.37177,0.0812341,228.5354,516.0039,0.0415122,306.215,396.0137,0.027174732,187.85072,513.0691,0.04165344,184.75055,533.6406,0.220984,321.73828,423.34787,0.058318157,188.53186,535.27045,0.086540386,178.22633,526.16675,0.050248805,317.20834,405.60315,0.2500661
1176,194.1317,597.3769,0.034843076,50.5562,599.2331,0.025229638,177.95714,512.61975,0.048874162,178.084,515.9832,0.03605774,210.9729,594.51434,0.03745101,187.0927,578.6587,0.03675165,278.83716,441.39563,0.053783,449.17886,277.35284,0.06079968,5.6868267,586.46234,0.08002304,295.53305,429.94247,0.040496007,286.77765,434.85284,0.23260622
1177,162.04283,596.8537,0.03515958,162.10129,605.3144,0.031971343,274.16425,512.80206,0.05375572,179.14372,580.03406,0.030342236,482.21933,37.159134,0.035041608,284.44308,526.7064,0.054689366,285.2115,512.531,0.0810181,320.1371,598.4903,0.054821152,291.1496,505.83496,0.094592266,487.5818,284.83643,0.032829978,337.4211,377.3415,0.12316959
1178,162.07811,596.87665,0.029424245,162.18283,605.3891,0.024068877,273.79736,529.0953,0.053574443,163.78186,579.8639,0.030052088,482.26743,37.03916,0.0315438,284.31564,503.44812,0.05357032,284.54108,519.0725,0.07627892,319.9942,598.7053,0.0455863,290.26147,505.63333,0.08386867,328.52002,396.9091,0.043688104,269.54742,103.05828,0.18471272
1179,226.53821,597.4933,0.028543241,82.62493,422.96017,0.027761122,272.75687,513.5956,0.060643405,286.92572,516.5559,0.041533247,264.06903,504.68103,0.04461709,281.8152,507.31717,0.10301614,269.49695,521.7759,0.113019176,303.89755,597.4644,0.047018755,289.87253,507.5059,0.106425464,183.26299,286.93387,0.047330342,77.62638,408.64032,0.22802915
1180,209.81508,597.3672,0.030001184,305.95615,599.69855,0.021979513,257.86383,528.9591,0.06548669,259.18295,547.79395,0.031854324,210.64168,594.16705,0.04441134,283.03537,528.0298,0.05368522,187.53441,504.04364,0.07696921,273.0679,405.22073,0.066139504,275.10733,401.55368,0.07825154,225.77197,465.50732,0.037702043,286.78177,394.6422,0.22321151
1181,209.96027,596.0084,0.06553237,208.4999,539.43335,0.038483184,194.38588,543.83124,0.06851344,258.6502,420.73297,0.046975914,211.22208,594.08606,0.031666934,289.1796,402.58755,0.04243389,200.44106,535.10516,0.12187504,416.02966,598.4263,0.052398045,226.6447,596.0993,0.0738131,169.06416,284.66608,0.04168031,286.55377,403.37036,0.4085717
1182,193.73846,597.1895,0.026555156,224.75775,605.6239,0.041960746,226.6983,613.3779,0.06651139,195.21011,547.94135,0.049262065,563.5051,19.061817,0.031209188,572.03,28.186726,0.041170172,205.68512,536.19165,0.081567794,72.42777,606.02515,0.048081335,5.910498,586.58624,0.09453604,20.58708,605.9423,0.04212143,240.1256,589.2024,0.10870428
1183,36.316063,598.43536,0.025504684,49.257313,591.1422,0.033922844,194.53444,512.3427,0.065117605,195.23637,531.63654,0.03764037,83.34862,614.1278,0.030702401,219.07611,579.1626,0.04547772,205.20071,504.16312,0.08292423,416.8009,598.3455,0.045544956,5.9156227,586.50696,0.0831523,21.02372,606.5095,0.029695516,225.9685,507.84332,0.096599326
1184,36.012527,598.17865,0.018811107,160.65097,532.6993,0.03601937,161.28804,513.32446,0.049586102,163.74075,579.62006,0.040698737,482.39972,37.015327,0.03985788,187.19333,578.2829,0.04314296,156.9446,535.36053,0.0974036,72.38387,605.58844,0.0528046,5.682158,586.46484,0.07157856,179.69568,528.84607,0.028057054,369.659,424.8432,0.14681195
1185,36.089268,598.3138,0.020409781,482.68274,37.433903,0.03709813,193.51875,513.06226,0.08133166,163.98965,580.26276,0.042444337,482.46902,37.053093,0.037364714,300.11325,527.1434,0.040256806,166.45068,534.92487,0.093995266,368.95956,598.11896,0.054119244,5.399893,586.43475,0.08282476,194.00284,510.15067,0.042714786,193.12276,502.94705,0.17262082
1186,594.7006,598.06116,0.017756307,162.01149,532.04816,0.03756363,192.33885,512.90314,0.078272164,147.88115,547.1016,0.049552653,482.55798,37.0029,0.03752532,165.66373,525.9646,0.045488644,157.02817,535.85266,0.14003325,152.84332,523.5969,0.059295334,5.7233024,586.4664,0.06825004,194.35815,510.21964,0.04116517,255.45047,264.67874,0.25658804
1187,283.9501,563.39526,0.01688949,162.14006,531.9337,0.03877622,193.24815,513.3666,0.07786694,195.65254,579.58386,0.042261284,482.67273,36.886223,0.034299333,165.02538,525.6222,0.048195712,155.61809,534.9039,0.15621972,319.41507,598.78534,0.05177041,209.93854,506.14734,0.07184021,320.82806,599.1458,0.040669627,161.38438,538.05554,0.14254546
1188,225.74063,597.09235,0.04673132,49.774952,600.1692,0.03848611,162.11209,528.5276,0.06263765,162.16037,515.9973,0.031200012,296.99594,157.169,0.035971273,171.96027,517.9173,0.041180138,167.22818,519.0675,0.086344704,385.06747,215.47728,0.051904768,5.9365854,586.75555,0.097137704,310.8716,166.20967,0.033343785,383.5845,196.14975,0.4102605
1189,242.32848,597.78284,0.02587179,50.26694,600.0055,0.029706804,279.90372,109.1967,0.057820994,243.21068,515.7115,0.03203242,344.70215,363.10754,0.033874627,360.91824,353.5348,0.063314654,356.16873,361.97906,0.09252676,289.44818,119.07596,0.08636655,5.673996,586.5881,0.07841823,376.35852,368.57755,0.040786173,335.45367,423.24854,0.30891567
1190,36.405712,598.0951,0.0289027,49.202816,590.9464,0.036478095,178.41512,512.0048,0.045106653,259.1392,532.0708,0.036368582,83.40743,613.99286,0.02735105,268.21783,512.678,0.03143906,153.7375,122.433586,0.08203661,72.21174,606.23584,0.047662105,5.599611,586.588,0.09202222,167.7541,127.465515,0.03734384,335.40073,423.93777,0.27658236
1191,306.05743,598.445,0.026848182,194.52866,500.06793,0.026086906,177.46577,513.08765,0.050989307,162.41272,516.10046,0.03612043,530.3136,84.06293,0.032223344,187.91435,503.38013,0.027916638,418.81863,489.03357,0.04345801,218.54877,605.7479,0.055238076,5.4942346,586.57446,0.07848293,21.358204,606.8471,0.030517034,592.5807,156.32703,0.087401606
1192,36.08691,598.54956,0.024256315,194.0963,613.5713,0.028089976,226.3383,512.90784,0.060412847,226.56343,515.7084,0.033182733,163.01799,594.5329,0.031300306,203.18602,578.212,0.028102439,236.70493,520.2024,0.059693422,415.8545,598.90405,0.058476355,200.33495,596.1806,0.070342906,310.68967,108.88521,0.041474625,351.90042,393.6667,0.1888185
1193,36.30804,598.53296,0.02413552,194.00702,613.77356,0.030410042,226.37943,512.34625,0.067011766,226.52728,515.5734,0.041777123,406.654,477.74625,0.055035643,203.06366,578.08527,0.02984757,236.47934,505.50516,0.071482606,368.66846,598.53656,0.044775154,5.653652,586.6878,0.07225778,21.241087,606.5954,0.03886968,413.27454,478.52927,0.3069215
1194,289.86578,597.03046,0.023289094,322.69397,598.4094,0.02440661,274.42758,512.44635,0.042112,194.54823,499.73325,0.031815734,482.0683,36.679943,0.03469467,204.1669,495.68558,0.030107336,137.23203,409.91708,0.054387853,352.34198,598.5411,0.053637695,5.709038,586.53033,0.068770885,410.5973,515.5233,0.035081644,143.47168,409.7064,0.14582565
1195,36.435024,598.28815,0.02810236,35.58225,590.35095,0.03178359,274.18753,528.8354,0.055911515,35.246124,581.9929,0.02955129,50.43114,20.253616,0.034851212,236.33388,470.92532,0.04163129,279.55075,518.64575,0.07574987,320.00516,598.28973,0.047218326,5.8356285,586.7235,0.100552276,20.831793,606.19977,0.03573634,418.22754,506.49988,0.12357835
1196,193.81558,597.2972,0.056229167,176.63298,502.57755,0.036428392,159.13669,522.1884,0.06247952,147.73062,531.2382,0.035262257,50.284843,20.42012,0.028625062,170.94612,481.2642,0.052880805,168.51474,494.80347,0.123863064,345.54373,605.90094,0.04630954,177.95071,489.55646,0.096185386,21.02403,606.5252,0.040487546,256.73636,328.65244,0.23287353
1197,274.59225,596.27026,0.049648575,289.64053,605.2539,0.050106846,158.07059,504.63956,0.07746523,148.71526,499.43314,0.039182305,159.6955,505.8141,0.033752456,171.33543,480.15723,0.06530034,170.90524,493.4214,0.18192789,320.13293,598.09845,0.054163806,178.98141,488.71332,0.102291964,377.6585,443.9059,0.04380803,175.19202,473.56238,0.18672769
1198,289.92178,596.9838,0.024464102,176.45181,517.26056,0.04231834,161.36215,529.0923,0.0635843,242.23296,499.8795,0.037481733,164.96936,505.64252,0.029759835,157.8473,518.0601,0.05193363,171.04503,504.65256,0.14095613,240.23004,293.15427,0.058573406,375.9982,431.99817,0.08508838,246.81903,286.73666,0.0328146,239.46262,280.05762,0.28390706
1199,225.79962,597.1121,0.031546056,304.9614,469.03113,0.035490725,162.07924,529.35156,0.06938293,163.32071,499.25177,0.041161753,338.66452,165.61621,0.034997027,172.08177,501.92084,0.052782796,171.12296,504.84973,0.121688984,353.6384,182.76155,0.048928283,5.736613,586.6238,0.071005456,343.9783,171.8948,0.037096847,348.4912,161.85536,0.31900674
1200,36.45023,598.58563,0.0222971,273.0808,451.76138,0.03990863,274.36893,452.9248,0.10203767,147.67728,499.8618,0.027048238,225.62437,594.6116,0.033830628,284.27844,442.8905,0.07735156,262.53375,442.3747,0.08232503,248.37506,445.8179,0.056570157,5.985446,586.62115,0.08897385,282.34036,449.0693,0.0509486,269.32428,439.67584,0.23808621
1201,35.87437,598.46063,0.017716171,50.32005,599.83044,0.024163796,209.20903,545.0035,0.059247628,178.60674,515.9805,0.03728755,162.47789,125.25626,0.03524189,300.2963,526.5602,0.04965004,295.97574,526.2467,0.059886876,401.58524,483.33585,0.045435797,408.1923,480.28958,0.087693796,418.3136,482.43134,0.04816959,171.96631,127.800064,0.24641486
1202,35.632217,598.41315,0.012677497,177.17297,132.24559,0.032931983,215.58357,544.188,0.060631372,211.37791,467.54758,0.049081784,163.1861,126.34247,0.034049433,234.96988,441.16388,0.055686004,233.29332,463.081,0.09122793,415.41974,598.8811,0.07564126,234.63339,460.16986,0.10643616,243.6293,462.51007,0.03623226,171.3513,126.01737,0.37692562
1203,594.3489,598.0932,0.015823105,289.98892,614.06287,0.028985724,258.17377,544.4986,0.051235575,257.9217,547.70435,0.03909095,162.9019,594.528,0.026550222,300.03842,511.91794,0.045105036,301.543,533.68823,0.06842482,415.0976,598.81915,0.07231424,5.7189336,586.69086,0.07023915,136.37036,284.36548,0.035925813,323.57996,540.0743,0.12168195
1204,594.40125,597.96906,0.015926868,162.21355,613.29706,0.026154796,242.44397,544.9318,0.06769983,243.2695,547.9878,0.04926787,321.70508,148.57657,0.027271371,203.96997,442.225,0.04636816,302.8035,533.8841,0.080718055,416.04367,598.96564,0.092495084,311.42136,529.00006,0.09307774,328.48328,140.56012,0.035658643,417.48126,503.70078,0.27552396
1205,35.879925,598.4982,0.015121023,288.21045,516.7615,0.024937252,162.20718,529.2357,0.078580014,275.18573,516.0618,0.03925742,272.76767,506.1753,0.03256461,283.9563,486.209,0.055561572,280.64877,502.9501,0.093850374,415.688,599.012,0.07709807,306.78146,521.6667,0.085989095,376.36267,445.147,0.04120267,383.9678,442.15747,0.16683622
1206,161.95996,597.1294,0.03027781,222.5055,524.6213,0.030520383,205.6308,517.9945,0.0859421,179.77835,532.26276,0.03714278,201.70023,506.55417,0.0446307,220.00107,487.07806,0.06306717,215.86452,503.4789,0.19700351,201.2331,521.3821,0.045954376,5.5832477,586.6004,0.091144554,209.95439,494.41623,0.062042963,318.02658,286.05118,0.23358214
1207,594.37946,598.1373,0.016131438,289.82605,605.58417,0.032765493,274.50446,512.7349,0.07254049,209.2245,582.4432,0.032697093,546.09564,117.46645,0.03037636,284.23123,496.1609,0.03913461,284.06427,504.4274,0.08032936,319.635,598.56525,0.061130572,290.67484,505.51617,0.08238802,320.40796,599.1473,0.04380703,253.38655,128.564,0.1280701
1208,193.70625,594.91437,0.028581109,194.2667,604.3424,0.03563485,225.84695,496.46387,0.058480196,163.875,578.626,0.052182905,161.03235,570.705,0.033378474,165.004,534.443,0.040948354,166.78523,542.78314,0.06349309,289.80664,100.62801,0.037561297,5.576451,586.7088,0.07465115,21.141705,606.4959,0.035902876,177.67218,555.1633,0.15551662
1209,210.26105,596.28143,0.058360893,209.23192,605.08435,0.03551789,193.69205,495.1591,0.08793969,179.80588,515.7269,0.037727233,345.12744,522.96045,0.036422938,351.7581,518.6453,0.08616886,357.91525,526.42035,0.09748866,226.80927,324.6638,0.039772533,361.43848,525.1338,0.08123325,216.56702,315.31247,0.048977003,266.96497,87.59578,0.2348995
1210,209.78555,596.7297,0.038943376,176.79051,516.9477,0.043285634,158.96588,521.5273,0.063156605,210.6288,499.9854,0.034404498,162.13794,594.5672,0.039585996,171.88905,496.36847,0.05479211,166.59477,510.1062,0.11609515,313.26752,605.55615,0.0363559,164.80914,519.7999,0.07519999,21.361818,606.72723,0.034080923,163.24492,515.92816,0.15173118
1211,194.08598,597.3608,0.024918744,176.51242,516.3918,0.030331232,177.39233,545.1146,0.07156907,163.58134,531.7776,0.04565449,160.26509,506.023,0.027035112,270.6801,471.65955,0.048600815,168.28217,510.2297,0.09798044,144.13321,357.64856,0.07894301,277.8877,472.31085,0.08940772,166.48047,367.57532,0.037562083,157.9963,354.20334,0.23197974
1212,178.33237,598.0002,0.035447873,178.31783,613.4759,0.027700983,128.92166,487.46802,0.049800232,275.08908,499.6427,0.027085474,132.71935,458.48648,0.028845493,132.1312,455.8673,0.062129214,124.97443,474.5199,0.23102917,273.87042,245.84631,0.058271572,6.052638,586.8308,0.10876071,279.29483,243.3947,0.035929594,126.548065,466.6524,0.18464777
1213,594.3929,598.12244,0.017171282,482.87527,37.380966,0.023972934,160.62982,513.80493,0.049323674,226.59189,372.18964,0.030086653,114.50575,115.69416,0.04479134,155.82289,503.1609,0.048021954,243.91245,361.6614,0.09071649,238.64783,363.30612,0.06589394,5.857212,586.6484,0.07376317,281.84244,483.46466,0.041025594,124.42733,119.26906,0.25198707
1214,35.75716,598.38904,0.01767728,335.64346,196.23343,0.03888739,386.9303,157.39597,0.05331794,370.84314,180.1448,0.02723063,373.36273,157.07698,0.044167005,155.72566,511.9698,0.04685235,152.20792,526.0513,0.07645923,337.2982,199.53102,0.076870695,338.73843,191.09459,0.070534274,280.19803,333.09625,0.034151733,349.36893,182.78021,0.35003933
1215,274.12796,597.0957,0.031466726,257.7334,485.20886,0.02997274,242.27861,496.53635,0.065627836,163.19621,579.4221,0.037091006,337.32538,197.28163,0.03156462,237.46872,470.99454,0.04300808,237.16132,473.24115,0.06962917,337.23022,198.79362,0.06901169,244.42815,473.56345,0.083508775,280.60828,332.7482,0.04525503,349.64154,183.66219,0.26712132
1216,290.1321,597.06305,0.025384124,144.00629,437.0522,0.061403565,151.22264,446.7207,0.07330119,177.85548,579.6041,0.035664108,216.74728,93.50703,0.057757664,314.32574,496.58243,0.054549888,311.3913,502.92728,0.10510769,144.2193,440.24493,0.06006792,244.43846,473.12094,0.08606101,240.8942,341.0459,0.040664047,222.19579,95.87545,0.56323653
1217,258.16602,596.9619,0.028842544,318.3344,519.4388,0.030974614,194.04251,496.4558,0.05514978,163.77737,579.22974,0.042311832,418.867,284.09048,0.03640971,314.88513,502.38467,0.07172076,302.76578,520.1429,0.11376653,386.14398,532.03613,0.049688812,322.09094,503.8357,0.10312632,342.2969,516.6842,0.031834345,427.57462,290.31894,0.23506235
1218,193.63098,597.4423,0.025800718,447.20956,276.86536,0.030837974,454.00397,284.8652,0.057754505,460.77094,278.46094,0.030521993,81.46188,596.3752,0.031168904,316.20728,497.65308,0.06337689,315.82822,519.5297,0.11406032,306.24847,117.404526,0.04404243,323.26178,519.96704,0.10355489,311.55832,108.43308,0.03930507,460.33868,272.3554,0.4022794
1219,178.57002,597.3794,0.023855444,208.30652,485.1147,0.043907575,161.15596,513.8449,0.07870489,131.88138,515.19434,0.035142772,242.86674,412.57816,0.039181083,170.59448,517.89606,0.04778778,201.32538,473.59253,0.17160182,329.42935,605.6053,0.048062194,200.43,471.81238,0.06358495,185.02563,284.71945,0.033217948,162.98119,516.5094,0.18657988
1220,209.51836,596.7922,0.036419928,175.22797,500.57874,0.06104571,159.99493,488.8526,0.07312479,149.11456,515.7871,0.05103236,165.49312,489.94287,0.05239971,174.37587,481.8229,0.07145612,171.34128,503.47968,0.25017855,434.2896,197.73338,0.053706795,173.67473,503.96265,0.11609596,488.0247,428.9016,0.041069914,446.5307,183.17343,0.21213596
1221,209.46321,597.2477,0.027461275,190.77391,502.46417,0.03817072,159.87492,488.322,0.076781385,165.44539,500.04245,0.051132932,166.85428,491.79254,0.05548517,191.50008,484.59372,0.057431497,171.64783,504.66132,0.1966306,369.29245,325.97165,0.06684253,193.00166,488.67282,0.07616883,375.757,318.15512,0.04952692,285.13144,368.683,0.39090413
1222,225.81981,597.7033,0.018529898,338.5815,614.7951,0.02768183,241.6449,513.2885,0.0691552,276.58887,578.9329,0.037467893,99.78772,165.38246,0.045542493,293.8439,549.36865,0.031230327,237.94824,504.3825,0.081816725,98.55851,165.77524,0.051683716,121.96185,496.31775,0.086250536,280.23483,364.4585,0.038437236,107.5035,153.06563,0.24640195
1223,209.48225,597.19366,0.025720844,431.65967,196.7858,0.031538196,193.24916,480.8743,0.050392963,419.42725,211.37608,0.032681596,467.0744,36.384224,0.026446583,329.03964,542.5597,0.035474807,316.99124,535.7171,0.07629991,385.09225,167.09885,0.041363284,5.7069025,586.57697,0.08000537,374.56552,348.36664,0.03198856,430.92905,191.26555,0.2934202
1224,257.4612,528.51514,0.020046692,255.76796,533.66095,0.036831956,237.99135,499.42218,0.11354877,230.67944,515.0226,0.05182435,239.49332,490.17764,0.07293854,242.32346,486.29095,0.08239832,247.61256,515.8014,0.20131283,432.99323,421.38806,0.046776652,5.751873,586.5242,0.13152996,241.14767,478.8315,0.057139404,252.38135,487.23105,0.29269964
1225,35.992558,598.42163,0.019609587,288.07025,500.54944,0.04346336,328.27103,353.58112,0.053836606,429.59845,533.6568,0.027711893,481.6168,388.89346,0.035679,286.19553,486.67133,0.06013636,284.7042,504.1428,0.10236851,321.10773,340.0336,0.04956211,228.79492,457.32,0.081753604,329.7992,347.82602,0.046639405,408.627,535.7945,0.32462385
1226,36.15265,598.5267,0.01651597,223.7068,483.91473,0.04509383,279.80292,497.8404,0.05899556,274.91025,547.83496,0.034846406,273.24905,489.94052,0.033783827,221.32556,455.98654,0.06406838,220.19286,472.79153,0.13800931,337.0284,356.176,0.061151803,284.61154,505.24295,0.09120727,329.87213,347.05005,0.063025124,407.57965,535.6496,0.31729808
1227,36.412495,598.4532,0.022384077,287.97034,501.97223,0.036417857,271.87744,504.35742,0.06235467,289.48492,548.0167,0.044536542,279.0208,489.59567,0.03197959,285.55975,487.01764,0.060132314,283.94788,504.81177,0.12217449,320.73196,340.0147,0.067505814,292.65533,490.1186,0.076717205,330.218,347.65088,0.061256357,289.94318,500.60284,0.18646222
1228,36.03644,598.3836,0.018085616,130.45845,613.029,0.027315423,289.233,512.40216,0.05113627,275.58328,532.11285,0.030680971,147.11899,594.7475,0.026880099,221.01999,456.25143,0.037915498,315.5382,549.7433,0.0920239,226.12123,323.46658,0.035789974,6.1538835,586.8328,0.06571121,233.49486,322.429,0.033318695,241.12308,311.21722,0.2296547
1229,194.13237,596.9229,0.027460318,49.639587,583.5346,0.031643715,256.79123,529.5813,0.06798321,243.68024,531.1113,0.04799643,498.9316,84.589455,0.03391875,252.80206,498.10403,0.05515721,249.61232,519.7388,0.12765403,400.95407,597.90656,0.03478441,6.109057,586.78156,0.08656202,275.40262,514.31683,0.03762239,258.07956,518.0466,0.15344362
1230,161.96114,596.3302,0.02100506,322.6627,588.3512,0.040180486,194.92227,613.2883,0.058782876,355.36774,403.84915,0.050821044,352.48517,396.6975,0.034339625,370.86203,418.308,0.03423563,194.67528,583.69977,0.042232905,350.68176,411.5734,0.042264745,6.180285,586.6813,0.06827263,207.50354,598.15216,0.025476651,367.2948,393.64462,0.43742213
1231,194.29997,596.5024,0.026549743,49.461807,583.55865,0.03109611,145.07391,513.1143,0.06378796,131.82468,531.86053,0.033135567,306.61386,594.7743,0.025437534,155.22845,511.48462,0.0495011,150.89142,511.1009,0.092561625,432.08588,598.9355,0.053263433,5.8684683,586.74884,0.0722696,296.1439,349.2787,0.041239712,353.2582,376.67288,0.19640884
1232,193.9113,596.9111,0.035899244,176.0431,499.3947,0.040725626,175.89644,482.07822,0.074742004,147.9401,499.20715,0.038245775,482.33478,293.05542,0.03981862,315.60867,511.34097,0.06150103,180.17558,482.68076,0.08436604,352.50613,598.8968,0.062504016,392.1271,461.87607,0.08350988,195.22284,495.8235,0.050236538,190.31558,488.07355,0.3653869
1233,35.99289,598.58325,0.017520238,160.20407,518.21014,0.043873675,157.69968,520.65735,0.074897766,148.2277,530.4516,0.035270207,149.00146,505.63315,0.041186925,162.40762,500.62482,0.06672474,156.7047,519.7788,0.2375426,352.53702,598.48694,0.061313897,242.31204,473.70547,0.07372942,242.24365,495.5107,0.04725691,177.62354,520.30493,0.2013987
1234,177.9915,597.3803,0.020395117,159.4425,530.95074,0.034132157,157.65317,520.6959,0.06600916,307.2449,579.17975,0.03189526,150.59709,505.18118,0.049454432,157.4303,497.92343,0.08792097,162.49286,519.1332,0.24852464,152.74887,508.35052,0.07004474,166.418,517.57184,0.08876935,425.6103,492.75708,0.03925049,191.2201,342.8759,0.34099376
1235,289.97552,596.7238,0.02888512,50.181065,599.4856,0.027026357,160.27235,514.03485,0.06934783,148.01073,531.10425,0.04090986,400.97192,475.307,0.02678173,156.6976,497.9106,0.08222012,157.20728,521.1261,0.14346837,415.27582,484.51025,0.046311714,164.49963,506.64282,0.087221675,409.84985,491.31055,0.040127084,305.0325,324.56894,0.31915775
1236,274.1728,597.46967,0.028007416,50.095596,600.24615,0.037659347,113.88679,509.90048,0.04529715,162.97206,516.2823,0.025147026,81.423256,596.22595,0.029982414,172.51361,496.58878,0.027666863,123.6629,506.90042,0.066045165,112.71454,506.9446,0.031919364,5.777901,586.6641,0.13482435,20.828636,606.7538,0.050963312,126.739586,504.13766,0.282097
1237,35.9841,598.72327,0.018160043,256.28842,484.46512,0.040889766,289.95657,512.95276,0.061172858,132.20332,515.16254,0.032343112,136.84575,506.91632,0.048628025,161.96649,510.53552,0.07612101,150.39836,511.88654,0.17399187,138.4045,509.4646,0.06680951,151.30424,502.46988,0.09948449,305.36185,512.9749,0.030119976,190.60309,342.53824,0.4021749
1238,290.6306,596.3281,0.024412736,482.65115,37.56226,0.02955389,288.77267,512.94635,0.066833556,146.651,580.1886,0.038511746,483.09525,19.540232,0.032460876,309.9012,336.33212,0.052531112,283.8715,505.55957,0.06566625,320.5664,340.1535,0.05576281,5.542644,586.6551,0.08120485,314.2332,330.93378,0.052237097,366.85403,408.1146,0.24198021
1239,290.63727,596.3666,0.022848671,306.61746,604.94055,0.027561555,210.05814,496.54794,0.05645131,210.57437,420.90094,0.03206369,306.88785,594.8729,0.028934736,220.5719,472.8297,0.03761203,219.25185,488.45642,0.053989053,351.22086,598.59515,0.049723618,5.722884,586.6729,0.07025817,297.90265,316.7084,0.04064653,365.81458,406.4954,0.32370734
1240,36.157974,598.38367,0.024324529,50.552906,599.7278,0.029811382,210.13228,496.02185,0.060444735,146.82896,579.253,0.037312858,384.7178,443.6194,0.030202793,220.16579,472.45084,0.050098244,219.09006,488.6554,0.09818955,320.38177,597.0891,0.037876982,5.5899816,586.64954,0.09054709,200.00383,284.3818,0.043051872,125.559715,101.803444,0.17492318
1241,36.0494,598.40656,0.021625519,242.61487,470.04868,0.02507815,224.80975,480.5685,0.049733493,259.18405,115.559456,0.029282218,546.71954,99.926544,0.032903574,221.16313,479.17288,0.031878587,233.5408,472.67343,0.095326856,282.92148,605.6927,0.042880494,5.5413675,586.77094,0.095732026,296.9813,331.71326,0.04054976,269.02115,97.24047,0.20721546
1242,35.893856,598.32367,0.01764198,223.04526,483.97052,0.033497315,222.79321,489.43042,0.058546964,211.4855,482.78406,0.026731472,214.07588,474.01273,0.037958488,221.13382,455.18777,0.088588744,221.22299,473.71597,0.18098395,216.63225,461.65668,0.05572626,228.3921,457.7586,0.10150271,392.10797,500.19208,0.0308981,429.9791,198.9033,0.17498142
1243,306.2022,596.3802,0.031343456,224.1107,483.80576,0.031167807,210.4922,496.12097,0.057871334,211.25789,482.88052,0.02625563,130.56721,595.1679,0.029123994,315.92014,512.8381,0.045774322,315.5414,535.1245,0.113673896,216.30022,476.31488,0.04394058,5.4120755,586.6542,0.09228845,249.66275,299.96365,0.040909056,429.05573,199.60324,0.23191966
1244,36.160915,598.2117,0.02593487,223.49171,483.07803,0.034309283,224.50375,480.5054,0.056185994,146.90114,579.4201,0.034431823,81.409966,596.3894,0.026898952,228.22284,455.88818,0.032253835,220.73145,474.72415,0.07739396,255.49068,292.83975,0.043349806,5.515282,586.649,0.08877652,249.65271,299.63885,0.04089169,285.54614,182.96959,0.2064624
1245,36.24821,598.30975,0.024307553,49.08982,591.03204,0.026753005,144.90878,528.982,0.05785739,212.93939,292.26035,0.041337617,83.58688,614.1377,0.029076492,316.13437,512.4053,0.045625582,236.40047,472.19696,0.07342524,72.34244,605.87427,0.044518102,5.938176,586.7099,0.08229638,20.999033,606.5693,0.02955559,223.2286,288.54926,0.23669708
1246,36.42291,598.26917,0.020680754,50.32121,599.9893,0.03037826,306.1697,528.9886,0.055011943,162.60103,532.21375,0.031495184,162.42986,593.9916,0.02675367,300.60855,496.14908,0.028607193,302.03036,520.01263,0.052870996,352.06845,599.0276,0.039200645,6.2658806,586.8469,0.07703569,21.159662,606.4966,0.035347983,22.950163,593.79266,0.085846715
1247,241.86908,596.8209,0.02102606,50.020203,599.9562,0.028715586,145.6663,528.7605,0.054417755,162.6327,516.15936,0.030944737,115.15498,595.71075,0.031898133,331.51562,519.0415,0.045168556,326.99338,527.1796,0.07456883,129.98245,343.32306,0.04881195,6.0801563,586.8084,0.07025668,409.83075,492.46445,0.049320914,139.08398,324.62863,0.599809
1248,274.41974,597.29346,0.034020983,50.566727,599.9899,0.03049471,174.24162,472.9889,0.06545024,147.5773,531.8789,0.036846157,513.50726,422.00977,0.041838333,188.12062,440.1405,0.075772196,185.13739,456.09616,0.1795118,512.8166,422.31967,0.048238378,5.7039623,586.58276,0.1183491,137.20667,451.33374,0.040278267,447.41785,519.91754,0.24377131
1249,36.015327,598.1491,0.015627945,287.7357,501.124,0.044626918,274.934,497.60797,0.074689,259.97128,499.05386,0.03245054,548.06665,115.93509,0.05083814,301.90356,500.96326,0.092070766,301.6775,504.79056,0.14162584,321.22595,374.88174,0.051559247,293.1889,504.306,0.09387233,307.28336,509.6794,0.03866907,315.9468,350.27466,0.34172797
1250,241.89278,597.24536,0.020589845,289.09042,500.77158,0.03974894,274.2387,497.94745,0.07758552,146.44571,579.45953,0.035686783,137.21616,491.84805,0.02758684,315.14838,512.071,0.05377779,311.7537,518.04254,0.10950142,352.16238,598.3229,0.056661658,149.17377,505.9697,0.08610189,273.7538,494.30612,0.027346294,162.45067,507.43073,0.16091141
1251,320.3914,546.99774,0.02155271,35.037685,582.73975,0.027073415,290.6768,513.9664,0.08036446,291.69888,531.94476,0.03851204,113.372025,373.145,0.029490301,301.94,502.39456,0.05054195,310.89966,533.57776,0.12896472,352.3193,598.3361,0.058233455,308.23087,504.6745,0.09131788,225.89313,494.43616,0.06332954,223.64291,486.9304,0.23566501
1252,274.2112,597.2558,0.016419796,319.14005,534.75574,0.032309163,209.78708,497.31815,0.07461851,195.34738,499.43527,0.037749823,294.16354,490.2582,0.036517784,301.57928,497.2604,0.05784374,310.2775,519.11536,0.13199446,352.00006,598.803,0.060863424,309.75165,519.625,0.11029799,306.37775,510.70212,0.041321784,158.28049,102.9817,0.18901521
1253,257.79816,596.855,0.02759021,49.589474,583.516,0.028413508,301.98984,533.8092,0.10694206,276.3056,531.9001,0.03144467,304.38922,522.2605,0.039052725,314.61246,514.5369,0.058465872,312.2731,529.0847,0.19662558,351.8924,598.89966,0.058800206,5.749393,586.4582,0.093408994,306.5705,510.77042,0.048333608,316.66925,518.53546,0.19243804
1254,289.94653,596.5761,0.03385558,49.87904,599.9975,0.03406044,307.04852,613.4967,0.04017004,115.34427,370.97958,0.033461403,464.5098,467.9395,0.036793996,299.3866,496.3041,0.036076654,123.52342,352.09662,0.058710493,464.38663,467.60236,0.04525243,6.193668,586.8111,0.09017417,177.91408,514.0544,0.030721433,174.2001,111.28769,0.23765384
1255,290.40546,596.42633,0.030138033,35.18921,582.80475,0.028588988,241.96297,496.50607,0.069792576,508.0157,485.3748,0.031500023,291.3143,594.6217,0.038627077,238.3633,488.31912,0.06735317,155.2964,503.44678,0.069600254,465.42877,276.82886,0.056487918,148.13905,505.9739,0.06583381,471.49033,276.9889,0.034916338,509.21143,470.18716,0.31255066
1256,194.06958,597.1622,0.022961158,240.14737,483.95288,0.033297032,242.12126,495.95807,0.0672762,291.96817,531.7191,0.03188894,303.92896,538.24854,0.031035459,251.60835,488.18216,0.03959972,311.1938,533.6403,0.07427375,497.67923,484.9421,0.039033715,257.46893,490.0154,0.07140109,296.31345,316.7248,0.034521565,173.98528,110.30206,0.28430262
1257,36.12175,598.2877,0.020849075,49.683132,583.45404,0.03099087,288.26935,328.07028,0.048370168,291.42358,532.03064,0.031465657,280.2659,316.7757,0.03012715,371.37634,368.959,0.049204193,178.18054,105.70846,0.10595859,176.48587,116.575615,0.061642557,5.8154445,586.6479,0.072299615,362.5648,364.44598,0.039245907,304.9489,311.37717,0.19144885
1258,257.63074,596.90125,0.03547483,49.53093,583.68787,0.02868461,210.96571,527.9303,0.04445492,147.10844,579.74786,0.029513592,207.41171,283.3764,0.03515695,315.7397,527.87225,0.03795006,311.4791,533.7936,0.05829119,352.09637,598.7048,0.046714,5.5300617,586.66064,0.1188834,20.92207,606.52155,0.04334223,495.4086,440.3852,0.16595279
1259,177.58467,597.3901,0.04593094,178.1945,484.6959,0.03384343,161.52219,513.2469,0.0493938,35.62735,581.98254,0.033613212,83.25715,614.33966,0.034134317,188.04239,496.34372,0.03224334,170.81018,488.4994,0.06588078,338.4041,438.6459,0.0647692,6.09033,586.7449,0.12031135,20.051945,605.48444,0.055053152,350.5427,423.1319,0.32553688
1260,36.42634,597.94916,0.025519108,273.39032,499.09518,0.03342842,161.66138,528.3227,0.058733523,35.171913,581.7564,0.028093478,160.89307,363.68808,0.030420307,251.71674,543.0861,0.03647942,170.87764,519.82776,0.057826314,336.7133,598.2972,0.045394592,5.814377,586.59406,0.12212593,20.94089,606.67285,0.037626196,270.14594,409.12488,0.14604065
1261,35.787125,598.2969,0.021895166,49.917755,600.05914,0.043864094,161.72334,529.01263,0.045511585,226.63318,483.68347,0.027568499,115.32411,595.75995,0.032158636,156.25668,503.81757,0.03099627,156.4176,504.5885,0.041811917,352.0124,598.7502,0.071284376,5.802595,586.51166,0.07037452,289.15808,498.13223,0.03143453,162.17203,524.4575,0.10561107
1262,35.953598,598.45496,0.019852318,49.891785,600.21313,0.04269935,224.94295,481.5765,0.045944266,147.63943,585.94165,0.02978659,147.36885,594.1178,0.036289074,235.4537,456.45422,0.03754358,231.11664,471.90622,0.07052844,351.90704,598.65784,0.08075899,228.89804,472.46933,0.09487771,360.41705,379.95746,0.037500102,243.11038,474.29492,0.14258859
1263,36.066544,598.41766,0.02215681,49.07827,590.8783,0.041598707,214.93831,481.3509,0.08282371,274.92645,325.45114,0.03129491,147.4126,594.19135,0.036889654,221.0196,456.84778,0.05579667,220.47256,475.09958,0.095647156,351.6033,598.74493,0.059866056,228.25003,459.38196,0.07269807,250.56705,294.69455,0.0465215,238.01073,287.08575,0.34163493
1264,161.27554,597.05444,0.031022089,50.08227,599.9834,0.0421811,273.917,513.52606,0.07913558,148.28755,585.73584,0.03192228,148.14772,594.0813,0.04460944,100.38672,612.9396,0.032744303,278.8641,512.2962,0.09837828,351.25232,598.8703,0.050453704,5.880477,586.60547,0.0694893,290.4674,527.1992,0.045380674,287.81604,519.9023,0.2180636
1265,225.71219,597.5926,0.029239042,49.95165,600.03156,0.04307906,319.21814,488.29932,0.06999179,163.25992,579.7596,0.030204887,311.1744,457.41882,0.046491597,318.86102,468.97568,0.09033583,316.73328,475.25232,0.19125248,313.8447,475.72968,0.0483263,334.5753,471.80496,0.07521467,200.56422,268.19098,0.044780858,191.71564,343.71655,0.23445405
1266,35.88171,598.6163,0.022920508,50.015488,600.2037,0.045451734,225.67363,480.45566,0.05405357,162.23582,516.36835,0.026238618,83.39828,614.1789,0.02626795,235.57304,470.49298,0.03482244,234.81734,472.36707,0.059180602,161.83736,357.65796,0.035511456,5.686137,586.62994,0.0904414,167.71863,349.46198,0.03414643,252.90637,79.45347,0.15150222
1267,306.33517,597.1623,0.01798142,303.73962,507.82025,0.03164711,258.1235,544.5156,0.05816395,243.7382,547.78143,0.031640254,279.0969,490.01517,0.03704056,292.84695,485.8477,0.054309484,293.33087,496.169,0.112212196,400.8106,598.1478,0.045036353,344.1159,514.0943,0.08338275,329.50073,348.41998,0.04334528,402.11496,411.01166,0.18246421
1268,241.70547,597.62415,0.023396255,338.31665,598.8183,0.024797268,289.35645,496.63306,0.057516526,147.01236,579.7666,0.032868538,415.59305,491.09012,0.030288776,299.53348,487.44583,0.04218577,299.1187,488.62387,0.040842086,448.06146,452.58847,0.046034705,5.743699,586.48114,0.06761639,345.0176,356.3507,0.03327103,417.6089,473.3598,0.11952285
1269,36.0096,598.4367,0.023217551,49.88413,600.124,0.031070398,258.78854,512.013,0.05077295,146.05602,579.6581,0.044095084,83.52957,614.28796,0.030507468,140.48392,578.82587,0.029864183,268.79266,504.93967,0.053203348,352.24948,598.2322,0.047119934,5.7448106,586.6261,0.073843986,289.94943,530.1922,0.033848293,334.21875,106.839836,0.0810339
1270,290.1756,597.3492,0.024071127,161.64293,484.54565,0.02958919,274.65753,512.56946,0.053167116,131.14157,579.53815,0.033252466,81.53997,596.25433,0.027498022,100.0965,612.8768,0.03182823,269.87527,504.3908,0.05054164,336.45776,597.8578,0.048152953,5.841727,586.7745,0.0908908,393.94104,445.1772,0.04469387,416.50797,481.10217,0.2515401
1271,161.24472,597.26355,0.034832317,161.45158,605.4496,0.040860396,193.3865,495.5623,0.078929804,179.28078,499.91327,0.031359516,99.027054,596.0634,0.028980713,251.68942,469.45996,0.04228295,202.7773,488.83688,0.07706034,431.95544,599.2779,0.06602748,323.89078,505.13312,0.08978373,392.84393,444.56458,0.03415865,209.70012,486.59473,0.16786937
1272,130.48419,597.3177,0.017014658,49.549507,600.3849,0.0449904,209.44685,496.52213,0.06686135,210.15094,499.34232,0.044243217,342.59454,269.06354,0.039408844,219.88254,464.38058,0.046839014,219.14507,487.62607,0.0955874,417.3438,435.7226,0.04810499,5.966511,586.68134,0.08292761,432.48,436.8951,0.040894233,365.15884,273.80994,0.35904592
1273,36.1135,597.7888,0.019081436,465.2138,212.12135,0.04276693,272.0707,488.39505,0.08291195,147.00139,579.7485,0.03662929,382.9031,411.48642,0.03264333,272.00983,470.774,0.06323416,279.05438,472.9642,0.0991667,466.41266,230.7351,0.038502183,5.9887757,586.50714,0.07317689,424.98145,492.1323,0.037632376,459.4639,198.62808,0.33958453
1274,36.162926,597.94324,0.018530114,318.83716,532.26483,0.04244429,274.89804,496.084,0.08209318,195.32292,483.57935,0.030210825,272.4575,473.78897,0.037738334,316.54688,495.81223,0.12969635,316.38168,512.59076,0.19578844,368.4102,598.66656,0.041464828,317.18338,520.15924,0.088240504,296.39532,316.64243,0.041943543,287.66028,472.0971,0.18421097
1275,225.70164,596.6002,0.027495531,34.85549,582.9456,0.026212797,210.4559,496.0635,0.053733468,211.30504,482.7273,0.039291266,97.685905,197.28992,0.05537891,227.51149,470.06238,0.038269006,220.04822,473.3957,0.06795828,384.65558,598.1043,0.03927966,136.58339,483.15497,0.065541945,408.2136,476.06955,0.036692802,94.11651,186.08952,0.17586814
1276,290.18427,596.83636,0.016971465,159.91649,532.64,0.043296278,144.92404,529.0111,0.07155012,132.01297,532.1493,0.04761316,416.10684,491.2075,0.028899822,156.33597,518.2076,0.04683876,151.76067,525.90314,0.097545534,352.04224,598.6913,0.04804887,312.7107,496.44177,0.08747831,273.60483,529.87036,0.033377826,162.26797,530.95984,0.17301896
1277,36.095036,598.15216,0.021825865,160.22525,531.6748,0.029504057,161.22478,513.5866,0.0562235,243.38876,531.8821,0.04063446,153.03325,491.494,0.027055077,157.32962,496.52905,0.047831815,155.70428,519.2197,0.08204321,368.0126,598.5486,0.04927637,5.7240005,586.51117,0.09093656,264.0926,301.55423,0.03640528,162.53056,522.7571,0.14610903
1278,36.08142,598.18243,0.018303026,224.78946,485.44586,0.03754773,210.03624,480.88388,0.06582742,307.41577,578.84064,0.038229376,225.1575,85.208305,0.044238098,220.86784,469.9571,0.059006043,218.60175,487.6668,0.15055007,226.43332,103.032,0.04909819,5.8113995,586.4941,0.08706872,321.9457,560.0823,0.03841655,335.48184,401.57336,0.37722665
1279,36.25952,598.2221,0.01800527,49.79813,599.9797,0.03982745,209.64153,528.6882,0.06572959,322.50613,418.7413,0.03626772,369.3177,148.64537,0.03264807,155.27008,518.47626,0.048888776,311.36795,548.0718,0.07247797,370.46045,454.0005,0.04570785,5.994747,586.5964,0.07169055,376.86984,450.3055,0.04019446,334.73578,401.69003,0.40723175
1280,36.09134,598.222,0.018110894,49.865143,600.09375,0.042763915,224.169,488.2299,0.07374757,227.182,516.042,0.02880609,83.32449,614.22437,0.028482353,236.89902,455.5149,0.053126786,233.82133,473.45612,0.12621295,352.15433,599.1522,0.055705503,242.20576,472.66364,0.09276978,392.23135,451.89084,0.04378272,382.41544,439.0755,0.33803764
1281,130.31181,597.0757,0.015262316,367.3868,423.49512,0.041670363,350.36563,408.20807,0.06471071,347.1796,414.3555,0.033502355,224.39488,473.95468,0.036025282,368.43393,418.38214,0.082253054,234.01434,473.3675,0.12876694,367.31473,599.1545,0.058959384,358.0619,416.08978,0.07173262,377.07693,436.6792,0.055001542,365.8138,422.04474,0.41572255
1282,129.67702,596.8812,0.017869728,145.78224,613.4951,0.029417021,225.71768,480.4494,0.07150987,211.87215,499.4976,0.027910179,138.07933,588.1825,0.03039216,223.43095,470.96512,0.04976499,230.49826,472.42554,0.09278436,352.05997,599.40985,0.04997814,5.692932,586.57684,0.072208464,194.01917,530.33386,0.03075096,241.46118,473.20145,0.116499476
1283,36.350086,598.28674,0.021553228,50.23435,599.96124,0.036258984,145.3164,529.2693,0.05605682,210.138,483.59705,0.026201421,546.6144,84.11261,0.029765077,140.58757,497.48734,0.03301334,137.02094,519.59094,0.06467429,250.4573,605.2629,0.045693044,5.588851,586.52026,0.075266555,21.229425,606.60187,0.03217166,146.11644,518.36365,0.13861795
1284,36.274666,598.117,0.021823494,51.346275,599.40814,0.053130858,146.49525,527.73615,0.049281724,161.92253,516.09045,0.040523194,98.82811,595.6096,0.043261196,300.0007,481.14975,0.032439798,156.99503,519.85376,0.062209364,219.05034,605.372,0.04024041,5.966212,586.4811,0.09950624,21.613508,607.02606,0.03413346,207.28291,152.84462,0.11926995
1285,35.947273,598.27057,0.016643729,159.90775,500.94003,0.039687082,160.06612,498.03494,0.046325203,146.63304,579.64404,0.03761128,152.15685,474.9426,0.028890017,419.2057,482.88254,0.040183313,155.54442,487.9725,0.06903494,368.09537,599.1804,0.07167659,5.934793,586.58606,0.07327948,273.06064,498.17606,0.030277882,414.97073,471.08054,0.35020742
1286,36.147175,598.48004,0.020193774,48.963573,591.1441,0.04908936,239.30667,504.79395,0.06997118,228.22986,499.87537,0.038934015,152.93163,475.32086,0.0287953,171.28262,486.2008,0.044196818,238.97876,504.87183,0.1301644,352.27945,599.0632,0.0634403,165.49365,488.8779,0.08328556,21.263836,606.7292,0.033493403,416.7684,471.0306,0.33729437
1287,35.900246,598.35675,0.01705512,49.552197,600.1327,0.0466421,242.01193,512.78296,0.06541832,228.38937,499.81818,0.03783352,165.47556,473.69025,0.03640454,171.84955,470.4449,0.05155606,167.4686,479.46036,0.12840794,352.1466,598.9858,0.05703024,178.88179,473.52475,0.07625167,249.11652,300.22482,0.03957927,415.92953,471.2849,0.38578004
1288,257.48633,495.6259,0.020844659,176.26085,500.4706,0.04140889,237.61581,503.3736,0.058562938,228.90714,515.5332,0.034725208,240.09258,488.67435,0.045101646,247.25624,479.34915,0.07928653,249.26154,493.9706,0.31051487,167.75769,476.98114,0.039976403,251.38126,491.81393,0.09358102,259.60257,510.59888,0.046384253,416.6234,472.83224,0.2590782
1289,320.60922,546.7946,0.030956754,176.59464,484.27032,0.02129138,302.6293,536.0467,0.068428375,292.69443,531.71045,0.030711522,81.45554,596.21826,0.027523026,315.28046,512.87836,0.086369455,313.22415,526.99414,0.21118885,310.57693,524.38165,0.05123903,322.6278,521.1621,0.106558695,257.99774,498.09097,0.0360516,195.08748,476.10068,0.10991035
1290,321.83292,597.92773,0.015667439,130.77405,612.98645,0.023692662,242.53548,512.14105,0.048772655,147.72173,499.51373,0.030690894,166.0067,473.87872,0.029895384,172.29308,471.18213,0.06296987,171.69057,480.6584,0.09619904,351.84326,599.362,0.061011158,170.74535,490.29565,0.07254776,21.435577,606.99243,0.03053705,178.74039,483.06537,0.09311832
1291,35.82642,598.208,0.015059867,50.05337,599.7672,0.02794829,210.75232,528.275,0.048816763,179.22263,500.02658,0.025790738,81.505264,596.182,0.030863672,83.419655,613.28687,0.028011907,206.25455,520.9601,0.040259384,351.47205,598.626,0.04420352,5.5651016,586.57025,0.07576006,263.62317,333.41864,0.030080559,320.55536,314.94055,0.11092556
1292,35.966736,598.28827,0.020559974,303.84726,485.24234,0.046202146,161.75716,496.7766,0.044144772,178.20206,483.43475,0.032120492,146.93895,594.85443,0.027245456,299.90005,495.93372,0.034995742,197.20937,270.83676,0.052186087,352.2379,598.40326,0.042369105,199.22609,271.96722,0.0744861,119.07462,316.86218,0.03648284,305.2367,473.45642,0.22180872
1293,176.985,597.3287,0.03464751,177.31825,605.1405,0.036275126,195.24171,613.53613,0.055288866,245.57625,388.57562,0.050913524,242.11223,380.67303,0.0436438,257.73816,387.47845,0.05368745,248.69511,395.17188,0.07953672,335.94925,598.9835,0.045677993,5.876797,586.57935,0.06831168,265.33676,404.10684,0.039666142,254.31879,385.69855,0.43018577
1294,36.066364,598.1158,0.018299928,50.174316,599.89124,0.037014518,177.81534,496.84747,0.06257623,337.6864,373.1957,0.034109272,147.04613,593.4169,0.04462159,252.73318,455.27075,0.04705822,251.98436,464.92255,0.08183696,178.02818,606.10736,0.05340435,6.0389175,586.59125,0.06736079,21.291845,606.894,0.033595886,125.598816,102.92499,0.19891296
1295,146.05548,597.07385,0.024408378,50.161484,599.5192,0.026996173,225.82475,544.4486,0.06078272,163.57204,579.257,0.030580709,99.08486,595.72864,0.033137817,100.14588,612.9618,0.03468194,136.6272,526.09357,0.06983747,194.49937,605.73785,0.050900105,136.3354,529.19763,0.08176358,329.1053,362.20062,0.030581262,336.29044,353.95615,0.28724423
1296,161.58597,597.2019,0.048517216,208.83151,516.5714,0.047865953,192.88634,528.1885,0.064802915,164.05528,548.6737,0.039989933,257.7376,594.48395,0.03511519,182.59958,533.412,0.039205052,199.30768,517.9132,0.12221398,79.27016,600.023,0.04390532,6.032379,586.62823,0.084385976,391.41846,493.99033,0.03882153,192.28033,328.29694,0.20777832
1297,130.06717,597.2182,0.021555563,161.89711,614.00665,0.02977944,209.85143,481.19333,0.063902594,195.89331,499.8938,0.034628328,147.57423,594.9632,0.031518195,220.58179,470.37476,0.051579025,218.62628,487.89252,0.13202228,352.02866,598.7033,0.044199124,5.6236186,586.70166,0.084137365,232.12128,299.95334,0.041135553,417.71915,457.37814,0.23480126
1298,193.80429,597.3891,0.021891996,50.2092,599.938,0.034611396,210.36455,496.37787,0.064657256,195.3587,483.95325,0.03039504,147.08372,594.71747,0.03634591,236.74069,456.57358,0.028442213,221.4943,472.98892,0.043499663,351.43823,598.52484,0.041700378,5.8811255,586.65344,0.06908415,21.317259,606.8251,0.03459715,79.469406,344.84216,0.1643309
1299,193.63823,597.32666,0.026463965,50.001247,599.7686,0.03312944,318.51773,536.5369,0.09098027,147.15718,580.0701,0.030302856,310.19855,332.0076,0.039902493,325.99557,510.72534,0.066996425,329.403,533.8487,0.15391372,351.44998,598.7652,0.055341475,184.7548,435.07608,0.08108793,323.30222,510.2447,0.048059907,335.84433,536.4693,0.26276535
1300,36.0694,598.7065,0.021820908,208.93066,516.8712,0.03081766,303.27072,504.7947,0.08310632,180.18626,516.31635,0.029311476,192.86575,507.0771,0.03111821,305.9069,487.13547,0.10770348,329.64355,528.8737,0.13771312,301.1674,493.1548,0.047162205,314.27234,483.96048,0.09273435,322.90875,511.697,0.039604463,318.7919,487.40024,0.2176529
1301,145.66005,597.07056,0.026458098,49.892902,600.27,0.041552167,192.65944,512.988,0.07848195,180.47382,516.2853,0.039629996,83.50008,614.1265,0.028472684,202.99518,502.56805,0.03788962,199.27238,511.4575,0.13711695,351.9535,598.8036,0.052515768,5.9421473,586.69617,0.07246389,200.09076,270.12192,0.046314117,351.86563,375.86603,0.22380239
1302,177.82198,597.4867,0.026471158,160.28632,501.03027,0.046815526,157.7987,488.9302,0.061504826,147.79022,499.47235,0.043809406,160.33128,473.9525,0.027768277,158.02112,486.958,0.06474415,153.66173,496.66434,0.119161606,193.97737,276.79465,0.06422216,165.18086,489.38184,0.08764279,185.31068,386.62054,0.039630074,190.51355,374.7502,0.3536394
1303,290.33597,596.9175,0.02251796,160.0148,516.2834,0.043481577,143.3543,520.818,0.06468088,148.06061,499.29132,0.041015487,152.50554,489.58618,0.031791747,158.62155,487.74667,0.079037055,156.6181,498.61005,0.1201026,351.33978,598.86584,0.05941497,165.92049,489.9281,0.09651272,487.18597,430.2061,0.031261723,160.84297,501.8227,0.16292359
1304,290.1491,596.63245,0.030512443,49.986355,599.6187,0.03309224,318.78067,534.35785,0.08695605,307.67224,579.34814,0.0362787,324.96506,522.29083,0.05076103,330.942,519.68823,0.11078028,329.52704,527.61053,0.22524469,351.18445,599.2862,0.073308155,340.9157,526.6593,0.08366664,258.05783,498.02335,0.036444582,207.79681,264.94946,0.1451867
1305,36.018875,598.48444,0.02363612,337.32254,600.04315,0.033807203,128.3857,512.5162,0.05707483,147.61859,579.73645,0.033859044,147.25624,594.31226,0.041886713,372.51932,416.55637,0.04878176,364.0342,409.39038,0.06864664,350.2821,599.1641,0.046826597,5.690735,586.5187,0.0823738,393.35547,415.23914,0.037987374,386.35226,409.35703,0.23458445
1306,161.42416,597.608,0.020276243,35.36703,590.1505,0.026487388,128.83353,512.6385,0.06761402,147.6543,579.58795,0.03018307,162.84267,593.7565,0.038675893,139.17378,512.10443,0.034920633,134.17792,510.93362,0.07030474,72.62044,605.9634,0.054201983,6.2200017,586.6568,0.07063732,21.034079,606.4919,0.03224326,142.05324,115.84192,0.22700727
1307,483.42557,36.821503,0.023228083,337.70563,599.39685,0.04476092,128.60248,528.5971,0.053372808,162.81131,579.08484,0.043770526,498.01044,36.640312,0.030834286,139.7108,496.11322,0.043013345,135.56192,509.52057,0.1143722,206.79335,325.61792,0.053470157,134.42474,505.986,0.07334756,100.80477,605.36847,0.027762309,222.56291,313.6349,0.28448066
1308,225.96925,597.80804,0.027648335,49.96529,600.1903,0.033627376,193.12839,545.4421,0.053021614,178.97258,532.34625,0.035803523,194.04662,594.13574,0.04300389,188.56761,512.5493,0.03314702,188.39258,534.62573,0.07588064,218.62009,605.64594,0.040454295,5.99367,586.72485,0.12122408,20.897356,606.53674,0.041712083,337.08527,537.72076,0.1496322
1309,274.23676,597.21356,0.02357154,144.61586,533.0098,0.04291322,225.77066,496.31573,0.058483075,131.59554,546.8484,0.04628527,369.52704,595.65045,0.027570307,154.80733,512.2201,0.052243516,138.47298,527.8732,0.10996112,351.36673,599.4616,0.0542881,5.65922,586.46924,0.07661637,241.97798,497.2878,0.040396474,145.33829,532.92737,0.18244675
1310,178.11386,598.1508,0.03913291,177.48145,85.13945,0.036583032,226.56902,512.13434,0.053854574,147.34286,579.57587,0.04363394,576.8506,452.96576,0.031144682,171.073,577.8849,0.037858024,236.8445,505.63562,0.051734295,351.52692,598.97363,0.061008774,6.0043974,586.5259,0.07038764,241.94879,513.3163,0.03309932,171.39577,79.80896,0.32124844
1311,274.1476,597.2617,0.02482506,131.07938,598.0662,0.029080588,352.44528,600.94116,0.043381456,163.57791,579.4457,0.036699586,224.29607,268.13956,0.037959293,331.2989,511.12204,0.03137032,237.11874,504.8512,0.039062936,351.6133,599.07196,0.055231676,6.0516205,586.67566,0.06152821,296.81873,317.54553,0.04232468,171.61372,327.24957,0.24301523
