scorer,DLC_Resnet50_cam-topright2026-01-01shuffle1_snapshot_best-10,DLC_Resnet50_cam-topright2026-01-01shuffle1_snapshot_best-10,DLC_Resnet50_cam-topright2026-01-01shuffle1_snapshot_best-10,DLC_Resnet50_cam-topright2026-01-01shuffle1_snapshot_best-10,DLC_Resnet50_cam-topright2026-01-01shuffle1_snapshot_best-10,DLC_Resnet50_cam-topright2026-01-01shuffle1_snapshot_best-10,DLC_Resnet50_cam-topright2026-01-01shuffle1_snapshot_best-10,DLC_Resnet50_cam-topright2026-01-01shuffle1_snapshot_best-10,DLC_Resnet50_cam-topright2026-01-01shuffle1_snapshot_best-10,DLC_Resnet50_cam-topright2026-01-01shuffle1_snapshot_best-10,DLC_Resnet50_cam-topright2026-01-01shuffle1_snapshot_best-10,DLC_Resnet50_cam-topright2026-01-01shuffle1_snapshot_best-10,DLC_Resnet50_cam-topright2026-01-01shuffle1_snapshot_best-10,DLC_Resnet50_cam-topright2026-01-01shuffle1_snapshot_best-10,DLC_Resnet50_cam-topright2026-01-01shuffle1_snapshot_best-10,DLC_Resnet50_cam-topright2026-01-01shuffle1_snapshot_best-10,DLC_Resnet50_cam-topright2026-01-01shuffle1_snapshot_best-10,DLC_Resnet50_cam-topright2026-01-01shuffle1_snapshot_best-10,DLC_Resnet50_cam-topright2026-01-01shuffle1_snapshot_best-10,DLC_Resnet50_cam-topright2026-01-01shuffle1_snapshot_best-10,DLC_Resnet50_cam-topright2026-01-01shuffle1_snapshot_best-10,DLC_Resnet50_cam-topright2026-01-01shuffle1_snapshot_best-10,DLC_Resnet50_cam-topright2026-01-01shuffle1_snapshot_best-10,DLC_Resnet50_cam-topright2026-01-01shuffle1_snapshot_best-10,DLC_Resnet50_cam-topright2026-01-01shuffle1_snapshot_best-10,DLC_Resnet50_cam-topright2026-01-01shuffle1_snapshot_best-10,DLC_Resnet50_cam-topright2026-01-01shuffle1_snapshot_best-10,DLC_Resnet50_cam-topright2026-01-01shuffle1_snapshot_best-10,DLC_Resnet50_cam-topright2026-01-01shuffle1_snapshot_best-10,DLC_Resnet50_cam-topright2026-01-01shuffle1_snapshot_best-10,DLC_Resnet50_cam-topright2026-01-01shuffle1_snapshot_best-10,DLC_Resnet50_cam-topright2026-01-01shuffle1_snapshot_best-10,DLC_Resnet50_cam-topright2026-01-01shuffle1_snapshot_best-10
bodyparts,1,1,1,2,2,2,3,3,3,4,4,4,5,5,5,6,6,6,7,7,7,8,8,8,9,9,9,10,10,10,11,11,11
coords,x,y,likelihood,x,y,likelihood,x,y,likelihood,x,y,likelihood,x,y,likelihood,x,y,likelihood,x,y,likelihood,x,y,likelihood,x,y,likelihood,x,y,likelihood,x,y,likelihood
0,19.92756,598.7085,0.03817482,515.4217,603.8265,0.022810977,16.623644,39.057262,0.04235624,17.757996,581.6993,0.03997807,585.7466,585.274,0.05472145,9.536476,594.82904,0.061493374,8.762609,592.8634,0.04688021,584.77386,593.11633,0.13649878,584.52734,592.50555,0.07786372,14.782658,108.15792,0.025263526,598.10455,579.0948,0.040813312
1,19.919542,597.97345,0.04025478,547.3676,596.03296,0.029123655,17.69204,38.62152,0.03851454,33.958553,21.348555,0.042670965,585.83374,585.2441,0.05193185,584.9648,595.23224,0.056642544,9.938448,593.5143,0.04673998,584.91675,593.3339,0.11870004,584.7187,592.449,0.07647699,12.752122,19.930254,0.029274866,598.1979,579.0839,0.03606737
2,578.5705,597.0855,0.039266355,467.39044,596.49445,0.030125733,18.609446,21.658937,0.038521346,33.925846,21.475494,0.041407462,585.7909,585.254,0.052358657,584.94257,595.15765,0.056356363,10.001942,593.5548,0.04723998,584.3603,585.46313,0.12032293,584.6189,592.455,0.07558022,12.677549,19.887516,0.030146398,598.1135,579.2253,0.036119554
3,19.997723,597.855,0.043164827,204.08885,539.20795,0.03614067,18.15242,38.301685,0.03059704,34.056244,21.406235,0.038392402,585.998,585.31775,0.04937545,585.0814,594.9717,0.05207869,10.147037,593.4574,0.042870604,584.96234,593.2761,0.11729277,584.62067,592.4472,0.071296036,12.599367,19.85409,0.024978597,598.3174,579.13605,0.040047336
4,19.989874,597.801,0.0404414,379.7916,59.613243,0.027406605,18.72221,21.469986,0.03585306,34.1151,21.42289,0.04351236,585.86035,585.1919,0.048289884,585.05945,594.8564,0.05490967,10.180355,593.6067,0.041819498,584.91675,593.26324,0.11633289,584.5523,592.4268,0.066368885,12.629125,19.877684,0.02817227,598.2619,579.09045,0.037426755
5,20.053677,597.9894,0.038576484,419.19052,603.64825,0.025974737,18.70726,21.497387,0.034720987,34.106133,21.44086,0.037484135,585.8325,584.98303,0.051634505,584.9198,594.9861,0.05370222,10.064554,593.40686,0.044530675,584.503,585.1741,0.11826656,584.54565,592.2956,0.07117057,12.719264,19.91152,0.026451234,597.99335,579.174,0.036253653
6,20.081743,597.8923,0.038862243,411.87015,331.28857,0.04566267,18.704754,21.554798,0.039090745,33.988796,21.49072,0.03826341,586.03986,585.2322,0.04820929,585.1216,595.1585,0.049710754,10.174474,593.51886,0.043628298,584.8914,585.4762,0.11032327,584.9754,592.50134,0.06939144,12.620741,19.857353,0.030139979,597.9803,578.99493,0.037575338
7,20.153475,597.9025,0.033183236,299.8275,459.15097,0.04194277,298.39047,452.51114,0.036556423,34.207024,21.4327,0.036105324,585.7566,594.87823,0.042178992,585.4383,595.11053,0.044271566,10.271854,593.4031,0.040392645,585.3552,593.72186,0.09514514,585.0012,592.90344,0.06287872,12.5569105,19.885054,0.024729848,598.4899,579.0369,0.032542672
8,20.13805,597.8614,0.03153086,451.4531,596.3674,0.028129656,18.307884,38.043747,0.028534321,34.25843,21.380089,0.03784303,585.9935,585.5268,0.047536094,585.2871,595.06195,0.0516544,10.358423,593.31885,0.03707737,585.03,593.41595,0.11695713,584.65314,592.7566,0.06777289,13.982416,43.602543,0.02111563,598.53253,579.2412,0.036217965
9,578.6495,596.98553,0.033649415,123.94345,491.25507,0.033217713,18.855371,21.282093,0.028408349,34.26805,21.262112,0.04094957,585.4568,594.8177,0.045860942,585.1379,595.10345,0.052723933,10.145692,593.5102,0.042868666,585.0466,593.42566,0.11199668,584.6894,592.60284,0.06856382,12.529599,19.900364,0.022071894,598.432,579.11237,0.033438265
10,20.112926,597.8287,0.033321816,547.3735,595.9676,0.027331024,18.76598,21.515574,0.034558382,34.176968,21.317308,0.035257,585.9595,585.3078,0.050039206,585.12823,594.94006,0.053574856,10.120282,593.543,0.04114214,584.9785,593.3234,0.12121291,584.59906,592.4808,0.067939594,12.601001,19.808014,0.027122088,598.30725,579.2651,0.040804073
11,578.7418,596.87036,0.032492466,451.3636,596.3234,0.026899224,18.791187,21.443958,0.03174315,34.085148,21.392694,0.042802762,585.5226,594.8089,0.04659953,585.20404,595.23145,0.047110975,10.332625,593.62866,0.040893387,584.8821,585.8252,0.103403874,584.91034,592.6956,0.06874947,13.9958935,43.582294,0.023539152,158.50813,186.04153,0.0578682
12,20.058943,597.443,0.035581976,91.95044,123.76296,0.021846933,18.782087,605.2197,0.026179407,34.461754,21.229813,0.0362619,585.88,594.8642,0.040916014,585.5908,595.1449,0.04803944,10.551608,593.8446,0.03760111,585.4956,593.8624,0.09973449,585.0886,592.9926,0.06439477,29.940739,155.54657,0.021202475,55.35356,323.80548,0.027902698
13,20.056986,597.75757,0.040166967,220.0056,459.46237,0.03135591,18.648617,365.78403,0.035791967,34.245884,21.46585,0.040592197,585.4151,594.779,0.049723838,585.16943,595.0436,0.05636931,10.103557,593.7678,0.048779916,585.0248,593.43536,0.12278969,584.7002,592.52966,0.069784775,12.686245,19.86557,0.027013037,598.2801,579.1608,0.033897586
14,20.05324,597.9014,0.036722697,451.39212,596.37103,0.03035565,18.79413,365.57593,0.060085736,33.97287,21.559237,0.041114327,586.0461,585.39154,0.047518518,585.18365,595.1627,0.05412141,10.095711,593.68115,0.046998337,585.127,593.45703,0.11490891,584.8186,592.57495,0.07016221,12.640108,19.853745,0.02961075,598.2335,579.27344,0.030532803
15,578.5685,597.14844,0.03828687,27.981241,363.57504,0.034763824,19.016369,357.4151,0.0690867,34.05065,21.488455,0.03930218,585.77954,585.3332,0.05136276,585.00525,595.0468,0.056764584,10.183896,593.5992,0.04479135,584.87054,593.2797,0.121413186,584.60944,592.4651,0.07129268,12.739274,19.821016,0.03130251,598.22534,579.2724,0.03738513
16,20.042421,597.878,0.040514562,347.93317,267.1458,0.036734436,18.568321,21.717358,0.03333756,34.08489,21.591547,0.038098335,586.0009,585.42126,0.04911665,585.2138,595.0437,0.052999653,10.048462,593.4783,0.044503093,585.05756,593.47644,0.11659223,584.7381,592.59204,0.069102585,12.6469755,19.809242,0.027512789,598.4025,579.1538,0.032857902
17,19.989357,597.6539,0.034829196,252.29985,283.48685,0.028164657,18.656134,21.623856,0.032215945,34.019142,21.55232,0.041304324,586.1974,585.76245,0.04382132,585.46356,595.0164,0.049908288,10.215635,593.615,0.041051593,585.15424,593.68036,0.10957006,584.74396,592.92267,0.06775481,29.53608,59.213165,0.025501642,598.5516,579.2482,0.03310976
18,20.017313,597.6163,0.03222428,331.9073,475.22046,0.036243845,18.711983,21.508291,0.034181904,34.07669,21.52898,0.04431477,586.1297,585.51355,0.046880756,585.2946,595.0495,0.05221723,10.224353,593.82635,0.043475837,585.09485,593.5021,0.112713926,584.69257,592.6671,0.07137986,12.578779,19.861258,0.026974149,598.4162,579.2846,0.036924206
19,19.99347,597.7284,0.036431406,483.47488,596.4533,0.034086198,18.747108,21.453995,0.034138102,34.056248,21.505402,0.046018872,594.6495,585.24347,0.048389103,585.2872,594.9847,0.052146897,10.269131,593.7317,0.04324028,584.7419,585.5082,0.11537897,584.7181,592.62604,0.06835044,12.522517,19.89019,0.025740761,598.3136,579.2292,0.035919674
20,20.122177,597.8445,0.039376497,316.02872,315.04587,0.038323488,18.67524,604.9748,0.034496043,33.916584,21.556406,0.04208765,594.5824,585.12585,0.04988791,585.099,595.1712,0.05135873,10.234445,593.6019,0.046845265,584.7833,585.4793,0.11762942,584.8323,592.50696,0.06959801,12.529261,19.87773,0.026008677,598.02466,579.20984,0.036778603
21,19.99521,597.80005,0.037541334,316.1008,315.0271,0.04283611,18.694176,21.64909,0.03221579,33.959038,21.43386,0.041618545,585.9695,585.3304,0.051500466,585.0677,595.09406,0.05454887,10.236907,593.67834,0.04065953,585.0231,593.3535,0.114529714,584.7743,592.5585,0.06900224,12.581391,19.813549,0.025323499,598.30096,579.2777,0.036568522
22,19.981369,597.5231,0.03626252,475.77072,219.56464,0.03139356,18.109419,38.349884,0.03090757,34.042442,21.370266,0.04330027,585.8804,585.23676,0.054567486,585.0895,594.8467,0.055153504,10.345504,593.81036,0.039886378,584.93085,593.14935,0.12175951,584.5897,592.4583,0.06977841,12.601522,19.817282,0.026543044,598.1858,579.2911,0.041359764
23,578.63324,597.0462,0.03535986,411.96057,251.25412,0.033482093,18.656698,21.638096,0.033150986,33.925903,21.548515,0.040456694,585.99133,585.34607,0.05233464,585.1957,595.1201,0.055188745,10.213588,593.3957,0.040473066,585.08075,593.29944,0.11705844,584.9052,592.70636,0.068667665,12.571467,19.834167,0.026631854,598.1378,579.2327,0.039110728
24,20.02286,597.5202,0.040143233,363.77927,267.54358,0.024698095,18.78504,605.19904,0.032566912,34.387154,21.199501,0.037134167,586.1853,585.4986,0.04723978,585.4408,595.07074,0.050967757,10.416706,593.6717,0.039525226,585.2375,593.6144,0.10806642,584.9634,592.91327,0.06636212,12.6881275,19.79657,0.020855557,598.3069,579.1513,0.037274618
25,20.003145,597.9416,0.035075877,355.41617,596.45026,0.027353799,18.578121,21.665659,0.034455817,33.973503,21.487974,0.041453972,585.9815,585.33453,0.05106822,585.2048,594.9607,0.056464802,10.033458,593.5356,0.04847433,585.04315,593.43585,0.11446552,584.6658,592.6051,0.069536924,12.684261,19.85568,0.029626407,598.3444,579.26324,0.03675112
26,20.091776,598.0713,0.038304385,299.93274,91.592514,0.030600455,18.61152,21.72092,0.034320902,33.91861,21.593891,0.046918366,585.72797,585.3461,0.053350344,585.01514,594.9896,0.055560738,9.970264,593.3705,0.047387365,584.8342,593.1981,0.11941676,584.622,592.5604,0.06984821,12.690266,19.879337,0.030841019,598.26154,579.3325,0.0391467
27,578.6025,597.0492,0.03643683,363.9048,91.30275,0.038804114,18.63078,21.70955,0.0340894,33.979717,21.59344,0.043268356,585.8559,585.34296,0.049801033,585.0461,595.06885,0.054741897,10.1492815,593.536,0.046255175,584.9386,593.3548,0.11893311,584.6084,592.5157,0.071353786,12.6727085,19.885653,0.029259063,598.35095,579.2036,0.03476233
28,578.6766,597.057,0.038173337,547.3797,595.9404,0.027637137,18.6223,21.67882,0.03410475,34.003616,21.494059,0.04126569,585.89667,585.27765,0.049666565,585.0297,595.1276,0.05416901,10.106853,593.49475,0.0467177,584.93896,593.3783,0.1178016,584.6519,592.5073,0.07360043,12.68763,19.869986,0.029531978,598.26764,579.15656,0.034616753
29,578.68274,597.05316,0.035700466,395.77713,203.23845,0.038389463,18.673122,21.710281,0.033919815,33.983215,21.470268,0.03746222,586.0301,585.34906,0.04893314,585.1615,595.12286,0.053861566,10.245831,593.4522,0.043566793,584.656,585.6359,0.11329024,584.79675,592.66516,0.07153756,12.698225,19.788033,0.030073162,598.3245,579.1375,0.036100533
30,20.01549,597.63477,0.033484768,467.46436,596.46576,0.0292265,18.71553,350.02872,0.03769366,34.04434,21.396393,0.041931752,585.9041,585.4975,0.048552044,585.18115,594.96796,0.052543882,10.304527,593.5484,0.041288104,584.94354,593.3133,0.12031783,584.66003,592.66046,0.06943873,12.661802,19.83862,0.026849221,598.39435,579.1759,0.035976887
31,20.120907,597.81696,0.036492392,467.44858,596.40875,0.02906452,18.895052,341.80725,0.05716428,34.017498,21.421972,0.039878856,586.15967,585.5461,0.043661904,585.3614,595.2094,0.046570037,10.213586,593.57446,0.046181027,585.28357,593.5779,0.09925593,585.03687,592.8838,0.06425538,12.635368,19.853584,0.025065139,598.3027,579.10614,0.033781156
32,20.029795,597.8598,0.03588575,467.48654,596.32916,0.028400546,19.17636,341.59915,0.082012884,33.922928,21.490454,0.03949652,585.95483,585.52386,0.0474081,585.2644,595.06055,0.050371807,10.255123,593.67926,0.04473243,585.04,593.42926,0.114676826,584.7526,592.6941,0.06633262,12.627832,19.848078,0.02775029,598.297,579.2939,0.036432225
33,578.61096,597.2276,0.035868134,483.43158,596.3465,0.030670116,18.815887,341.81766,0.043870937,33.9825,21.438297,0.041007046,585.6943,585.30054,0.051810205,584.9491,594.94836,0.056035366,10.191911,593.6727,0.044315502,584.77264,593.25824,0.12149828,584.486,592.4448,0.070497416,12.628592,19.898245,0.02744621,598.2929,579.4218,0.03788678
34,578.6311,597.03156,0.039117634,562.90735,595.81616,0.029711626,19.404203,341.4202,0.07824814,33.90373,21.474352,0.042201582,585.76117,585.2085,0.052640334,584.913,595.10895,0.05415799,10.218445,593.66266,0.044319794,584.8467,593.26953,0.11991585,584.6228,592.41156,0.07259046,12.5892,19.860334,0.027472474,598.1431,579.22253,0.03860084
35,578.66394,596.96063,0.03705737,523.9029,443.4858,0.028524851,18.63372,21.599901,0.032789007,34.01737,21.444231,0.038734473,586.06165,585.31647,0.053750295,585.1971,595.2136,0.05969104,10.159296,593.49316,0.04727722,585.1545,593.3622,0.115820244,584.89655,592.7616,0.071503796,12.6261835,19.878178,0.026500054,598.1949,579.1994,0.037578363
36,20.0169,597.63965,0.04795716,475.8489,187.80717,0.019989735,18.623531,604.7263,0.032775667,34.301968,21.26134,0.041142788,9.913243,595.6884,0.045226406,585.79315,595.0038,0.041913506,10.338572,593.8238,0.049549676,25.965794,593.98975,0.096834086,585.0641,593.0493,0.059623584,12.550708,19.842398,0.023228914,598.61755,579.1063,0.028252391
37,578.6275,597.0198,0.034499586,412.04016,315.52515,0.032393135,18.771704,604.98016,0.033232633,33.98052,21.380688,0.037400283,585.9963,585.343,0.0533499,585.2162,595.15204,0.058198284,10.166616,593.73834,0.049391575,585.108,593.39166,0.11733434,584.93396,592.7359,0.071127206,12.62265,19.8446,0.0309669,598.1233,579.2264,0.03801305
38,20.046015,598.0279,0.040450264,395.86325,395.55484,0.033536077,18.577284,21.755566,0.03477499,33.886898,21.453007,0.03877238,586.0196,585.3647,0.04811158,585.2787,594.9337,0.05265546,9.976771,593.54913,0.045590073,585.0683,593.501,0.11854369,584.58813,592.5789,0.06902,12.653624,19.840113,0.029443607,598.3759,579.24207,0.033402115
39,19.946463,597.91174,0.041278075,443.89136,107.450836,0.033034895,18.623245,21.72937,0.03670605,33.806667,21.525839,0.03627056,585.9829,585.4546,0.0471647,585.17487,595.08057,0.052187286,10.012666,593.6642,0.04664132,585.04065,593.40576,0.11397313,584.7119,592.68604,0.06868245,12.628877,19.84009,0.02857615,598.40076,579.22327,0.036681555
40,20.089354,598.0141,0.03766794,547.3832,596.2008,0.03165615,17.863823,38.49399,0.034748096,18.526285,581.23584,0.036253925,585.3424,594.8278,0.045756757,585.01306,594.9371,0.051401496,10.050923,593.39655,0.0448196,584.83923,593.3284,0.113354824,584.4151,592.4992,0.06848195,12.645706,19.807959,0.0291496,598.54205,579.2212,0.037869085
41,20.003868,597.92816,0.035856526,547.3661,596.1467,0.030426916,17.856674,38.492958,0.03728964,18.520958,581.22546,0.03623784,586.0383,585.5026,0.048478726,585.2323,595.0364,0.054996315,10.017671,593.63275,0.04812142,585.02136,593.41315,0.118422605,584.67206,592.76227,0.070083335,12.604574,19.846794,0.030044973,598.5341,579.19434,0.039211653
42,578.60254,597.0479,0.03553278,562.8522,595.7928,0.028940087,18.199581,38.243702,0.03259065,33.989174,21.473486,0.03554364,585.9168,585.24805,0.050234094,585.01636,595.0648,0.055039104,10.178623,593.716,0.04410789,584.5537,585.44574,0.11376342,584.6023,592.4417,0.07116139,12.520428,19.82511,0.025971524,598.269,579.2339,0.03520848
43,578.72363,596.9914,0.03486558,435.43985,596.34705,0.028310016,18.0095,38.3549,0.03389535,33.864418,21.56989,0.03235094,586.04803,585.26117,0.049292948,585.13965,594.9347,0.055255786,10.208905,593.60925,0.03898029,584.7212,585.48663,0.11197244,584.5676,592.4862,0.06872652,12.596072,19.821455,0.026298754,598.206,579.1491,0.032930285
44,20.048288,597.842,0.034466937,443.79083,427.569,0.03618138,17.934994,38.384815,0.038297623,33.720726,21.70649,0.03859343,586.19354,585.5611,0.04314275,585.3411,595.0881,0.04862775,10.0847025,593.5522,0.04340725,585.1947,593.5181,0.107095264,584.77673,592.758,0.06609805,12.588575,19.890886,0.027425256,598.39185,579.1134,0.032053888
45,20.0876,597.80664,0.035378262,419.38635,596.3942,0.030024396,18.070688,38.370667,0.031952444,33.939415,21.63916,0.04322248,586.0454,585.58124,0.046937183,585.28644,595.131,0.051303055,10.220876,593.4333,0.03899734,585.1203,593.52374,0.11270412,584.8454,592.8132,0.0668724,14.17314,43.56838,0.02357829,598.4368,579.2332,0.033982694
46,20.050474,598.00244,0.036635578,411.89725,91.45837,0.037937835,18.778797,21.548143,0.027785378,34.227436,21.42456,0.04197526,9.788248,595.74286,0.044422697,585.26556,595.0915,0.048767313,10.015292,593.57666,0.051936172,585.08844,593.4907,0.10915292,584.7573,592.7728,0.06542362,600.4062,372.92792,0.021920756,236.91917,530.63,0.04158495
47,578.6574,597.21533,0.0370671,467.46094,596.3265,0.028755018,18.55732,605.06433,0.032759078,34.05579,21.39447,0.042714532,585.8273,585.2206,0.05208335,585.04297,594.8801,0.05728511,10.121902,593.5522,0.043775655,584.40656,585.3556,0.12336577,584.5854,592.4538,0.06932409,12.595011,19.863108,0.022969447,598.213,579.2183,0.04249943
48,19.920256,597.33923,0.042103652,539.93616,219.46938,0.034337968,18.772114,604.9709,0.030584704,34.424755,21.246353,0.031927675,585.80774,594.97485,0.04124764,585.63275,595.0886,0.050126143,10.486136,593.8517,0.039932393,585.3964,593.72473,0.10494821,584.83167,592.9835,0.063490376,12.5926285,19.87871,0.0233275,598.57654,579.1488,0.031966936
49,20.184305,597.9899,0.034877412,459.80695,459.2348,0.03963157,18.651854,21.605099,0.036999047,33.950977,21.402111,0.041457016,585.88635,585.3838,0.05085367,585.17816,595.00275,0.054793406,10.175515,593.49426,0.045326356,585.0139,593.35266,0.11910933,584.72034,592.6954,0.06737373,12.683638,19.875546,0.028696448,598.3228,579.27936,0.037307676
50,19.967562,597.9427,0.037782717,315.9971,315.0595,0.044511925,18.081064,38.302105,0.037041675,33.984474,21.416704,0.043094113,585.8726,585.3375,0.04942007,585.0285,595.0356,0.054965973,9.984898,593.7196,0.05191244,584.9078,593.3103,0.11890161,584.5903,592.48096,0.07005297,12.670979,19.847063,0.027047116,598.33026,579.259,0.03650587
51,20.050816,598.0048,0.036582794,451.4106,596.39044,0.030189034,18.128754,38.24827,0.03605544,34.004715,21.448854,0.04317225,585.43945,594.778,0.048886176,585.1467,594.9952,0.054312665,9.982355,593.5668,0.050374217,585.00024,593.4141,0.11807844,584.6532,592.56506,0.06869872,12.630457,19.875322,0.026412282,598.37616,579.1829,0.034828678
52,20.089724,597.9552,0.038584407,107.96061,219.57227,0.03395531,18.144041,54.135616,0.032258376,34.2688,21.311504,0.040290855,585.8951,585.4314,0.046920206,585.16504,595.039,0.052759763,10.030615,593.4948,0.047203906,585.00714,593.5599,0.1139356,584.76654,592.66223,0.06928555,12.614141,19.92344,0.023743689,598.3771,579.291,0.03616074
53,20.074331,597.8127,0.03898135,435.42233,596.36444,0.028716449,18.780233,21.474924,0.032710742,34.230595,21.362797,0.04219548,585.6297,595.0132,0.04496479,585.44086,594.8419,0.049509622,10.253279,593.5887,0.043724623,585.1257,593.64655,0.11478944,584.5085,592.8283,0.062658414,12.596022,19.891579,0.025954276,598.6267,579.31744,0.03241659
54,20.031776,597.8084,0.03667441,315.9252,459.28964,0.043483604,314.73035,452.34094,0.033082187,34.14538,21.255018,0.044173162,585.4541,594.94995,0.044773165,585.2221,594.9201,0.052493773,10.147484,593.6834,0.043802198,584.9711,593.5005,0.11712101,584.4144,592.5439,0.06620252,12.551927,19.919655,0.024464626,598.5533,579.35693,0.031206813
55,20.025188,597.9972,0.040380783,547.404,596.0045,0.027753659,18.655182,605.23816,0.031812068,34.287964,21.254272,0.04376505,585.94714,585.3424,0.050890584,585.1279,595.03705,0.057346433,10.031924,593.4874,0.047122918,584.9524,593.3079,0.12382561,584.6257,592.5353,0.07042134,12.575141,19.908945,0.027169503,598.397,579.1808,0.03432905
56,578.6332,597.05865,0.036294036,435.4473,596.39246,0.029551316,18.739017,605.2119,0.033077355,34.296062,21.28214,0.042095203,585.96875,585.3319,0.051277526,585.133,595.0906,0.056381755,10.23691,593.5915,0.03959644,585.0047,593.3326,0.116720274,584.76807,592.5797,0.070354395,12.581856,19.913578,0.025581043,598.2312,579.1325,0.036065977
57,578.6068,597.0637,0.03714848,467.46396,596.30817,0.028030157,18.70483,21.579914,0.03427039,34.12174,21.348011,0.04177562,585.96106,585.3847,0.05050513,585.11633,595.0391,0.056264512,10.114418,593.5216,0.043294817,584.9488,593.307,0.11957507,584.5747,592.5714,0.07091067,12.636985,19.868467,0.02995728,598.4961,579.16693,0.034222662
58,20.054613,597.9038,0.037997782,491.95456,203.17879,0.043728895,18.924248,341.85217,0.04212625,34.00937,21.419653,0.042103115,586.0333,585.3214,0.051538102,585.185,595.08136,0.05714533,10.08752,593.53625,0.04297809,585.0587,593.35895,0.11748977,584.74695,592.6037,0.070862524,12.596446,19.875648,0.02981304,598.3088,579.1213,0.03352789
59,20.009117,597.9149,0.036715697,547.4555,595.9904,0.027814211,18.708725,21.548456,0.032896582,33.99361,21.429544,0.045502078,585.9763,585.34503,0.05026371,585.14996,595.1161,0.05419475,10.057575,593.4607,0.04361146,584.5847,585.5569,0.11525362,584.75323,592.61786,0.07070695,12.5877495,19.881067,0.026086956,598.2883,579.1486,0.033627834
60,19.985283,597.52484,0.037061162,387.64813,596.3671,0.017475441,18.74466,605.25476,0.027800329,34.392593,21.093998,0.032091618,586.0697,595.0241,0.034588203,585.8594,594.86993,0.04287793,10.56729,593.74835,0.041383896,585.5263,593.96704,0.09728944,584.9134,593.1146,0.056734197,29.666302,395.2159,0.022034366,598.67096,579.08813,0.032011714
61,20.009298,597.9132,0.038178284,547.36395,596.0323,0.031356543,17.785946,38.56445,0.039351642,33.73916,21.480085,0.03953328,585.74976,585.3369,0.049651884,585.02625,594.97845,0.056020178,10.1687765,593.48444,0.04244078,584.8039,593.2294,0.1210954,584.5058,592.4834,0.06968876,12.695129,19.905397,0.02649881,598.2929,579.341,0.038111504
62,19.937756,597.984,0.038287196,403.46024,596.45984,0.02981447,18.020262,38.352497,0.033875518,34.058105,21.329433,0.03918122,585.7989,585.3664,0.049389213,585.0388,595.0116,0.055121742,10.022749,593.532,0.04635121,584.86017,593.23193,0.11605305,584.5538,592.55005,0.06932952,12.657775,19.880873,0.024940815,598.34955,579.30194,0.03836349
63,578.6295,597.10455,0.035755858,547.37384,596.0418,0.032278925,17.976824,38.368526,0.03551912,33.98577,21.436272,0.041839078,585.9219,585.2522,0.048613627,585.1028,594.98,0.054429807,10.108775,593.4917,0.042936485,584.9507,593.24646,0.11809903,584.5267,592.4553,0.070354305,12.68619,19.86549,0.027653132,598.39026,579.1845,0.037114713
64,20.102533,597.94165,0.03493612,547.36536,596.0811,0.029023759,18.04062,38.245895,0.029696966,33.944855,21.528852,0.035417143,586.0354,585.41833,0.045619104,585.1954,595.02075,0.05258247,10.134578,593.49316,0.043261643,585.0341,593.43195,0.11285779,584.58136,592.58105,0.06925432,12.601955,19.83356,0.024446275,598.46735,579.23047,0.033395126
65,578.68024,596.9995,0.0327358,547.3668,596.07513,0.030203693,18.64921,21.682858,0.035854444,33.94186,21.516176,0.037931275,586.0379,585.226,0.050036594,585.1863,594.81793,0.058749855,10.089816,593.4456,0.044545136,585.0522,593.3994,0.11919086,584.61615,592.4453,0.071834244,12.607176,19.862202,0.026352435,598.2958,579.1362,0.033387203
66,20.126833,597.9617,0.03745143,467.4896,596.31006,0.027595215,18.010983,38.36769,0.038609464,34.117092,21.373459,0.038134906,585.8701,585.26917,0.050480075,585.0508,594.8707,0.0580491,10.079562,593.4499,0.047384314,584.90686,593.2782,0.12492926,584.4699,592.4117,0.06992384,12.619388,19.878265,0.027577735,598.4263,579.2107,0.036487203
67,20.079302,598.0912,0.037788652,467.4588,596.249,0.02837691,17.904722,38.467163,0.037090667,33.907356,21.588957,0.043946803,585.5073,594.77496,0.045896698,585.21466,594.97003,0.052920014,9.915553,593.361,0.04728872,585.0176,593.41003,0.11542871,584.561,592.5785,0.06915448,12.666965,19.856228,0.02862114,598.4236,579.1719,0.031510435
68,20.006441,597.84595,0.040370043,443.95276,155.45653,0.031882413,18.654036,605.2618,0.032266263,34.254467,21.317375,0.037788983,585.5347,594.77686,0.045181118,585.2439,595.09906,0.050201397,10.03461,593.6345,0.046216495,585.19293,593.46124,0.10525009,584.868,592.63385,0.06701378,12.610511,19.84067,0.02535794,598.2518,578.9933,0.03437597
69,20.022943,597.7866,0.03971563,379.81348,363.54938,0.033266734,18.763391,21.524874,0.03143224,34.219128,21.275957,0.04245209,585.98987,585.5534,0.04411708,585.2749,594.9972,0.048948392,10.157622,593.607,0.042373415,584.6808,585.7367,0.10713849,584.7399,592.778,0.06418161,12.638496,19.902433,0.026708413,598.3365,579.2964,0.036092293
70,20.122017,597.78503,0.033049144,363.99612,59.386448,0.03038902,19.461754,341.28345,0.08156766,18.710297,581.21783,0.030875085,586.04297,585.5442,0.042368196,585.3293,594.9824,0.048693776,10.218155,593.6001,0.03982301,584.7583,585.8038,0.10564767,584.7169,592.78656,0.063367195,14.32513,346.73038,0.02180655,598.3513,579.31635,0.034238935
71,20.085814,597.6643,0.036284283,51.14055,603.79645,0.030682227,17.909878,38.3456,0.032750696,33.883858,21.628107,0.036807306,585.9937,585.433,0.04537864,585.2105,594.9778,0.04968734,10.267057,593.66455,0.035676416,584.6265,585.6298,0.11129421,584.6202,592.6293,0.066540115,12.640794,19.837404,0.022723217,598.47076,579.16815,0.035234727
72,20.162779,597.59296,0.033047173,379.91678,219.28458,0.033206776,18.841003,21.299412,0.027818749,34.365612,21.231407,0.044557273,586.2548,585.58984,0.042318486,585.4948,594.9658,0.047986377,10.411651,593.4943,0.037587658,585.27203,593.6382,0.107799076,584.8775,592.81177,0.063807085,12.592913,19.800037,0.022599675,598.30884,579.12463,0.036530267
73,19.91921,597.7527,0.0409198,547.40625,596.0598,0.028206157,18.803635,605.13556,0.037330408,34.199577,21.304573,0.040990904,586.0266,585.3783,0.046560183,585.2136,595.00934,0.052060597,9.866228,593.8128,0.03848794,25.934378,593.7962,0.11815204,25.77664,594.49445,0.06843717,12.61448,19.968632,0.023460582,598.2739,579.1779,0.03542954
74,19.96653,597.86316,0.03778943,467.39645,596.2638,0.029255567,18.67322,605.2365,0.03322195,34.052444,21.38094,0.03888302,585.8494,585.28046,0.04941763,584.9921,595.0164,0.053780243,9.966317,593.7303,0.045067884,584.42676,585.4331,0.114068635,584.525,592.45685,0.06942057,12.661435,19.898613,0.026757304,598.2183,579.28314,0.036040284
75,20.026842,597.7946,0.039638735,467.4213,596.3903,0.031228099,17.979376,38.39587,0.034436077,33.952255,21.381815,0.0407141,585.84753,585.29126,0.048948083,585.0293,595.00183,0.05298398,10.020794,593.8153,0.048045285,584.9211,593.2809,0.11231856,584.5699,592.4903,0.067629315,12.645643,19.852339,0.028101806,598.20807,579.2965,0.03650107
76,20.05928,597.9286,0.039767142,467.3828,596.4509,0.030534673,18.660027,605.14246,0.033543356,34.071255,21.388708,0.043088365,585.9512,585.32306,0.04805327,585.161,594.93164,0.053377643,10.028847,593.66327,0.048414525,585.0425,593.34674,0.1118632,584.6381,592.5714,0.06623408,12.616775,19.854902,0.02667496,598.257,579.2151,0.033282958
77,20.082752,597.7527,0.037612002,427.91934,299.38568,0.041339394,18.054485,38.28448,0.032540075,34.03793,21.350458,0.042405125,585.9262,585.4301,0.046647925,585.1744,594.9466,0.053064197,10.193586,593.66846,0.03972714,585.0203,593.4538,0.11365321,584.6136,592.60175,0.06423499,12.650804,19.829185,0.026541684,598.3528,579.28906,0.031804487
78,20.030743,597.8687,0.0348678,451.3992,596.3585,0.028688991,18.08015,38.30964,0.03454692,33.952206,21.472843,0.041700583,586.1685,585.51886,0.044469573,585.38654,595.0357,0.050599627,10.196071,593.41235,0.042458255,584.8487,585.70514,0.10728904,584.82275,592.8589,0.0655493,12.67515,19.859941,0.025637433,598.41016,579.16534,0.035658505
79,20.111685,597.71686,0.037288938,547.5363,596.02826,0.023492683,18.806623,21.495064,0.03371936,34.106766,21.403269,0.040983602,586.06964,585.2556,0.05422786,585.21027,594.96216,0.056965195,10.359323,593.5972,0.03942922,584.6033,585.4194,0.12778455,584.6257,592.51154,0.07123661,12.623358,19.827847,0.025171451,598.23846,579.22894,0.039127856
80,19.97918,597.9013,0.036758266,451.4108,596.397,0.028502356,18.788002,21.495611,0.035229374,34.09848,21.376862,0.04293459,585.9689,585.41064,0.048995752,585.2175,595.148,0.0539252,10.172341,593.6243,0.04773752,584.6148,585.6208,0.12000824,584.8091,592.65735,0.06954831,12.67281,19.847687,0.029658634,598.2341,579.2236,0.03641941
81,20.051994,597.8914,0.034474723,451.38727,596.36426,0.03179101,17.966125,38.33778,0.03684127,34.008537,21.443623,0.044116635,585.9476,585.526,0.047305577,585.2147,595.09406,0.051556624,10.236619,593.61145,0.047065556,584.62146,585.7553,0.11339333,584.8059,592.7206,0.0676415,12.684228,19.870966,0.02920882,598.2354,579.3095,0.035207648
82,578.641,597.18756,0.03645956,547.34784,596.1052,0.029344836,18.695444,21.612543,0.036265343,34.02459,21.36342,0.03953031,585.8436,585.41187,0.053343814,585.18164,594.9952,0.057521336,10.296431,593.5089,0.043771535,584.9188,593.2411,0.12780136,584.6665,592.691,0.07103996,12.686389,19.844275,0.029558245,598.19366,579.3263,0.040627774
83,578.5758,597.19806,0.038571827,219.73848,107.01272,0.048003826,211.08315,107.99426,0.0412831,34.12235,21.305285,0.04232907,585.7794,585.31976,0.051893797,585.0185,595.0003,0.054957658,10.290088,593.4779,0.045396473,584.29395,585.49384,0.122191206,584.5363,592.5181,0.070261344,12.691614,19.864882,0.027314622,598.20276,579.36096,0.038830597
84,20.26261,597.46655,0.03824194,283.86124,475.35974,0.037897144,274.80795,476.6398,0.028577797,34.14932,21.385214,0.0421131,586.35065,585.6493,0.039824747,585.57935,595.0829,0.048096396,10.559304,593.8873,0.04275147,585.4239,593.7396,0.09992013,584.99194,593.0074,0.06111259,12.522107,19.893837,0.01996275,598.39496,579.038,0.030826557
85,20.134113,597.7986,0.038654327,316.20602,171.20987,0.03299037,18.661518,21.629293,0.036855392,33.95869,21.396368,0.042217504,586.12177,585.5549,0.046045396,585.35364,595.06537,0.05263654,10.26124,593.6394,0.043407198,585.17334,593.4655,0.11312787,584.76904,592.75653,0.06676826,12.671049,19.887707,0.028707538,598.3722,579.1816,0.035801694
86,578.5716,597.1451,0.038658597,172.01306,123.20336,0.034671403,162.00623,123.60146,0.042324264,33.90722,21.396204,0.043198172,585.8235,585.3112,0.052017014,584.99725,595.0531,0.05793863,10.1676235,593.46844,0.042920467,584.8697,593.1672,0.12173561,584.61304,592.52686,0.07154165,12.675215,19.866718,0.029926952,598.22217,579.2748,0.040234685
87,20.073238,598.0461,0.04190644,347.9943,267.35214,0.03398854,18.592024,605.10925,0.03516186,34.027664,21.54843,0.03958445,585.8227,585.2635,0.05269078,584.9553,595.1196,0.057151794,9.908224,593.49176,0.047205795,584.86847,593.1328,0.11836878,584.6675,592.5381,0.07256892,12.652433,19.865473,0.027361795,598.1264,579.21704,0.040957205
88,20.017801,597.9779,0.041207235,562.91,595.803,0.028704071,18.59789,605.1561,0.036709886,34.026875,21.467056,0.03653675,585.7765,585.34454,0.05096675,584.9523,595.05133,0.055296537,9.921255,593.6359,0.045830436,584.81256,593.19525,0.11991922,584.5673,592.5007,0.06946962,12.642309,19.841633,0.026094526,598.27856,579.3076,0.03992424
89,20.001091,597.82715,0.0395722,467.42834,596.1948,0.02716053,18.681526,605.0959,0.03502719,34.089157,21.357294,0.03269424,585.8956,585.36523,0.05209975,585.1826,595.0082,0.055203207,10.049205,593.7128,0.041141655,584.98615,593.25226,0.11686552,584.6947,592.68756,0.06833994,12.631787,19.809748,0.025884185,598.3621,579.1595,0.03943134
90,578.6654,597.21765,0.034228057,547.29315,596.10956,0.030940617,18.042118,38.379875,0.038131583,34.030884,21.444132,0.03802131,585.8744,585.2597,0.05157377,585.0802,594.9774,0.05526829,10.252638,593.6685,0.03703203,584.8602,593.17975,0.11837395,584.57477,592.46375,0.07052432,12.674653,19.869457,0.027627245,598.1919,579.24945,0.041530088
91,20.143059,597.8376,0.033999078,435.36575,596.136,0.02937513,17.934607,38.462173,0.04019955,33.86155,21.527386,0.040987685,585.9233,585.3227,0.047993794,585.1629,594.9955,0.053788614,10.204203,593.46643,0.038766682,584.5282,585.4229,0.12396896,584.57745,592.55,0.070998035,12.712939,19.870733,0.02973761,598.274,579.19446,0.03656175
92,20.173222,597.9362,0.037000418,435.42795,596.11816,0.028726654,18.664753,21.757154,0.036317583,33.920204,21.53805,0.033538565,585.88885,585.2819,0.048592065,585.1001,595.00146,0.05392731,10.12854,593.5176,0.0459777,584.48096,585.4,0.12343631,584.5687,592.5059,0.07159816,12.727074,19.844025,0.028206274,598.25854,579.331,0.038828153
93,20.165834,598.04553,0.0332479,419.42123,596.27795,0.03125707,17.928383,38.44768,0.038335495,33.841496,21.511236,0.0395678,585.9498,585.3861,0.04709685,585.18854,594.98663,0.052807286,10.06336,593.4686,0.045242004,584.53375,585.48474,0.117832765,584.5254,592.56836,0.07044408,12.712979,19.855247,0.030264564,598.37744,579.23737,0.03507893
94,578.6581,597.0968,0.033494677,467.43915,596.35645,0.031669445,17.994564,38.34862,0.036032412,33.913265,21.473867,0.040060762,585.97675,585.3395,0.0481462,585.2121,595.0475,0.054832812,10.034062,593.44,0.04779798,584.6076,585.48315,0.120565265,584.69604,592.5958,0.07125539,12.653099,19.843765,0.029359177,598.27405,579.18634,0.037064556
95,578.52563,597.2991,0.038925357,467.46512,596.4145,0.03020806,18.72953,605.2002,0.0353333,34.016598,21.474316,0.037552375,585.75494,584.891,0.060249202,584.89197,594.85254,0.061502177,10.094358,593.50665,0.04019512,584.1783,585.1249,0.14188041,584.3928,592.18805,0.07990774,12.611014,19.90501,0.024861127,598.08496,579.20245,0.04500213
96,19.972784,597.62787,0.038659062,547.5583,595.9883,0.023805963,18.644928,604.99603,0.028361334,34.298225,21.32609,0.037338812,586.41455,585.6979,0.03889336,585.5043,595.16,0.047797777,10.4731045,593.65656,0.042903002,585.35345,593.88257,0.09880941,584.8951,592.9775,0.06395476,29.539694,75.39489,0.02274016,598.4683,579.09125,0.030346842
97,19.944624,597.81854,0.03859965,572.15924,523.3073,0.03220599,578.30194,524.25476,0.05613342,34.13394,21.214,0.03861006,9.925711,595.58984,0.050987855,585.26434,595.0928,0.052276023,10.054474,593.7793,0.05106175,585.1439,593.47186,0.1052347,25.799917,594.51746,0.06707228,12.6651535,19.856373,0.028541815,598.4541,579.3054,0.030634925
98,20.022797,597.9739,0.038602702,547.39185,596.1105,0.031211939,17.880344,38.44846,0.040054798,33.924957,21.470211,0.043535825,9.729952,595.6785,0.051273517,585.0694,595.07,0.056034062,10.000496,593.51685,0.05527637,584.9486,593.3098,0.11702259,584.6948,592.5294,0.07169594,12.692521,19.897236,0.030852862,598.22644,579.1555,0.036166456
99,578.64514,597.14496,0.03864018,387.20523,603.68665,0.026074834,17.840292,38.475426,0.039997898,33.86928,21.4978,0.04064977,9.6359215,595.7293,0.051925413,585.0472,595.0688,0.056063484,9.982782,593.5394,0.0602743,584.9444,593.1922,0.11821553,584.687,592.5506,0.07153316,12.687357,19.880957,0.029207896,598.20526,579.1497,0.037000958
100,19.967659,597.96155,0.037813306,419.43808,596.27374,0.024984237,17.904903,38.3591,0.037570294,34.010094,21.480215,0.040761035,9.827312,595.62573,0.046404038,585.195,595.0482,0.048968654,10.034512,593.50464,0.04780742,584.987,593.4395,0.11181374,584.6589,592.70044,0.06702789,12.708197,19.886871,0.030198313,598.4399,579.2465,0.0347969
101,19.997246,597.92865,0.03983484,427.87283,235.2568,0.04338756,18.658842,21.645908,0.03650221,33.97017,21.546839,0.043590963,586.092,585.43164,0.045799304,585.27203,594.99524,0.05085822,10.101387,593.34686,0.045113597,585.121,593.5232,0.10738953,584.75586,592.69696,0.066409476,12.684055,19.894678,0.027162556,598.4103,579.09125,0.0360665
102,20.025192,597.9155,0.038084358,459.83505,283.5493,0.029908253,18.7496,21.5648,0.033290327,34.156918,21.38272,0.04115075,586.16077,585.4718,0.045652322,585.31976,595.0793,0.05250899,10.170809,593.4099,0.043343276,585.1675,593.44507,0.11097979,584.7903,592.73865,0.068158865,12.644788,19.84153,0.025813766,607.02136,578.9346,0.030446433
103,20.013123,598.00494,0.038631473,371.22662,603.6775,0.027576944,18.579885,21.746832,0.035153538,33.829002,21.675682,0.041754786,586.07056,585.3284,0.04850131,585.16187,595.1528,0.05538582,10.002101,593.4264,0.045932684,584.72833,585.3711,0.1132022,584.7563,592.7198,0.071302176,12.620834,19.899609,0.028137837,598.237,579.1093,0.035669524
104,19.992401,598.1172,0.035493765,547.3907,595.9897,0.028659858,18.554289,21.647434,0.035857443,33.958466,21.589527,0.044256378,9.715293,595.6084,0.05119266,585.1649,595.1031,0.05308267,9.9477,593.28406,0.04828412,585.0094,593.36115,0.11496664,584.6691,592.63275,0.07049004,12.634024,19.947895,0.028347768,598.4792,579.18823,0.03493432
105,578.71375,597.1524,0.03566648,475.91333,411.36664,0.034741018,17.942322,38.471504,0.037887685,33.863197,21.5681,0.041587036,585.8506,585.29913,0.04946403,585.0218,595.0149,0.05523189,10.111477,593.51135,0.0485211,584.92346,593.3944,0.11476363,584.6552,592.53754,0.069187336,12.662605,19.884151,0.028209459,598.43506,579.31793,0.038440514
106,20.020346,597.96106,0.037037577,547.34875,595.99585,0.030898862,17.937832,38.39883,0.033681035,18.536451,581.2934,0.037206747,585.89746,585.4283,0.052421488,585.1605,595.0736,0.056307826,10.025673,593.52704,0.052130904,584.9879,593.3139,0.12163966,584.7546,592.70197,0.07065843,12.635495,19.943584,0.023049504,598.3275,579.2305,0.036911905
107,20.06488,597.88135,0.038587604,91.94553,379.36734,0.04186224,18.070198,38.283176,0.034690347,34.137016,21.339188,0.039119247,585.99445,585.4175,0.04866708,585.1767,595.0854,0.0541851,10.135588,593.5673,0.048122834,584.97473,593.3467,0.11960891,584.61005,592.5482,0.070045255,12.671879,19.874207,0.024410464,598.425,579.2298,0.0347731
108,19.986103,597.4917,0.03397541,268.19727,347.5803,0.025435897,19.163437,341.53912,0.04335818,34.509457,21.193195,0.034440342,585.96533,594.96405,0.036496434,585.67896,594.8638,0.04361873,10.534816,593.79675,0.04676491,585.3338,593.86584,0.09862004,584.68915,592.9615,0.059011344,29.58568,107.33778,0.022599578,598.56256,579.24945,0.027913023
109,20.021471,597.93585,0.04091871,547.4153,596.06366,0.028330704,18.604137,605.14136,0.033591706,34.264656,21.313137,0.041979913,585.8732,585.36646,0.04870541,585.1279,595.08453,0.053817034,9.940155,593.6116,0.04995806,584.49994,585.5041,0.11414036,584.75446,592.64905,0.0682252,12.57912,19.914158,0.023297261,598.164,579.28,0.036731783
110,20.012901,597.98364,0.037622288,547.3957,596.0447,0.028757505,18.606672,605.16565,0.033864502,34.141407,21.392374,0.04305541,586.0153,585.33734,0.051297463,585.1999,595.206,0.05681057,9.939976,593.5163,0.045876935,584.6664,585.3872,0.11143279,584.95123,592.79266,0.069332175,12.552291,19.914534,0.024285682,598.09906,579.1637,0.037969086
111,19.96819,597.9811,0.042460643,467.42435,596.4196,0.030815022,18.581278,605.27985,0.0362606,34.134296,21.37633,0.04438449,585.895,585.2782,0.05172398,585.0684,595.08716,0.056289714,9.846102,593.5859,0.04644649,584.47455,585.403,0.11708756,584.7097,592.5918,0.07135386,12.580938,19.909315,0.027739637,598.22064,579.17017,0.03809213
112,19.992422,598.01953,0.040001173,467.43158,596.41315,0.029298684,17.968597,38.27035,0.032681733,34.04529,21.47995,0.04453901,585.8557,585.30023,0.052137192,584.98914,595.1996,0.055715915,9.933928,593.4528,0.04735411,584.4327,585.4926,0.11912806,584.6843,592.5197,0.07527839,12.647629,19.911888,0.026801955,598.1258,579.21326,0.037617035
113,578.62823,597.0819,0.039680537,547.3635,596.0823,0.030439917,18.10511,124.88088,0.04059132,34.21822,21.473545,0.038865145,585.96155,585.25824,0.05215003,585.0935,595.12103,0.05679173,10.117645,593.6426,0.04739557,585.00146,593.2593,0.116355725,584.759,592.5969,0.07009427,12.651159,19.864803,0.024631083,598.23456,579.1189,0.036386676
114,19.989138,597.9693,0.039016895,547.43176,595.9827,0.027773049,18.536102,605.21313,0.034406018,34.175922,21.497166,0.046001606,586.0389,585.4496,0.046876404,585.2167,595.06287,0.052695863,9.983834,593.4882,0.04805919,585.0421,593.4389,0.1123743,584.6169,592.6567,0.068507545,12.605416,19.899015,0.02455837,598.57245,579.209,0.0329539
115,19.998438,597.9194,0.035237238,204.02942,523.34753,0.03163222,18.151869,38.241127,0.036045272,34.14743,21.328014,0.042055395,585.5032,594.84515,0.04939477,585.23663,595.06415,0.052442543,10.228598,593.33746,0.040748913,585.1091,593.4243,0.11713286,584.7096,592.7247,0.069146685,12.622098,19.864956,0.026654664,598.39954,579.17303,0.035755783
116,20.01608,598.0357,0.03698514,475.90805,203.50514,0.029221222,17.836678,38.628994,0.041855175,33.876266,21.480156,0.045300305,586.10706,585.4343,0.047896165,585.25195,595.2249,0.051785372,10.030364,593.3932,0.048712146,584.8502,585.62744,0.10433054,585.0158,592.83936,0.0681589,12.669437,19.880894,0.029709604,598.2301,579.2038,0.033935595
117,20.067266,598.04016,0.03722173,139.86911,539.3574,0.034350805,17.687685,38.53397,0.040107805,18.508682,581.20807,0.037385676,585.901,585.3185,0.048661847,585.0576,595.0759,0.051701307,9.97865,593.44025,0.046302035,584.9609,593.26965,0.11221075,584.739,592.5805,0.06793885,12.606603,19.91606,0.029381704,598.2772,579.2256,0.03637246
118,578.61646,597.09454,0.03712066,467.46283,596.3849,0.030798908,17.697433,38.537033,0.039971694,33.57083,21.611483,0.037881378,585.885,585.373,0.04951293,585.03577,595.1191,0.052974403,9.887437,593.29895,0.04588608,584.9057,593.2685,0.11518177,584.65106,592.5688,0.07213733,12.614783,19.88893,0.030829746,598.40643,579.2171,0.036966935
119,578.5977,597.09973,0.039226077,483.3941,596.506,0.029225713,17.611195,38.67412,0.042682733,33.596077,21.657196,0.03714824,585.8387,585.3262,0.050065983,585.0101,595.033,0.05383459,9.905675,593.3579,0.044479176,584.40765,585.47864,0.117185615,584.5634,592.50793,0.07080538,12.711395,19.890892,0.030190732,598.3429,579.2446,0.03688745
120,20.049349,597.8158,0.03785186,155.95268,507.5299,0.030137522,18.69337,21.430204,0.030846627,34.214165,21.279583,0.035414502,586.32184,585.6483,0.04471448,585.63983,594.9592,0.051061895,10.284534,593.40247,0.04450854,585.3706,593.6706,0.10183107,584.85724,593.0176,0.06308499,12.616207,19.852043,0.025155738,598.3854,578.9864,0.032997053
121,19.984917,597.8741,0.04275268,363.88458,43.27794,0.04017228,18.638565,605.0153,0.03202826,18.658588,581.2266,0.037854463,585.8972,585.1429,0.05303715,584.9636,595.18933,0.057119444,10.175262,593.6751,0.04655683,584.4808,585.34174,0.11971962,584.7186,592.432,0.07585191,12.636814,19.902925,0.026674315,598.0278,579.17365,0.036729038
122,20.004137,597.9697,0.042228375,387.17038,603.67303,0.028144632,18.591545,21.716888,0.03436222,34.083744,21.599438,0.042544,585.87616,585.1931,0.05264837,584.9789,595.15546,0.05701831,10.06858,593.50635,0.04708302,584.4641,585.4075,0.119160704,584.66736,592.4475,0.07471087,12.724783,19.883299,0.027228635,598.1056,579.2114,0.035126377
123,20.012878,597.9784,0.042925164,451.36807,596.3716,0.03198342,18.731627,21.439953,0.03395986,34.30802,21.346634,0.04218576,586.0605,585.31604,0.053782307,585.1768,595.08514,0.05752681,10.068866,593.6077,0.048566468,584.49756,585.4077,0.12290622,584.4958,592.62195,0.07861569,12.647974,19.949013,0.027619712,598.3948,579.2911,0.032602884
124,20.016542,597.9456,0.041733045,331.97882,379.302,0.030696861,18.733843,21.551403,0.037057925,34.21392,21.399633,0.040161103,9.866514,595.64716,0.046563152,585.2481,595.1726,0.05140152,10.103571,593.57904,0.047924012,585.11487,593.4682,0.11091451,584.718,592.7661,0.07048629,12.672188,19.868563,0.027708456,598.47003,579.25183,0.030459855
125,20.049913,597.878,0.03938718,467.43433,596.31683,0.029875036,18.725573,21.586594,0.037382856,34.132713,21.465103,0.04136715,586.1125,585.4829,0.047656078,585.3378,595.0784,0.050289538,9.978759,593.51416,0.042367894,585.19324,593.4768,0.11084976,584.8372,592.7494,0.06593158,12.653595,19.868101,0.028012626,598.3885,579.20514,0.03285389
126,20.02974,597.7614,0.036300473,380.09665,363.47842,0.032388978,17.873697,38.446465,0.036168136,33.86335,21.64383,0.040216636,585.9458,585.3967,0.049786,585.1875,594.993,0.055937033,10.105556,593.5272,0.043171797,584.9957,593.33984,0.12189002,584.62964,592.62634,0.069054134,12.675998,19.878979,0.02514442,598.4345,579.19946,0.035969574
127,19.998703,597.8665,0.033397865,380.0488,363.08545,0.05114215,378.4375,356.1733,0.03270426,33.833225,21.72206,0.036753446,585.9857,585.42017,0.04881411,585.1844,595.17004,0.052012227,10.062288,593.58765,0.045361344,584.6448,585.6612,0.10699856,584.8665,592.7413,0.06967214,13.9989395,43.49184,0.021603566,598.3085,579.18823,0.038797997
128,19.958033,598.03503,0.039840404,547.30585,596.08795,0.0313062,18.568647,21.669075,0.033052012,33.88108,21.64977,0.039160162,585.9352,585.4928,0.04822221,585.128,595.1422,0.052591894,9.963534,593.44696,0.046288107,585.0195,593.398,0.11190146,584.8045,592.72266,0.07043483,14.206768,43.592945,0.023218375,598.30414,579.1825,0.03762644
129,19.94047,597.99097,0.036488537,547.30743,596.08374,0.030218283,17.87316,38.360188,0.03465128,33.924458,21.64143,0.040400088,586.05536,585.4975,0.04909795,585.18494,595.2897,0.05171418,9.98844,593.34235,0.044690315,585.1535,593.4904,0.107316166,584.9781,592.83307,0.07285209,12.663494,19.915413,0.024181418,598.2341,579.1904,0.038717393
130,20.055359,597.8755,0.03478329,547.2697,596.06036,0.031346273,18.07571,38.241314,0.031651795,34.04268,21.433165,0.04278086,586.14996,585.63086,0.045577776,585.3146,595.17377,0.0499967,10.146203,593.5491,0.046325054,585.2297,593.55646,0.11364832,584.9046,592.8408,0.06798713,12.596928,19.851536,0.024645172,598.4126,579.288,0.035540774
131,20.026068,597.91235,0.03604709,547.3927,596.0392,0.02904047,18.742733,21.478355,0.029792909,34.231495,21.431625,0.0401621,585.9939,585.45074,0.04692901,585.2089,595.1388,0.05337577,10.148707,593.51263,0.046004508,585.05133,593.4406,0.11340759,584.7774,592.77124,0.06961526,12.621298,19.87357,0.024037432,598.5258,579.17365,0.03508165
132,578.83356,596.85846,0.023980832,139.90843,203.30199,0.04073494,18.781855,21.370193,0.028945517,34.24221,21.388914,0.04029643,586.3092,585.9325,0.03818436,585.56683,595.02246,0.043771643,10.810691,593.6129,0.036835775,585.3126,593.8527,0.0966967,584.9314,593.06805,0.05992229,29.470627,59.298126,0.022229679,598.43463,579.24133,0.034062628
133,578.5977,597.1437,0.040812593,259.3835,596.503,0.027571812,18.673187,605.2396,0.032764368,34.085682,21.419907,0.042461228,585.87836,585.2747,0.054742035,585.0702,595.0364,0.05944807,10.056999,593.5846,0.0472956,584.922,593.14484,0.12285889,584.68854,592.5744,0.07069032,12.601877,19.959492,0.02691923,598.0741,579.32544,0.040115114
134,578.59247,597.1213,0.038068153,467.39597,596.40857,0.03082009,17.73434,38.531982,0.03832733,33.591076,21.693438,0.038471572,585.8436,585.3516,0.049485758,584.99976,595.086,0.05499958,10.107847,593.44147,0.044530757,584.8534,593.25525,0.118099086,584.50964,592.47705,0.07236666,12.647639,19.894537,0.027596992,598.3126,579.2897,0.036154836
135,578.57404,597.04407,0.04167126,475.9469,379.02155,0.04454327,17.722075,38.598835,0.03966671,33.782887,21.671412,0.039987333,585.8525,585.22845,0.05250395,584.9892,595.1315,0.057820987,10.153724,593.4311,0.04372557,584.4356,585.4338,0.11989596,584.66113,592.4944,0.074042,12.676349,19.849182,0.028529033,598.1151,579.18286,0.037884533
136,578.6157,597.1363,0.036838926,467.52356,596.3919,0.028780758,17.789652,38.50755,0.036682777,33.86771,21.61099,0.041459057,585.9012,585.36273,0.053277995,585.14026,595.09265,0.057540994,10.048084,593.40875,0.043880917,584.946,593.296,0.12322729,584.6286,592.61993,0.07317482,12.673231,19.855097,0.027946636,598.2516,579.1758,0.033221338
137,20.085238,597.97534,0.033756863,275.28516,603.7503,0.028832369,17.84383,38.501934,0.04142335,33.932774,21.440084,0.046516456,586.13947,585.59283,0.0449231,585.34576,595.1848,0.04721901,10.118985,593.35736,0.04547288,585.1494,593.5392,0.1096808,584.7911,592.83234,0.06704963,12.660583,19.87816,0.029658768,598.5751,579.2083,0.034839477
138,578.7382,597.17255,0.033204395,403.50653,596.42755,0.027800962,18.71924,21.607988,0.03600059,33.924686,21.409824,0.044442944,585.9856,585.53235,0.050419934,585.26263,595.1428,0.053357173,10.270771,593.45667,0.044704333,585.0703,593.44525,0.11604138,584.8302,592.82245,0.07014279,12.610262,19.847517,0.026474997,598.2107,579.25653,0.03309672
139,578.6141,597.1041,0.036332525,483.4616,596.3785,0.030764809,17.956856,38.42023,0.03638192,34.00646,21.35585,0.046977226,585.90314,585.40533,0.048583176,585.0797,595.09845,0.052689277,10.021687,593.27124,0.040122405,584.9257,593.3187,0.118610956,584.6014,592.546,0.071054704,12.649061,19.898966,0.027856238,598.3819,579.1537,0.034491256
140,20.000942,597.94116,0.039296877,403.47775,596.4002,0.028875025,18.78166,21.427221,0.03435137,34.0629,21.422798,0.0477661,585.9096,585.2689,0.051608756,585.0294,595.2091,0.055334277,9.913042,593.3807,0.043443006,584.5327,585.4841,0.11928065,584.7672,592.5549,0.07561634,12.603313,19.912964,0.026949748,598.11774,579.14105,0.03573645
141,578.5941,597.1359,0.039825805,323.37875,596.4146,0.030641379,18.670141,21.605688,0.03791186,33.92968,21.515041,0.046385814,585.8268,585.3075,0.05175682,585.00183,595.0924,0.05629512,10.066485,593.5262,0.04315487,584.8508,593.1998,0.12213875,584.588,592.5061,0.07337685,12.6669445,19.893778,0.029116325,598.22424,579.20624,0.03665776
142,19.962444,597.87555,0.03821413,547.4117,596.0582,0.030623408,18.693596,21.499033,0.034617398,34.065987,21.459263,0.04078192,585.88885,585.2896,0.0510338,585.10406,595.09546,0.056317713,10.086248,593.4878,0.041458614,584.92426,593.2971,0.12727469,584.6544,592.50397,0.07148366,12.627623,19.937294,0.024671845,598.2672,579.1818,0.034804504
143,19.947598,597.8702,0.03722711,428.1362,507.358,0.036252476,17.80468,38.54763,0.03911085,33.712654,21.543749,0.04211496,585.9699,585.39703,0.048410878,585.1489,595.04144,0.051733308,9.923464,593.6191,0.047120098,585.00415,593.2814,0.11627947,584.694,592.6385,0.06753197,12.682431,19.860092,0.02766496,598.3475,579.14923,0.036276992
144,20.029833,597.6016,0.03857858,283.81268,539.4445,0.03241156,18.200157,54.04446,0.023788597,34.303425,21.238773,0.040424697,585.89014,594.80615,0.040539414,585.60114,595.12354,0.04259868,10.337787,593.5516,0.043767452,585.4504,593.7245,0.09781874,585.01306,593.019,0.061603457,13.842243,43.57871,0.01897246,598.3885,579.01355,0.034102798
145,20.01366,597.9892,0.047880862,139.8487,315.10364,0.037687853,18.534668,604.9458,0.039435577,33.99033,21.35174,0.04202585,586.00256,585.2757,0.049533945,585.1339,595.0678,0.058850102,9.979666,593.56384,0.0562815,585.0204,593.2935,0.12112181,584.6277,592.5122,0.072547995,12.619305,19.867908,0.029001854,598.28143,579.18115,0.03739478
146,20.126106,598.06104,0.04022211,467.474,596.3956,0.028605007,18.639097,604.99524,0.033001497,34.09491,21.470366,0.037026107,586.0095,585.4385,0.04810092,585.08984,595.2297,0.049870934,10.060885,593.3631,0.044856694,585.0377,593.3931,0.112082504,584.7697,592.6492,0.07161586,12.610208,19.945913,0.024986893,598.37164,579.1512,0.036449414
147,20.117144,598.1099,0.039073803,467.41434,596.4208,0.031574544,18.56703,21.623386,0.03342627,18.582663,581.2971,0.036330566,585.8991,585.31586,0.0489585,585.0314,595.03436,0.054108433,10.045367,593.30725,0.04511296,584.95,593.30347,0.11658031,584.6308,592.47186,0.06929561,12.644362,19.870705,0.025618259,598.3766,579.2338,0.035842296
148,20.067595,598.07196,0.038714908,483.47964,596.4637,0.02946744,17.908047,38.347874,0.036378272,34.004116,21.47788,0.0395835,585.9257,585.2143,0.05018803,584.9678,595.11816,0.052466333,10.046563,593.432,0.047454428,584.5702,585.47485,0.11583866,584.6966,592.4116,0.0720601,12.710651,19.872343,0.028683688,598.2957,579.1459,0.03590727
149,19.999022,597.9264,0.03967769,539.7238,75.47876,0.03163126,17.889442,38.407722,0.03552786,34.001293,21.485947,0.039363697,585.6517,585.1219,0.052702792,584.8334,594.90436,0.055488877,10.038987,593.5185,0.044500194,584.7152,593.1336,0.12182094,584.3342,592.2529,0.07334765,12.710697,19.877296,0.027461987,598.3613,579.36176,0.04461009
150,19.96457,597.8431,0.040569466,483.46976,596.5039,0.031000609,17.961388,38.36534,0.035934035,33.977978,21.542385,0.041719187,586.001,585.4283,0.04717454,585.1416,595.11975,0.05306002,10.18321,593.55365,0.043019217,585.09644,593.4205,0.111743584,584.85,592.58167,0.06834549,12.6680355,19.876186,0.027501576,598.33496,579.16943,0.03379728
151,578.7413,596.8003,0.03902014,411.8868,347.569,0.03372022,18.05088,38.29548,0.034624368,34.07202,21.419308,0.039250314,586.0027,585.3328,0.054131836,585.1405,595.23584,0.053483266,10.258246,593.5681,0.04561775,585.17664,593.3212,0.11156659,584.98975,592.71216,0.06908936,12.640468,19.873486,0.025854819,597.9307,579.1327,0.037856333
152,578.69305,596.9631,0.03942768,451.44714,596.31714,0.02800756,18.024645,38.34427,0.037503373,34.056545,21.314611,0.04069852,585.3931,594.7347,0.054070864,585.2094,595.26447,0.057222854,10.29425,593.59937,0.044390187,585.1371,593.3698,0.12135059,584.87256,592.77924,0.07582318,12.660057,19.89381,0.028777149,598.3076,579.09546,0.03693529
153,578.6397,597.0782,0.03653191,467.48776,596.4674,0.031287976,18.088669,38.295536,0.03497399,34.17295,21.341953,0.039666027,585.98376,585.3737,0.052670736,585.16986,595.1366,0.054563373,10.213512,593.69714,0.0418561,584.9955,593.2684,0.11627116,584.73553,592.6739,0.07349191,12.640294,19.894808,0.028693255,598.2682,579.1111,0.03672607
154,19.967272,597.66644,0.044252884,467.44162,596.47205,0.034736395,18.925201,341.85187,0.049551174,34.12397,21.386736,0.039837327,586.11017,585.46124,0.052638754,585.2455,595.21704,0.054369904,10.117509,593.83496,0.042610765,585.1329,593.39294,0.11008784,584.86743,592.77325,0.07387576,12.645111,19.884666,0.029408198,598.2687,579.1784,0.035734203
155,19.99393,597.92474,0.042029094,411.93768,491.0848,0.04880483,17.999233,38.32148,0.036119737,34.110416,21.39606,0.040289387,586.09174,585.3343,0.053779244,585.2467,595.198,0.062254023,10.022449,593.54285,0.046670035,585.11584,593.3884,0.12564771,584.8374,592.642,0.0764058,12.659326,19.903204,0.028287038,598.11273,578.95593,0.03488414
156,20.114798,597.60095,0.03421174,76.03913,475.30493,0.03939889,67.443535,476.6513,0.030240295,34.38952,21.19335,0.03218204,594.8318,585.56586,0.04029677,585.61597,594.9243,0.04274197,10.458641,593.5778,0.04043576,585.2931,593.74695,0.09801456,584.69836,592.9871,0.05759712,12.686127,19.872015,0.02145493,598.3123,579.2777,0.03285615
157,578.70703,597.03156,0.036906973,251.92448,475.24094,0.03799447,18.692175,605.14905,0.031071566,34.16851,21.383432,0.040212736,586.09045,585.602,0.04737154,585.2944,595.1072,0.053130597,10.202868,593.44946,0.045800462,585.0922,593.4858,0.11645386,584.7684,592.7726,0.06941641,12.694342,19.92778,0.022631008,598.32245,579.2109,0.033194628
158,20.107872,598.05743,0.039027866,251.98149,475.47797,0.03444188,18.588034,605.17395,0.031187076,34.09796,21.319168,0.041917615,9.837058,595.75385,0.046684545,585.496,595.21564,0.049015533,9.997022,593.42346,0.04827838,585.38873,593.6872,0.103285424,584.95154,592.9369,0.06598395,12.693698,19.903704,0.025893416,598.3603,579.12225,0.030743832
159,20.147898,598.02686,0.037300386,467.4502,596.4476,0.033286862,17.987885,38.270283,0.034211673,34.074554,21.36427,0.04277735,586.2281,585.59357,0.05010834,585.4209,595.1862,0.05583504,10.07431,593.4483,0.047065366,585.2453,593.56555,0.114849776,584.8331,592.93835,0.072830245,12.710822,19.91958,0.025940109,598.43884,579.2442,0.035375766
160,20.031052,598.0245,0.039635964,467.41144,596.3887,0.03144183,17.945675,38.4257,0.035688564,33.93367,21.504606,0.043550458,586.1316,585.48145,0.05106521,585.3589,595.01904,0.05828157,10.034695,593.4752,0.04881501,585.15857,593.43164,0.119515985,584.75323,592.8624,0.07030879,12.709585,19.865124,0.026237555,598.3544,579.20435,0.038601216
161,20.034525,598.04193,0.038592942,396.0428,363.47147,0.030001123,17.95937,38.418507,0.03418876,33.918133,21.52101,0.04160509,9.682936,595.7208,0.04990056,585.37836,595.18024,0.050966688,9.992785,593.588,0.055616304,585.21484,593.5348,0.111720815,584.7983,592.8734,0.06745653,12.675072,19.83454,0.026724868,598.55066,579.2145,0.03332804
162,20.072159,597.84717,0.034198213,251.92302,523.3346,0.03582797,18.034939,38.285217,0.032885086,34.125748,21.42057,0.039738122,586.21094,585.4475,0.048547093,585.32495,595.17975,0.05525775,10.235559,593.52704,0.043625683,585.22894,593.5036,0.11117581,584.8803,592.81525,0.07149731,12.663049,19.875172,0.026980702,598.4085,579.12555,0.038271796
163,20.117588,597.7928,0.03441428,467.5045,596.3762,0.027047206,18.077724,38.312717,0.032967158,34.022316,21.534597,0.042869616,586.1079,585.4491,0.04626271,585.32385,595.07825,0.047483865,10.21995,593.36475,0.038834963,584.8412,585.6731,0.10731427,584.8046,592.76764,0.06736347,12.58979,19.809261,0.028201517,598.2592,579.14636,0.040005777
164,20.15013,597.9561,0.032654863,467.49936,596.3993,0.031026071,17.838718,38.51178,0.03850375,33.88054,21.573675,0.03942285,586.25964,585.6354,0.046781145,585.3896,595.2435,0.04989071,10.242708,593.2214,0.038670726,585.28894,593.5083,0.10567385,584.9148,592.97473,0.06800248,12.650835,19.878204,0.030366972,598.2984,579.1747,0.033498596
165,20.030869,597.9179,0.0351574,467.50256,596.4143,0.030849341,17.743519,38.516304,0.03956231,33.82124,21.620384,0.0427604,585.9753,585.5349,0.04790743,585.3504,594.8737,0.053000346,10.192951,593.5446,0.04555678,585.0387,593.3355,0.122784294,584.4471,592.7425,0.065808885,12.673139,19.850176,0.031728458,598.3832,579.3903,0.039142676
166,20.025309,597.9301,0.035991374,547.42786,596.12103,0.030319685,17.7604,38.51736,0.04070192,33.853436,21.590385,0.043555606,585.96893,585.6344,0.046458058,585.3763,594.9411,0.050429076,10.193814,593.6444,0.0448544,585.10144,593.44885,0.116372615,584.6365,592.88916,0.06511935,12.697493,19.83709,0.03303588,598.36127,579.4416,0.039237015
167,20.078012,597.99176,0.036058057,547.34595,596.0905,0.033230297,18.652576,21.674334,0.03756347,33.97777,21.513124,0.045450717,585.5666,585.1472,0.0530717,584.99,594.6615,0.059392665,10.10265,593.4822,0.04542171,584.07886,585.19434,0.1251782,584.18427,592.3821,0.068341374,12.60106,19.835117,0.031068236,598.08466,579.4136,0.037356153
168,19.97678,597.6409,0.039251003,156.21991,411.13593,0.033987753,25.750114,436.80414,0.033942632,34.263477,21.248589,0.0359411,586.27313,585.51996,0.043675072,585.4445,595.02496,0.05050501,10.292296,593.87286,0.046828017,585.2488,593.7277,0.10725319,584.71954,592.746,0.066656776,12.619404,19.815392,0.021841384,598.51807,579.2012,0.03493228
169,19.993288,597.9022,0.037554562,435.38284,596.19116,0.02306509,18.883287,21.346514,0.028473739,34.323933,21.320827,0.039572097,9.796728,595.62524,0.046282858,585.1324,594.85767,0.04879431,10.06114,593.53015,0.04818223,584.89966,593.30066,0.10997993,584.3624,592.49884,0.0656413,12.54731,19.866385,0.024925757,598.36383,579.2773,0.037826296
170,19.948084,597.9585,0.03602897,467.43335,596.36194,0.032096487,18.78961,21.447973,0.032773178,34.16277,21.392933,0.04357977,585.92163,585.4341,0.04698682,585.20874,594.9849,0.051718306,9.996973,593.4702,0.04855433,585.0537,593.4042,0.113190904,584.7174,592.70966,0.06618376,12.617616,19.8652,0.027609613,598.28296,579.2566,0.039693184
171,20.02004,597.9683,0.03792278,435.41388,596.26666,0.032215934,17.97829,38.404236,0.03517809,34.226257,21.433372,0.040234502,585.872,585.4235,0.04594942,585.16565,594.9901,0.05019264,10.022837,593.4929,0.04690704,584.9955,593.4076,0.112123705,584.5986,592.61084,0.06631005,12.701286,19.889145,0.029837675,598.33105,579.3435,0.03776371
172,19.994287,598.0641,0.038770985,467.5144,596.38715,0.028881587,17.954216,38.3886,0.03585244,34.152863,21.406439,0.04209984,9.73555,595.6232,0.04870936,10.148419,595.28937,0.050942544,9.833266,593.48627,0.050135404,585.0321,593.4143,0.10895079,584.7184,592.67334,0.065375425,12.6929035,19.901236,0.029457554,598.269,579.2453,0.03808031
173,20.018532,597.8965,0.036675088,483.41168,596.3991,0.031932298,18.712284,605.0443,0.03476102,34.09247,21.456516,0.044567063,585.9424,585.53107,0.04532131,585.1896,595.0431,0.048118524,10.088279,593.55316,0.045277905,584.96625,593.42365,0.11008743,584.58923,592.6856,0.06616117,12.668194,19.906048,0.027694277,598.43945,579.46063,0.03665315
174,19.947746,597.9394,0.03727321,91.863266,363.42392,0.039264645,18.656506,21.620224,0.032701816,34.132954,21.463356,0.0404459,585.6705,585.58453,0.050389253,585.1922,594.85583,0.05103407,10.072873,593.37335,0.046192255,584.7797,593.2173,0.11277226,584.4701,592.86,0.065449096,12.631842,19.88559,0.027642474,598.3288,579.45264,0.04127074
175,19.943905,598.1974,0.03878697,428.0005,475.22638,0.043418653,17.934694,38.52569,0.039325606,18.308928,581.29395,0.042367477,585.86884,585.5568,0.043736715,585.18536,594.9056,0.04780948,9.905197,593.1596,0.048610013,584.5795,585.7121,0.10638071,584.55615,592.7137,0.06206735,12.610913,19.844088,0.030020371,598.2985,579.3635,0.04069
176,19.871786,598.1122,0.035761785,483.47464,596.4578,0.030781485,17.961685,38.430866,0.03587659,18.407354,581.36285,0.045207165,9.815913,595.60077,0.048808254,10.227032,595.21423,0.049146153,9.921314,593.2327,0.048671085,584.5407,585.7011,0.10745164,584.63367,592.63495,0.06375703,12.614358,19.886957,0.026704937,598.2661,579.36804,0.0374323
177,19.866148,598.2216,0.036907922,467.45532,596.47473,0.032914117,17.943073,38.385624,0.034726076,18.349808,581.5399,0.052693076,9.572835,595.6096,0.0526972,10.025005,594.9188,0.051514804,9.631844,592.9644,0.051159095,584.48553,585.5866,0.109974965,584.4337,592.5055,0.06590336,12.611591,19.819746,0.027073763,598.436,579.3684,0.034503
178,19.895096,598.30945,0.03888511,467.44662,596.4973,0.032957494,17.773884,38.57843,0.034974635,18.335794,581.47675,0.05182335,9.551783,595.52045,0.053395543,10.026791,594.9047,0.05226542,9.616018,592.93134,0.051745478,584.3805,585.55444,0.11191538,584.45856,592.5092,0.065351695,12.647431,19.835941,0.029832631,598.3712,579.36,0.04042889
179,19.911112,598.06854,0.03788625,395.72153,203.54211,0.030131811,17.835272,38.504627,0.033499293,18.55253,581.3097,0.040268928,586.33966,600.9817,0.049991265,585.2068,595.133,0.053700995,9.849106,593.2114,0.044107053,585.6011,600.48083,0.109075725,584.85547,592.8064,0.06669427,12.637628,19.82465,0.028264929,598.242,579.2632,0.037857193
180,19.929636,597.5179,0.040774923,315.7517,395.4233,0.02809979,18.803537,21.431824,0.027219621,34.07361,21.368174,0.040766425,585.7637,594.94763,0.04308505,585.4208,595.1494,0.044666633,10.318824,593.73676,0.045951482,585.2904,593.8311,0.09676168,584.8391,592.90027,0.062479597,12.596948,19.835352,0.021807946,598.60156,579.27856,0.029797563
181,20.03562,597.9272,0.043514673,451.42532,596.20624,0.029817935,18.551594,605.1344,0.032885782,34.1639,21.371498,0.041450687,586.1249,585.4312,0.04671949,585.26324,595.08606,0.053366676,10.07093,593.572,0.047708347,585.13403,593.3469,0.11305475,584.71,592.67163,0.067606606,12.658699,19.876715,0.027348813,607.28973,579.063,0.03479616
182,578.59265,596.9906,0.0397972,467.46396,596.381,0.029743206,18.702517,21.637995,0.035516407,34.02279,21.390987,0.041410923,585.9289,585.3095,0.053016417,585.0367,595.1256,0.057024967,9.823497,593.5346,0.052162025,584.9381,593.24896,0.1224859,584.6756,592.5428,0.07457724,12.690337,19.840017,0.030393917,598.2577,579.24634,0.039495714
183,578.5103,596.8873,0.03976988,467.45483,596.4214,0.03267897,18.695004,21.69142,0.03354949,18.634039,581.2524,0.038975824,585.9547,585.3184,0.051443245,585.056,595.12427,0.056766804,9.991397,593.5378,0.049138393,584.95074,593.2077,0.12212668,584.7407,592.54114,0.07103401,12.684525,19.813595,0.030253567,598.123,579.24524,0.037869908
184,578.5969,597.00323,0.03822531,451.41824,596.4952,0.033000797,17.708443,38.626503,0.036492545,33.803932,21.410328,0.041086927,585.9218,585.3176,0.049929477,585.073,595.1428,0.054594077,9.992387,593.5439,0.047824927,584.9621,593.27905,0.116899796,584.6955,592.57324,0.07259421,12.714413,19.881413,0.031063218,598.24994,579.23206,0.035463214
185,19.994091,598.0329,0.040754855,331.81387,555.39453,0.03293924,17.801556,38.560764,0.038167734,18.643152,581.2569,0.039790504,586.0319,585.35913,0.04911188,585.09534,595.2744,0.054421827,9.929074,593.3492,0.049143407,584.72833,585.5626,0.11206064,584.86316,592.62494,0.07357149,12.672194,19.863773,0.029400308,598.1607,579.17664,0.034568712
186,578.5929,597.0807,0.037294023,76.00075,139.41068,0.031415757,17.918932,38.438004,0.033855308,18.641161,581.23663,0.038572356,585.8177,585.37366,0.053238764,585.05286,594.9548,0.05835948,9.966496,593.24396,0.04556949,584.85364,593.22034,0.12777375,584.5672,592.5466,0.071721815,12.629032,19.840572,0.027635958,598.31384,579.28564,0.04044393
187,20.016611,598.0237,0.039874993,467.49826,596.3238,0.028337127,17.94183,38.41046,0.032509625,18.550657,581.253,0.040065385,585.8536,585.32495,0.051411357,585.0612,595.0508,0.05772201,9.965084,593.3805,0.0507346,584.90796,593.3082,0.12169698,584.61456,592.525,0.07306931,12.614948,19.878408,0.026654128,598.3604,579.1495,0.03685057
188,578.53796,597.0701,0.038899753,467.50693,596.4186,0.032730717,17.919912,38.440002,0.035089806,33.88002,21.567068,0.042217698,585.87256,585.36707,0.05262434,585.0773,595.06537,0.058392342,9.659219,593.26654,0.04711995,584.86755,593.1947,0.1277154,584.62384,592.5328,0.073553324,12.653835,19.84623,0.029370721,598.216,579.21954,0.035505246
189,578.5737,597.09955,0.038560446,467.5087,596.42346,0.029460756,17.945652,38.363,0.033560228,34.208637,21.403053,0.041604586,585.82635,585.3421,0.053429175,584.9814,595.1741,0.057039853,9.716779,593.232,0.043136418,584.8312,593.20166,0.12147604,584.6173,592.5543,0.075436,12.661025,19.900738,0.028189149,598.2139,579.19116,0.036993537
190,19.834152,598.1385,0.040604953,483.44406,596.36475,0.030040149,18.079037,38.31356,0.034915403,18.484444,581.3751,0.042420685,585.8711,585.37305,0.052978043,585.042,595.1382,0.05723148,9.597694,593.2829,0.049325943,584.866,593.2626,0.122494385,584.5874,592.55566,0.07605228,12.613076,19.89139,0.027515486,598.29803,579.26404,0.033326585
191,19.834389,598.11395,0.040154073,467.45557,596.4557,0.03151692,18.138287,38.22538,0.03433713,34.2037,21.385181,0.042665508,585.8906,585.4241,0.051203657,585.06915,595.0972,0.057030488,9.753346,593.4149,0.052983202,584.87885,593.24786,0.122991756,584.55865,592.6045,0.074013755,12.633056,19.900646,0.026798274,598.395,579.3102,0.035563238
192,20.007856,597.75024,0.036444068,315.82562,411.31693,0.032534692,306.2666,412.3831,0.026635747,18.800402,581.1811,0.033400994,585.8323,594.9184,0.03999361,585.55444,594.9747,0.04636517,10.232122,593.3771,0.04199588,585.3304,593.84955,0.0988431,584.9665,592.9682,0.060153354,12.667206,19.799507,0.024115417,598.53436,579.0907,0.03147756
193,19.985863,598.0738,0.039425675,443.99002,475.79993,0.029802907,18.720127,21.456837,0.033310615,34.21912,21.326385,0.035991773,585.71564,585.2625,0.049504478,585.03796,594.82196,0.053856794,9.897256,593.442,0.05638869,584.3612,585.40814,0.12053497,584.4907,592.5337,0.06565767,12.675338,19.906837,0.027941797,598.2449,579.219,0.044489585
194,19.956894,598.1422,0.039550997,451.55466,596.4446,0.03123577,18.70077,21.456966,0.033366416,34.10018,21.360987,0.04105054,585.8623,585.2612,0.049736947,585.0553,594.8407,0.054590397,9.854697,593.3996,0.0532206,584.9271,593.19165,0.11871702,584.5292,592.41284,0.06637375,12.666111,19.90495,0.029377382,598.2041,579.38293,0.038969144
195,19.88791,598.0438,0.038969025,467.5218,596.3984,0.0329943,18.684948,21.485588,0.033087544,34.098423,21.382729,0.04149851,585.74,585.20044,0.05130226,584.9532,594.8724,0.0551851,9.919858,593.41345,0.048313662,584.37714,585.3315,0.12109178,584.447,592.365,0.06977489,12.670611,19.928068,0.028673045,598.177,579.40967,0.041137382
196,19.87755,598.11115,0.040533766,467.47165,596.3623,0.033179976,18.655039,21.555838,0.036145363,33.932587,21.485895,0.041547563,585.78107,585.29926,0.04923587,585.0435,594.91815,0.051994067,9.747755,593.4335,0.050670024,584.4536,585.5019,0.11711885,584.6069,592.52936,0.06672048,12.654141,19.918236,0.029713638,598.1373,579.32227,0.03997027
197,19.928593,597.906,0.038961396,155.92563,107.23604,0.03348398,18.665548,21.504442,0.034983344,33.991188,21.459156,0.042986296,585.84235,585.38385,0.050542805,585.04565,595.139,0.05500501,9.850558,593.46924,0.047612812,584.93134,593.2808,0.118596286,584.70416,592.61206,0.07171418,12.645734,19.933704,0.0298689,598.30115,579.2142,0.036062937
198,19.938665,597.84247,0.041801512,451.50778,596.3562,0.030283917,17.79329,38.436794,0.038747806,33.88066,21.579151,0.044342343,585.8614,585.31195,0.051225323,584.99817,595.0729,0.05457782,9.948106,593.4549,0.05120657,584.9192,593.2886,0.12278709,584.7596,592.4465,0.071696736,12.676199,19.956007,0.029043201,598.13544,579.20526,0.036406677
199,578.6277,597.1524,0.03680459,467.48523,596.3839,0.030467102,18.627916,21.557055,0.037489537,34.13621,21.3517,0.04447624,585.7905,585.274,0.054275073,584.9931,594.9281,0.0581102,9.937885,593.60864,0.053627167,584.80334,593.19086,0.12411025,584.54346,592.51843,0.072206534,12.637778,20.01121,0.027294055,598.3358,579.27094,0.04093057
200,19.933119,598.04913,0.037174378,467.43814,596.35864,0.03182366,18.633547,21.555685,0.036391333,34.09274,21.373322,0.045972183,585.83167,585.2046,0.05192886,585.00684,594.9504,0.056588527,9.885758,593.2653,0.053308886,584.8661,593.21387,0.12135445,584.56744,592.3924,0.07197254,12.683408,19.952726,0.027917508,598.2854,579.17737,0.03865009
201,19.820066,598.0732,0.037892997,467.40536,596.36395,0.03261926,17.797537,38.50455,0.038533717,33.99541,21.482471,0.045953482,585.9595,585.3257,0.05122043,585.1684,595.05743,0.054072928,9.803655,593.3503,0.049946073,585.07367,593.31854,0.11384032,584.83014,592.6505,0.06959707,12.706626,19.959972,0.029537003,598.1639,579.22003,0.03561811
202,19.928114,598.0946,0.035116248,467.41394,596.2777,0.031464122,18.557367,21.701689,0.04000971,33.938694,21.517801,0.04646889,585.9281,585.32355,0.050329927,585.11664,595.0108,0.054679655,9.775799,593.29114,0.048475917,584.99146,593.26953,0.119387604,584.67523,592.53015,0.07028205,12.738748,19.91495,0.03032852,598.2384,579.1573,0.03577827
203,19.91814,598.0326,0.0369779,547.4515,596.04407,0.028644422,18.61505,21.626312,0.039044447,33.93211,21.55886,0.047337376,585.9865,585.3348,0.04943653,585.17596,594.98395,0.05531761,9.899315,593.3667,0.04954159,585.0545,593.313,0.11806473,584.71515,592.5746,0.06973572,12.686683,19.962915,0.029721659,598.2741,579.06384,0.03368877
204,19.810278,597.6395,0.041815963,203.68399,75.48332,0.032019455,18.693571,21.584152,0.031670943,18.665257,581.1792,0.039359707,9.832651,595.7337,0.04235253,10.249875,595.2455,0.05018946,10.030557,593.7342,0.05460617,585.35925,593.845,0.102193475,584.88477,592.9049,0.06428698,12.627082,19.81182,0.02548832,598.43365,579.2235,0.032211103
205,19.836884,597.8682,0.037533272,467.45886,596.33685,0.031731717,17.805624,38.54454,0.036146857,18.401123,581.4777,0.039912548,585.91364,585.38116,0.050512083,585.1204,595.08966,0.05740567,9.657853,593.6177,0.049658056,585.0342,593.368,0.117785946,584.8093,592.6567,0.0710488,12.690592,19.810106,0.029224426,598.17444,579.16754,0.036479577
206,578.60004,597.02155,0.037875798,467.44482,596.35065,0.033943567,18.056856,38.34184,0.036322013,33.985176,21.357895,0.04398373,585.3293,594.7468,0.051045123,585.05304,595.0924,0.058361065,9.714102,593.39856,0.04793163,585.00104,593.32196,0.121078394,584.72253,592.5486,0.07170175,12.633462,19.891104,0.02638144,598.29675,579.1889,0.03595474
207,578.58386,597.0259,0.03621103,467.3906,596.35706,0.035892777,578.4008,373.4225,0.04252693,34.04866,21.368464,0.041127343,585.38885,594.7533,0.051038496,585.1064,595.1227,0.05828883,9.657017,593.41644,0.05382925,585.0215,593.29517,0.12386,584.71576,592.569,0.07119392,12.675899,19.865767,0.028331146,598.2866,579.204,0.034329098
208,578.5908,597.07764,0.03705244,467.40274,596.37366,0.036562037,17.972145,38.47133,0.035547487,34.12943,21.318607,0.041285403,585.85333,585.33606,0.049503688,585.01465,595.07367,0.055357214,9.747731,593.3093,0.05086384,584.8824,593.2509,0.119959526,584.53546,592.4985,0.07292917,12.704944,19.84582,0.029308904,598.398,579.186,0.034056947
209,578.4789,597.1672,0.037730947,467.38867,596.36035,0.03617934,17.981869,38.44284,0.034946673,34.163727,21.358204,0.041495644,585.72186,585.2395,0.05369361,584.90826,595.0037,0.060122866,9.579031,593.24713,0.04850415,584.7303,593.09796,0.13056433,584.46094,592.36066,0.07460768,12.685282,19.839169,0.029301737,598.2066,579.25946,0.040059805
210,578.5595,597.08496,0.039643772,467.3945,596.29266,0.029781306,17.95152,38.3449,0.03361975,34.044174,21.487103,0.045945946,586.05945,585.3148,0.057970993,585.19,595.084,0.064387046,9.745231,593.39886,0.047824584,585.06635,593.2282,0.12998818,584.87604,592.67346,0.07536805,12.646952,19.86437,0.029542387,598.09674,579.10364,0.03845032
211,19.839676,598.0711,0.040407177,475.79297,235.43648,0.04313379,18.641592,21.643024,0.032322064,18.38899,581.2871,0.041229133,585.8843,585.2734,0.04989719,585.0887,594.97107,0.05779992,9.814844,593.22363,0.048646614,584.9088,593.2494,0.12638935,584.58057,592.4648,0.07064778,12.621735,19.845398,0.028051857,598.32794,579.28424,0.036048494
212,19.860907,598.0455,0.037412044,43.640892,347.39288,0.035780024,19.14396,341.57376,0.060622334,34.085773,21.388712,0.040760946,585.9763,585.4192,0.046138383,10.028519,595.01587,0.05306149,9.663847,593.2769,0.049395636,584.98956,593.2874,0.11432347,584.5754,592.5895,0.06832327,12.625349,19.838516,0.028724771,598.4908,579.23627,0.035172593
213,19.832947,598.04663,0.038691312,562.878,595.7506,0.028779022,18.827915,349.38693,0.045520756,18.420506,581.3322,0.04029552,585.7774,585.38477,0.049161118,584.9818,595.0066,0.05422892,9.711189,593.3021,0.05027015,584.84375,593.2585,0.118138,584.5366,592.52576,0.0695856,12.67016,19.852795,0.028992608,598.3901,579.3081,0.037182927
214,19.869497,597.99304,0.03783397,467.42322,596.3428,0.031038607,19.08025,341.6467,0.05465613,34.133144,21.449955,0.04511368,585.8116,585.39417,0.050820366,585.0638,594.974,0.056866948,9.756537,593.2893,0.048663735,584.83954,593.264,0.12372541,584.4891,592.52844,0.071371675,12.596473,19.86821,0.027820107,598.43286,579.384,0.03820634
215,19.764109,598.217,0.039685104,451.49863,596.3664,0.030956041,17.910122,38.443,0.03670426,34.03764,21.486423,0.04555417,585.811,585.3646,0.051040158,585.04,595.0044,0.05693402,9.681215,593.3101,0.053752962,584.8217,593.2193,0.12469564,584.4967,592.5152,0.072731785,12.653023,19.898333,0.028744712,598.40045,579.26044,0.038862944
216,19.836637,597.3736,0.031352095,267.8722,139.73903,0.022268806,18.672693,21.405323,0.03059961,34.270664,21.19666,0.03989605,586.269,585.707,0.04063744,585.4348,595.07275,0.04783631,10.416674,593.72473,0.03971175,585.2401,593.6901,0.104860775,584.8503,592.9163,0.06556697,12.640001,19.954857,0.025830928,598.5746,579.1385,0.034750972
217,578.6201,597.0223,0.036413517,451.45074,596.44135,0.028088236,18.932798,333.25238,0.047669508,34.462364,21.240547,0.037519373,585.9918,585.4386,0.048807852,585.1771,595.04254,0.05618236,9.999958,593.4536,0.045045204,585.0185,593.39545,0.11630741,584.68115,592.64026,0.069578834,12.409206,20.081291,0.023521103,598.36084,579.31946,0.03594137
218,578.5741,597.11957,0.03994374,451.46317,596.4485,0.029767664,18.706476,21.540558,0.035124537,34.02872,21.395466,0.04533716,585.8204,585.2841,0.054536037,585.0187,595.0586,0.059537586,9.983693,593.45825,0.0445849,584.8752,593.1941,0.12428492,584.69403,592.54926,0.07276634,12.7348175,19.879684,0.03020509,598.1144,579.2623,0.04058419
219,578.55896,597.1825,0.03843532,451.47916,596.4286,0.031609815,18.707125,21.544882,0.03458792,34.03652,21.42609,0.045088056,585.7813,585.35657,0.05084042,584.9953,595.01605,0.057766747,9.777594,593.3165,0.047345016,584.8026,593.25433,0.11990606,584.494,592.49536,0.072781,12.671868,19.877361,0.030257475,598.3888,579.147,0.03780893
220,19.886349,598.1324,0.03739822,299.9588,75.063385,0.052554544,290.33478,75.22831,0.043710083,34.04257,21.271467,0.04151321,585.80695,585.3364,0.053345088,585.0674,595.0334,0.056125037,9.763361,593.29193,0.048471738,584.81854,593.2745,0.12274995,584.5599,592.5107,0.07474591,12.697786,19.867254,0.029091071,598.3081,579.2613,0.038175676
221,578.5649,597.138,0.036542423,451.44724,596.38196,0.03037392,18.757046,21.411053,0.03193031,34.25877,21.21547,0.04460021,585.7992,585.35364,0.05020858,585.03815,594.99817,0.055035856,9.776587,593.30493,0.04961336,584.8419,593.249,0.122579366,584.53436,592.5003,0.07088867,12.670648,19.91727,0.027562518,598.3783,579.2401,0.037488524
222,578.55347,597.0498,0.03855286,435.3976,596.3858,0.028331576,17.995897,38.428482,0.0341076,34.05519,21.372166,0.046409406,585.8833,585.39246,0.051406283,585.08453,595.1404,0.055597607,9.818543,593.232,0.046509,584.9235,593.3343,0.12304982,584.6451,592.57263,0.07427153,12.641817,19.900017,0.027030539,598.269,579.2554,0.035595115
223,578.5598,597.02014,0.038090117,379.6458,507.45825,0.029013501,17.873287,38.561592,0.038455438,33.903805,21.486076,0.04662528,585.98456,585.32214,0.05299479,585.15094,595.0692,0.06048953,9.67285,593.2117,0.04683683,584.989,593.313,0.12986061,584.6841,592.5162,0.07348056,12.677071,19.882833,0.02878914,598.1879,579.2154,0.034684666
224,578.59503,597.08356,0.03594536,451.37787,596.2161,0.02772096,18.8369,349.31436,0.04106088,33.82509,21.57363,0.04605176,585.9265,585.36725,0.05163413,585.17413,595.0148,0.057671417,9.859737,593.2289,0.044676624,584.9521,593.3061,0.124671556,584.5704,592.50977,0.0718302,12.684897,19.880434,0.03014538,598.3501,579.19354,0.034345884
225,578.5782,597.04974,0.03782854,419.46823,596.38153,0.028027592,18.806871,349.20123,0.04259796,33.88706,21.425364,0.040711906,585.8642,585.3441,0.052036706,585.0444,595.11395,0.056791384,9.841444,593.34344,0.045614935,584.9048,593.2671,0.120622605,584.6185,592.52185,0.073845625,12.607673,19.864313,0.03075238,598.29193,579.22986,0.035609473
226,578.513,597.031,0.03909433,283.99457,123.04094,0.037276555,18.815077,349.0462,0.050711043,34.00975,21.37315,0.0443496,585.83356,585.3426,0.052906077,585.03845,595.0849,0.057105284,9.810983,593.3965,0.047312643,584.8602,593.2526,0.124211125,584.60266,592.50574,0.07408988,12.591681,19.830126,0.031542476,598.26056,579.2531,0.037750557
227,578.58295,597.1748,0.036603775,547.384,595.97437,0.02673187,17.91538,38.34819,0.03073277,33.97485,21.537418,0.043077942,585.8203,585.3883,0.052025583,585.1178,594.93604,0.05907643,10.228864,593.58496,0.046696097,584.91003,593.2615,0.1277916,584.5964,592.5838,0.06987525,12.586961,19.84047,0.028357748,598.3619,579.28674,0.039879534
228,19.830402,597.6199,0.033623468,20.032654,28.029507,0.020177845,18.939306,21.344631,0.025370775,34.36522,21.095629,0.041916914,586.1853,585.49866,0.043838035,585.34515,594.97485,0.04985617,10.243977,593.51636,0.04389445,585.14905,593.6177,0.11075229,584.717,592.58594,0.06566819,29.99028,235.56252,0.021877263,598.34033,579.16,0.030478524
229,19.829895,598.02234,0.038476154,547.3996,596.12476,0.029168034,18.075867,54.03398,0.031073086,34.0648,21.432869,0.04734019,585.8042,585.312,0.049039405,584.944,595.0419,0.054230716,9.718991,593.41205,0.05181655,584.8658,593.2643,0.11760973,584.5172,592.41833,0.071729735,600.48883,388.97827,0.026469361,598.34534,579.2691,0.03866952
230,19.914545,597.9213,0.038854342,547.36255,596.07983,0.029904805,17.79261,38.40959,0.03540603,18.534521,581.2474,0.039898757,585.70465,585.23126,0.051916495,584.8659,594.98016,0.055131447,9.801222,593.46265,0.04987363,584.7627,593.2234,0.12409433,584.43195,592.32153,0.073517986,29.772064,59.314037,0.022769723,598.3056,579.29626,0.03866238
231,19.833826,597.9893,0.040865794,435.47693,596.4132,0.030255806,17.83089,38.49213,0.036884505,18.445145,581.253,0.039548498,585.7484,585.3407,0.049327485,584.92126,594.9637,0.053529676,9.721388,593.4902,0.052091837,584.79987,593.29443,0.12000943,584.4096,592.35364,0.07181592,14.142007,411.60626,0.022408523,598.3528,579.32196,0.037619013
232,19.868223,598.1373,0.04030869,451.408,596.2631,0.029649688,17.821102,38.497234,0.036173016,18.43882,581.3103,0.040171266,585.727,585.2882,0.05099294,584.93365,594.9257,0.056411777,9.749795,593.39185,0.04841749,584.7557,593.1614,0.12290695,584.40076,592.41797,0.07102056,29.758516,59.31562,0.024236523,598.3548,579.3221,0.04038789
233,578.58655,597.203,0.036791448,451.37347,596.2789,0.02860936,17.870901,38.378017,0.033470914,18.428429,581.247,0.039706983,585.6098,585.2698,0.05313376,584.8546,594.9544,0.055184696,9.756987,593.341,0.048028775,584.6663,593.1762,0.12460745,584.40814,592.39825,0.07323825,12.695984,19.866388,0.024272133,598.3476,579.31366,0.0421743
234,578.54175,597.1444,0.039152794,419.4866,596.3616,0.026674058,17.907972,38.351784,0.03281402,18.546055,581.1085,0.038812675,585.76056,585.3281,0.054222684,584.9763,595.02905,0.056447677,9.753147,593.3618,0.049111407,584.76404,593.1508,0.12985691,584.4863,592.4504,0.07488388,12.632534,19.855888,0.025664873,598.24615,579.36926,0.041463863
235,19.87548,597.91187,0.036832154,332.05423,171.42853,0.04053015,17.823551,38.500618,0.037282575,33.8619,21.454626,0.04130772,585.94257,585.5227,0.049641185,585.2212,595.0319,0.054057263,9.888489,593.3185,0.046294615,585.0082,593.39636,0.12545347,584.7238,592.68256,0.06861517,12.645096,19.825222,0.030110542,598.3349,579.2457,0.034640815
236,19.833435,597.83765,0.039279953,403.45486,596.4581,0.0311466,18.929895,349.0985,0.053974822,34.057796,21.503046,0.044360004,585.78577,585.36554,0.052028682,585.00494,594.98804,0.05633185,9.795973,593.41547,0.047504637,584.82153,593.2741,0.12567344,584.4886,592.4587,0.07202211,12.708126,19.874918,0.030061133,598.32855,579.30676,0.03972494
237,19.872374,597.90485,0.03711191,27.959705,347.41306,0.035802484,19.162037,341.47235,0.058563154,34.137604,21.578312,0.040437162,585.8481,585.50256,0.04851613,585.0435,595.1617,0.052220006,9.774751,593.40424,0.04560342,584.95264,593.4094,0.11434309,584.7087,592.5852,0.07085842,12.724889,19.911024,0.027963247,598.2977,579.2891,0.036220882
238,19.8022,597.82007,0.038403027,28.231504,347.49643,0.034960836,19.363647,341.1743,0.07112043,34.029144,21.62371,0.04330795,585.8492,585.4562,0.049913764,585.0666,595.1719,0.052913006,9.833923,593.3945,0.04321003,584.9779,593.397,0.11407948,584.76733,592.61237,0.07156813,12.723722,19.909433,0.028298717,598.2211,579.2859,0.03691179
239,19.823755,597.9177,0.038593713,419.45596,596.38556,0.030100804,19.014032,341.54572,0.052228115,33.93006,21.609354,0.045659505,585.79706,585.3556,0.051870506,584.9394,595.14777,0.054540288,9.687475,593.3248,0.045594655,584.8841,593.32623,0.11618465,584.6102,592.4886,0.074858956,12.727777,19.883741,0.030176159,598.2945,579.3261,0.038729113
240,19.87035,597.5851,0.032669153,547.49774,595.9881,0.023004841,18.781181,21.697563,0.030234836,34.093777,21.20248,0.033672642,586.16925,585.5797,0.04555311,585.39636,595.00464,0.051644202,10.3760395,593.45996,0.042859815,585.1288,593.6831,0.11327657,584.7045,592.73456,0.067612715,12.601412,19.879095,0.023653936,598.5334,579.14417,0.029319169
241,19.96345,598.2152,0.038153633,435.34827,596.37067,0.03366327,17.750765,38.433384,0.036855947,33.887787,21.4784,0.044035744,585.9178,585.35406,0.052260034,585.1455,595.08856,0.05883445,9.559323,593.4643,0.050957467,584.97345,593.3067,0.12395163,584.7236,592.5968,0.07276282,12.646999,19.892557,0.03097717,598.2557,579.291,0.035198096
242,19.851667,598.1128,0.037622172,467.4414,596.3656,0.030308906,17.684227,38.50704,0.042395957,33.90367,21.537128,0.04564942,585.7626,585.28754,0.052591678,584.9624,594.945,0.059776597,9.742121,593.32605,0.049462147,584.735,593.1665,0.12950411,584.4272,592.35425,0.07405679,12.6953745,19.894041,0.034140557,598.2892,579.4142,0.037483755
243,578.5493,597.0856,0.040597226,547.32794,595.9198,0.03112143,17.770905,38.513157,0.040773876,33.876022,21.552244,0.043524805,585.83057,585.2703,0.05487499,584.9887,595.09705,0.06020541,9.80556,593.3776,0.047923714,584.8585,593.19025,0.12670693,584.6522,592.5098,0.074816436,12.677553,19.846748,0.03332573,598.15106,579.29645,0.038613886
244,578.56134,597.0561,0.038029436,547.34705,595.9013,0.029083468,17.72264,38.549862,0.040381648,33.844513,21.643856,0.044032015,585.7945,585.38153,0.053297076,585.025,595.0653,0.0576301,9.830996,593.4004,0.049430195,584.8811,593.2558,0.122090116,584.6841,592.5899,0.07186997,12.698372,19.880285,0.03209797,598.18695,579.38367,0.04085801
245,578.5782,597.0923,0.038788572,316.03903,314.94708,0.04777291,17.731066,38.584778,0.040152725,18.371414,581.36914,0.041192275,585.76056,585.1876,0.05555895,584.93506,595.04126,0.05846924,9.776606,593.26965,0.048355225,584.8542,593.20667,0.124514475,584.69666,592.414,0.07247367,12.688974,19.869602,0.03194716,598.0566,579.28467,0.039997805
246,19.825872,598.05005,0.03728694,316.10687,314.80566,0.0578589,17.61096,38.713318,0.043803558,322.45264,326.1151,0.051736202,585.75165,585.176,0.053641453,584.9223,594.8708,0.058310885,9.703896,593.26196,0.04798729,584.789,593.0982,0.12289365,584.452,592.2736,0.071780324,12.670828,19.8748,0.034781534,598.191,579.26636,0.0398377
247,578.57886,597.1003,0.039197516,562.8367,595.73413,0.029404202,17.726448,38.64774,0.035493687,33.87914,21.69032,0.047570292,585.69,585.18896,0.055955052,584.88806,595.0621,0.05778097,9.777519,593.1435,0.043124534,584.7439,593.0868,0.12494339,584.5278,592.41284,0.076258704,12.714846,19.786734,0.030393764,598.1347,579.22864,0.040157456
248,578.5697,597.17633,0.03687079,547.29315,595.9947,0.032901473,17.721426,38.588028,0.039680317,33.776363,21.680342,0.043593127,585.59186,585.2178,0.05472287,584.8321,595.0063,0.056465603,9.702014,593.0945,0.04459625,584.6541,593.1383,0.12288136,584.42676,592.39124,0.074213505,12.727137,19.869036,0.03262972,598.1642,579.36676,0.03973586
249,578.6245,597.0961,0.038224526,547.2434,596.0235,0.03482184,17.775383,38.502514,0.038235474,33.817936,21.623617,0.044347066,585.68463,585.1363,0.054040756,584.8227,595.11084,0.05660467,9.680574,593.1313,0.04567754,584.7597,593.22327,0.120689526,584.45166,592.30505,0.075710736,12.692781,19.883995,0.03173536,598.0898,579.3085,0.037901122
250,19.835358,598.16223,0.040252637,547.28,595.98755,0.034909338,17.747734,38.545166,0.038901392,33.871807,21.618958,0.043322857,585.7544,585.2968,0.052277174,584.97406,594.9645,0.056282125,9.672984,593.2008,0.05186871,584.7807,593.1825,0.12205347,584.44666,592.41876,0.070789225,12.716207,19.870089,0.032858457,598.30743,579.36523,0.03715013
251,19.877949,598.1775,0.038233913,419.4384,596.4039,0.029883124,17.637947,38.73947,0.037500415,18.25091,581.32745,0.0460281,585.7297,585.3422,0.052212454,584.98395,595.0453,0.05560413,9.704128,593.25085,0.05458221,584.2641,585.4724,0.11954426,584.56006,592.5082,0.07225623,12.836269,19.784307,0.032580525,598.23724,579.3826,0.03791551
252,19.842077,597.62976,0.0364457,316.17868,315.04367,0.04543959,18.743345,21.336937,0.030944426,34.311626,21.191689,0.042046487,585.5882,594.8307,0.044937644,585.3439,595.1157,0.051234785,10.201987,593.6238,0.052054834,585.198,593.6285,0.10925572,584.93243,592.8055,0.06725059,12.622473,19.910217,0.026216608,598.299,579.19727,0.033851605
253,19.879627,598.0769,0.03956448,547.3699,596.063,0.031359375,18.890715,349.49536,0.0373114,34.12818,21.379385,0.044357818,585.9669,585.4202,0.04809145,585.1565,595.0751,0.053048998,9.746843,593.33466,0.048867207,585.0038,593.36273,0.115725756,584.69727,592.60565,0.068278134,12.64122,19.88372,0.028136957,598.28937,579.1957,0.034557447
254,19.92218,598.32495,0.03703696,419.44644,596.4026,0.030622719,17.746702,38.55912,0.039639372,33.9431,21.446829,0.042216003,585.8034,585.4424,0.049648117,585.0565,595.0397,0.054684564,9.541729,592.97205,0.04856441,584.8875,593.2851,0.119805716,584.6272,592.556,0.06915436,12.689569,19.971167,0.02832811,598.1933,579.3118,0.03613886
255,19.855255,598.2181,0.035861883,140.03064,203.24658,0.041024376,19.514875,341.3839,0.068053454,18.463104,581.3099,0.04318621,585.8466,585.47327,0.048726976,585.0913,595.05835,0.053363495,9.650166,593.18115,0.048166912,584.92615,593.35114,0.116295554,584.6485,592.5836,0.068123624,12.771766,19.940336,0.031302482,598.2386,579.3283,0.03518357
256,19.865099,598.18896,0.036900803,28.390526,347.4341,0.04722731,19.527565,341.02097,0.10080937,33.96262,21.540411,0.04156972,585.80634,585.3464,0.05030855,584.98376,595.00757,0.056002475,26.369825,344.6626,0.05052227,584.8278,593.254,0.12141554,584.52844,592.4665,0.069781944,12.814496,19.870836,0.032689992,598.3251,579.3219,0.03747913
257,19.835226,597.9489,0.03942456,284.51257,346.7449,0.05479987,19.183014,341.4403,0.052184414,291.25903,358.21307,0.043153588,585.897,585.5188,0.046920996,10.066889,595.13257,0.053380128,9.766401,593.29834,0.04767782,584.92346,593.4687,0.11233421,584.62225,592.56616,0.068730175,12.666042,19.943258,0.027451389,598.3947,579.36774,0.035961714
258,19.82558,597.9995,0.040884145,547.3608,595.9867,0.03258483,18.917652,349.3452,0.043115623,34.177914,21.469994,0.04457766,585.88574,585.36694,0.051287446,585.0759,595.06995,0.05595648,9.637989,593.19745,0.051960684,584.9086,593.3326,0.122321285,584.67554,592.499,0.0723242,12.715803,19.880795,0.032286398,598.18976,579.2525,0.037337027
259,19.907887,597.9828,0.03730543,547.3222,595.96216,0.032821167,18.983398,341.74576,0.03724861,34.033684,21.496082,0.050081935,585.8775,585.4222,0.05000574,585.1144,595.0672,0.054837342,9.773275,593.19775,0.04462874,584.9196,593.36865,0.120553195,584.62195,592.5559,0.07177852,12.703977,19.984175,0.02876728,598.27814,579.3271,0.035326753
260,19.887981,597.9458,0.041283384,43.55122,347.326,0.04019192,19.289381,341.50067,0.0752477,34.05572,21.499077,0.05046148,585.85486,585.46216,0.04946844,585.123,595.06244,0.053740688,9.716477,593.2959,0.04633407,584.9007,593.37866,0.12004544,584.6245,592.58673,0.07077533,12.750638,20.020288,0.02865532,598.3029,579.33844,0.03732704
261,19.834555,598.1064,0.03727376,547.2863,595.984,0.031810243,19.037405,341.58557,0.056099754,34.03576,21.600468,0.0478143,585.9326,585.34235,0.053125434,585.1033,595.1742,0.055314507,9.586976,593.157,0.048526578,584.48285,585.431,0.11961532,584.73956,592.5945,0.07410425,12.75872,19.914934,0.030181639,598.17236,579.3308,0.039774112
262,19.818361,598.16846,0.037526127,547.31494,595.97424,0.029967787,18.879076,349.49176,0.034802794,18.319181,581.2831,0.044799678,585.8696,585.358,0.054570474,585.12366,595.10876,0.056779303,9.578887,593.28455,0.051507995,584.94617,593.28,0.121409066,584.754,592.6615,0.07249179,12.73209,19.979334,0.027837016,598.11774,579.36237,0.040012553
263,578.5779,597.12256,0.036461443,380.2554,315.2925,0.031675607,17.766186,38.509674,0.03431195,33.990032,21.569946,0.04610334,585.8983,585.3754,0.05178591,585.0725,595.1271,0.055699192,9.758549,593.2254,0.049767382,584.92194,593.2863,0.1212826,584.63947,592.55023,0.073315576,12.743867,19.960419,0.027688496,598.2474,579.28864,0.03862512
264,19.90406,597.5635,0.034320716,43.707207,347.35837,0.042168323,19.700815,341.26562,0.07772954,34.272125,21.214464,0.041110694,586.3675,585.6281,0.045657877,585.4685,595.1471,0.051169295,34.330982,343.54935,0.04729714,585.39496,593.734,0.10516885,585.0834,592.8782,0.06632028,14.098311,346.6696,0.0308428,598.33856,579.0825,0.0304504
265,19.933426,597.92773,0.038887665,347.70316,523.2346,0.037549596,19.07278,341.56644,0.06263285,34.204205,21.297209,0.037932422,585.8824,585.40576,0.047896404,585.08386,595.00964,0.05289218,9.955225,593.33966,0.049761314,584.9696,593.347,0.11179225,584.5675,592.50116,0.065085515,12.628301,19.79775,0.026054315,598.31665,579.3864,0.035760082
266,19.91107,598.06995,0.03808653,395.81787,107.15352,0.039450552,19.116728,341.44574,0.07223007,18.494282,581.14,0.040877488,585.8276,585.4192,0.04835323,585.0592,595.1562,0.05017615,9.849975,593.25397,0.050852425,584.4907,585.59894,0.109675094,584.73566,592.5635,0.06744805,14.0041895,346.68576,0.028850976,598.2009,579.4192,0.035328154
267,19.892706,598.0969,0.03947141,395.80026,107.115074,0.03945585,19.209751,341.55783,0.066007406,33.913708,21.565863,0.04219241,585.81775,585.2782,0.054327626,585.0105,595.07306,0.057814904,9.735775,593.26355,0.05268863,584.8969,593.2415,0.12101835,584.7148,592.49133,0.07119966,14.000904,346.8109,0.025927328,598.0936,579.3664,0.03984991
268,578.562,597.0686,0.038029004,467.4382,596.3127,0.030750386,19.006987,349.11627,0.048987884,33.856567,21.723928,0.043990467,585.8864,585.3046,0.05378324,585.06067,595.0909,0.058737136,9.858593,593.2923,0.04984045,584.9237,593.2497,0.122921586,584.6642,592.52606,0.07228455,12.629478,19.882498,0.02758335,598.1233,579.3073,0.0372382
269,19.830294,597.9905,0.037751403,547.3102,595.9307,0.030225812,18.055529,54.22132,0.030194411,34.014732,21.543991,0.044272263,585.8217,585.3906,0.04809576,584.98834,595.12836,0.052200094,9.833922,593.3272,0.051346995,584.88043,593.3275,0.11351009,584.6185,592.53644,0.07102281,13.899515,51.30448,0.02533165,598.2309,579.3162,0.03836847
270,19.80925,598.05774,0.04029471,562.85706,595.7191,0.02879036,17.761923,38.649227,0.03690004,18.451208,581.1819,0.039114032,585.9102,585.4765,0.047935646,10.015402,595.0177,0.05148632,9.779321,593.21014,0.04883849,584.9602,593.4092,0.11109874,584.67664,592.6182,0.06981559,12.637163,19.858416,0.029567998,598.2563,579.2591,0.03582851
271,19.775192,598.0408,0.043711375,284.18387,123.22382,0.031379152,17.903296,38.436047,0.03459664,33.794262,21.579975,0.04219825,9.636919,595.5459,0.050723653,10.093001,595.1796,0.055072773,9.665487,593.4329,0.050338335,584.9632,593.3523,0.11358294,584.69543,592.5893,0.07218371,12.637966,19.872116,0.027661998,598.27734,579.1979,0.03545808
272,19.801853,598.1127,0.04752687,547.34375,595.9191,0.030194953,17.822624,38.52499,0.037990566,18.343197,581.28687,0.044465397,9.539956,595.45624,0.056215875,10.043386,595.0957,0.05344064,9.561164,593.39014,0.055652954,585.02216,593.424,0.11271088,584.7267,592.61755,0.07053101,12.70128,19.906136,0.029611953,598.3034,579.2442,0.032974634
273,19.847424,598.0639,0.044428628,459.756,347.51685,0.030645909,17.833284,38.568012,0.038990226,18.42691,581.2514,0.043889426,9.601069,595.5991,0.04928288,10.046359,595.0688,0.05676279,9.590964,593.2574,0.05058324,585.0302,593.4167,0.11274141,584.76385,592.6498,0.07047877,12.661488,19.883778,0.03042705,598.26697,579.23724,0.033798367
274,19.838808,598.0178,0.044068165,451.4117,596.3085,0.029885191,17.852242,38.45367,0.033792768,33.839302,21.650959,0.044548057,585.99664,585.3941,0.047998767,585.11224,595.1407,0.05186501,9.660139,593.4009,0.051295716,585.0215,593.39636,0.11460429,584.7219,592.5646,0.071120895,12.676928,19.913042,0.027433023,598.33777,579.1604,0.03183403
275,19.866297,598.00024,0.038746003,547.3172,595.9072,0.030758904,18.07475,38.3143,0.03340851,33.954147,21.451967,0.04607081,585.90533,585.4358,0.048702355,585.05975,595.1304,0.054071676,9.757666,593.3587,0.05024728,584.9021,593.3695,0.11835588,584.5345,592.5354,0.073912874,12.569362,19.909435,0.026090086,598.5009,579.2438,0.032832567
276,19.917107,597.22925,0.03344723,20.112823,28.138798,0.022732008,17.791273,38.564404,0.033432167,33.888237,21.466621,0.04309519,586.3448,585.7235,0.042430297,585.5605,595.14276,0.04900459,10.606709,593.5565,0.03600231,585.3762,593.8305,0.103273235,585.0164,593.0326,0.063963726,12.755803,19.853662,0.029912453,598.31775,579.09174,0.02960102
277,19.944675,598.02625,0.039736852,475.77573,331.1738,0.045910764,465.93988,331.7184,0.043793604,33.96442,21.350273,0.045116466,585.95764,585.49817,0.048993524,585.14,595.25916,0.052591614,10.072894,593.38055,0.051956277,585.04974,593.41187,0.11117467,584.85956,592.7193,0.07184679,12.747806,19.86119,0.03467693,598.08466,579.29285,0.035586115
278,19.967281,598.1696,0.039715182,547.3025,595.9513,0.03096309,18.536879,21.580812,0.034938887,34.03789,21.373903,0.041400388,585.793,585.4398,0.05005038,585.04987,595.11005,0.05347828,9.837095,593.01874,0.053082585,584.8714,593.3106,0.11588291,584.60803,592.6029,0.071229465,12.737652,19.877363,0.035303,598.2363,579.30695,0.035709776
279,19.852606,598.3082,0.037264176,443.77795,171.2068,0.044173364,18.730991,21.46707,0.03249698,18.343882,581.41364,0.040422767,9.475975,595.7347,0.04977357,10.063263,594.94214,0.056750994,9.652649,593.0523,0.058189385,584.4322,585.58215,0.11203094,584.6565,592.5767,0.07125286,12.624056,19.848978,0.031440396,598.21686,579.2937,0.03604995
280,19.902786,598.3407,0.037255734,451.42444,596.3241,0.031078989,18.889034,341.82013,0.03417847,18.374762,581.3884,0.040011182,9.488542,595.67316,0.055795755,9.973325,595.02203,0.057150543,9.684237,592.90326,0.05383414,584.354,585.51056,0.11561554,584.6408,592.5539,0.07293314,12.676487,19.867365,0.028419845,598.1677,579.2896,0.037408914
281,19.818958,598.3029,0.039214637,435.39417,596.3515,0.032161232,18.929764,349.4575,0.044193555,18.224112,581.45654,0.041686755,9.379858,595.72144,0.05763297,10.088685,594.9926,0.059378974,9.706249,593.1644,0.0626733,584.8792,593.3223,0.11710065,584.61633,592.5722,0.07209257,12.656165,19.915266,0.026124876,598.23505,579.3202,0.03550987
282,578.6406,597.0668,0.03698387,435.42996,596.35175,0.028476378,17.825935,38.530663,0.037914738,18.59626,581.2912,0.038335435,585.9791,585.43494,0.051074073,585.142,595.25336,0.054798648,10.052578,593.26044,0.046000354,585.0292,593.3426,0.11357073,584.81464,592.71893,0.07293005,12.720442,19.857492,0.028403219,598.1512,579.21454,0.03593587
283,20.00011,598.0208,0.035761204,547.3797,595.9436,0.028706552,17.884281,38.457695,0.0359404,18.524035,581.2888,0.03879759,585.98395,585.42633,0.047712427,585.1463,595.1358,0.051335976,10.086704,593.58374,0.052010674,585.03973,593.379,0.109830946,584.7813,592.6483,0.06752695,12.704477,19.8705,0.02408082,598.29425,579.21716,0.03322383
284,17.271866,407.07587,0.054497585,16.637083,395.64713,0.0640581,4.9900756,387.18115,0.1340372,4.4523153,383.18237,0.1548494,13.790894,406.9978,0.11975819,9.162373,371.23334,0.12161132,3.82584,388.8714,0.15334304,4.561423,386.16275,0.17357138,7.7317967,387.16205,0.17063574,19.303467,383.1998,0.0884439,37.304443,406.5716,0.069229834
285,0.13580132,402.26276,0.097964935,1.677881,380.34137,0.09552854,3.8016276,308.22476,0.17133442,9.031517,387.67,0.2611013,10.867255,403.81244,0.21440664,12.369026,415.8191,0.27919105,6.58488,418.22067,0.18648176,10.921728,401.79996,0.39062226,14.243111,389.34796,0.31804693,15.766212,358.21307,0.14946502,-0.21923494,399.65182,0.1654538
286,19.815561,402.3024,0.08444453,17.829468,359.83206,0.21064863,5.642833,308.2179,0.14883143,16.129261,373.08496,0.40846327,20.354607,392.27316,0.40794206,18.146193,418.99,0.5424213,8.440326,419.0694,0.3545413,12.859931,399.32394,0.46702963,24.211313,394.63083,0.53202397,5.6690106,327.1065,0.16249247,-0.73947906,392.13925,0.32406116
287,15.680475,314.86264,0.11433896,15.060772,329.95157,0.18665096,7.2157373,314.85123,0.26335675,16.892605,352.41455,0.44866326,20.23988,387.29184,0.3670749,20.51279,417.84064,0.6233354,10.125935,423.72675,0.44040886,18.419823,328.45267,0.3582671,29.900743,393.93472,0.46899626,3.6857169,332.3866,0.24509712,-1.9479418,398.36057,0.33954448
288,9.112898,319.8669,0.25654873,5.841776,331.33496,0.2576391,13.201262,317.2635,0.56339705,21.676601,350.03415,0.64608717,26.213514,384.68527,0.39610717,23.315182,416.56525,0.6230311,11.654124,423.40323,0.42703465,18.4052,251.7144,0.39556578,32.972546,389.87994,0.5176952,1.82303,334.8576,0.23841289,-2.3902822,397.001,0.32731503
289,12.145617,321.163,0.31276062,12.172154,328.72134,0.28313124,20.841694,319.17288,0.42524022,18.969482,260.049,0.44053924,18.723999,263.52814,0.37625587,25.569061,418.66797,0.480957,19.484182,422.8457,0.2797525,14.188872,150.79858,0.41633675,36.321774,395.69702,0.37793934,3.6072829,252.35333,0.24727003,-0.28505993,401.82037,0.30781317
290,12.812355,233.74825,0.45163682,12.623593,242.8052,0.43778813,20.409264,241.54346,0.34545204,22.931055,258.77942,0.5404011,23.248627,262.80344,0.30745634,29.431152,413.52164,0.2990201,24.955204,417.29044,0.1998589,27.641918,236.68953,0.5696535,28.001684,257.94305,0.3158297,-0.5294523,339.31924,0.2507011,2.9382565,401.28882,0.25883475
291,11.97002,144.14804,0.41401064,10.429359,152.58069,0.39878905,25.09547,239.05014,0.29254428,28.094028,256.92618,0.5106657,22.45364,263.54565,0.23902638,18.736212,424.46204,0.20207798,23.667122,330.3364,0.14391449,31.944805,237.75604,0.526457,37.0299,255.31058,0.23639503,1.8279152,255.51411,0.23569386,2.8972445,413.6182,0.14448053
292,13.387021,144.47885,0.36973584,16.832258,333.5662,0.41048557,29.35462,144.66823,0.27043676,30.890099,259.5027,0.3807262,15.840185,401.4823,0.21028596,18.970192,424.8155,0.26394668,26.650448,231.49713,0.15438782,30.049202,147.95721,0.50390524,30.126076,401.12323,0.285133,0.4239359,159.31778,0.2435164,0.7822721,400.73825,0.15480433
293,28.018476,231.94531,0.32713392,19.273779,247.11848,0.48033664,34.337692,147.07321,0.08415259,26.552343,165.098,0.23774655,21.724339,403.00674,0.19078334,25.944592,418.95816,0.20066343,17.827723,326.38965,0.14828622,43.27106,248.81825,0.42672402,26.349474,367.3892,0.31719375,5.1099873,306.04007,0.23740976,2.0606,398.9295,0.10608704
294,41.872063,232.60042,0.2803237,26.199146,243.30182,0.39574668,12.53238,292.1698,0.2518537,20.711739,399.12738,0.34896332,20.856976,403.49377,0.26657128,25.284122,340.00757,0.21612301,18.528484,427.4501,0.16696888,16.632336,297.38898,0.3934003,30.571058,396.2074,0.27697492,3.7086637,300.12143,0.2706371,4.9662476,307.84732,0.07255989
295,41.706894,235.35378,0.39100537,35.12375,252.64426,0.39892346,20.950687,292.35236,0.22110641,21.695866,399.472,0.26914003,22.361925,405.9622,0.2100521,34.119053,342.74335,0.20698301,36.59894,345.64,0.16655262,56.339832,251.48901,0.5724283,42.499557,320.38333,0.2897678,31.915588,154.85172,0.21559437,4.5623264,400.3942,0.08609719
296,14.646089,291.40143,0.34074137,33.90006,154.03766,0.31708178,15.900456,206.9035,0.31898412,21.980968,225.89798,0.30433142,18.009056,226.211,0.19839914,39.741447,338.2867,0.19012149,37.051876,250.04968,0.15568079,58.603535,156.08984,0.40195918,40.457203,275.05466,0.2973012,49.352417,260.71606,0.22128737,18.73764,306.4078,0.08309222
297,14.270869,201.08405,0.31188545,13.209843,210.27403,0.3986487,19.294792,114.07969,0.20692785,60.75279,262.38397,0.24640341,20.500738,413.12198,0.15101509,52.17167,342.1298,0.17168921,33.153736,149.89177,0.15763879,66.034904,254.37209,0.37512916,61.185474,323.98108,0.20572053,49.8033,259.83344,0.22696698,26.257862,321.061,0.067691766
298,59.85876,235.5857,0.2564894,52.648834,252.70303,0.24946833,30.86099,205.03844,0.15469879,28.243093,217.87842,0.20184006,24.909235,417.0696,0.14984778,58.857605,261.05087,0.15410155,54.79312,249.37766,0.10380102,74.43641,251.32915,0.42990774,59.093212,275.09155,0.19349459,49.049118,250.24106,0.2056896,77.05723,257.84238,0.066685505
299,73.13903,241.1683,0.21013694,65.286446,252.19357,0.27304423,77.91333,241.67215,0.1628588,75.0319,262.27304,0.25812295,24.496704,417.78262,0.1399741,25.410833,307.23532,0.1298487,53.359756,243.61572,0.09878384,80.12648,256.7149,0.29818255,28.212317,292.62088,0.22241013,48.26276,404.7648,0.1747521,100.54535,233.95091,0.051373575
300,74.63939,237.29361,0.22344556,67.185356,252.74783,0.2822586,12.418959,355.08124,0.11162558,49.97512,400.86996,0.18110298,16.54604,371.04535,0.13725467,64.85946,424.17206,0.15410112,20.154037,388.5247,0.13465777,88.13548,252.9261,0.47517902,33.87888,289.2846,0.23581015,67.65508,259.79843,0.22228476,96.0614,259.88037,0.07957831
301,44.89571,292.7213,0.24128002,34.49612,300.19907,0.30758378,17.407026,350.88586,0.1047698,41.843685,402.8466,0.15714027,65.96869,324.7299,0.16533634,36.19833,311.66943,0.17913872,67.82935,243.07881,0.10358242,58.79073,394.92157,0.2940336,37.082504,288.10922,0.2366933,49.278454,322.6906,0.24777076,62.05448,324.08032,0.075366125
302,12.94418,347.2001,0.1861979,81.713585,251.89362,0.22061016,19.282799,353.22217,0.17148726,93.60905,261.61148,0.2039772,32.06936,372.15778,0.13674119,30.70496,298.39648,0.15242863,37.371616,310.2795,0.116264574,100.92241,252.09586,0.35006696,35.734764,286.75327,0.23326844,82.46733,259.66815,0.20162356,62.091812,321.3065,0.058553647
303,59.624184,293.04346,0.20181951,48.833977,301.01273,0.26952022,22.294348,353.19666,0.08558357,59.08982,404.03738,0.14925148,34.471153,291.04465,0.13062142,51.451363,311.49716,0.15937346,37.84377,309.3183,0.10238849,105.92212,252.50513,0.3240154,36.81407,286.7456,0.2393196,49.65875,311.44794,0.23233773,111.701965,258.35,0.04245114
304,59.682503,203.22565,0.18271099,59.224678,211.03798,0.23239064,108.81442,250.03539,0.10329403,108.06186,263.23596,0.18946417,80.60384,416.6987,0.10907478,51.62882,309.7532,0.1436209,82.950935,243.0733,0.1051406,111.78327,252.96803,0.3104447,51.164104,289.712,0.18362537,51.98423,214.03363,0.19868913,97.78946,258.63812,0.03843908
305,105.67991,244.24445,0.16052476,98.07192,252.55492,0.22996283,112.86659,254.40198,0.10232857,74.99704,229.84929,0.1181434,115.96516,270.25458,0.09439459,103.12919,261.35568,0.11119007,83.58357,241.99251,0.10229237,119.60948,254.51923,0.37335607,65.38007,292.14438,0.1669571,68.3842,310.45798,0.18799454,134.64658,232.99849,0.048199702
306,76.24452,204.27638,0.12799641,76.73788,211.85608,0.18593305,80.9864,207.91733,0.06414169,122.47956,263.95822,0.13381086,128.54266,274.86,0.11792107,101.82711,259.6431,0.101167634,98.76071,244.45749,0.08713016,124.59939,253.6352,0.31006107,106.98495,243.81064,0.147732,66.59472,213.88953,0.1448737,118.74391,263.49908,0.042307697
307,77.037926,203.76012,0.1266573,113.87476,252.2892,0.18064635,12.247931,325.0304,0.09750358,129.18535,263.23062,0.15834899,97.00086,418.2294,0.12521051,107.05816,254.37975,0.11531917,98.59331,241.85327,0.10642839,130.95447,254.3129,0.24966738,24.244522,338.02182,0.18648937,115.060524,260.61038,0.15601404,86.02267,406.1604,0.043934442
308,129.73592,246.95674,0.104523145,117.37977,259.1888,0.16873835,14.396725,324.2096,0.0977464,136.88167,271.4796,0.11909932,142.81157,274.57687,0.10329558,118.33529,260.3168,0.10457152,15.804756,323.08063,0.09633106,137.2858,254.37978,0.2967496,22.095951,343.5949,0.15621325,82.49116,214.55807,0.15071043,136.89534,263.72308,0.037246335
309,92.74587,204.40524,0.11887857,12.580119,324.78333,0.16506088,17.31771,321.08328,0.1063728,105.7102,223.07866,0.11126828,20.404058,345.20343,0.0769548,84.84589,309.67316,0.09961226,145.25906,80.25472,0.0948076,106.39663,211.1627,0.16810247,97.139656,294.28076,0.1425247,84.07122,213.29276,0.1513642,33.78201,433.96817,0.031682078
310,147.45074,67.538704,0.14786324,12.446051,325.3472,0.16287416,19.45469,321.5442,0.10013579,139.0683,263.21472,0.11264265,112.94133,418.27417,0.10874172,133.51227,259.2464,0.088750206,10.500587,147.92175,0.09222318,107.0679,214.0169,0.15454926,97.55928,388.04092,0.15661898,99.798546,310.62448,0.15623389,167.6664,326.06927,0.031328317
311,148.44182,67.01193,0.12722918,107.83317,308.95288,0.12529014,7.000555,324.35794,0.09556422,153.59161,270.54166,0.15777564,159.99701,275.491,0.090712786,101.4241,308.82507,0.09411782,158.87215,169.03793,0.09007019,154.71939,75.42961,0.18893416,113.26219,294.63544,0.1218165,99.609055,217.4715,0.13830394,199.73897,278.39267,0.03419703
312,109.76944,204.31816,0.12000069,108.34089,212.45326,0.16181251,22.644491,325.07352,0.08354097,154.61093,262.5264,0.15953156,161.2687,271.37524,0.08939853,51.572395,355.33365,0.088533565,50.498215,353.675,0.08028258,122.271225,215.76393,0.13301565,113.30511,294.20828,0.13064355,100.86958,213.32278,0.12257149,120.25692,408.3141,0.03090664
313,124.316734,305.2378,0.100650765,115.51244,315.2146,0.13677216,161.51595,255.07649,0.057520308,154.5954,262.41513,0.10611034,164.00352,283.47247,0.08329172,123.83654,319.97174,0.08899564,172.35481,264.45523,0.08416352,169.25813,254.53442,0.14427139,128.42099,295.14618,0.12209554,116.35827,311.69385,0.13795328,180.07262,246.9664,0.03856154
314,124.83643,306.42737,0.10027793,124.09279,308.74954,0.12327021,42.076275,129.45647,0.06650387,170.28885,272.30478,0.098165095,178.62354,283.5783,0.06669725,137.91324,310.8699,0.07534139,178.1492,81.14968,0.0868525,138.1331,313.3426,0.13060004,129.21124,294.10645,0.09844339,116.99268,219.19402,0.15089431,215.15913,278.1774,0.02773191
315,178.88869,258.53018,0.09623848,131.12463,226.33626,0.12169068,142.69583,225.42685,0.10704976,177.48006,271.3909,0.122769274,192.9348,282.50894,0.07370133,75.37173,363.21365,0.07919076,145.69609,241.07004,0.08486108,140.08038,218.12157,0.18375684,34.57687,401.63376,0.12000877,121.60598,222.5559,0.14219858,145.8853,432.19177,0.032484442
316,147.11447,213.0645,0.096143745,141.61046,220.11327,0.111875996,144.48193,220.33017,0.058725663,185.16393,271.20306,0.13123968,32.9531,403.8081,0.10629791,197.12318,259.0398,0.07827392,189.54114,273.54358,0.10438563,142.85216,220.14716,0.14816564,35.002556,398.57965,0.12990303,132.48654,225.68646,0.124848045,162.74603,434.19937,0.03154592
317,12.640801,380.38922,0.15209411,13.165459,389.67953,0.16996539,20.44675,384.82294,0.09420846,192.89926,271.26166,0.110807545,194.43318,284.15286,0.06980627,198.31364,260.54153,0.062743455,33.7312,418.30157,0.07747963,155.03665,225.81139,0.12947266,35.053444,399.56702,0.09769239,7.0142107,395.3674,0.12101495,196.55522,246.91054,0.03202743
318,194.97871,259.50003,0.09656515,181.684,268.3638,0.102457024,159.64647,225.60536,0.093533054,187.73082,264.32608,0.11800032,206.74693,276.41928,0.07351453,181.3956,261.35892,0.06523472,182.20245,261.56213,0.089309275,200.82765,272.13248,0.1628029,161.06873,308.081,0.09616439,180.0806,268.3226,0.11127848,211.427,288.49255,0.03496107
319,82.95938,419.29117,0.08675015,76.65377,421.5967,0.10824298,161.62491,225.83115,0.081177205,155.22554,229.97635,0.08757816,209.99802,284.44647,0.08391611,60.01561,428.33295,0.06607892,207.95705,274.35614,0.08479232,169.77655,220.6924,0.12463822,161.06296,308.48074,0.11492075,187.75706,269.32574,0.105533116,213.60236,246.34906,0.032873716
320,211.3796,69.81628,0.08739534,44.94844,388.65933,0.09513488,169.7042,129.53651,0.06831671,209.58537,270.91925,0.1084352,211.19662,284.91888,0.06620283,51.295135,411.06146,0.063900806,181.06058,257.81866,0.06611876,215.04811,272.88892,0.119498685,159.89468,307.34576,0.10574787,188.1959,268.91406,0.09778963,213.97923,246.26982,0.024506621
321,84.45227,130.73882,0.060749177,77.28467,132.10484,0.08642936,96.65272,338.41232,0.10400346,91.68613,142.82666,0.081646785,67.063805,418.96985,0.06989222,49.75001,390.57144,0.063419364,225.0162,185.37607,0.08044939,184.85635,328.8405,0.08979033,177.24278,309.31842,0.09212672,123.79826,379.39536,0.10894336,194.88028,434.71524,0.032813616
322,92.36459,420.55243,0.078996815,84.09131,428.01703,0.13035795,184.64311,224.82114,0.06348282,219.6796,278.99887,0.11750864,226.20656,285.82806,0.0708487,76.373795,428.53452,0.07561482,195.62737,257.8677,0.08779741,107.54386,433.5361,0.14315693,177.10056,308.50522,0.086312756,204.57791,268.9415,0.11221013,93.48233,438.12497,0.026309947
323,228.04793,82.4881,0.100516595,12.967499,362.7023,0.10627898,92.365204,140.49716,0.053023595,218.90273,263.33124,0.07428917,83.82113,420.27573,0.07211002,245.45734,274.52905,0.06352072,238.08252,280.54245,0.08065204,234.41252,83.6615,0.10781197,220.9949,267.95782,0.09340265,218.74301,91.53526,0.09273739,261.97577,166.21059,0.022133924
324,229.42279,83.98003,0.078084245,13.804769,361.23282,0.1314573,228.60065,276.31165,0.06209337,11.966634,366.07913,0.10010342,11.698005,378.81845,0.08413953,12.217304,379.51184,0.11181634,10.665394,373.86566,0.1017308,200.71954,137.19429,0.12183308,33.643784,368.30423,0.0868529,141.38019,379.70782,0.09437914,2.9762888,367.90863,0.03299364
325,244.31508,83.69772,0.081297845,12.595917,266.68585,0.07923714,180.80183,228.35385,0.049134918,242.26215,285.79587,0.0997846,242.59985,287.2439,0.06851349,11.883233,172.37714,0.057548627,27.00718,370.76694,0.06298837,248.00154,280.5191,0.07865009,98.4652,418.86932,0.08266759,188.62729,139.97212,0.109746486,203.52698,427.3203,0.024448935
326,245.23212,84.32703,0.083908826,76.780045,403.27887,0.08308525,121.70205,145.12811,0.05953694,250.43425,286.41702,0.07889835,272.77176,76.47817,0.054359768,263.24393,83.85082,0.07394093,258.04526,97.443184,0.100506544,123.95569,140.36925,0.11772171,98.91694,417.7856,0.06994027,237.77815,269.62888,0.09030958,295.3957,197.45534,0.023305215
327,259.39563,83.918495,0.12375064,124.46032,435.78064,0.08430028,245.84805,276.61768,0.060836043,257.2554,286.4629,0.11077543,259.14258,299.22284,0.059783008,263.15726,275.81927,0.059794996,259.1237,98.68248,0.074612975,219.37526,235.27582,0.14333172,259.9743,298.40945,0.07981251,201.97377,237.47237,0.103634946,259.60367,262.13068,0.019471623
328,259.88577,275.78842,0.08983786,124.97987,141.22539,0.081680246,245.38763,277.33536,0.07154843,139.49188,158.59882,0.09784978,98.67887,419.43298,0.06445159,278.97116,83.5728,0.06355208,246.31483,276.26703,0.09087093,265.53256,289.08322,0.11354696,249.97212,268.1837,0.08064278,75.15221,410.30365,0.09236267,278.02722,262.3861,0.027865186
329,275.59656,85.66847,0.08871043,269.50204,92.52974,0.074314035,259.73703,276.85477,0.07523363,219.38144,245.3621,0.07904921,274.27908,300.4589,0.0694004,279.26767,289.69595,0.058877308,272.49344,289.62823,0.10646222,272.52042,100.536705,0.100945756,222.14545,237.21944,0.08848951,251.79105,284.82397,0.09190866,243.9991,451.10526,0.027594915
330,276.4738,98.46205,0.12687784,237.02687,148.29895,0.10306243,239.16956,146.07074,0.06581941,146.07777,166.97789,0.09880299,289.3615,93.01916,0.07808311,293.621,84.35689,0.083712235,244.57521,273.8916,0.07156227,282.02304,93.72717,0.16815701,114.83571,130.87254,0.08229911,227.34619,148.21562,0.11094016,326.80914,196.78934,0.018414855
331,290.79446,86.015144,0.09294747,108.750496,404.9472,0.092832305,108.17625,400.14316,0.05190344,242.49948,254.45842,0.07524757,304.15128,92.53602,0.06159932,295.29398,85.72112,0.0634745,289.89417,113.718735,0.09120951,288.8365,93.05802,0.10947852,131.06514,432.4349,0.07122797,139.26872,154.96869,0.093179844,327.2836,213.18631,0.019172577
332,291.29282,98.95855,0.100509994,236.1996,243.70233,0.08636724,277.0261,197.0399,0.0649142,250.10602,255.16064,0.08407823,304.04666,92.40062,0.07094951,236.09523,252.63779,0.064964555,290.24155,114.672066,0.0788762,290.70108,93.13225,0.124419115,258.74847,266.85657,0.076390125,275.583,106.566216,0.08998966,259.98007,451.38477,0.019971026
333,291.6707,98.31063,0.1089511,252.3132,244.20139,0.106891975,162.32175,162.75928,0.0537725,250.87354,254.83507,0.09694394,131.51038,435.01404,0.07345312,310.2466,83.982216,0.07656655,212.06212,115.32886,0.07259429,253.0109,239.309,0.13310061,280.70447,179.68782,0.0794733,282.26236,108.131096,0.10691939,158.18999,454.71878,0.027275832
334,293.54926,99.26109,0.1163968,300.70972,100.31457,0.092496075,302.4272,289.63248,0.052122124,258.7316,254.14467,0.07127492,304.48566,306.908,0.067051105,311.56967,99.46286,0.06519235,305.36453,114.183754,0.11485508,304.41974,92.68915,0.11049492,285.02618,283.86703,0.076641046,283.75897,108.19725,0.09844801,259.38925,450.68063,0.019898951
335,307.32172,99.1878,0.128567,269.03293,148.06694,0.11708133,177.31104,355.7398,0.05049948,265.6714,254.64688,0.1077805,307.09735,122.111404,0.075334996,310.3187,290.30228,0.07384756,303.31744,296.80734,0.10155858,266.16327,152.29803,0.16895474,308.318,121.58141,0.09941506,291.36584,113.77994,0.102720656,160.87242,455.38455,0.02824574
336,308.47952,99.2715,0.082032695,164.55963,163.52057,0.0794077,293.3115,292.59085,0.048589054,266.66937,254.58055,0.09586005,147.42076,435.40448,0.065146126,326.89914,83.698326,0.06754337,299.19202,305.6842,0.06548431,314.45657,100.02052,0.08159136,275.42758,266.8474,0.07470936,251.71974,156.06654,0.10149251,162.6426,455.2095,0.03258126
337,309.0833,98.56009,0.108575776,172.57466,443.78998,0.09439666,177.97075,162.8078,0.04599994,267.00107,254.53545,0.09838764,147.54453,435.1341,0.0671003,326.90836,98.77336,0.072673626,321.0726,98.67894,0.09661144,319.62814,92.62193,0.12064812,163.51938,434.78848,0.07448834,298.73914,108.30026,0.09058803,30.402317,66.47206,0.034605067
338,309.5332,99.82915,0.103207484,164.34933,450.23947,0.09742331,293.4493,293.05093,0.053110998,281.57257,254.12851,0.07511953,336.28488,92.290985,0.057603046,328.1277,99.38084,0.07391969,321.9277,114.50737,0.09702945,188.19069,449.7047,0.11164277,172.17863,436.49893,0.0796433,299.93713,108.25489,0.091263965,30.013601,66.92497,0.030878974
339,323.51913,99.308754,0.120684996,285.0613,148.20139,0.103836276,186.81923,355.09854,0.048031203,281.87195,254.64613,0.11257821,323.33896,122.325615,0.072938696,326.87122,290.53223,0.07144817,319.69553,297.19427,0.09300336,284.2355,142.36711,0.12677634,163.5765,433.69064,0.09367276,171.89832,156.54013,0.094819374,28.886337,66.56527,0.047884356
340,323.94714,99.526115,0.08122282,284.5577,148.32217,0.08418702,309.31192,292.40253,0.062762834,283.0815,254.90915,0.09547908,337.24954,92.30118,0.060159877,315.63712,297.24866,0.060779575,315.45578,305.6766,0.08113834,283.3204,247.90503,0.081802934,162.21286,130.68661,0.0752974,267.03552,155.88904,0.103544846,28.64547,66.265564,0.07436109
341,324.6088,99.287224,0.08669778,188.95152,252.10382,0.084386446,193.50232,355.88824,0.053302504,194.80252,166.24278,0.09114288,162.83643,435.0999,0.07064741,342.8186,99.19489,0.062260937,336.47705,113.42642,0.07138218,335.13104,92.78675,0.09755819,164.14339,433.33746,0.07072013,83.989975,163.81432,0.10684058,19.110878,72.572876,0.062232085
342,291.61423,243.57805,0.064366505,180.26064,450.99664,0.09552931,99.21787,377.82822,0.05189682,92.15377,382.08725,0.0934917,209.00674,466.76385,0.056246832,344.8121,98.71398,0.06776602,338.7278,113.7438,0.09850194,202.80351,450.5255,0.11303794,291.9983,266.6266,0.07158742,84.96884,163.79243,0.106023245,46.44168,66.76934,0.031043168
343,339.24808,99.68206,0.16422926,333.35364,100.7743,0.11431505,35.00505,69.09378,0.059069987,298.33234,174.49959,0.09701585,339.10193,122.80294,0.07559865,35.357773,71.11649,0.08498484,36.246025,85.843864,0.10783206,337.4148,115.05046,0.1144043,340.83112,121.51219,0.09024408,277.05182,155.766,0.100223094,17.639091,59.806328,0.08134373
344,339.09048,99.185036,0.15000768,332.3346,107.96164,0.110630125,208.06612,162.03279,0.061092984,209.08429,167.0634,0.09639633,352.96185,92.90367,0.06284071,359.31558,83.24303,0.07807584,336.24368,305.35452,0.08666403,345.11517,107.52076,0.12676387,350.75684,94.8507,0.07762172,194.85757,164.31099,0.09895324,18.685614,59.0668,0.08001893
345,116.90723,162.93202,0.097281806,204.83353,163.18427,0.13472046,208.43723,161.73651,0.08948619,203.15155,180.9547,0.11434002,178.012,435.3297,0.06829125,343.63058,291.20593,0.06801218,336.7817,306.6979,0.079005875,218.53128,157.58899,0.14818247,179.4632,433.20767,0.09281364,195.81021,164.0375,0.12363438,341.3686,276.86435,0.021428583
346,340.82507,100.574486,0.08585194,157.0814,419.82233,0.10740721,305.17377,258.6556,0.065212026,109.22512,381.3621,0.09385822,177.446,435.40906,0.061838966,139.21283,412.5393,0.065580584,325.3382,292.02542,0.07363221,169.09248,424.13293,0.09931198,131.97504,401.68384,0.08372821,99.91681,165.36052,0.11303974,63.37439,82.29495,0.02145725
347,354.78656,101.891975,0.1485083,353.4015,108.49439,0.11205452,312.15012,160.7556,0.07024247,219.7758,174.00058,0.09274048,367.6596,108.591675,0.08007283,138.79308,411.64728,0.05558451,50.26986,86.84689,0.0844113,353.99448,111.4453,0.19709593,358.76315,103.31899,0.09419982,293.02457,163.90735,0.11105547,21.715298,51.856495,0.023206176
348,355.9595,114.9417,0.12099395,220.8755,165.1165,0.103882365,51.305336,84.978676,0.043961484,225.2585,173.58264,0.09663922,368.681,107.99934,0.070072345,374.0839,99.57871,0.095332466,51.37621,17.61948,0.11002219,361.07825,109.05757,0.12637506,347.4062,109.9741,0.089484744,204.58331,172.7945,0.088546224,35.67922,73.65734,0.03370742
349,356.0743,114.77521,0.11500917,221.38274,165.95888,0.1196459,225.81633,371.55612,0.070004195,225.51555,183.1823,0.13654141,194.22972,147.71536,0.067652225,374.50452,100.51046,0.07926144,51.456505,17.110271,0.08584362,366.7376,108.23485,0.12799805,195.22311,146.14868,0.12239866,210.21805,171.00677,0.12704195,61.13469,68.44624,0.022534868
350,357.58713,114.95178,0.15417351,356.0265,123.42964,0.11673826,65.99972,84.89125,0.063234344,123.46218,398.77405,0.09881943,383.83096,108.782104,0.064369224,66.11233,85.24611,0.08135807,369.27133,130.56233,0.10813103,132.40366,172.34366,0.14881247,371.73,138.06735,0.080300115,115.4853,178.10127,0.11514538,47.15646,74.41074,0.06033566
351,371.61053,115.89886,0.14272706,220.55023,267.9929,0.10407498,66.176956,85.202484,0.059505895,315.4545,270.52612,0.08360843,370.9242,139.36441,0.06614924,66.98867,85.661995,0.087728806,51.758785,16.770464,0.096425846,368.9708,110.80124,0.10613493,372.54456,137.8644,0.08679277,347.83572,124.56511,0.10468487,69.22702,26.803568,0.05740774
352,370.34354,114.90797,0.20636803,364.35504,123.083595,0.15136173,342.44806,117.50866,0.05081293,330.42963,190.33461,0.104819246,371.0045,139.06035,0.08693773,391.35574,99.076096,0.07703471,67.54678,17.906748,0.118653566,375.3247,119.26136,0.19655637,218.99596,163.829,0.092340976,346.41223,125.05022,0.10780293,69.62751,25.929356,0.074045524
353,372.19965,115.33095,0.123273574,227.99121,179.8474,0.10348429,68.04897,84.11718,0.079837956,234.58026,190.69493,0.10233452,368.53885,323.8819,0.06393727,68.3751,85.38775,0.09891389,66.73168,89.131096,0.16382384,362.4879,320.68735,0.11031956,383.71317,110.579056,0.09518108,219.89423,174.17828,0.1001725,49.53394,73.92108,0.09591853
354,371.79123,115.18514,0.14893983,316.14697,273.04788,0.101713546,67.90374,84.59513,0.06572547,362.78207,318.363,0.086780414,338.64645,291.76913,0.067199126,390.09662,116.62947,0.093426235,67.20776,89.291534,0.118286796,330.3144,266.51395,0.14415798,383.9619,111.50989,0.10502913,307.6957,268.52866,0.12968934,51.167904,73.86394,0.06605611
355,372.79636,115.48809,0.13811466,228.50587,179.7628,0.09296025,356.94147,308.82803,0.05135069,242.05121,182.2674,0.0959634,399.7382,108.64984,0.064463325,390.98193,117.23793,0.07706032,385.61685,130.30081,0.09811297,384.2674,113.132996,0.13017641,385.5084,112.95564,0.0817552,130.11284,181.0917,0.12379995,117.395256,167.50296,0.021159275
356,387.17877,116.47951,0.12136196,333.00357,268.38782,0.08685873,81.46876,84.88789,0.06594341,242.77393,182.27512,0.087959364,146.95078,195.68034,0.06369234,81.122665,85.46476,0.08446292,70.080956,89.92175,0.13858454,331.82626,267.6513,0.18194371,315.98294,260.90222,0.093426555,130.9847,181.33574,0.13473962,52.180443,73.57603,0.062471274
357,373.49454,116.70097,0.11891916,333.09393,268.76343,0.08683978,82.09188,84.85311,0.06774963,332.01642,270.801,0.07989558,399.1697,116.90842,0.060330167,391.73648,117.32566,0.07259236,67.74156,17.091778,0.105322175,332.20657,267.54532,0.100022316,399.2488,109.24672,0.09035801,363.70233,220.67763,0.10598749,49.458817,71.27555,0.06651794
358,373.979,116.59824,0.14163116,323.94144,274.9522,0.11109534,83.15835,84.07177,0.08625473,336.54767,279.70117,0.08389759,399.76376,116.95117,0.06325006,82.93996,85.90611,0.11196677,82.07327,96.28233,0.20136376,333.4889,268.1961,0.17095031,398.98227,109.96517,0.09024851,132.74579,179.47165,0.10963258,60.208828,73.44283,0.0830458
359,387.29913,115.56294,0.13431296,243.50383,180.00873,0.093315855,83.70798,84.51839,0.079936676,250.4346,190.75145,0.12671328,400.679,108.4053,0.0635897,407.35043,99.63455,0.09826497,82.78381,88.6854,0.17642084,346.19266,170.8965,0.11773918,399.31384,110.45078,0.097948276,133.2118,178.11388,0.123584576,91.17893,82.50084,0.055901837
360,387.59897,115.07358,0.1488167,157.8416,185.0237,0.11757577,83.38223,84.660164,0.06389429,139.94984,398.599,0.14741407,149.2217,182.08437,0.07103505,407.43842,100.60058,0.09834893,83.20127,88.08547,0.15514854,158.28178,173.02023,0.14799693,399.2621,111.59799,0.11069365,133.71231,172.56168,0.10872177,85.97736,25.369043,0.05144621
361,388.24142,115.310555,0.13290639,333.8404,267.76993,0.087063625,83.39528,83.9039,0.0743284,139.80147,398.7191,0.10541002,400.2629,131.57422,0.06590896,407.7109,101.10398,0.09242537,83.08316,87.98972,0.18318923,395.50543,131.31667,0.10535517,400.56708,110.789696,0.10620239,331.1788,173.23566,0.10296906,63.197697,71.62981,0.079463094
362,388.51126,115.41768,0.15677907,395.5445,116.925674,0.091268755,140.3769,387.1006,0.052339923,339.8687,270.97977,0.087641425,401.16968,124.34256,0.060617488,407.8741,102.20523,0.08753691,83.09634,86.97228,0.11236899,400.1737,113.3204,0.12934572,406.46313,114.883224,0.09767108,323.8131,268.36832,0.12109118,53.71677,51.955536,0.03816172
363,389.44476,115.45429,0.14494197,331.59412,272.7643,0.12053775,114.81796,389.18533,0.055122588,258.19296,182.57024,0.093591966,353.87863,291.4984,0.08045551,406.81332,119.0667,0.09014162,83.78178,87.31249,0.11986815,346.50003,267.3866,0.22030307,407.8431,115.96631,0.09555973,323.5719,269.40784,0.12730643,77.31837,51.733265,0.044940542
364,403.3961,116.155876,0.13692847,244.47293,179.2107,0.10407101,257.23236,178.00346,0.06913516,257.8271,182.51111,0.1237258,414.7268,116.86043,0.0673614,406.88315,118.565926,0.085770376,84.8318,88.60841,0.14282124,347.27316,267.3738,0.16722484,402.23715,111.41719,0.095968924,244.08917,172.5732,0.109389275,53.205032,58.38791,0.05277658
365,389.78464,116.44352,0.13347696,97.4363,75.11424,0.08673228,98.15968,83.99257,0.09630272,140.17581,398.46375,0.11394709,86.95175,87.48435,0.086316094,89.51259,85.90239,0.12229201,88.72451,95.29772,0.24868219,347.86334,267.5283,0.13458496,331.52472,260.60272,0.09420933,179.79008,434.17834,0.09913531,81.1695,82.98758,0.13275334
366,403.08643,116.004074,0.15247445,339.63745,275.08295,0.08951613,97.90546,84.37718,0.07372224,140.31181,398.24893,0.10701155,92.211296,81.47057,0.07000526,423.46744,99.41358,0.09418756,88.031075,90.03181,0.19885615,348.2808,268.0149,0.12494637,414.94644,110.82556,0.10912932,340.11038,172.54301,0.09201502,61.439793,69.68571,0.10332592
367,402.9205,115.99507,0.17705108,388.54858,125.34297,0.10701027,98.166565,84.67252,0.06362221,266.47217,190.59146,0.10616198,68.49885,57.668484,0.07213853,423.4386,100.226036,0.100154705,60.9211,66.709526,0.17916116,408.56375,120.43477,0.15179491,414.84964,112.47906,0.12364404,149.24599,178.80879,0.103682175,65.600555,55.920414,0.15267922
368,402.85153,115.169785,0.168375,389.005,124.99697,0.118727386,373.56985,116.93978,0.045620512,157.20193,171.57573,0.09610155,415.8299,124.41752,0.071109116,421.6871,116.9437,0.0983674,67.121475,66.28621,0.1689557,410.9269,130.55998,0.15863441,415.5844,112.79595,0.11589664,149.82729,172.08775,0.11743825,67.02523,55.92351,0.1368876
369,403.60892,115.67831,0.16141699,173.94534,185.3402,0.10160268,99.56641,84.50608,0.065727495,155.58438,398.63156,0.11537288,417.44687,139.78868,0.06736215,422.34402,117.55217,0.085579254,99.28897,94.76071,0.17527789,410.5817,124.30497,0.16636577,421.42035,115.33638,0.09652439,251.89595,173.8231,0.09696749,67.9618,57.581062,0.105598554
370,404.69125,116.095024,0.15328868,157.2394,387.8908,0.09118467,99.52724,83.88362,0.07042248,155.58107,399.22906,0.09399934,418.1777,140.2982,0.07345767,100.327805,85.10957,0.097807236,99.3011,94.944725,0.17505233,412.32385,131.70511,0.12980367,422.70453,116.499435,0.08934836,395.53793,140.21265,0.08918628,68.00756,57.594738,0.14316258
371,419.15466,117.37304,0.108667135,204.68263,435.3934,0.08478178,100.01829,83.587494,0.06736231,156.11337,398.50043,0.09973907,85.23429,71.695045,0.059986845,100.71588,85.996155,0.08940017,99.42322,95.413155,0.18217365,360.9973,274.92462,0.09080278,431.39542,109.82888,0.0882924,339.3484,270.09824,0.08460824,77.73255,71.368996,0.10727924
372,419.62048,117.121124,0.11024205,268.2904,179.34883,0.11976923,269.307,174.99573,0.08327274,273.84354,183.061,0.14493716,85.04859,70.94778,0.07557452,101.13507,88.103,0.077701844,100.31704,97.26494,0.17668846,282.89178,174.0692,0.15879202,277.73526,201.9348,0.10778754,162.22208,180.21765,0.12186472,77.500885,70.032326,0.10866647
373,418.86734,117.56728,0.1561418,269.13428,178.86029,0.11876208,275.19522,173.34746,0.06798911,274.3349,183.05304,0.13371333,431.8575,123.75679,0.071637176,439.80795,99.64457,0.07542129,88.4561,67.12257,0.11520325,284.05267,173.61528,0.16211016,431.23828,111.80904,0.10919438,163.2924,181.25703,0.12762451,80.52229,70.54228,0.056533404
374,419.1737,117.5377,0.13931635,174.4225,173.79993,0.09777897,274.60596,178.69911,0.063563116,156.16685,397.84967,0.11249546,432.20526,124.08902,0.06362834,438.47147,115.85825,0.08958592,82.23391,66.36316,0.119476825,284.5088,172.7226,0.1112879,432.3794,111.79377,0.096791066,164.18376,180.76878,0.104920514,82.462265,70.32019,0.060779173
375,420.1907,131.09526,0.16233632,196.31487,435.26645,0.09687428,274.64447,178.94226,0.050571807,156.01045,396.9209,0.147696,432.80856,124.25002,0.06715356,438.47205,116.85808,0.09565912,82.29554,67.21366,0.15167506,425.95956,125.37652,0.14565231,431.63025,125.46451,0.10769741,261.81888,173.55281,0.10521076,81.78575,69.458115,0.08900196
376,419.72812,116.81523,0.12537274,174.73225,173.66533,0.09307534,147.35684,292.51877,0.04357744,282.89,190.26706,0.114341855,180.96515,182.0653,0.071632445,438.87384,116.98575,0.09041185,114.89291,101.24378,0.1449479,426.994,125.41969,0.1292356,432.55637,125.17973,0.09722126,165.79169,180.07526,0.123265274,82.70755,70.04212,0.102194384
377,420.49365,130.02486,0.19078137,418.2854,138.58475,0.14125183,113.80817,100.63668,0.05429613,378.16873,190.56221,0.10337963,434.11755,132.9885,0.062064353,438.88635,118.569275,0.093014285,114.40574,101.71351,0.18584749,427.9449,127.22372,0.20616563,436.67233,117.981125,0.11668162,268.59183,188.06534,0.09442282,83.50804,72.29698,0.07188334
378,420.7484,130.52591,0.13709892,284.15683,180.62366,0.11026092,114.567726,100.002495,0.070084885,282.54654,190.59987,0.1052296,447.47165,124.121605,0.07208928,115.240036,96.30534,0.1023488,114.72384,102.34202,0.24620627,432.8893,126.30386,0.17221504,438.36798,118.03819,0.09810604,268.82117,187.94637,0.097718306,82.14496,71.340614,0.11556225
379,434.62488,117.72313,0.14639339,380.65167,180.48567,0.13086283,147.58601,389.12216,0.063799396,188.78128,188.41249,0.10065794,181.4902,182.6211,0.07145172,439.80756,119.157135,0.06704833,115.85777,101.79934,0.16731828,433.35275,126.49581,0.13865677,196.05821,179.96013,0.09148077,370.59222,180.79573,0.10595083,83.08116,71.3114,0.081793614
380,435.03186,117.63368,0.13568729,283.82483,180.34761,0.10669391,357.65735,276.2206,0.06088186,282.8886,190.349,0.11495212,181.53613,182.50429,0.07599315,118.25026,101.05888,0.07337016,116.02677,104.07754,0.20257035,433.35413,126.71032,0.11102204,196.4748,180.01979,0.099976584,177.03674,183.67581,0.10765339,82.17851,71.45681,0.092491016
381,435.0296,117.48815,0.14655334,433.59653,124.17519,0.10341376,126.75671,99.977974,0.058492,117.68617,97.30575,0.13063449,118.059296,102.54774,0.110562086,119.28318,100.68033,0.18069467,117.65661,111.99846,0.3495967,433.49457,126.62688,0.13008906,130.55347,90.95231,0.09808753,411.58392,140.52292,0.095611334,79.34168,71.06385,0.2061347
382,434.88782,117.67613,0.14994554,276.17075,179.1432,0.09977087,126.83154,99.98544,0.06806659,117.90376,97.53995,0.107481085,117.771904,102.52291,0.086089045,119.20185,100.53142,0.18073905,118.1864,111.88345,0.33018103,433.57574,126.866066,0.14424147,131.30118,89.77864,0.10621247,411.51193,140.60562,0.09854606,79.81879,72.117424,0.21684746
383,434.7934,117.905846,0.1624422,190.42618,174.87938,0.10999968,290.1299,179.06094,0.054895252,196.05756,188.86613,0.10453346,196.11705,196.87947,0.07927478,115.75347,90.67113,0.08690258,118.03002,104.22168,0.20324656,433.65216,127.222435,0.16585134,439.9917,126.624344,0.09510426,180.25475,182.21767,0.14096266,93.772545,71.02102,0.15817113
384,434.70078,117.345955,0.16065499,205.12482,179.74011,0.10253699,129.24083,99.939865,0.08819714,172.19508,397.62094,0.15351464,182.27003,182.14177,0.0790788,126.176125,99.75985,0.12116592,122.2281,111.79726,0.22532295,204.23352,185.46834,0.14579372,446.85468,112.0796,0.101213954,181.53297,181.1574,0.14832234,94.19384,72.8826,0.1918479
385,435.49728,116.80198,0.11237572,205.60948,186.41768,0.12257633,129.98566,98.00845,0.08751039,297.94,191.00711,0.14617649,126.83808,111.06317,0.118227735,129.2087,105.13902,0.19566631,126.52122,115.33883,0.2907437,301.7645,173.94067,0.15771072,275.4799,162.37709,0.105448626,282.5893,185.56961,0.122322634,93.6777,73.221985,0.2268208
386,435.70374,116.33478,0.12083654,300.19803,180.21803,0.11545197,130.45427,97.9294,0.076478295,129.8363,98.44524,0.13058378,127.000046,111.15268,0.11652281,128.32559,101.80825,0.15653569,126.49363,114.96402,0.25459743,395.3513,173.09717,0.12904489,448.2716,111.08038,0.10058219,283.96814,174.2645,0.100703485,94.75208,72.094734,0.21958026
387,435.6914,116.14522,0.12395475,206.26056,186.99376,0.119586766,130.45668,99.66355,0.07175508,304.65326,182.5691,0.11086544,126.13753,112.44907,0.081967935,132.40645,111.41911,0.09830301,129.25404,105.13612,0.1679252,443.00708,131.1036,0.11654183,448.44934,111.46552,0.09071402,193.22508,182.93037,0.089774266,97.0683,72.94378,0.14606287
388,435.37607,116.350876,0.13852987,212.26117,186.57045,0.1168844,131.48257,98.97909,0.07491314,131.50381,99.39254,0.11857035,126.148315,98.46352,0.080255695,132.93985,112.00872,0.12036893,129.8293,112.637474,0.18282488,443.1737,131.14514,0.16591579,452.08206,115.85844,0.103683844,192.40492,183.37823,0.13074647,99.10825,72.84973,0.12820421
389,212.46034,179.12312,0.10682182,299.9307,179.23627,0.12631507,132.00182,98.60748,0.073507875,188.7862,398.62616,0.16318145,131.4449,104.35107,0.07979788,133.38564,102.15703,0.11180762,130.7501,105.87786,0.20577154,313.63043,173.91212,0.16747665,309.77777,201.57716,0.09561875,194.1187,182.05153,0.13088273,113.435776,88.73054,0.10567104
390,212.53787,178.91226,0.110661276,300.50742,178.94568,0.119514205,134.33383,97.36731,0.06976009,305.9735,183.08722,0.15813108,133.08914,104.47288,0.11412314,134.77031,104.064735,0.15580545,131.86679,113.83504,0.2057995,314.9254,173.7689,0.17371103,303.23343,174.06282,0.10263571,194.52452,182.51625,0.14645796,113.61952,89.00274,0.14060207
391,451.01334,116.8907,0.13645947,299.96823,179.04904,0.10530876,134.55222,97.45785,0.06338398,133.86896,98.667175,0.15142465,133.75008,104.112015,0.11116236,135.3249,104.612366,0.1639696,132.53946,114.59774,0.23694357,316.2562,173.6379,0.15578122,463.14868,110.82994,0.09793003,195.91881,181.05281,0.14087294,113.74856,89.19123,0.12578201
392,437.6161,116.7569,0.13513264,316.2155,180.56732,0.08527847,131.7816,84.254196,0.059792947,133.68985,99.092514,0.112231694,137.86464,113.25185,0.07326834,134.11758,99.46809,0.107364796,132.802,113.644104,0.1561937,219.86604,179.58253,0.12992983,463.74377,110.98992,0.10894612,196.71982,180.31602,0.15438426,112.16183,73.8985,0.15155819
393,451.50195,116.38856,0.14862335,306.83044,180.24733,0.11038327,306.08002,178.43015,0.065903984,313.84616,190.01024,0.15501945,224.24255,195.3108,0.06494278,470.21576,116.4476,0.08726316,121.95999,83.38938,0.120717555,317.48355,174.6512,0.16131924,298.54825,164.36119,0.107791975,197.2087,179.1138,0.15735301,114.31028,73.91129,0.073731974
394,451.25778,116.04622,0.14685714,221.60077,185.89726,0.10860228,133.45537,99.89687,0.06486334,314.1092,190.32515,0.11813666,139.86435,112.834366,0.06484836,470.37476,117.182106,0.082954764,133.01555,100.88607,0.11185063,459.30627,131.0491,0.1665401,468.80435,115.75849,0.10673108,300.3046,175.08842,0.104887426,114.62445,75.11808,0.036745965
395,452.42636,116.20048,0.13192418,205.36555,284.02847,0.0932783,179.00441,292.69016,0.05586353,314.64386,190.06842,0.0922365,466.2483,140.03639,0.06197439,471.20377,117.440056,0.08623452,124.29613,128.68152,0.08315241,460.0595,131.58148,0.10589517,465.49234,112.211525,0.08970515,300.538,188.0688,0.08571646,133.41354,107.25392,0.029139113
396,452.97888,116.70737,0.10459707,205.44313,284.50363,0.10141903,179.73839,388.53888,0.054229237,203.6266,398.33856,0.09760174,479.58258,117.02858,0.06023182,472.05823,117.59339,0.074764915,466.45776,131.01466,0.07161947,219.40547,290.59296,0.07909542,479.68817,109.77277,0.0903583,197.0221,290.36465,0.090298735,133.57799,107.170715,0.04135509
397,467.26938,116.66851,0.1238197,205.93623,387.66678,0.10225889,180.1381,388.44086,0.06956255,203.73962,398.72293,0.15929934,479.38364,131.34926,0.06519512,472.6804,118.91176,0.06426157,420.23505,306.49683,0.06612713,219.32431,290.22577,0.11656505,479.5676,110.43463,0.104140826,210.79466,179.76366,0.103981115,133.93283,107.50214,0.03597475
398,453.9225,116.79676,0.14504275,206.37836,387.80087,0.0944262,179.28702,388.82413,0.05515406,204.20407,398.4098,0.14095283,479.93024,123.824684,0.061792817,486.1767,115.4262,0.081991315,477.80545,122.54001,0.07294224,473.36682,131.17209,0.09925019,479.9171,111.85313,0.10650442,211.91113,179.75772,0.09878048,133.8848,107.214386,0.04291699
399,467.76315,116.41198,0.09837195,331.99973,180.16852,0.10615494,322.32956,178.56581,0.044291575,204.40166,397.77798,0.13598242,308.89233,165.37254,0.05608911,404.08652,166.09486,0.07108243,479.83405,122.7254,0.06472633,426.666,173.58904,0.1393754,411.31732,165.15031,0.0951417,212.71231,179.89236,0.12453029,149.64299,106.985985,0.029525412
400,467.64563,117.00231,0.15041153,323.03223,181.06555,0.12088989,205.71849,381.3005,0.07727818,212.3343,398.5775,0.14535333,481.59088,139.85417,0.06781761,486.771,117.78593,0.07435752,225.4568,418.5649,0.07113828,475.86728,132.02226,0.16919847,484.83722,116.5855,0.103868224,213.51169,178.87283,0.13221486,290.32404,472.49963,0.032069515
401,482.58243,117.6672,0.12613964,332.51736,180.0845,0.112571575,197.51797,387.34338,0.06180925,204.01021,397.4835,0.12995835,482.47876,140.55753,0.063889146,487.94135,117.9822,0.068857305,415.94086,282.18018,0.083754495,480.6064,125.601074,0.09456564,486.88586,117.4825,0.08968237,243.68283,434.04703,0.09924973,149.29921,107.03904,0.039994746
402,483.1824,117.37702,0.12729877,332.40924,179.3565,0.122509375,195.09503,292.8688,0.05574479,337.15332,182.74622,0.14163832,494.8906,132.01266,0.06585198,162.63629,105.1337,0.07557871,242.0091,196.63818,0.08147323,343.69604,179.35527,0.11950559,488.06503,125.50572,0.09562656,316.19662,187.78427,0.09762518,149.37473,107.080376,0.042005826
403,482.95517,117.52729,0.13578951,332.34766,179.36337,0.13522092,337.04666,177.00038,0.076550364,337.81296,182.92807,0.1449871,241.50856,195.64973,0.0894598,163.98618,114.274574,0.0803421,162.41264,121.54166,0.07740202,347.38098,174.41823,0.15909791,250.53598,186.51013,0.10515702,225.20038,181.70033,0.14399208,149.58888,107.10159,0.04422452
404,484.01236,131.75014,0.11708002,332.03265,178.57019,0.13546565,196.1623,388.5681,0.073069975,331.13358,181.09099,0.15264916,242.85507,195.79536,0.08285048,502.9411,116.201126,0.08794299,162.55737,114.72254,0.08485834,348.53485,174.03128,0.15438528,335.70175,173.41974,0.09039279,227.35811,181.4194,0.13541283,149.68,107.14264,0.045428168
405,484.1013,130.78596,0.12153129,348.03003,180.20543,0.11053442,195.44205,388.92987,0.06406746,352.23682,182.63583,0.12273495,243.17545,195.88818,0.07847619,502.91153,116.78593,0.08140846,156.89459,129.30467,0.08201008,490.56183,125.47649,0.13220623,496.316,125.30615,0.094241,228.42906,180.52278,0.13552433,166.03563,131.88855,0.033787817
406,484.42212,130.41045,0.1731959,338.97623,180.44232,0.114464425,194.8142,389.32193,0.056088734,345.92633,190.2083,0.13707455,245.15184,182.33018,0.06791497,359.69275,180.129,0.07472448,470.3435,132.88698,0.08377289,491.78516,125.94781,0.18119343,501.61407,117.36047,0.0967274,229.4566,179.699,0.14077577,227.39914,179.73425,0.03588451
407,497.9642,117.4713,0.14487956,348.3576,180.58147,0.10730627,448.37045,179.02681,0.058998354,340.43607,189.00793,0.108156025,511.5107,124.1444,0.0666023,360.10437,180.6586,0.06664433,470.30783,132.46608,0.086964935,497.25214,126.07374,0.16190621,502.9036,118.45854,0.0985799,331.96268,175.39145,0.09564421,306.17838,472.41193,0.040230565
408,499.30862,117.24008,0.11472256,259.91922,433.31152,0.10123078,268.4895,415.91345,0.04895843,234.86424,398.8871,0.107351795,290.8398,451.2381,0.069712564,250.14168,412.33618,0.07100779,155.79926,129.17336,0.081890024,235.88664,384.93686,0.099479586,248.4728,402.29388,0.09506685,258.07822,425.36633,0.10461327,306.44687,472.049,0.04958529
409,485.37784,117.28209,0.12423513,237.4779,283.72632,0.104074016,210.98816,292.67603,0.050473306,258.64728,173.7851,0.08238841,511.42746,123.58426,0.06831284,264.0674,181.30441,0.063707076,257.82553,195.99675,0.08066279,259.39694,172.34972,0.117760755,511.88797,110.84967,0.09799267,241.57315,180.2977,0.12085807,307.14206,471.9066,0.037617125
410,499.12024,116.73878,0.12823282,428.67072,273.94595,0.12929167,429.45926,269.54312,0.052068584,354.367,181.74991,0.09807213,434.2355,290.4997,0.078982666,518.5357,115.33141,0.07039161,452.45074,306.85947,0.06636624,436.72995,268.91693,0.10974407,512.06024,111.23825,0.10227219,242.88687,180.41512,0.12135389,335.0677,587.5177,0.036012966
411,491.84885,116.15022,0.09509706,428.04016,273.73065,0.11283328,452.48465,309.2942,0.054750726,354.8792,181.57355,0.091988765,434.82104,290.91415,0.06927301,258.9859,181.69588,0.06776496,452.5566,307.17673,0.07211231,442.53094,268.10568,0.15414922,513.1474,110.04344,0.092414,419.1359,269.61612,0.1062482,183.05095,131.36385,0.022325037
412,485.97928,116.544044,0.109698646,236.51746,282.70804,0.09954459,211.87204,388.4932,0.056504693,362.58408,189.89699,0.094852366,450.29794,291.65814,0.065839775,518.6807,116.61943,0.07262234,322.90094,131.26064,0.06880392,443.38733,267.69168,0.16703981,428.2709,261.51013,0.10174209,244.66966,178.88919,0.11159198,183.22849,131.32945,0.037538953
413,499.3867,115.60914,0.12074665,255.45557,171.85094,0.11320846,211.38785,388.84772,0.048812646,236.37907,382.314,0.10316127,260.04285,181.81992,0.07633199,518.88995,116.893906,0.072442934,486.09305,116.877655,0.06534146,507.24927,130.78311,0.13086836,512.85974,111.689926,0.0993117,244.76672,178.25166,0.15109156,243.3093,178.46518,0.032718126
414,499.63306,115.65832,0.16422644,255.41348,171.52301,0.10800649,355.45673,179.66241,0.04301279,362.53,190.07532,0.1290461,513.4922,139.69153,0.07619887,518.7193,117.98396,0.08553822,486.47757,117.127495,0.076387405,507.97806,131.22072,0.14894925,512.8366,113.7,0.10913482,245.85849,171.80711,0.14565656,243.55682,177.8742,0.0324825
415,500.3874,115.75074,0.15068164,238.16827,373.2019,0.10545995,211.24866,373.74988,0.05014857,236.66075,382.8709,0.16017744,514.1459,139.9762,0.07352426,519.08167,118.445724,0.08333017,323.0889,131.48784,0.080286495,512.871,113.75615,0.117714114,513.4815,113.71969,0.09995099,245.58041,164.57811,0.110041976,183.11192,130.95697,0.039363094
416,500.74707,116.481026,0.12951209,238.15727,372.86548,0.09981464,229.44884,372.14197,0.059521485,362.4801,189.42676,0.14947401,363.45752,195.82306,0.08832884,519.6752,117.97897,0.076533794,369.64417,181.08495,0.08105248,508.4241,132.27583,0.07991521,339.5012,147.07028,0.112222195,347.6054,173.62859,0.11117756,182.90945,131.24744,0.039623942
417,514.694,116.428894,0.13319902,237.96742,372.65118,0.095474906,485.04443,116.344215,0.04517755,236.05157,381.70645,0.13795121,363.58307,195.98877,0.07098199,520.0162,118.886185,0.07104076,370.37323,180.82852,0.0722853,518.44073,118.979095,0.09515421,527.2697,110.70692,0.09527344,348.8668,173.58401,0.10440682,351.04623,587.34534,0.031639546
418,514.4532,116.36101,0.13658923,276.38278,418.72437,0.11312544,227.24313,276.84723,0.047297973,363.0357,180.71349,0.16580038,370.54803,194.40062,0.08134307,536.0691,99.61613,0.07340014,274.30063,180.60263,0.08381784,518.7883,119.75851,0.119814105,527.11755,111.5327,0.105836384,243.49733,276.24734,0.1134527,350.6652,586.6645,0.028371837
419,514.4472,115.7452,0.16500685,276.12567,170.78844,0.114695124,228.49564,372.6913,0.054629687,377.42557,189.24345,0.12974243,273.89886,180.50429,0.087917924,535.978,99.76072,0.07820186,501.7568,117.74028,0.077557944,269.64005,171.32048,0.17027862,527.14575,112.24958,0.10494288,258.5576,177.20969,0.1389631,256.47586,176.73277,0.029445652
420,515.37354,115.78238,0.12355987,276.40738,171.04012,0.09938424,228.27019,372.48264,0.065194465,378.03226,189.34627,0.1351993,274.83026,181.04034,0.07896086,535.86334,100.40935,0.068968415,502.29932,116.99255,0.06717878,269.59912,171.24536,0.13213386,527.7539,111.37927,0.10683227,260.00223,177.70299,0.12969114,181.92786,91.34223,0.026818598
421,277.46655,163.47617,0.11800801,270.99548,171.27144,0.10393279,228.0242,373.19412,0.0650579,378.57,189.46007,0.13416052,275.19876,181.22859,0.08447345,535.13525,115.72738,0.06386543,527.25385,123.06787,0.0697263,282.23798,177.48048,0.09763181,528.77045,110.13981,0.09179604,259.22488,166.25865,0.11289013,350.67538,587.53845,0.024423162
422,277.50082,162.92307,0.10714239,271.41495,171.17729,0.11210658,227.55302,373.22266,0.056597475,252.46758,382.44214,0.12217562,276.15387,181.69208,0.08779428,534.9343,115.93384,0.07294761,339.32153,131.61615,0.07872451,283.57605,170.73141,0.1452316,528.7059,110.68221,0.09253439,259.84213,166.8835,0.1387426,259.64648,176.97069,0.043071255
423,339.78616,117.14067,0.12585823,380.26273,165.84248,0.1109635,287.82318,179.7473,0.0390188,378.34747,189.47499,0.15394588,262.31323,166.81093,0.07856292,534.90344,116.13184,0.07306455,339.2918,131.96951,0.08536403,283.91925,169.65472,0.16435313,354.23892,146.67928,0.13074711,261.10315,166.20438,0.14545427,259.55484,175.9569,0.038133938
424,339.90665,117.0545,0.112734236,380.42404,165.35373,0.10675423,491.0544,301.6297,0.04761452,378.21454,189.43979,0.12339963,354.16077,148.47453,0.079100944,535.3144,116.49072,0.07208659,356.52994,165.65453,0.08154018,528.75226,111.45672,0.10580532,355.13422,146.28578,0.13025309,507.71274,125.70614,0.10953791,367.63083,587.6821,0.02557969
425,340.3226,116.6237,0.12649167,380.85464,164.816,0.12885088,501.12466,116.107704,0.04283234,362.7108,172.22197,0.11429908,354.40726,148.15065,0.0788732,535.3655,117.44698,0.07619889,290.13324,180.7619,0.09716869,529.19293,112.224075,0.122599475,355.70078,145.15602,0.14091085,507.4624,125.7084,0.115311585,367.08987,587.6083,0.026350338
426,292.54666,163.7251,0.088880606,291.9109,418.4258,0.09592435,485.01028,308.73053,0.03969322,260.41238,381.04288,0.1379942,276.99442,166.35013,0.068727165,282.92047,411.7591,0.077723,290.37384,181.80174,0.103392616,529.33673,111.00727,0.07768173,290.10687,401.1864,0.10169391,291.79144,418.71686,0.10548883,367.06815,587.5292,0.032639094
427,340.2726,115.78501,0.10787116,291.78226,170.9879,0.11495336,289.6586,179.42172,0.05054317,289.56982,173.8726,0.10866472,278.2166,167.32376,0.08982009,536.7682,116.33485,0.07753181,289.83322,182.75673,0.09420169,286.2731,171.1475,0.16081482,292.6926,164.469,0.11542857,272.21634,168.82416,0.14417356,199.28947,131.48438,0.03164761
428,293.08362,163.73456,0.076821074,380.33115,164.35034,0.087540135,244.71675,371.41156,0.0440533,267.76624,381.56512,0.13155082,273.8266,387.16406,0.06258708,536.7793,116.4188,0.07831616,291.03012,181.55841,0.08943687,283.71722,274.69827,0.092756614,297.88306,164.43721,0.10339591,275.3248,166.20157,0.0923383,246.12468,377.70712,0.029578235
429,293.32602,163.76453,0.08696751,292.48642,171.41255,0.0984597,244.9852,371.6235,0.06449344,267.97852,381.68814,0.15266837,273.76117,386.94028,0.07563623,281.2318,379.1119,0.07263701,530.59393,130.62888,0.07723084,276.216,363.5266,0.09541518,298.03433,164.88132,0.09342526,256.04617,372.96347,0.10017258,197.8496,108.14305,0.030052956
430,531.6449,115.39292,0.12881851,270.27594,372.07294,0.10908566,244.73601,372.4041,0.07699679,267.67874,382.62558,0.18368012,273.88217,387.30576,0.07782222,281.04752,378.9439,0.070871815,291.28888,180.53426,0.07097927,529.8531,131.89853,0.099316575,290.62366,384.95892,0.1002551,276.5546,165.31068,0.099838756,366.61252,587.5235,0.025975164
431,531.4836,115.21671,0.10372413,270.4369,371.8408,0.11217144,244.13791,372.41586,0.07454354,267.34424,382.5187,0.16296147,274.09943,387.39294,0.07860555,537.24524,117.23673,0.06473666,530.35736,130.7936,0.070787676,292.0231,170.90474,0.10312577,544.21313,109.607796,0.09124957,276.81848,165.31906,0.12041638,276.17224,170.50317,0.02944601
432,293.92062,162.02238,0.10359247,292.2471,158.49065,0.10846705,243.66995,372.9764,0.065873146,304.03357,173.46059,0.10021087,278.97174,166.2667,0.076968394,265.42926,72.796326,0.064162195,305.07727,194.60759,0.07890776,300.2143,169.42627,0.15780844,307.1216,171.28024,0.07443673,276.8479,165.59613,0.1317066,275.65366,169.68541,0.030503318
433,294.53708,161.56744,0.09931762,301.3191,163.45027,0.11677362,243.15456,373.2071,0.06060472,299.77615,172.81009,0.124599494,279.1934,166.28261,0.07629912,265.8828,73.58054,0.059158538,304.98837,194.71118,0.0838062,302.7406,158.06697,0.16592896,307.64905,170.73358,0.09722367,277.48883,164.75629,0.1405323,274.65427,164.93358,0.04248837
434,294.58954,161.80344,0.072003394,301.45828,163.16606,0.10612563,259.79144,276.0597,0.054860964,401.0589,166.06047,0.11497621,292.83713,166.19038,0.07843202,265.64774,73.3985,0.07738936,356.26053,130.59895,0.07865136,302.03516,157.49469,0.116351224,307.8111,170.66698,0.09357048,379.40155,171.17241,0.10602751,214.31651,131.43874,0.040559933
435,300.16528,161.98845,0.06969849,301.28705,163.35358,0.10638308,259.38406,276.31467,0.05076131,394.86728,173.89816,0.116944686,371.60687,148.19128,0.062025864,265.54626,73.32835,0.086140275,305.62054,180.94612,0.080828786,302.13983,157.20285,0.10535897,307.1559,163.72847,0.08476469,379.66138,170.86722,0.102819435,276.3257,162.55432,0.034754034
436,284.5769,259.34912,0.07130197,270.2454,370.6601,0.09307871,262.07364,369.68494,0.053566705,268.1612,374.02975,0.12792994,274.50125,387.2981,0.06497796,265.7032,73.04296,0.07849215,306.64813,179.7655,0.08149233,283.32693,369.34393,0.1289387,291.96994,384.01346,0.09553311,274.60748,262.50192,0.09065763,223.28342,131.14038,0.027521553
437,532.7438,114.78187,0.096703775,396.48126,164.17123,0.11308334,261.4028,370.2813,0.049644634,282.4294,382.44812,0.11945118,261.9611,359.41394,0.060883608,408.40402,164.3345,0.068166405,307.2424,179.34633,0.07291658,283.6378,369.23566,0.11753519,295.704,386.08115,0.08558403,275.62183,274.33722,0.12535086,383.14252,587.3708,0.024831105
438,532.9407,114.93648,0.086207524,285.0502,268.01215,0.10336868,481.5201,259.21515,0.042743433,394.41068,173.53958,0.104347385,323.23068,421.28302,0.061006434,408.8512,164.17316,0.05645489,258.5324,72.24476,0.07363662,544.84985,108.14346,0.09253582,307.21063,288.99832,0.08797548,276.0622,274.05472,0.11584969,223.43874,131.38762,0.030989856
439,284.66653,259.06235,0.074619085,284.71835,267.69092,0.10366567,259.1155,276.6642,0.041240998,394.6861,173.58553,0.09431058,338.70508,435.18002,0.066907644,265.74304,72.13757,0.057865966,258.951,71.98201,0.083876915,301.50983,156.34328,0.06683799,307.27353,290.26767,0.07069125,307.33017,415.81805,0.09978013,355.88034,457.05734,0.031053606
440,356.89545,100.95604,0.08232612,284.60333,267.2976,0.09405595,259.00073,276.89783,0.039217167,306.37076,157.40488,0.07451027,338.59027,435.1296,0.06517499,306.6024,165.41815,0.06275545,306.45105,179.87459,0.08197925,301.90067,156.79997,0.0878262,312.88815,149.0684,0.07985829,291.10608,165.13664,0.09974899,356.0537,457.40518,0.024963465
441,356.9449,101.01091,0.08071548,307.53452,156.40657,0.078616746,497.37888,163.00775,0.0382904,306.54562,157.2801,0.07428353,323.7997,421.38147,0.060908,306.88812,165.27818,0.06636604,306.81442,179.38602,0.078967065,301.6296,156.6555,0.09152683,312.9543,149.24985,0.080665246,291.41742,164.91946,0.10850267,216.0648,132.40018,0.028973635
442,356.97766,100.933464,0.07288221,284.65015,363.05753,0.08285628,497.00922,162.84404,0.031031964,267.12018,364.72836,0.11400278,338.81595,435.11877,0.056532115,306.7898,165.14754,0.06877871,546.65027,130.19499,0.07557543,300.93362,163.56749,0.091451064,313.10165,149.01225,0.07782656,291.53027,164.40274,0.1039903,355.97464,457.5639,0.034099713
443,308.7753,148.46677,0.07625669,284.18344,267.49368,0.08656092,491.55826,157.7469,0.034480058,267.05762,364.80026,0.09614984,292.38104,150.2423,0.05586253,306.85178,166.04109,0.07309732,306.32263,179.58345,0.07092055,300.40396,168.89404,0.102526784,313.13715,149.40497,0.08758614,291.6081,164.36177,0.11643841,355.79782,456.98068,0.039391663
444,308.91916,148.39885,0.07153753,284.5476,267.06143,0.11111603,356.0267,116.0444,0.03947926,266.93903,364.62976,0.104052186,272.89243,74.70862,0.06876607,307.24017,165.13266,0.057357013,546.8059,130.61879,0.068021744,300.61334,169.31592,0.08092689,305.64453,386.3515,0.08191612,292.07605,163.61868,0.10859901,216.08113,131.7268,0.04074676
445,308.92798,148.47052,0.087052174,308.2237,155.8658,0.09971339,260.36316,356.70612,0.043441925,267.2607,364.7835,0.110454276,292.95264,150.55505,0.07022421,313.39505,165.55748,0.06849697,212.352,134.64749,0.0805319,313.06155,163.11029,0.12258288,313.59534,149.69315,0.0872506,292.16916,163.28062,0.1292054,214.67352,117.21571,0.046195906
446,291.3661,355.41446,0.09373155,285.50534,356.69156,0.11124147,260.91867,356.7361,0.056396842,267.95038,365.20132,0.12311593,308.0062,165.39638,0.06401851,307.81152,166.58772,0.07124317,546.52045,131.05017,0.07682526,313.65112,163.14854,0.12531076,306.1531,385.42432,0.07952751,292.8631,163.00638,0.12344971,223.43875,130.74596,0.030293275
447,309.16827,148.36143,0.09955788,285.48462,356.78433,0.11047844,260.49487,357.2903,0.058503624,284.50952,366.05716,0.106756896,308.12915,165.63972,0.0693981,307.8064,166.74516,0.06306362,308.2226,404.13358,0.074728,314.27856,162.70404,0.12239389,306.4909,385.5418,0.08625947,292.91293,162.75656,0.11672712,231.14014,131.97485,0.031774387
448,309.36404,148.15675,0.09125077,302.4395,156.167,0.10537702,259.61926,372.28784,0.04864877,284.47656,365.78958,0.09472267,308.10342,165.79073,0.073820874,280.56998,65.866,0.058158223,273.90164,72.14991,0.07899647,315.01996,162.48471,0.110406965,306.8781,385.67273,0.09446506,292.83188,162.71698,0.114897534,230.22252,132.0982,0.045837384
449,285.02417,354.88187,0.09434807,285.82422,357.2097,0.11889877,259.88046,357.64752,0.0544117,284.6643,366.28992,0.13516268,308.27005,166.14757,0.072106175,280.45316,65.65409,0.06827906,273.71637,71.88318,0.08719072,315.8892,156.26192,0.11732444,307.29926,385.68787,0.1004165,293.0152,162.62132,0.12804793,230.72914,131.98935,0.04509539
450,309.2012,148.2254,0.090218335,309.8661,162.82121,0.10594499,319.5117,162.7046,0.059499778,284.70767,366.3404,0.13482055,308.49512,166.73682,0.0814574,280.4845,65.589226,0.07157997,273.80545,71.95462,0.085669786,316.4788,156.6049,0.16780446,307.67148,385.81592,0.10897258,293.45844,162.69737,0.13472886,230.49802,131.74884,0.042975094
451,309.57336,148.00908,0.09322388,309.83105,162.39525,0.11123855,319.42444,162.58643,0.05654759,284.84717,366.01892,0.117534526,308.42645,166.61671,0.08608547,336.60364,405.51096,0.066879906,320.8866,179.1173,0.094914265,316.75595,156.49417,0.18756479,307.6896,386.0265,0.10449468,294.10394,162.04382,0.13742307,230.68776,131.8306,0.041156236
452,372.276,101.25166,0.072604425,332.6706,411.02823,0.09124325,259.19507,372.9869,0.05739085,284.34018,366.19608,0.0861667,338.20135,420.45206,0.07050193,280.4874,65.66353,0.074456014,273.70932,72.41443,0.0887946,316.3352,162.79988,0.1083083,307.76303,386.79858,0.08127601,294.67975,162.50183,0.104107715,230.4929,131.72775,0.05138895
453,372.2933,101.2442,0.07112305,332.71872,410.65036,0.099744566,259.06406,373.10202,0.049027197,410.72104,173.52414,0.099923275,338.17462,420.35327,0.07221283,280.6736,65.81667,0.0740905,226.7486,134.66904,0.10308488,316.75983,162.90678,0.10018217,328.21368,148.61699,0.0727842,298.3309,170.72035,0.09408247,224.07614,137.18317,0.0560726
454,372.31683,101.24801,0.07258462,333.49637,404.64334,0.094453596,258.92523,373.1232,0.046874903,284.23727,366.00906,0.1060306,338.19525,420.43402,0.07477334,280.99402,66.012985,0.069614835,274.34045,72.47027,0.07742551,379.9998,450.01746,0.09967544,307.93216,386.50638,0.079987414,298.71432,171.10333,0.0884068,230.4626,131.57858,0.044392984
455,324.38742,148.46413,0.07231102,333.18988,404.499,0.091178566,393.55173,354.6723,0.050250612,284.1827,365.67117,0.11245662,338.22403,420.28284,0.07387811,281.0555,65.920044,0.06458702,322.199,179.43808,0.08478291,317.12778,162.83493,0.09736379,307.9027,386.34372,0.07444263,373.08133,362.00684,0.11290404,367.85635,455.20953,0.04093822
456,324.53943,148.31575,0.07407487,332.86276,404.1003,0.07781884,276.51947,357.01926,0.043101232,284.0576,365.78314,0.0952273,338.29327,419.74207,0.067860596,281.0617,66.166985,0.060415946,227.01596,134.42133,0.08251306,317.10864,162.75008,0.09145989,308.0012,386.3067,0.07584446,299.43668,171.30165,0.08908008,230.11217,117.555016,0.04124048
457,372.9946,101.07529,0.07337971,333.08698,403.81238,0.09348506,276.41046,357.17874,0.045504384,395.21222,366.73013,0.09061315,338.08823,419.6995,0.076559775,281.04263,65.968506,0.062480647,226.71786,135.05139,0.17357358,395.63455,360.85944,0.0729564,387.04858,131.50787,0.07279264,299.78375,171.564,0.08862983,228.09978,131.50737,0.08105511
458,372.85388,101.21202,0.07665921,333.4319,403.98715,0.11421121,276.7096,357.06537,0.037953924,283.82144,365.50375,0.11132543,337.8929,419.8551,0.0753183,280.7329,57.998894,0.07254855,226.90547,135.06952,0.17832565,561.431,107.732864,0.06266698,308.02985,385.8429,0.08368113,322.04007,404.80362,0.09512641,228.53601,131.75783,0.08812869
459,324.4737,148.40901,0.07399048,333.37994,404.15488,0.102418035,298.9784,355.99997,0.042111658,283.96478,365.30264,0.14894293,338.2623,420.08722,0.07681775,280.75705,58.082798,0.07093322,227.31572,135.44672,0.19063228,317.31564,162.7036,0.07284906,321.14365,387.46368,0.09567001,322.44,404.8223,0.09326915,228.24518,131.71968,0.09416541
460,324.35278,148.45982,0.07972548,300.745,362.4474,0.09362938,299.0834,356.00186,0.046612713,284.09692,365.3104,0.14763208,338.52002,419.99695,0.07372022,332.00394,414.76398,0.06523162,226.85379,135.41084,0.14029412,317.39423,162.91893,0.082177274,320.87543,387.33734,0.0911042,322.60016,404.827,0.09935736,229.48164,131.7939,0.065964386
461,285.65723,355.33377,0.08513974,300.7102,362.30573,0.10804887,299.07507,355.96936,0.052487787,284.28833,365.14496,0.16491342,338.64087,420.22296,0.07307654,314.91595,396.38882,0.06839187,226.68053,135.48085,0.11538774,299.5551,367.4546,0.09276415,320.83807,386.97803,0.09923798,278.67664,364.55814,0.10158947,238.41057,130.94112,0.05974949
462,323.9643,148.55838,0.09717109,300.91068,362.44598,0.103938356,299.4101,355.88638,0.051935054,284.16415,365.09302,0.14954169,338.6252,420.52734,0.07077124,327.99948,164.89484,0.071216986,226.9977,135.27055,0.09911181,318.06354,156.12761,0.13330022,320.90863,387.12247,0.09612453,306.06104,163.0816,0.13559087,230.71306,131.87532,0.056783408
463,324.30203,148.51718,0.1035819,301.02844,362.52393,0.10375926,299.57516,355.85672,0.049463715,284.12308,365.0092,0.13419032,338.77112,420.65857,0.06853099,328.22607,164.94676,0.069352455,227.21756,135.19664,0.092494056,317.8296,162.3616,0.12084992,321.0168,387.1152,0.09486922,306.01828,162.88538,0.13530451,231.08565,131.86208,0.05954439
464,324.48892,148.4933,0.100976996,301.00336,362.5004,0.10320697,299.56958,355.72372,0.049182586,284.0919,365.10266,0.12878118,338.87137,420.67798,0.07040722,325.04977,405.39716,0.06546427,227.20135,135.20686,0.0776388,317.64423,162.50024,0.10846484,321.15714,387.11737,0.09536437,306.25296,163.29376,0.12675479,231.4593,131.85994,0.05454214
465,324.55685,148.38142,0.106739484,300.9682,362.61578,0.100461885,277.03482,356.8548,0.050407723,283.94708,365.15512,0.11343864,322.41675,165.19386,0.082384564,324.92117,405.2514,0.067711994,227.38893,135.33983,0.07880111,317.73273,162.0855,0.10950311,321.16092,387.05847,0.09953875,306.20175,162.99144,0.13167869,238.5822,130.99242,0.049701463
466,324.4192,148.30135,0.10845784,300.95886,362.54483,0.104328744,277.14468,356.65176,0.047928948,283.95798,364.99603,0.12021938,322.2948,164.98463,0.08196788,331.3831,408.6184,0.07187296,227.4682,135.20284,0.07737934,317.50064,161.76071,0.11079564,328.8563,149.68437,0.10407361,306.40366,162.8712,0.13343887,238.63753,130.84363,0.048384547
467,324.37485,148.31978,0.10541156,300.91577,362.54758,0.10349131,277.19296,356.63947,0.04939878,291.33823,365.28754,0.13245617,322.1385,164.84598,0.08072426,315.3562,396.7225,0.07148845,496.6791,266.24554,0.07490912,317.35483,161.67784,0.11059536,321.38483,386.7936,0.10516323,306.5328,162.81052,0.13284257,231.75432,131.72916,0.044294246
468,324.37164,148.24966,0.10749051,333.2053,404.174,0.101901345,277.31805,356.56448,0.046458226,291.44867,365.20172,0.13677086,338.7393,420.60593,0.07876561,315.17828,396.80832,0.07777911,227.05406,135.04756,0.11311642,317.9743,155.54567,0.11396111,321.41132,387.02545,0.11211595,306.56027,162.45625,0.12730849,238.02867,130.82445,0.049316037
469,324.311,148.20569,0.11231033,300.91266,361.9262,0.105597995,277.8403,356.3058,0.051073346,291.27878,365.33264,0.18198474,338.58398,420.4465,0.08054442,314.98572,396.6259,0.08409575,226.81206,135.11815,0.08316996,318.06796,155.57448,0.13396983,321.30124,386.5107,0.11241183,306.30252,162.31789,0.13262263,231.08934,131.75488,0.040078767
470,324.2766,148.0397,0.10962143,301.72916,356.26883,0.1166531,278.16818,355.81216,0.049219716,291.22595,365.49417,0.19213806,338.6159,420.4139,0.08074359,315.30936,396.18173,0.07145699,321.80423,166.25096,0.075530574,317.7228,155.49435,0.14035708,321.15262,386.59042,0.09805776,306.23682,162.15594,0.12772866,369.04617,455.32425,0.03730577
471,324.16257,148.07622,0.10708806,301.79175,355.9871,0.12120622,394.95554,355.08466,0.049647994,291.5165,365.42307,0.19613037,309.59128,151.48949,0.08629705,315.31363,395.97968,0.074538395,321.89978,166.39545,0.08109796,317.82666,155.71997,0.15398417,321.1036,386.39636,0.099795885,306.18756,162.37424,0.13216415,375.98395,455.45633,0.040806577
472,324.24146,148.04262,0.09957381,301.71472,355.7159,0.11132459,395.01028,355.14856,0.04347136,291.12207,365.10455,0.17427176,338.68463,420.0424,0.07365467,332.04492,414.4516,0.06836776,322.3017,165.6359,0.089124255,317.33966,155.79102,0.12193936,320.90182,386.7596,0.09792672,306.44775,162.82544,0.11860357,232.11432,132.04228,0.038835824
473,324.17917,148.04172,0.09483146,284.77188,362.7272,0.097886406,291.62875,164.00514,0.040888395,283.27707,364.46918,0.12071634,338.71185,420.08838,0.073165745,332.1217,414.42368,0.063246034,322.23175,165.54047,0.09217836,317.26965,156.05656,0.12376159,348.3109,417.0904,0.08614703,306.3695,163.14452,0.115223035,231.88248,131.85754,0.04185012
474,324.16623,148.06897,0.08893348,492.2978,260.14893,0.09073617,496.6307,258.91672,0.047738064,283.43945,364.78687,0.12185793,346.23483,419.6825,0.06976032,331.97632,413.84647,0.063780636,322.32755,165.1644,0.093548,316.8056,162.23877,0.11105795,320.84247,387.03433,0.08755394,306.55893,163.3627,0.10633579,231.90927,131.92218,0.040194005
475,324.14337,148.1126,0.08410347,284.91788,362.49518,0.10227462,496.55368,258.8896,0.045773435,283.5855,364.85687,0.13919084,338.1942,420.01215,0.06940425,331.85962,413.71536,0.060704887,322.46918,164.84755,0.08983542,316.97705,162.35674,0.0945371,320.90857,387.23227,0.08675001,306.6461,163.33083,0.09654663,232.06697,131.93091,0.03718603
476,324.15002,148.16809,0.07707195,333.055,404.14017,0.12131599,491.24774,258.5711,0.046244748,283.49524,364.86203,0.13671164,337.84134,419.80185,0.07889697,331.8484,414.4909,0.06312795,322.68484,164.60205,0.08132485,316.92636,162.45377,0.08082278,321.18857,387.4493,0.09570364,277.0435,357.20694,0.09226033,232.08821,131.85353,0.03953344
477,324.14905,148.22437,0.07892439,333.1361,404.03485,0.11966032,258.60602,358.00714,0.041092977,283.62238,365.16833,0.12862214,337.8113,419.7206,0.08243011,281.16098,57.8849,0.066219814,322.5025,164.87494,0.075809315,316.94266,162.2483,0.091376215,321.1573,387.49783,0.10145732,539.51624,123.91983,0.0987129,232.25685,131.77646,0.039497934
478,324.14392,148.30739,0.06529282,333.03876,404.05972,0.1076994,491.221,258.7145,0.044404026,283.80652,365.52844,0.12293891,337.85834,419.6848,0.08092171,281.2225,57.949486,0.06878592,274.977,71.38337,0.079618976,561.34216,107.90484,0.07308673,320.99463,387.42813,0.09194514,539.63324,123.95204,0.09724991,376.6324,456.09012,0.040554874
479,548.7603,114.679825,0.08498162,332.8888,403.95157,0.09589223,276.82562,356.445,0.04563782,284.02893,365.65796,0.13054596,338.049,419.67892,0.078729935,280.94427,57.998833,0.07218887,274.8943,71.54137,0.08717556,561.09216,108.10052,0.09725256,320.6557,387.2912,0.09450891,539.2712,124.07195,0.11358924,231.9555,131.9441,0.037880823
480,548.746,114.91537,0.08955558,333.47968,404.40784,0.09608796,276.84406,356.86746,0.058323476,284.21274,366.04907,0.104861766,275.36404,68.21199,0.08327179,281.33102,71.36836,0.08334573,227.0917,135.73418,0.12259166,561.11383,108.21347,0.09246744,347.21375,416.6227,0.08316345,539.339,124.19881,0.110706024,229.30913,132.0104,0.0470216
481,548.54346,114.55112,0.11663705,547.73676,123.317696,0.085676365,276.60928,357.09552,0.053037267,275.1871,66.670395,0.09352007,275.27496,68.23341,0.07027331,281.1742,71.27988,0.07566083,226.7653,135.38504,0.12081796,560.7683,108.25488,0.111302845,307.81152,386.58243,0.0676885,539.01685,124.672615,0.12139093,237.6065,131.37262,0.04988075
482,372.84906,101.201515,0.08148521,332.50595,410.47296,0.07764077,276.83835,357.27798,0.058514558,284.47253,366.0343,0.114706926,275.02902,68.04296,0.069290385,281.04584,71.311386,0.078960344,226.8416,135.40718,0.12389584,561.0661,108.10289,0.091328025,307.82504,386.22833,0.071686715,539.22363,124.48014,0.10628784,368.04843,455.07947,0.049635727
483,372.92078,101.13047,0.08465976,285.96033,363.98087,0.09465204,258.96124,358.37466,0.05032586,284.73788,365.9602,0.14862397,338.49646,420.5677,0.06427067,281.137,71.53717,0.07300033,226.73277,135.1407,0.10841704,299.21652,368.3677,0.0760959,307.93243,385.21973,0.08768378,276.97574,364.837,0.11159812,229.66597,132.04517,0.039510366
484,357.43408,101.38402,0.07965944,286.26584,364.0869,0.09974658,259.01462,358.45816,0.04868133,284.8461,365.69266,0.16162208,283.55936,380.31168,0.066960275,280.99207,71.59509,0.07946391,226.85562,135.15608,0.10711021,298.92984,368.2586,0.091021895,307.954,384.54132,0.09269851,276.83313,365.12946,0.111971885,229.8681,132.0614,0.050383754
485,357.50296,101.23506,0.08367421,285.94507,364.34857,0.101816885,259.125,358.49997,0.048629805,284.96753,365.93924,0.1526661,267.90515,83.03617,0.07304227,281.12048,71.66369,0.086899444,227.20459,135.0187,0.10926608,298.6635,368.65018,0.090008765,307.62555,384.91174,0.08560974,276.56122,365.55878,0.09796633,229.51787,131.829,0.050826594
486,276.58768,86.03737,0.074288554,285.5745,370.9086,0.105246074,259.03366,358.54764,0.043692004,285.09042,366.13846,0.12983191,241.91331,135.81998,0.08185438,281.39066,72.075264,0.08010634,227.01329,136.16348,0.13683234,418.90402,157.44951,0.081388734,307.56262,385.50226,0.07622947,539.3586,124.80861,0.10258748,223.23296,136.72899,0.07326413
487,548.39886,115.407936,0.101117186,493.32602,260.2308,0.094963655,258.7761,372.98273,0.04640289,416.344,173.22952,0.10480071,241.73567,135.46419,0.08691431,281.08783,72.1421,0.07610291,226.75919,137.06247,0.13319053,317.74368,156.36102,0.093486905,234.6825,136.41565,0.084357426,539.1361,125.47239,0.113281,222.73117,136.80217,0.08722085
488,548.5563,115.55435,0.1007633,285.64133,371.17972,0.10800147,275.91534,276.12222,0.048608296,274.81787,67.220024,0.111880235,241.59387,135.3478,0.091056325,281.079,72.478615,0.08578444,226.7974,138.14368,0.1300464,317.6328,156.9369,0.09472818,235.35397,136.7055,0.08588005,539.02057,125.77612,0.10662662,222.15868,137.05106,0.11373665
489,292.2583,356.29816,0.07657485,286.2419,370.90863,0.107347205,259.39502,372.47,0.0461609,274.6433,67.30686,0.11614176,241.41208,134.9886,0.096634716,281.0994,72.81364,0.093079105,226.5748,145.19412,0.17957696,298.84842,369.3159,0.104576536,236.10715,136.93752,0.097415954,275.5808,366.10168,0.09110105,221.47823,137.03484,0.14215852
490,548.38043,115.63059,0.07699655,286.2675,371.19144,0.103708826,259.55322,372.4758,0.05059333,283.8551,374.4061,0.11105222,241.42825,135.0111,0.09217715,281.32025,73.1287,0.08378762,226.4622,145.35248,0.18271098,317.82797,163.86491,0.10857561,235.88478,136.96034,0.10231685,304.88364,165.54857,0.100019045,221.41895,136.87602,0.14073232
491,372.2962,117.10286,0.08912525,317.50266,164.23811,0.10698521,259.04144,373.15857,0.0513003,417.16995,172.9359,0.11376565,241.23856,135.46684,0.089467466,281.5725,73.503784,0.08395443,226.25932,145.2312,0.16905063,317.48364,169.98802,0.14719683,323.7658,164.03268,0.09575079,395.7005,172.62984,0.09512485,221.86668,137.542,0.13402696
492,372.0125,116.72903,0.11417631,317.3177,171.82874,0.10561284,275.6642,276.42136,0.056519996,370.2348,124.31306,0.102436945,240.99712,135.18481,0.10825898,234.65512,149.8917,0.09039667,227.83533,151.68762,0.22909541,316.93228,171.24123,0.08519798,237.44293,139.47916,0.11204454,395.89285,172.6136,0.1039776,221.06775,138.92473,0.17036407
493,419.65305,163.65474,0.09155025,286.76642,371.57986,0.09765825,259.77582,372.58353,0.05763776,291.62396,381.87512,0.14143266,241.19334,136.70988,0.085281454,282.1748,73.777145,0.075306244,226.9133,150.41304,0.13152045,298.05853,369.73224,0.11397653,387.3009,146.80605,0.11535692,395.4793,172.95413,0.1026645,236.93488,138.97972,0.09238082
494,372.4242,117.14119,0.09219232,286.3278,372.3634,0.108170785,259.36685,373.18695,0.050148416,410.14517,189.75006,0.15220602,411.39786,195.92183,0.08036955,281.9602,73.657455,0.082102396,226.74158,150.22733,0.106751755,316.40866,177.98363,0.10814992,387.26294,147.28058,0.10163612,276.43518,377.46478,0.10243154,228.98187,134.02562,0.067325726
495,548.3133,131.21803,0.10607584,285.87686,372.6141,0.10112026,275.98434,276.7041,0.049484182,410.39667,189.65477,0.1446133,411.3072,196.0468,0.071566135,281.75687,73.85152,0.088663906,274.9175,88.04838,0.08331904,555.7325,132.14554,0.12251274,387.0531,147.5549,0.08262364,395.4203,173.29854,0.09791691,229.91673,133.61177,0.052086063
496,548.65216,131.08492,0.09267457,285.82303,372.8936,0.107369766,468.54803,276.4964,0.0509986,284.2841,383.09592,0.127844,241.20042,137.34935,0.07833359,378.86472,115.93485,0.079463996,226.80853,150.14789,0.11454095,560.28217,124.53149,0.09767159,386.85675,147.63474,0.0867071,276.35986,378.78278,0.08652924,229.64188,134.56114,0.06486628
497,284.9417,369.94138,0.08488153,286.03696,373.3616,0.11960855,259.44186,373.71207,0.056637466,284.4645,382.81137,0.15685056,241.11285,137.37474,0.070235744,281.1225,81.77481,0.07384339,226.84282,150.47185,0.11093271,316.8958,178.8789,0.0964865,491.9952,171.77052,0.07496782,275.97974,379.4589,0.10315835,229.48631,134.47522,0.0538335
498,372.38434,117.414505,0.10019803,323.09503,172.02747,0.08569812,258.9734,389.12936,0.04999117,410.4396,189.99847,0.12132382,240.87128,137.2946,0.07047298,281.02155,81.90102,0.07307793,226.88007,151.02568,0.13915482,317.18207,172.50635,0.10892901,328.32498,164.64604,0.076721236,395.69235,187.0615,0.097551614,222.11075,145.47755,0.06564771
499,547.5986,130.38377,0.09849025,403.49457,180.81535,0.10479913,259.03833,389.1023,0.04884464,409.9975,189.60999,0.17070273,241.10115,137.93721,0.073455565,336.85098,421.54037,0.068422325,227.30327,151.1105,0.11513407,413.63016,174.2452,0.121925704,419.70724,202.30763,0.092413865,395.33618,186.66147,0.11340368,228.68639,147.34029,0.048526827
500,291.7864,371.78763,0.07935067,285.69305,379.84982,0.10015587,259.5037,374.43768,0.051129617,285.07993,381.72937,0.14604305,308.1139,181.13596,0.07027505,281.38916,88.26469,0.07924807,226.62227,152.04472,0.12379877,317.3294,172.54094,0.11143804,307.88092,400.96436,0.102251634,395.52515,175.34007,0.103254355,223.40686,152.53079,0.084508754
501,323.6515,165.16037,0.08763151,317.48926,178.94604,0.11586697,259.2263,388.876,0.056718145,416.27628,182.36717,0.12985694,308.9483,182.11624,0.09376196,281.61115,88.76123,0.069483764,226.33571,151.8852,0.085229054,318.007,173.2888,0.16221981,323.24222,178.95172,0.102192104,295.2745,178.9457,0.10714254,228.61324,147.83038,0.05472735
502,547.9204,131.50397,0.082240656,317.5117,178.88097,0.10980139,259.45734,388.9712,0.062113974,300.69632,172.58188,0.12547065,309.0627,182.0101,0.074866325,281.60983,89.39603,0.08046088,372.1017,146.69379,0.076807745,318.17242,173.37303,0.14145166,323.99292,186.64317,0.08745255,294.52713,173.983,0.11234275,229.27603,147.71266,0.05296788
503,310.8479,177.88783,0.084299274,317.4601,179.64473,0.11092819,259.6316,388.76898,0.060244378,300.18817,173.64903,0.115199834,309.01907,182.92622,0.077216975,281.67847,89.66944,0.08228289,372.04205,147.39552,0.07983573,318.16714,173.89827,0.115782104,323.7623,186.90819,0.09088033,395.6024,188.20322,0.11375016,230.1187,148.12427,0.047950078
504,371.4769,133.23776,0.10962251,317.22562,173.12346,0.08938714,259.6067,388.92175,0.06389289,369.8735,140.62146,0.11243013,308.87234,182.14182,0.068263106,281.56766,89.72136,0.08541478,371.5111,147.78534,0.0868987,316.33185,186.56494,0.0917601,383.8727,124.77283,0.08553359,395.66232,188.39641,0.094402656,237.57582,154.3021,0.054207217
505,371.52292,133.24681,0.11927789,285.7733,387.78098,0.0976338,259.7137,388.99503,0.069353245,369.51144,134.01085,0.12191688,241.50104,152.77371,0.070526116,281.27444,89.58582,0.097976364,273.80493,103.85202,0.09155593,546.5493,148.11949,0.09502463,369.91745,126.35877,0.09568969,395.55533,188.37108,0.095290326,222.13461,154.2468,0.06424825
506,371.67853,133.21729,0.11535381,286.14078,387.62726,0.112285405,260.05237,388.7139,0.06429332,283.64877,398.26804,0.12776662,309.64343,183.66045,0.07600515,281.05515,96.3536,0.09552809,273.685,104.19945,0.095751084,315.86188,186.06349,0.15429437,306.86835,409.7466,0.09098063,294.04956,182.32243,0.13662915,227.78676,149.76561,0.05655853
507,309.902,178.77301,0.10917923,303.299,187.18312,0.11825227,259.43076,389.41385,0.0504391,284.45517,398.04504,0.09927528,293.96234,182.60796,0.07451545,280.94934,96.886475,0.08861344,273.79224,104.739235,0.085764915,316.36615,186.78574,0.16374466,306.89233,410.26117,0.08297403,293.06012,182.16576,0.1498121,215.78395,154.1807,0.044904746
508,309.4274,179.46579,0.09261691,302.81586,187.55653,0.10949151,500.15927,325.05905,0.04365794,284.22635,398.78516,0.08744679,227.40251,138.09462,0.062625565,280.5257,97.348305,0.08755679,273.6556,104.7171,0.087390326,491.11975,283.611,0.17320739,476.37363,277.28592,0.09174614,293.22064,182.11357,0.13675171,222.13368,154.68663,0.05823845
509,372.3346,133.59625,0.1013098,286.41763,388.48752,0.1372502,259.546,404.44513,0.054334667,284.7363,399.06253,0.15973867,308.91403,198.35754,0.10088468,280.20306,97.341705,0.078256406,225.84027,166.42787,0.0891879,316.61548,188.61537,0.20178185,326.86166,180.83197,0.11055324,294.0505,194.52135,0.14823145,221.84619,154.75111,0.079203986
510,372.16068,133.149,0.1014866,286.19394,388.78656,0.123950005,259.73267,389.33502,0.053141907,284.7944,398.7409,0.16699852,227.87523,138.7998,0.10422718,297.27884,395.50897,0.083938606,225.76779,167.44292,0.15456761,316.51248,188.78745,0.13340276,234.8741,161.69908,0.102613,294.26556,195.40912,0.11059266,220.97495,160.88582,0.107971564
511,372.22467,132.88048,0.08146094,285.30884,388.5574,0.07509288,259.4441,404.75195,0.054719757,284.21387,398.3148,0.09772215,228.17198,152.29079,0.09850118,221.57767,165.99884,0.08238246,225.40146,168.42688,0.13755783,316.59915,188.18861,0.098385826,234.86652,162.45097,0.10359762,293.99554,195.52744,0.09907362,220.40485,161.99576,0.10746629
512,533.3061,148.1329,0.094916046,285.0516,395.07077,0.10336688,259.55408,404.44424,0.053991754,301.34744,189.33644,0.115510955,233.00316,147.72426,0.074244335,553.9366,147.90862,0.065608285,225.771,167.92087,0.09206913,317.2252,188.46954,0.1529968,307.47134,418.1287,0.09442225,293.78918,195.43054,0.1254926,221.50652,162.30917,0.07361588
513,309.51645,194.536,0.07987644,388.5747,195.86874,0.09427947,469.41623,292.33704,0.052633982,301.17484,189.35544,0.109342575,228.03049,153.25572,0.1007024,220.82465,167.01308,0.067520365,219.56589,169.53098,0.09441468,317.12372,188.9805,0.1284974,234.45226,163.41684,0.09675573,293.3611,195.77502,0.115759276,220.56357,163.13635,0.087558635
514,533.41797,147.80356,0.086817846,284.8973,402.7212,0.07827708,259.21768,404.89032,0.045743223,417.35834,204.82729,0.09080339,227.80373,153.82089,0.09666079,280.58246,96.79134,0.06824758,213.97281,167.77652,0.07989162,378.82477,482.03397,0.104247935,306.94153,417.9904,0.08944316,293.36285,196.16331,0.0948623,220.98392,163.86273,0.07268606
515,547.70306,147.9196,0.10635006,301.85315,191.1704,0.10486598,500.63644,340.19052,0.047819413,319.96515,204.9099,0.089281246,228.23553,154.33644,0.11999699,281.28235,96.77878,0.084179245,214.81306,168.9416,0.09474786,300.99063,202.39413,0.1348431,235.3339,169.90198,0.08069289,292.9208,197.66846,0.13708405,221.5546,168.67407,0.10190164
516,372.4064,133.7515,0.098751955,476.95538,292.4055,0.09792832,259.3562,404.94824,0.049597867,369.84464,149.97684,0.10894506,227.59319,153.80077,0.1177926,281.31625,112.07354,0.07837521,213.73216,169.01344,0.10956376,370.18137,141.69681,0.07652291,372.23093,171.93909,0.089704335,299.2174,218.70839,0.08587384,214.71048,168.13469,0.08132425
517,371.58755,149.00784,0.10071192,285.40454,403.6226,0.09663901,259.73618,404.81357,0.070434056,369.62302,149.61197,0.1155874,227.19518,153.99115,0.109936625,281.26245,97.10534,0.093258925,273.96445,120.00721,0.09911776,370.20724,141.94295,0.07227779,372.12784,171.85088,0.09425925,349.09164,157.17522,0.092332676,215.1688,168.88568,0.08632954
518,309.6965,195.65443,0.14268677,303.14383,203.73012,0.11676792,259.8787,404.75858,0.06912077,283.36728,415.00052,0.12890969,227.32037,154.14244,0.11239326,280.02185,111.53909,0.09329039,273.30493,119.84401,0.11178822,307.7714,203.8112,0.13488589,371.86975,171.94228,0.09797702,293.41867,209.97887,0.12226599,215.16542,169.11563,0.09629108
519,533.30774,148.45921,0.12021366,302.63483,203.5703,0.113002636,259.86646,405.3017,0.060992975,409.7093,221.33372,0.14920463,226.74109,154.37462,0.09031375,279.315,111.51787,0.10415546,272.75552,119.892624,0.13163345,307.24493,209.8678,0.08468117,285.82474,82.16622,0.095860235,291.75623,197.88745,0.111981526,215.00511,169.58453,0.1043614
520,308.8277,196.21297,0.113181256,302.3056,203.72495,0.116694205,259.7959,405.3191,0.058496032,272.9083,113.75554,0.1509811,273.3133,123.50184,0.093510956,279.59067,112.73318,0.09488266,272.60748,120.79999,0.114019476,314.35846,210.00967,0.1071745,220.52258,163.88599,0.08595896,293.13525,210.13818,0.13587923,214.98288,169.74213,0.09856949
521,308.8528,196.3468,0.12707017,308.17007,203.302,0.1289061,259.88687,405.2343,0.06418039,272.95386,114.42851,0.1454582,308.57455,214.48892,0.09785966,279.58685,112.54943,0.08991143,213.06038,177.27988,0.116859145,314.41806,204.26434,0.19774552,220.24704,170.45941,0.09873056,292.61646,210.76938,0.15971036,214.68808,170.44182,0.10904678
522,357.19135,149.36201,0.10519573,308.09763,203.87372,0.1132266,389.38184,212.23608,0.048903853,368.7124,148.93628,0.10960071,308.85568,214.1768,0.07899337,280.2506,112.57853,0.07693975,212.09438,177.01161,0.117083244,314.39932,205.389,0.19935702,326.37354,196.0241,0.09786622,293.2522,211.6099,0.12227573,214.64937,170.41374,0.100000516
523,357.07834,149.30272,0.13243936,285.60773,404.21848,0.100136355,259.67316,420.57355,0.051109258,284.33997,414.69846,0.11674713,226.5036,167.92995,0.08288959,280.45795,112.55229,0.08428646,212.18358,178.61507,0.14232306,314.61804,204.5915,0.11554959,220.49797,170.98059,0.11264635,268.6209,411.95795,0.078327365,213.34555,170.77225,0.12248261
524,341.83102,149.55325,0.12314124,283.83383,314.95154,0.084944345,260.70984,83.685425,0.043757282,274.0014,114.6628,0.10837955,226.36588,168.10657,0.086349845,280.4356,112.41295,0.10088585,212.23973,183.4034,0.15961607,314.34335,205.00768,0.12349124,220.6878,171.38606,0.11619412,293.02618,212.01056,0.09700243,212.897,171.17111,0.11223277
525,308.42365,210.89409,0.11211105,315.95813,210.99274,0.10165394,259.52637,420.82944,0.057582878,401.8199,213.90442,0.11289722,226.16293,168.3891,0.090085015,280.423,112.2384,0.118195474,212.30963,183.47417,0.1591336,308.95245,205.55153,0.18122761,220.44972,172.06953,0.118853256,291.62967,212.5235,0.1468549,213.0757,171.86766,0.10396745
526,308.22067,210.9811,0.12771866,315.87445,211.3507,0.10973896,259.57532,420.80658,0.0593671,312.64203,221.2168,0.11204283,295.45377,214.02026,0.09504292,280.17258,112.5418,0.10075602,212.25755,183.74406,0.17050394,309.01672,205.89526,0.20999672,220.61496,172.56905,0.11949844,291.06516,212.8644,0.14645585,212.72153,172.20665,0.10250656
527,308.22217,210.74377,0.1243511,315.9875,211.28415,0.10930137,259.64453,420.8355,0.057390314,308.86063,220.97989,0.12381601,306.6475,227.43498,0.09718519,280.11734,112.7207,0.081977695,211.98999,183.37807,0.15526733,309.24875,206.27284,0.23156253,220.4091,172.74289,0.10777576,290.50937,212.95099,0.1456756,213.2717,172.27544,0.081819706
528,547.295,149.25046,0.100078516,284.5435,410.8106,0.08909612,259.81055,420.53973,0.060222622,394.96164,213.23236,0.12115014,226.08446,168.67688,0.10207528,280.45547,112.44574,0.09974437,211.91025,184.54013,0.18747458,308.98462,205.5093,0.12858851,221.63423,173.45906,0.11784355,291.71066,212.3347,0.114543475,210.83344,180.25188,0.11848053
529,308.70007,211.25366,0.09646861,284.64246,410.77695,0.09405377,259.81094,420.48407,0.057334498,394.93353,213.33978,0.11661269,225.62383,168.6199,0.096601665,280.8588,129.31128,0.06550009,210.9065,184.77332,0.19697332,308.73877,205.3865,0.13910374,221.42604,173.23851,0.11578696,291.45923,211.99707,0.1281408,207.7549,183.3658,0.11723095
530,308.55927,211.40262,0.09235068,284.7514,411.01395,0.10280411,260.028,420.03268,0.0612734,395.16245,213.70067,0.10171274,225.56718,168.80006,0.086264566,313.26984,214.9869,0.06613184,210.96004,184.50374,0.17386505,308.4792,205.26782,0.1462297,221.0074,173.35127,0.11015954,291.26273,211.93047,0.13181588,207.89233,183.8259,0.10038858
531,532.7591,163.1415,0.10051398,284.35867,315.20483,0.09108177,259.87576,420.419,0.057638805,395.0475,213.78111,0.1074699,225.32196,168.85547,0.07531748,280.8692,129.382,0.068325564,210.66833,183.9321,0.16822046,308.40634,205.38583,0.15375277,220.56613,173.02716,0.104308486,291.0152,212.04332,0.13459325,208.06802,183.9863,0.08551578
532,532.9179,163.1971,0.100001246,308.78485,205.31363,0.09079452,259.75885,420.41772,0.053405985,394.53857,221.54521,0.11295613,225.386,168.48665,0.08220616,280.8019,129.15326,0.07163975,211.30017,184.02481,0.18545417,308.14026,205.37093,0.1678577,221.04538,173.13123,0.1149445,290.4717,212.08858,0.15096264,210.8301,179.808,0.093268156
533,532.93024,163.33376,0.09501456,284.76416,315.179,0.096845515,259.9822,420.3627,0.055501964,394.81958,221.61684,0.11054839,225.31004,168.59383,0.08436428,280.79282,129.04729,0.06963227,211.35101,183.35957,0.17835286,308.06094,205.05762,0.15608408,220.83292,172.72067,0.10473069,290.44113,211.95618,0.14156845,211.12488,179.35078,0.076384306
534,532.87384,163.1822,0.10103124,285.09726,315.10538,0.10901636,259.72235,420.66934,0.04683984,394.7088,221.70746,0.11849848,225.13712,168.53076,0.08449274,312.92734,215.14613,0.06826948,210.97258,184.32837,0.19810495,307.91846,205.18806,0.16404341,221.2921,173.39609,0.12041913,290.10416,212.18947,0.14965743,207.72728,183.22223,0.103696644
535,532.318,162.88826,0.13014519,285.39874,315.19205,0.1196188,258.71182,309.857,0.046906207,394.79782,221.66911,0.1048545,225.17227,168.39024,0.08573473,312.9942,214.69803,0.066688694,211.33217,184.19531,0.20879667,307.9027,204.94673,0.15597288,221.44054,173.50511,0.121325076,290.0126,212.3564,0.14362986,205.44397,178.31375,0.101164006
536,531.59314,148.75365,0.10402563,285.44147,315.26703,0.116364665,259.91202,420.59723,0.0523314,394.84775,221.57297,0.09579449,225.11707,168.33192,0.07829069,280.99084,129.03754,0.07560132,211.01166,184.08954,0.19330609,307.94833,204.91196,0.14703467,221.33763,173.24998,0.11860877,290.0149,212.643,0.14305285,205.66206,178.22316,0.0881527
537,531.499,148.72852,0.10734499,285.57077,315.33176,0.12009554,258.68564,324.9433,0.048697624,401.75546,214.13013,0.0926347,225.03055,168.09596,0.0860182,280.85065,129.14877,0.07511703,211.07013,184.6851,0.212718,307.83893,205.11832,0.12880956,221.74297,173.55322,0.137265,290.10208,213.08043,0.13704346,207.29062,183.22954,0.11036098
538,531.42804,148.69034,0.11105571,285.54428,315.34915,0.11903723,260.01328,420.48328,0.0560011,401.8123,213.9351,0.09192652,225.3334,168.51003,0.0854096,280.86856,129.08395,0.07295533,211.2492,184.31892,0.19201826,307.7376,205.22693,0.12964123,221.54254,173.5384,0.11863288,290.0393,213.35956,0.13445431,205.45573,178.43578,0.09692469
539,531.6137,148.55334,0.09787623,285.46655,315.38458,0.11038015,259.96152,420.1734,0.05887263,394.47156,221.53894,0.10426757,214.57898,168.14732,0.093669266,280.72964,128.72272,0.07802669,210.98643,184.8575,0.20304228,539.3696,163.96086,0.09212353,221.71582,173.62218,0.123409204,290.53412,213.46777,0.11765746,206.89708,183.28824,0.11473251
540,531.37305,148.48729,0.10879517,284.80695,315.6564,0.08770578,258.96548,325.10873,0.04496354,261.1942,115.177826,0.09265063,204.8322,176.22948,0.07270099,266.8793,113.13391,0.095466375,210.00166,183.64194,0.11628985,538.3344,156.63841,0.117695585,219.90576,173.06194,0.09153485,284.71262,220.7987,0.10994092,205.12424,171.89436,0.058332928
541,531.66376,148.52336,0.09613371,285.01382,315.62823,0.098354824,258.9625,325.05426,0.048373196,401.3713,214.34908,0.095685326,204.8509,176.37189,0.071507394,266.74615,112.87206,0.09786478,260.22873,120.584335,0.108583346,543.52234,156.22885,0.09598745,219.78418,173.13611,0.097021535,284.45874,220.39296,0.10402448,205.25009,171.93117,0.055380322
542,403.87018,197.90941,0.091614656,396.16687,212.2057,0.10087138,259.0556,325.07867,0.04770466,400.78943,214.58534,0.10787426,205.07146,176.33519,0.0721917,267.08603,107.45916,0.10698038,210.11166,183.9163,0.11509612,300.97122,218.65753,0.09623549,219.8002,173.48314,0.09506926,290.02087,214.09543,0.119537026,204.90712,172.38043,0.058621675
543,403.50006,198.06935,0.09993127,396.07904,212.20947,0.11626759,259.16302,325.01657,0.047191147,393.8362,221.84085,0.13151239,293.4398,213.94211,0.06930042,266.60846,107.19644,0.10529804,259.86566,120.31171,0.102646165,398.12866,205.8021,0.11146146,308.17435,211.37582,0.0974655,289.58682,214.34552,0.11941749,199.0173,171.76868,0.048112746
544,403.08722,198.25534,0.09849441,395.6565,212.51387,0.11121456,259.73932,420.41925,0.053598937,393.84195,222.00194,0.1683627,293.18875,213.79233,0.070915125,266.5881,106.94726,0.09652686,307.08444,228.9493,0.099875346,397.84164,206.44308,0.13776931,369.27432,179.56448,0.10682383,378.93674,207.71672,0.112078555,207.14554,184.76057,0.06353911
545,357.0584,149.91605,0.09296606,395.32974,212.59436,0.10268432,387.07715,210.91626,0.057077143,393.80377,222.23466,0.17078027,212.31467,169.31183,0.07316234,266.34003,106.63712,0.088257544,209.5992,184.61855,0.10206235,397.5405,206.38806,0.1398317,369.18408,179.59253,0.10999054,379.07477,207.77629,0.10989469,206.97621,184.3871,0.08030794
546,531.773,148.60037,0.09197429,301.192,219.82239,0.10866198,480.961,306.7785,0.05564762,394.12524,222.36826,0.13407592,212.37123,169.18605,0.07087787,266.325,112.71754,0.098239325,259.5417,120.59352,0.105433986,301.1518,219.93002,0.09681668,369.08313,179.4915,0.10161514,380.0629,207.32103,0.10388491,206.91098,184.67078,0.059179198
547,355.91113,165.60011,0.11090513,301.0494,219.8875,0.09792554,259.29575,325.04868,0.05341198,353.91586,172.63815,0.12452585,371.32166,196.36113,0.07701059,266.31018,112.78222,0.09217263,258.91867,135.27362,0.09624927,300.97977,219.83719,0.10858741,371.26572,193.11346,0.10598678,380.39734,207.2014,0.10544079,204.91742,172.03209,0.052228652
548,355.51837,165.48804,0.12944263,285.37454,316.48105,0.09234925,260.6176,99.0394,0.048206072,353.54495,172.99644,0.12328667,371.09747,196.59839,0.08063417,265.77127,126.80538,0.10737925,259.96375,120.93048,0.12606558,397.62976,206.84491,0.106763236,353.08057,158.9928,0.121126436,379.63647,219.56389,0.12629913,240.16144,89.48076,0.071076915
549,355.30365,165.35107,0.14913528,395.8357,212.76059,0.09533369,259.75873,420.88217,0.05127634,352.922,166.77766,0.12115509,370.9512,196.84087,0.07825493,265.80237,126.31713,0.12659772,260.59842,121.31788,0.13207792,397.79135,207.17178,0.13654584,359.05478,164.40988,0.13022046,379.1938,219.80865,0.13695216,238.1203,89.33614,0.089805424
550,355.25876,165.46443,0.12654127,395.80383,212.74963,0.100618556,259.75998,420.8423,0.051533785,352.81253,166.18875,0.1262697,293.0412,214.7279,0.07456399,265.70126,127.27265,0.10951778,258.9427,135.10448,0.11162876,397.79663,207.63484,0.12790734,353.12485,158.96928,0.12557212,378.78998,220.17966,0.13053797,238.78252,89.124825,0.08051521
551,355.451,165.71362,0.12844837,395.64072,212.49591,0.11158291,259.7101,420.85614,0.044144347,352.94293,166.02345,0.12983587,293.20245,215.25851,0.08585383,265.7636,127.21596,0.120322354,258.83255,135.21777,0.11396867,300.63547,219.56082,0.14679445,353.13577,158.83002,0.12659319,378.44403,220.34941,0.12122497,237.34897,88.98427,0.09639954
552,355.9434,165.76567,0.102531,396.08627,212.61804,0.104921006,259.64426,420.68732,0.04574337,395.3883,221.50917,0.11057383,213.39607,170.3782,0.0851327,265.28503,127.07291,0.12043864,260.27637,106.87049,0.13502686,397.6661,207.49298,0.11088663,371.41272,194.95735,0.112098515,378.70554,220.32118,0.1034426,206.6724,185.07065,0.124138765
553,355.96362,165.6506,0.1165602,396.381,212.7101,0.09793164,259.85727,420.62015,0.052085403,353.98138,166.07011,0.1152294,212.71475,170.35536,0.0798479,265.30945,127.42585,0.111668706,258.5968,134.95331,0.11100785,300.76776,226.34346,0.09114848,371.18304,194.7362,0.12092903,379.76938,214.33255,0.09880599,207.04933,185.68562,0.087349124
554,356.05374,165.69241,0.117903195,396.79236,212.82759,0.0842185,260.20026,420.37314,0.055248294,353.83548,166.01083,0.11935517,212.64655,170.23256,0.08157043,265.3158,127.536705,0.10974918,260.26566,105.63619,0.11467764,395.8737,225.17862,0.075153254,371.16364,194.88083,0.12022667,379.41638,220.65671,0.091108,207.12024,185.87903,0.08475789
555,355.99954,165.68727,0.11035243,516.46765,171.6441,0.07687187,452.93964,308.48737,0.052010372,353.75327,165.69197,0.11177831,213.23093,170.3202,0.09354756,265.3136,127.689224,0.10871897,259.9486,105.071686,0.11041023,530.83765,157.08592,0.080168,371.11884,195.30963,0.100921944,379.49738,220.86778,0.08809232,206.56169,185.832,0.11444114
556,356.06213,165.63278,0.10616005,396.86923,212.9119,0.08796427,452.91608,308.41837,0.052062985,353.56485,165.44817,0.10902492,212.54677,169.97318,0.07575602,265.1708,128.1481,0.10685805,259.75415,104.48953,0.11432642,283.29636,328.5989,0.08922677,371.09845,195.35843,0.10441378,275.9997,324.14084,0.10232383,207.20422,186.29973,0.07023599
557,356.02496,165.46968,0.108068846,396.76907,213.07872,0.09012596,452.79053,308.3855,0.047924265,353.70126,165.40494,0.106785536,212.40852,170.13086,0.075467296,265.34534,127.93302,0.11064495,260.0704,105.10433,0.11286756,283.03036,328.63892,0.100356944,371.00565,195.47696,0.093057,276.0719,324.28687,0.11205135,239.30225,89.85236,0.066662654
558,355.94025,165.541,0.10648093,396.86197,212.84785,0.086854026,452.8172,308.3508,0.04972417,353.67337,165.51608,0.106959045,290.49832,339.15967,0.07243136,265.1846,128.31738,0.10696172,258.5571,135.50092,0.110261306,282.89838,328.3213,0.10658797,370.82892,195.33904,0.095517114,275.9952,324.35193,0.12106007,239.7386,89.80451,0.05722336
559,355.90118,165.52594,0.10717126,396.80087,212.82478,0.086682044,259.44894,99.00864,0.05029004,353.55658,165.49799,0.10867091,212.00668,170.06804,0.07157917,264.97217,128.27893,0.1067548,259.48386,104.42754,0.11642061,283.1179,328.5184,0.09739785,370.887,195.39262,0.10281129,275.96927,324.2414,0.10919389,239.1749,89.763054,0.053885784
560,355.79932,165.59467,0.12049761,284.91852,323.5736,0.07566769,453.02817,308.3457,0.049258105,353.76602,165.87242,0.11593842,212.12764,169.99135,0.06945382,265.077,128.37946,0.10158761,258.51733,135.32874,0.10616598,283.44186,328.90372,0.08212988,370.74066,195.2514,0.102453336,379.4999,220.35782,0.086151,239.74376,89.75609,0.052036017
561,355.8224,165.58513,0.13679932,396.8388,212.21567,0.07146517,453.13242,308.28564,0.05327676,353.80853,166.13818,0.12335744,212.76343,170.56418,0.08309495,265.18048,128.00748,0.10678593,259.73035,104.730225,0.107902765,300.7399,226.47118,0.081462674,370.59125,194.53967,0.11133594,380.34735,213.69414,0.08880044,206.75621,185.5029,0.087765224
562,355.67523,165.57245,0.1256721,306.7471,219.73068,0.09572122,259.8117,98.844025,0.045560088,353.60938,165.96938,0.12892805,212.48897,170.48828,0.09171418,265.4787,127.824905,0.10568351,258.55222,135.26964,0.106540106,300.8483,219.74586,0.14075463,353.83527,158.55942,0.09999365,507.7029,172.48758,0.09966472,205.99219,185.1267,0.09889691
563,355.2813,165.64435,0.12113475,306.29462,219.82498,0.10567532,259.77844,420.79337,0.047593288,353.09424,165.81482,0.13720584,212.00473,169.36356,0.08786894,265.0619,127.998985,0.09768631,259.49908,105.17417,0.10861473,300.7052,219.8668,0.16797,353.5027,158.22188,0.11992705,379.73456,207.46185,0.09556934,236.43384,88.0904,0.062273663
564,356.53824,150.30746,0.1156762,301.53967,212.65671,0.10785029,259.8423,420.7736,0.059174817,353.3171,166.23206,0.1376266,261.48398,81.716965,0.08120601,268.5486,111.732185,0.16377771,260.56918,121.20762,0.16408753,300.6412,219.38481,0.16864713,307.33865,212.60274,0.115971416,288.41022,215.56831,0.113408856,233.67905,87.22353,0.10935141
565,356.6054,150.12273,0.10950125,301.34286,219.50838,0.11234154,259.15326,324.87265,0.046800084,353.5014,166.26924,0.12973562,204.86052,176.15279,0.07504384,267.12567,113.181274,0.11638977,259.73798,121.08172,0.13566566,300.60928,219.56139,0.1317861,307.21008,211.24896,0.100295976,380.0573,207.67007,0.108334534,236.87355,88.3089,0.070975505
566,299.9913,209.8775,0.09167322,301.30704,212.17867,0.14056854,304.7987,227.58737,0.056847855,399.80823,214.12233,0.11788739,294.4978,215.26096,0.09302241,266.06088,112.56403,0.11483358,243.69394,89.03583,0.121057585,301.4996,218.88719,0.23279458,307.4779,211.55693,0.12126306,287.6114,216.11598,0.121085264,205.34319,171.8821,0.05984695
567,300.12592,209.92987,0.088565096,301.3074,211.94904,0.12750128,259.76044,420.80164,0.053078476,305.13312,221.73997,0.117422074,294.13907,215.11165,0.08268621,265.56403,113.17311,0.0838164,243.22089,87.22137,0.1101847,301.42603,218.14265,0.19281875,307.62152,211.57886,0.11500862,287.99734,215.5603,0.12893978,205.61882,172.0984,0.06343921
568,260.7706,133.96541,0.08692543,300.8699,211.67795,0.10575044,259.22366,309.31937,0.04443456,354.32138,172.83498,0.1022139,212.44995,168.37616,0.094979204,265.6289,112.81512,0.09686684,209.7129,183.27391,0.13067491,302.13477,205.6342,0.14412,377.48602,195.6232,0.09031397,289.29788,213.98616,0.12389883,204.56425,172.29071,0.094865695
569,307.53976,198.11305,0.107309304,301.16266,211.60828,0.119269386,339.60748,163.92296,0.056387614,305.15826,221.4357,0.11880469,211.2971,154.17511,0.098905906,265.46994,112.3015,0.10483124,244.68793,87.90298,0.13175285,302.64868,206.46689,0.20885961,307.42422,211.52402,0.124753706,288.24948,214.4694,0.12563238,198.18246,170.37364,0.08761373
570,356.10526,149.50188,0.11946447,307.2723,204.63705,0.10590032,339.82874,163.9573,0.054021668,259.90073,115.08611,0.122731164,211.82826,153.8967,0.11372311,266.03336,111.52585,0.13329287,261.0672,89.97729,0.14608917,301.91385,205.45107,0.18850274,307.55093,210.26077,0.110683486,289.095,213.79555,0.121518254,198.25319,170.27774,0.08637111
571,355.53372,149.94415,0.13614945,307.39822,203.97359,0.090478405,259.8864,420.59427,0.04546896,353.35663,150.3719,0.11897414,211.4562,154.20949,0.09086764,265.70316,111.04502,0.1261123,259.30792,119.15321,0.14004607,301.11716,204.66129,0.14447932,368.85492,179.27052,0.098184995,379.51785,205.23183,0.12643038,237.04073,74.81341,0.08385274
572,356.22238,149.51274,0.093304195,306.73212,204.15388,0.10133576,260.17957,404.89954,0.05544377,394.87183,221.56242,0.15491258,211.52545,154.28995,0.091405936,264.6485,111.75788,0.110088065,245.5563,88.62926,0.14937516,301.42465,205.12791,0.16553928,311.8041,197.09995,0.103200465,289.6411,213.49628,0.12626745,205.85854,170.33076,0.07227043
573,355.8596,149.28181,0.104209095,300.88544,203.73488,0.08034712,260.39658,404.64142,0.068078175,353.9172,149.79503,0.09695784,212.4274,154.99594,0.09897877,264.63858,112.40352,0.094727226,258.5595,119.053116,0.09825226,300.54242,210.43661,0.10886039,220.16812,170.99622,0.07831851,276.41296,308.45435,0.09027629,205.09663,169.72714,0.093095586
574,355.48468,149.49765,0.10832991,306.8655,203.61699,0.091791846,259.1325,84.003456,0.046332404,353.64865,149.92485,0.11708694,212.11807,155.0134,0.10696874,264.8265,112.6852,0.08601331,258.31268,119.72574,0.08795863,300.71423,203.55254,0.1349516,353.79532,141.80461,0.08769922,307.84613,450.6834,0.08687848,205.31728,168.83867,0.10190249
575,356.6217,134.01205,0.10485724,301.2565,196.29031,0.10417062,260.40314,403.9536,0.054696325,353.5313,150.2342,0.11443407,212.25143,154.61166,0.10736411,266.49786,96.96794,0.10332855,259.0413,104.9051,0.11267624,300.31332,203.1655,0.15595746,307.15747,196.45726,0.08834443,279.22324,197.13339,0.09567398,206.09966,168.17453,0.099395044
576,356.64487,134.05528,0.10076309,300.9237,203.38101,0.10502049,259.90295,404.53873,0.059961677,260.40894,98.07297,0.120286815,211.7077,153.35753,0.104299806,266.93988,96.92352,0.12289705,259.77484,105.14846,0.1530939,300.6696,203.2616,0.11991443,282.92197,82.10719,0.095628545,381.1739,190.42937,0.0970634,237.68544,72.67305,0.08834363
577,294.4511,194.00232,0.085482776,301.13837,196.0694,0.1316594,258.87366,308.7082,0.053245366,400.4322,198.38277,0.11074337,210.66171,138.47298,0.078206904,266.28885,96.782906,0.11449807,259.32578,104.59962,0.11632148,301.39795,202.4114,0.1693931,312.10977,181.08432,0.08753647,276.41394,306.74637,0.10349734,204.8854,156.07082,0.06651049
578,284.82822,291.3416,0.08675174,285.19223,299.79626,0.112813674,259.0435,293.1988,0.04717182,400.7974,198.3291,0.10590086,211.20569,152.45457,0.07887685,265.55994,112.764755,0.059850186,202.99379,162.21902,0.09279071,301.8041,189.49236,0.11406361,378.17343,180.13696,0.093640655,275.24445,294.6686,0.10609467,204.91406,155.8848,0.075557575
579,284.48276,291.14066,0.10794316,300.90836,194.94621,0.12424959,259.63574,292.95105,0.04184171,284.71307,188.88565,0.12148212,293.83307,198.30504,0.07819236,265.0087,97.34105,0.06468997,305.2157,212.95883,0.08115956,302.27408,189.72166,0.21156633,306.9786,194.68796,0.1044638,275.98184,305.53455,0.13890478,199.8058,155.02997,0.06193637
580,355.9,133.50307,0.12080254,284.9676,299.68652,0.096000515,259.28107,85.43167,0.037170358,353.19235,133.45421,0.105934806,211.02113,138.24483,0.077796064,265.40033,96.40107,0.09578548,259.08398,104.15409,0.106259555,301.17468,188.65373,0.16647093,353.09543,126.80665,0.085118,379.85675,189.7552,0.09061637,199.53212,154.42377,0.056401845
581,356.2856,133.68857,0.08907189,284.94656,299.19827,0.1153783,259.7956,389.04422,0.046313293,283.7229,187.96454,0.10113402,293.41965,183.81924,0.07279433,264.871,96.19813,0.11263385,266.91544,69.930115,0.120599195,300.98813,189.11514,0.21001564,311.40808,180.60258,0.10916255,379.15765,188.98062,0.106906466,241.41649,59.807735,0.04774532
582,356.00818,133.07234,0.08701492,307.03583,187.2857,0.08114092,500.74817,228.68698,0.03927605,394.69482,205.26671,0.1403109,395.6681,211.75446,0.070723206,264.2438,96.69715,0.09322625,244.25046,69.89365,0.10392562,300.3045,194.27397,0.14017546,269.41333,66.39735,0.07360355,283.10648,202.42278,0.09448279,241.62509,59.649445,0.052387744
583,285.7255,178.69502,0.08995598,301.3795,180.5074,0.09342201,260.12317,388.5361,0.047270544,353.653,133.90517,0.10580613,210.85635,138.47548,0.065461755,264.6875,96.97241,0.07352012,355.7346,147.512,0.08345455,300.0033,192.98265,0.13735308,369.48798,162.87868,0.08623205,277.8984,181.24896,0.13923524,204.92258,140.58926,0.039875265
584,285.6659,178.66045,0.08555818,301.35144,179.90512,0.11137661,260.08017,388.77057,0.04628723,353.48737,133.85979,0.1016416,293.4994,183.5963,0.08089721,264.95435,96.88257,0.079884835,530.4083,145.85614,0.09940535,299.8453,185.97397,0.14916976,307.26263,186.93591,0.08865089,277.8852,181.36217,0.12670137,198.8289,152.96964,0.05301622
585,531.248,117.30191,0.0812957,300.9058,173.27081,0.09287085,258.97583,68.931725,0.041571196,283.6163,173.73335,0.10236421,293.0528,182.5944,0.07686892,265.6558,80.745674,0.092266545,530.30853,146.11554,0.08929178,299.98395,186.42809,0.13897032,285.3798,180.04927,0.08556388,278.80865,181.19893,0.08592967,204.58537,140.9981,0.049733665
586,294.3951,178.14853,0.08978763,300.91318,179.71869,0.119954675,258.75708,292.5605,0.046197332,385.75153,182.47774,0.12267216,293.50266,182.85587,0.07678567,265.67795,97.16401,0.071844645,201.84978,146.86526,0.07440775,300.89127,186.0339,0.14529043,370.58643,163.00888,0.09226234,278.78613,180.52768,0.10033243,204.88771,141.4028,0.046524055
587,294.05008,177.62291,0.096763,301.20303,179.24498,0.12690248,484.51755,308.9074,0.049681038,285.12476,174.02684,0.120722316,279.13766,181.69876,0.085919015,265.36343,96.76981,0.06332614,201.45613,147.13077,0.08114951,301.98117,174.27791,0.19580041,306.93405,179.11453,0.09718423,278.33023,179.82016,0.12956199,197.61832,135.2012,0.044394847
588,293.6069,177.88864,0.08039438,301.31073,178.94554,0.107194886,259.91193,388.3058,0.055507906,285.15137,172.73802,0.11979987,210.47389,137.53383,0.077016905,536.3144,116.58727,0.063298926,530.033,129.70044,0.07329122,301.57846,172.97319,0.15545392,459.6851,260.8683,0.08703192,277.64716,173.92812,0.12458732,198.43494,134.38506,0.048015982
589,292.2403,275.99225,0.09427294,285.24643,283.85977,0.10914425,259.72375,388.31113,0.04939372,285.3506,172.64804,0.14378415,278.49463,168.7541,0.08455037,536.60205,115.71318,0.06819942,304.62155,196.46494,0.07883889,301.477,172.30624,0.2130664,306.59882,177.9265,0.101979636,276.94427,174.40239,0.13143973,274.57236,177.72339,0.048216958
590,531.19415,116.2566,0.08847152,284.9642,283.67334,0.09897939,259.91843,388.28903,0.04731929,283.97067,172.06242,0.0983216,292.0855,181.05508,0.06385594,536.01654,116.77953,0.0728509,530.3143,130.09052,0.0872394,300.56818,172.37685,0.12868984,530.1682,110.46415,0.080929495,379.51663,173.37173,0.101375744,276.42578,178.22989,0.0321726
591,294.11078,164.21619,0.090659805,293.29623,171.47849,0.104810014,379.2357,371.06006,0.038858403,284.60135,171.77083,0.11428282,277.7783,167.509,0.08153629,304.56934,181.46474,0.081329934,530.329,129.7717,0.07951133,300.7249,172.78279,0.22464983,310.97992,163.99422,0.11704937,277.13162,169.07455,0.11576328,275.69705,177.60838,0.03866395
592,294.15268,163.9555,0.07903508,306.8892,171.35588,0.08769004,500.62656,212.52315,0.036236387,394.3177,189.58879,0.13566552,293.19534,167.31485,0.07558741,264.3768,81.284195,0.07258171,305.62668,195.23985,0.081287175,300.20474,172.3123,0.16292849,311.5872,164.55034,0.08811973,277.7097,167.84679,0.10102115,276.04996,177.7377,0.040968653
593,293.879,163.35013,0.098107904,285.05533,276.33173,0.105337106,260.17932,372.71857,0.044588514,394.75427,189.3636,0.13009098,292.4186,181.29626,0.09730247,264.07132,80.896545,0.07435551,304.59512,195.87048,0.08667876,300.25592,171.72212,0.19610511,310.57074,164.79958,0.094547786,276.336,168.58513,0.14621149,274.95798,177.06299,0.05453575
594,286.0776,162.85577,0.097229265,287.36896,170.70465,0.10327571,260.20825,372.6742,0.057611253,395.14905,189.21844,0.113807715,291.82513,180.68146,0.07136836,264.02518,80.9119,0.07361078,258.07645,87.47464,0.07752688,299.72342,177.08037,0.13477273,369.17303,147.16447,0.08028931,276.69012,166.60497,0.15925166,275.20847,170.5482,0.03510652
595,285.83936,162.33133,0.12304917,287.84845,169.96407,0.12427804,260.2937,372.82547,0.05486246,299.27032,172.86276,0.117042586,278.7848,167.52605,0.09179456,361.34152,115.304985,0.06189953,530.19293,129.79836,0.08129263,300.24957,170.06151,0.20032448,287.24857,166.74956,0.09363225,276.21494,166.27649,0.1997662,274.62347,169.9653,0.04699083
596,293.14795,162.4088,0.121929966,287.7126,169.98138,0.12171907,260.5034,372.7788,0.044021867,284.82806,166.00728,0.10949939,279.06146,167.37508,0.09738457,361.25513,115.29919,0.060362328,530.23315,129.78716,0.090857044,300.11227,169.49773,0.20212333,287.32123,166.6258,0.09397711,276.18173,166.00264,0.19926058,274.54633,169.46918,0.051116582
597,293.0972,162.33946,0.1285093,287.89996,170.10771,0.13290077,258.16428,165.1392,0.039772253,267.73203,380.78537,0.14016068,279.36115,167.62018,0.10099848,300.05624,412.14523,0.07296298,530.472,130.00273,0.08165429,300.11905,169.54378,0.23863901,306.3075,171.01112,0.09987096,276.12335,166.28711,0.20347348,274.38275,169.6473,0.054394674
598,292.66104,162.48181,0.13808262,287.6575,170.06007,0.13504964,303.09283,179.01938,0.048584923,275.64523,381.15762,0.16771978,279.71863,168.19006,0.11111655,299.88312,411.80453,0.07078107,530.52625,130.0428,0.07953262,300.0391,169.64723,0.26757166,305.87958,171.73337,0.109966524,275.89203,167.01828,0.20533,274.47388,175.2474,0.069442675
599,292.8895,162.76828,0.13000575,285.60837,371.91336,0.1216425,302.84717,178.97713,0.048104,275.57465,380.97662,0.16564482,292.69833,181.38414,0.10470798,299.90195,411.66757,0.071094565,530.35895,130.01146,0.07733551,300.11087,170.23041,0.2489901,287.4957,166.91428,0.09940857,276.14,167.44519,0.19172506,274.51865,175.92868,0.06828942
600,293.45554,162.69656,0.11999812,285.58707,371.89578,0.11380012,453.22937,260.2689,0.041702818,275.68747,380.97314,0.1353502,279.21716,167.4511,0.09623665,300.06384,411.60867,0.06031492,530.7035,130.17294,0.078215495,299.9951,170.23611,0.20388511,287.29865,166.54349,0.09367935,276.22604,166.92444,0.174977,274.7589,176.01405,0.06264728
601,293.753,162.78165,0.10380004,308.41565,418.73224,0.12325268,453.55954,260.2645,0.04918391,275.8232,380.9724,0.12770583,278.66388,166.74559,0.08428638,299.9212,411.97028,0.07251097,530.6357,130.15453,0.07292633,299.77557,170.28424,0.17083733,307.00906,402.222,0.10235967,276.63367,166.7774,0.16066585,275.04755,176.33542,0.048089165
602,293.75354,162.91418,0.09215472,308.36697,418.6227,0.11757107,453.74493,260.22586,0.04808978,267.6362,380.39697,0.11888358,278.6465,166.57347,0.0809768,299.7768,411.95215,0.07202853,201.25993,130.37515,0.073621035,299.7455,170.53958,0.17042851,307.0034,402.07138,0.10176568,276.6544,166.81178,0.15606543,275.06006,176.4065,0.045679785
603,293.7958,162.9543,0.08742488,308.29965,418.45972,0.12213493,453.65585,260.24945,0.046578772,283.59845,382.13477,0.11181993,278.37326,166.40718,0.07520871,299.82126,412.16345,0.075759575,201.37054,130.32933,0.082799345,299.77972,170.65765,0.15393737,307.0667,402.32013,0.10524924,276.7809,166.78802,0.15008639,275.04498,176.65335,0.04512732
604,293.74088,162.90422,0.08799361,308.3432,418.60315,0.11108022,453.8108,260.31873,0.045401137,283.55057,382.02664,0.11268952,292.67694,180.89995,0.075451195,299.77213,411.98953,0.07128276,201.30646,130.38284,0.09193038,299.68488,170.67058,0.1566278,306.9017,402.19638,0.10104255,276.67822,166.70078,0.14940578,275.18948,176.76425,0.045889795
605,293.67892,162.94037,0.0915574,308.31976,418.65955,0.10542395,453.84198,260.26877,0.046172466,283.62128,382.11093,0.10685667,278.36548,166.38495,0.07545126,299.727,411.97473,0.06822829,200.86174,130.60094,0.0935531,299.66794,170.70123,0.15869807,306.74704,402.3565,0.09751783,276.60352,166.77205,0.15149422,275.1968,176.81021,0.046556957
606,293.70184,162.91312,0.090207204,308.30554,418.71585,0.09896481,453.87527,260.27188,0.04510366,283.5477,382.16605,0.106776156,278.40802,166.48802,0.07828569,299.65,411.8604,0.065379664,200.66219,130.81331,0.08914305,299.69693,170.70407,0.16089341,306.65262,402.32285,0.09580385,276.76013,166.87415,0.1524242,275.15448,176.68834,0.045848876
607,293.5574,162.93655,0.101724654,308.2024,418.61526,0.10140098,453.81073,260.2714,0.044464994,292.07266,172.97165,0.118098415,278.68604,166.87483,0.08793684,299.588,411.97537,0.06831813,201.02792,130.48117,0.07880043,299.6506,170.59175,0.17898567,306.68582,402.2534,0.097895555,276.53223,167.06876,0.16044804,275.0352,176.61673,0.051583733
608,293.46353,162.85547,0.106563054,287.6878,170.55666,0.10482039,453.6744,260.2787,0.044317704,292.1673,173.0557,0.12603533,292.69852,181.36996,0.094237864,299.54742,411.9953,0.071279936,201.1023,130.43126,0.08710586,299.76865,170.61244,0.18771729,306.68985,402.09634,0.10107906,276.3651,167.13469,0.16700494,274.83844,176.35811,0.057306677
609,293.33902,162.8473,0.11215628,308.1106,418.52832,0.10994216,453.7766,260.17844,0.05099482,292.34988,173.11176,0.13262229,292.56042,181.3908,0.09958651,299.51144,412.0793,0.07878126,201.23935,130.26375,0.07420012,299.722,170.31761,0.1971115,306.7155,401.94833,0.106994376,276.2108,167.06364,0.17244852,274.7551,176.1779,0.06040832
610,293.1219,162.82487,0.11896008,287.55054,170.45987,0.11878889,453.64178,260.34528,0.05451947,292.369,173.39146,0.138704,292.62393,181.6904,0.107248284,299.62103,412.11398,0.07103149,201.44109,130.11087,0.07313519,299.82913,170.37198,0.21123461,306.8596,402.444,0.10205538,276.00134,167.32466,0.17635596,274.57492,176.1367,0.06623121
611,293.09464,162.82076,0.12259503,287.6441,170.37784,0.12042409,453.62335,260.37784,0.053374656,292.46713,173.32343,0.13481528,292.58478,181.63272,0.10658467,299.5567,412.24133,0.071468204,355.95316,130.80981,0.06625397,299.84027,170.24666,0.21501842,287.28864,166.76303,0.100784875,275.93042,167.25723,0.1810526,274.60507,176.08495,0.066453196
612,292.98254,162.80852,0.11746766,287.74542,170.39963,0.116686136,500.5565,212.74448,0.047674894,292.25723,173.26698,0.13893169,292.342,181.39554,0.10166811,537.77765,114.6031,0.05646054,200.82063,130.7328,0.07344548,292.079,170.77971,0.19082436,287.18304,166.65544,0.09643446,275.82303,167.04065,0.17830697,274.79453,176.02927,0.05896239
613,292.96964,162.80365,0.11467248,287.49768,165.32808,0.11214558,500.46722,212.71735,0.04437546,292.35983,173.17627,0.13702267,292.49823,181.29741,0.10329661,361.71182,115.22744,0.05644209,200.7953,131.04814,0.09497853,299.64633,170.25835,0.20291434,287.2433,166.66936,0.09733786,275.86142,167.09451,0.17743695,274.6842,176.0661,0.06238462
614,293.25272,162.81284,0.109782994,287.73157,165.13283,0.108219124,484.7986,308.73764,0.046081126,292.14767,172.93402,0.13107072,292.44644,181.16443,0.09666005,361.6992,115.30312,0.05724903,194.97885,136.50987,0.10414708,299.519,170.25626,0.1854486,308.30627,191.71373,0.09408865,276.1296,166.98906,0.16921969,205.36754,137.08568,0.05968987
615,293.50494,162.86127,0.10079698,287.79913,165.15271,0.09853276,484.81708,308.74728,0.047771256,292.02072,172.81943,0.119523905,210.2205,135.28139,0.09451077,316.29327,427.74854,0.060434554,195.12332,136.41014,0.10747101,299.48428,170.47113,0.1767626,286.88306,166.00055,0.089036256,276.48853,166.9698,0.15517084,196.33524,133.28328,0.066756666
616,293.5115,162.7705,0.09419502,292.93176,158.3959,0.09523641,453.45792,260.5661,0.041556418,292.195,172.97682,0.11640634,210.3236,135.50998,0.08777314,316.23364,428.03073,0.058882404,195.06422,136.10577,0.10367647,299.48947,170.50726,0.17960061,286.74182,165.73907,0.08754268,276.4824,166.68492,0.14878422,205.50636,137.09955,0.053826638
617,293.60645,162.6957,0.091867276,292.72897,158.10245,0.102715045,261.09808,372.5168,0.04294293,378.9201,165.02309,0.10910388,210.23422,135.61197,0.083111115,361.66595,115.49733,0.05945529,194.88882,136.10165,0.10392695,299.37506,170.48395,0.1683839,359.30542,131.43875,0.094423935,276.5919,166.21738,0.14099185,196.51184,132.96315,0.05583264
618,293.55,162.59892,0.10066461,292.46155,158.24286,0.11966971,262.21786,371.51532,0.062063366,276.5155,382.542,0.12823564,278.95303,166.26787,0.08839919,361.6616,115.631676,0.05804202,195.01828,136.06508,0.10842017,299.503,170.41226,0.18722191,359.32065,131.54008,0.104789376,276.48834,166.1954,0.148488,196.60986,133.12804,0.06316665
619,293.49542,162.52463,0.09609913,292.22025,158.1152,0.12108981,261.59747,371.53745,0.057236776,378.7315,164.94164,0.13860418,278.77667,166.0295,0.08337452,379.45068,173.27437,0.06176704,195.19345,135.78983,0.10261716,299.7502,170.19067,0.17632568,359.41275,131.53575,0.112843275,276.56094,165.9242,0.14796881,204.54222,132.56204,0.061838444
620,380.23154,149.29668,0.09252988,379.6372,162.43178,0.13055493,386.7875,157.71292,0.058521964,379.13202,165.19505,0.17096314,209.99588,134.60258,0.095673904,379.66428,174.12517,0.06888253,195.07498,137.47707,0.14199267,396.05408,158.04088,0.18099844,359.81015,131.71327,0.09976544,276.63486,165.75182,0.14920306,194.71422,133.87677,0.11079747
621,293.31046,162.39217,0.10184058,379.9027,162.53697,0.12073912,385.9881,161.10739,0.059219178,385.95126,167.00319,0.16603406,278.82837,166.16855,0.08674376,379.8535,173.77751,0.06766301,195.05568,136.37894,0.10690598,300.1777,169.53378,0.16790384,359.86472,131.57277,0.090035714,276.5548,165.67303,0.1558347,204.06647,132.31862,0.06848167
622,293.37286,162.25192,0.10959671,300.53934,164.30023,0.119173855,387.23874,157.30908,0.055937864,386.04352,167.01457,0.16558453,278.9858,166.38684,0.09077943,379.95132,173.90515,0.067260794,195.08783,136.58658,0.1236004,292.65076,170.02168,0.16384774,287.3202,165.49945,0.0923075,276.55325,165.5744,0.1581452,195.62323,133.24179,0.085465945
623,293.48553,162.18524,0.111174986,300.58066,164.32448,0.11596331,260.68372,371.6307,0.050630245,386.2591,166.42227,0.12918778,210.49387,134.46852,0.093248315,265.23587,80.5831,0.057299938,195.26805,136.93672,0.12423919,292.5707,169.94867,0.15946683,287.68457,165.62103,0.09500427,276.506,165.73508,0.15766092,195.42511,133.25659,0.088267796
624,293.68652,162.29953,0.10153978,285.8344,159.76207,0.101333216,242.89287,373.45947,0.051188257,386.27612,166.47876,0.12234686,209.52708,122.19115,0.096992545,191.28021,133.58116,0.06699967,195.16861,137.78017,0.18293111,285.26233,169.97545,0.14892906,287.25735,165.12936,0.08399364,276.73727,165.5886,0.15354723,192.66537,133.73161,0.16251865
625,293.18616,161.88353,0.11507796,293.4672,163.83716,0.11530787,259.59204,276.11725,0.04643378,285.7957,159.24602,0.113843374,279.5744,166.62701,0.09498811,203.92238,131.92622,0.06327473,195.13243,136.97035,0.16291334,301.36752,158.74767,0.19700478,307.18896,170.75728,0.08673342,276.58475,165.28632,0.17214558,193.54645,133.3364,0.1270047
626,293.25073,161.90552,0.10892448,300.6932,169.19568,0.11057997,259.7625,276.1785,0.04763064,285.7257,158.82678,0.11776471,209.76755,122.205376,0.1098899,190.68695,133.90555,0.0611197,195.47939,137.18484,0.16402003,301.1576,158.3165,0.18334961,459.6033,245.01135,0.083254926,276.66296,164.81992,0.17144297,193.75182,133.31801,0.12757853
627,531.3585,100.62735,0.103203826,300.47028,169.73404,0.09811368,242.92337,373.3217,0.038909297,285.38892,158.30914,0.10418758,209.69391,122.00868,0.10803557,328.92026,412.13348,0.0598801,195.59737,136.54585,0.15242262,300.51102,158.17145,0.16679746,291.7328,385.41483,0.08498189,276.93735,164.49295,0.16563569,194.57866,132.92677,0.09837519
628,517.1243,100.394066,0.09844486,270.10257,371.37888,0.096788965,268.98734,364.14667,0.047030605,268.1458,374.49896,0.10379367,209.73622,121.799644,0.09633801,536.6793,101.15641,0.055870146,195.50096,135.68248,0.14059839,474.29706,251.1899,0.14869663,291.83942,384.9633,0.08366025,281.0741,170.10992,0.14236894,196.60284,125.13755,0.0784612
629,531.4542,100.46482,0.08643687,269.58142,371.54156,0.09439254,268.5774,364.00012,0.0504652,285.24255,157.60889,0.10254289,209.6862,121.90856,0.10202497,536.84784,100.55667,0.060804643,195.72267,135.7081,0.15066084,300.69174,157.35173,0.1293762,291.96573,385.09143,0.083637625,280.78177,170.16069,0.1495219,196.32785,125.05423,0.09506087
630,293.18,162.29243,0.094605684,300.5973,169.42323,0.099536926,268.07263,369.8008,0.045391478,285.65524,157.63055,0.107195415,209.50516,121.86692,0.096391,536.93787,100.30906,0.06197852,195.33412,135.08281,0.13855822,300.89493,157.4343,0.16363908,291.9254,385.72382,0.08159042,276.86047,163.72487,0.14551413,196.78899,124.49981,0.08914404
631,293.08716,162.04362,0.098400414,300.5572,163.571,0.10686766,243.0232,373.09076,0.04507032,285.97162,157.75012,0.11747654,209.63936,122.13047,0.08695927,536.6212,101.10321,0.062468152,201.08176,129.74887,0.12721299,301.1711,157.49733,0.19682589,291.9262,386.08224,0.07708845,276.7339,163.17152,0.14693299,197.44568,123.90637,0.06896344
632,292.9237,161.6936,0.10316338,300.21838,163.3598,0.11613801,302.89047,162.2469,0.04078085,286.28116,158.10832,0.12511829,209.59746,122.164406,0.08282251,536.6738,101.39721,0.05880877,200.93304,129.84123,0.13122001,301.41168,157.70921,0.23944528,310.69955,148.90794,0.08289525,276.4306,163.13249,0.14842488,197.39359,123.803894,0.0721765
633,292.77954,161.62518,0.10262162,300.11108,163.06755,0.11737593,370.97397,355.66684,0.04842457,286.339,158.35046,0.13257715,291.70706,179.74886,0.095001206,536.5076,101.977585,0.061809067,201.05391,129.73221,0.1217066,301.44287,157.76015,0.27205768,310.21887,149.23187,0.09807851,276.44058,163.10043,0.15391456,197.76074,123.84502,0.06711201
634,531.49023,99.657936,0.121986166,300.27728,162.99445,0.11562579,501.0215,100.778725,0.04346776,298.90408,173.30533,0.13347137,291.79553,179.63452,0.102317914,536.3864,102.59898,0.059475154,201.01402,129.81633,0.114016764,301.43256,157.73454,0.2599679,310.23648,149.32147,0.0992898,276.4929,163.22285,0.1530149,197.59926,123.81472,0.05960235
635,530.37634,99.18737,0.17194214,524.05554,106.8933,0.11988581,501.94113,100.96454,0.05691726,286.3044,158.25186,0.12451235,291.6689,179.61018,0.0942446,535.73444,104.25503,0.060293633,201.02667,129.57967,0.10956426,301.28156,157.40863,0.23385818,310.4278,149.0638,0.09469917,276.47516,163.23799,0.1533636,197.88786,123.74914,0.058392446
636,531.5993,99.34744,0.14153299,300.8511,168.63712,0.11659956,258.93417,149.73372,0.0436399,286.30838,157.62927,0.1219853,293.4121,167.34415,0.09169238,536.3716,102.61969,0.06158161,201.71184,129.0016,0.092398,301.32236,157.16833,0.2189933,310.54623,148.96608,0.09829779,276.61682,162.9159,0.14813021,198.21925,123.43621,0.055014797
637,531.395,99.132065,0.1643408,524.09576,106.85863,0.11535275,501.55316,100.86447,0.043428287,268.63144,365.5235,0.12476831,293.4301,167.36021,0.09113665,536.3434,103.28147,0.060523305,517.8338,100.649055,0.07488114,301.11526,157.19815,0.21875651,310.37225,148.88641,0.10127229,276.59857,163.0417,0.14448737,273.87698,162.90434,0.05262694
638,531.12134,98.94386,0.1795033,524.0186,106.727486,0.12784551,501.8165,100.950165,0.048216287,286.28107,157.63354,0.124974884,293.3821,167.2564,0.08703243,536.12067,103.921364,0.061762244,517.8182,100.99624,0.07913563,301.00174,157.10966,0.21538933,310.40515,148.79953,0.09952971,276.56622,162.95203,0.14319287,273.89627,162.77034,0.049165785
639,531.0261,98.67732,0.17772937,523.9717,106.73812,0.13329022,501.8804,100.95477,0.04873728,286.27002,157.59953,0.12267454,293.31137,167.12361,0.084018774,536.26013,103.80063,0.05963817,517.85425,101.0108,0.08247531,300.9567,157.04437,0.21892074,310.40387,148.73697,0.09752552,276.63174,162.84723,0.14094119,274.06256,162.70808,0.04627915
640,531.2869,98.70497,0.15893881,524.2041,106.791916,0.124412164,501.58722,100.794716,0.047693755,286.1394,157.57619,0.12166257,293.2738,167.14484,0.08363493,536.7008,103.00466,0.059052642,517.909,100.61857,0.07538679,300.8347,157.17502,0.20347476,310.5935,148.73248,0.0964842,276.7038,163.07492,0.14112598,274.2666,162.93779,0.04316851
641,531.29443,98.81137,0.14791656,523.98334,106.83034,0.115019545,501.49255,100.74319,0.04705456,286.19055,157.5284,0.11959659,293.30615,167.16754,0.083155796,536.9517,102.39268,0.060861763,517.85736,100.49336,0.07216332,300.91074,157.20964,0.2056345,310.55734,148.71649,0.09609511,276.6628,163.15425,0.1401102,274.24042,162.98604,0.043729622
642,531.24225,98.76116,0.14682671,523.90063,106.7818,0.11345987,501.5112,100.71857,0.048399422,286.05127,157.46188,0.11838803,293.17346,167.02277,0.07676606,537.0996,102.116554,0.0625659,517.83795,100.5881,0.06977573,300.90262,157.03622,0.19586347,310.76904,148.62648,0.091711946,276.77298,163.1481,0.13913724,274.28354,162.85136,0.04073601
643,531.3181,98.92861,0.13239445,300.90817,168.92987,0.10643033,484.9296,292.61838,0.050017938,286.0727,157.46999,0.11771267,293.1818,167.06621,0.075777054,537.2151,101.61743,0.06307583,201.6773,128.64491,0.07188807,300.9942,157.10007,0.19712436,310.75824,148.58719,0.09383766,276.75763,163.30249,0.13927664,274.3652,163.10902,0.041272186
644,531.44885,99.16751,0.107670665,300.9901,168.74168,0.10827401,484.89923,292.63058,0.048309278,286.23477,157.6914,0.12455141,293.33636,167.22006,0.07867327,537.7473,100.857025,0.06413272,201.6333,128.70854,0.07879028,301.0396,157.24944,0.21255715,310.6289,148.66212,0.099565245,276.6503,163.15825,0.14377035,274.18314,163.0607,0.044880357
645,292.6406,149.21078,0.09666277,300.9678,168.58421,0.10294315,485.12695,292.7181,0.05020235,286.17734,157.55893,0.12824623,293.22568,166.9973,0.07653776,538.1486,100.34418,0.062954575,530.7801,114.36369,0.075536296,300.95407,157.1021,0.21896474,310.40454,148.58803,0.10231542,276.69305,162.9584,0.14524274,274.25348,162.8682,0.043186285
646,292.64093,148.98462,0.10018648,300.98248,168.56876,0.10521054,484.83932,292.68893,0.044597954,286.06927,157.19565,0.12520546,293.11893,166.7944,0.07935102,304.52124,166.59166,0.0629193,304.85626,194.39998,0.075622566,300.79672,157.09918,0.21672925,310.38696,148.57504,0.11023623,276.89108,162.78738,0.14634198,274.42337,162.77773,0.046014696
647,292.6911,148.94101,0.0986513,293.61478,162.46277,0.10066681,242.82396,373.11255,0.044459928,286.14087,157.36523,0.12337268,293.30743,166.93918,0.075541444,304.6131,166.4836,0.065910935,201.3809,129.0187,0.10624088,300.90634,157.19476,0.23262462,310.33133,148.61024,0.11326867,277.19424,162.85207,0.13905695,198.15536,123.28358,0.05444684
648,292.94302,149.04793,0.092279606,301.09473,168.9829,0.095325366,242.74573,357.82944,0.037294444,268.27905,366.28262,0.13173868,209.72594,121.63414,0.09175493,304.75598,165.89374,0.061384957,201.05086,130.09523,0.12462869,300.79306,156.89978,0.21295017,310.8401,148.35103,0.100450575,277.3832,162.94547,0.13753915,204.09956,123.81081,0.08443463
649,292.84033,149.13202,0.09532167,269.80005,357.3497,0.101499565,291.24622,160.63231,0.041080322,268.40173,366.29984,0.1591672,209.90123,121.22814,0.10116046,304.848,166.16087,0.0635929,195.86214,136.33035,0.16275154,300.8674,157.29169,0.23038161,310.65567,148.50584,0.102881104,277.62228,163.12346,0.14201628,193.61298,130.9577,0.093854085
650,292.7925,149.11443,0.096843004,269.82108,357.44153,0.10514849,291.2687,160.67249,0.0431371,268.2953,366.29184,0.1584558,209.97351,121.41646,0.09298097,304.85883,166.1981,0.066086076,196.09575,135.11308,0.17482568,300.8867,157.31007,0.23020934,310.65662,148.49367,0.09992697,277.69614,163.07613,0.14248456,196.00851,123.819244,0.108580075
651,292.87344,149.06493,0.10010042,269.9772,357.4924,0.11359161,291.32184,160.68718,0.04731984,268.30673,366.33826,0.16127197,209.97316,121.24251,0.09398992,304.8271,166.34769,0.068157785,196.1791,135.11331,0.17816761,301.00702,157.27113,0.2434965,310.6233,148.51884,0.099583015,277.76205,162.83415,0.14903833,195.89403,123.75111,0.10675893
652,293.0624,149.08716,0.0997854,293.0147,156.73949,0.10328457,291.22318,160.50757,0.04208856,268.2062,366.4035,0.14648393,209.92752,121.26335,0.08561203,304.8097,166.30716,0.06662075,195.9707,135.02924,0.17214265,300.9684,157.23691,0.24570638,310.5273,148.51561,0.101233944,277.82544,162.9348,0.14807153,194.5513,130.80252,0.08564321
653,293.16077,149.03189,0.099044934,269.90732,357.42578,0.107521445,291.39603,160.57263,0.044125672,268.2906,366.4884,0.14540772,209.91458,121.47567,0.08375429,304.80408,166.31209,0.06603229,196.0184,134.60606,0.15650882,301.08713,157.07701,0.25263536,310.39597,148.48373,0.10058349,277.99023,162.73647,0.14424093,203.85754,123.736496,0.081033714
654,293.27048,148.94263,0.09930322,293.00638,156.51582,0.105958305,291.44922,160.67259,0.044491462,394.32333,174.09686,0.12701474,210.1303,121.44285,0.08121865,304.76578,166.41525,0.06742829,201.32236,129.99242,0.14861672,301.15494,157.0905,0.25297374,310.38437,148.5069,0.10648776,277.9886,162.58963,0.1439864,204.01202,123.60301,0.07932318
655,293.49887,148.79996,0.09350456,293.18668,156.34436,0.10165712,260.12744,276.37234,0.038698636,394.20776,174.03204,0.1389979,395.21216,179.7127,0.07723362,304.6513,166.35388,0.06508825,195.97499,134.02252,0.15053064,301.07034,156.95708,0.2490882,369.60223,131.37163,0.10715776,278.279,162.49107,0.13601579,204.58205,123.607056,0.07399759
656,293.66486,148.72868,0.0889479,269.8366,357.29578,0.10155675,261.2883,356.51538,0.049717285,393.875,173.93243,0.14543723,210.1172,121.23679,0.091069244,304.58176,166.43709,0.06775547,196.2133,134.34271,0.18267368,300.978,157.1869,0.2533303,369.98575,131.44568,0.11487572,278.5743,162.54909,0.13578689,196.47678,122.86211,0.102102034
657,379.9894,146.53778,0.09518025,378.9791,154.81898,0.110290356,261.05923,356.69922,0.05112904,393.65207,173.79271,0.16139269,209.95862,120.88023,0.09792069,203.99297,131.0736,0.07398427,196.22289,135.56631,0.20418416,301.02972,156.95418,0.23624477,370.52664,131.75536,0.12260415,278.01196,157.97292,0.12770481,193.70648,130.31973,0.12195444
658,380.04944,146.25595,0.096026264,378.82346,154.63991,0.115919314,261.10513,356.52625,0.054526407,393.326,165.62062,0.1607315,210.13818,121.12353,0.09135169,304.60867,166.30956,0.064158104,196.11684,134.43593,0.17428283,300.9449,156.91495,0.22131218,370.741,131.44861,0.13435693,278.51715,157.78876,0.12247285,203.63846,123.44483,0.0919528
659,380.09763,146.11531,0.10836378,378.81113,154.6744,0.12282814,387.26425,162.47299,0.058179058,393.35553,165.72737,0.1724352,210.34587,120.973434,0.09492636,469.61057,149.83386,0.06946533,196.50543,134.69252,0.1847454,300.89896,156.63145,0.18101427,370.94687,131.41747,0.13630298,278.96542,157.43323,0.11234636,202.99779,123.32666,0.10272342
660,356.12723,101.71414,0.09729338,378.81442,154.79913,0.1078292,260.73996,356.69144,0.04812443,393.54587,165.67632,0.1714291,395.08606,179.32431,0.08783726,362.26947,100.3295,0.06774639,201.27762,129.65154,0.12874058,300.8926,156.12909,0.15590772,370.95773,131.46523,0.12851562,377.7455,157.18407,0.1059841,204.79277,123.60587,0.07313517
661,356.12875,101.759575,0.100683816,269.81595,356.8508,0.10896769,261.14246,356.13568,0.056718525,393.6233,165.75772,0.17049992,395.0768,179.3297,0.08824979,362.24478,100.374565,0.07162176,196.00328,134.00305,0.13545093,301.13834,156.60529,0.16815977,370.986,131.3765,0.13504712,377.6513,157.22676,0.10757508,204.3583,123.59859,0.080616646
662,356.29208,101.61231,0.09663287,269.74637,356.7415,0.102968365,261.03958,356.35553,0.057376895,393.70297,165.6479,0.16991147,395.08994,179.35103,0.09039604,362.54556,100.07554,0.072049215,196.01106,134.20108,0.1628896,301.21652,156.60603,0.16657153,370.95465,131.52484,0.13186577,377.78738,157.36502,0.112793155,197.5003,122.91624,0.08944649
663,532.20166,98.9511,0.12348507,269.7655,356.7789,0.10436334,261.09085,356.327,0.05821994,394.11667,173.84923,0.16178969,210.16919,120.77776,0.094806634,362.7118,100.11753,0.07439897,196.43437,135.21063,0.18953703,301.1473,156.44385,0.15538532,370.8058,131.34384,0.12619513,378.30145,157.04997,0.10935588,196.0134,123.26554,0.14011776
664,532.181,98.99648,0.11300173,269.85254,356.8319,0.11049145,261.13394,356.1987,0.056761228,394.21637,173.74413,0.15538475,395.3727,179.76878,0.07620893,362.8078,100.28865,0.07469963,196.18298,134.32045,0.14443904,301.1446,156.42723,0.14846385,370.73242,131.18745,0.127608,378.82654,156.84798,0.1029959,197.71947,123.5218,0.087922804
665,532.2541,98.611465,0.14459062,269.98135,356.7327,0.11753964,261.29483,355.9884,0.056040205,394.23056,173.73448,0.14037505,370.4878,132.31369,0.07414609,550.87067,100.17398,0.072590895,200.9579,129.93066,0.118521735,301.25003,156.39885,0.15646638,370.69333,131.08325,0.1234912,522.1982,109.819336,0.10836261,198.43103,123.61179,0.06388815
666,532.1472,98.55246,0.14825676,270.07822,356.6435,0.11356336,261.32993,356.06726,0.05718167,394.33566,173.60883,0.12352297,370.1552,132.29573,0.07780931,550.61914,100.65726,0.075278424,200.99292,130.03897,0.12135371,539.5213,107.204185,0.13377048,370.84772,130.56897,0.13180345,521.91815,110.49205,0.11627907,198.109,123.36254,0.07231461
667,532.3942,98.53399,0.14980616,270.0517,356.68045,0.11287087,261.35324,356.07257,0.060255703,268.07797,367.2392,0.11866578,370.14996,132.2542,0.084061585,550.83826,100.78811,0.07335849,200.99036,129.5142,0.106631294,540.70886,114.6737,0.1323041,371.0406,130.23878,0.14587995,521.88135,110.35683,0.110446535,198.64722,123.370766,0.05930561
668,532.75354,98.907036,0.11485113,270.05472,356.83398,0.112948805,261.3707,356.11783,0.06619053,267.90878,367.14566,0.12229133,369.9593,131.96568,0.09009989,551.5525,100.2757,0.07096964,200.97694,129.90277,0.11166517,544.813,93.86701,0.10502954,371.12695,129.64726,0.16001672,522.76447,109.70277,0.114992246,197.9893,123.150925,0.07537275
669,532.77374,98.825745,0.119910724,270.04395,356.79834,0.10860584,261.43594,356.13324,0.063026756,267.78583,367.13104,0.11674976,369.9085,131.95512,0.10202943,305.98822,164.51323,0.074015565,201.21507,129.37833,0.09478167,544.8878,93.888214,0.10701219,371.39185,129.3705,0.18331514,522.85345,109.64402,0.116345234,198.9322,123.41902,0.06072241
670,532.9401,98.899216,0.108112395,477.1845,244.07837,0.11517313,261.41812,356.19507,0.06424301,394.48404,173.73824,0.1317578,370.07098,131.96329,0.1029156,306.40048,164.32538,0.07161782,259.45703,71.69871,0.098612055,475.57175,247.61894,0.09424913,371.5765,129.45181,0.17958303,523.1363,109.33398,0.11378585,199.55362,123.61156,0.03711584
671,532.8602,99.051605,0.092131846,477.24628,243.98154,0.12236656,261.812,356.07425,0.061991554,267.7686,366.29453,0.14313188,370.28122,131.91357,0.09785912,306.62543,164.60039,0.078867614,259.5405,71.91718,0.102201164,475.42212,247.71118,0.1038351,371.72638,129.8344,0.16207242,523.43854,109.08788,0.105291255,206.2665,123.91967,0.031271666
672,532.9448,99.55188,0.08482609,285.17596,266.76987,0.11836145,261.7942,356.2797,0.048680477,267.98746,365.96213,0.1358615,210.79578,119.73193,0.09653442,204.1117,134.82564,0.09456283,197.34818,135.74982,0.13690126,475.69452,247.82343,0.08683644,371.61072,130.4319,0.12028361,380.64703,156.72119,0.10071208,194.9856,122.7375,0.15161271
673,356.35693,101.27996,0.08744447,284.97177,267.07404,0.10854977,259.62823,260.63437,0.047558248,267.81964,365.51886,0.1411968,210.91257,120.250694,0.096229605,306.6806,165.06508,0.076506644,202.43008,137.47408,0.12076682,301.57318,156.37126,0.099099115,371.51443,130.2182,0.123799145,290.61035,164.34283,0.10641438,197.13272,122.946175,0.12247261
674,356.44287,101.31155,0.09175435,285.7167,355.33032,0.105542354,259.71088,260.731,0.04598573,267.7309,365.0718,0.14685775,211.1654,120.357666,0.09708438,306.47873,165.54492,0.083903894,202.67612,137.36716,0.11085952,302.34293,156.68143,0.13892514,371.4502,130.1532,0.12387143,290.3044,164.37022,0.12837043,197.58105,123.04648,0.109012425
675,356.5066,101.28099,0.09790932,285.9382,355.46774,0.124646634,283.64127,355.60437,0.043519247,267.98886,364.9716,0.16881683,211.34918,120.30335,0.10353157,211.27455,135.02249,0.07767484,202.90938,137.43187,0.12540312,301.99945,156.51668,0.11066192,371.42413,130.23413,0.113419466,290.67822,164.38124,0.124306954,197.47017,123.070694,0.11503238
676,356.58127,101.28102,0.08699237,285.87357,355.9959,0.12878487,283.83475,355.8911,0.05594099,268.32535,364.95447,0.1848094,210.82372,120.75476,0.07924305,306.31128,165.30698,0.0714511,201.60588,130.49866,0.08530767,302.08282,156.65521,0.10888223,371.35468,130.6189,0.10179248,290.76614,164.50534,0.13054483,198.69203,123.311165,0.076346464
677,356.5578,101.33454,0.09828958,492.88196,154.73734,0.10825082,260.8917,356.59784,0.040837325,267.75958,364.9002,0.12807247,210.98251,120.47564,0.10004318,204.5911,133.98427,0.08868801,202.07445,137.24396,0.16825199,302.55383,156.81274,0.12634271,312.70126,149.18881,0.10522588,290.4336,164.7683,0.14465988,196.94707,123.76814,0.14862674
678,356.55347,101.23135,0.09708417,492.81134,154.63667,0.11156957,260.51733,356.83945,0.055638265,267.49026,365.63083,0.103991345,210.87477,120.98547,0.088794395,552.681,99.34167,0.06731298,201.77104,136.83102,0.12328914,302.9279,157.23866,0.13651675,312.61707,149.46606,0.092373885,289.94308,165.46225,0.15392804,198.26779,123.902336,0.095204316
679,356.69388,101.30539,0.10182896,477.17624,244.22385,0.11511921,259.73105,357.20554,0.05407288,306.2236,158.57024,0.09394292,211.15631,121.16182,0.095736764,552.502,99.55574,0.069126114,202.20535,137.14246,0.12480975,303.23074,157.36842,0.14480606,284.87018,156.79677,0.083393686,289.59302,165.57469,0.15175481,197.92186,124.162766,0.086947225
680,356.62943,101.357765,0.11504673,307.61328,157.25003,0.099929586,259.73477,356.94464,0.04548096,283.55096,156.63777,0.10584019,211.10689,121.73824,0.07761,552.32074,100.00069,0.07147798,201.7551,130.17285,0.09954581,307.36398,157.4439,0.17568085,285.35596,157.47533,0.08179257,288.7825,165.49461,0.15129636,198.99829,124.23876,0.053816516
681,356.59207,101.41853,0.11905007,492.75726,148.84546,0.0945305,259.71997,372.5557,0.054907832,368.3636,100.67437,0.09378309,210.93356,121.70037,0.08903676,552.4643,99.525116,0.06802517,201.65028,131.04945,0.12928429,307.6941,157.02594,0.1340842,353.76984,94.56913,0.077714115,288.8467,165.08308,0.14734448,198.45123,124.67102,0.07707968
682,533.45966,99.12762,0.10440283,492.67197,148.79335,0.08744654,259.71643,372.5889,0.051547162,368.84955,100.54456,0.083829366,210.56097,121.70744,0.09183329,552.465,99.65308,0.06480101,196.3847,135.7105,0.1503988,379.0402,434.30072,0.11707403,217.90244,130.73329,0.080785096,289.53018,165.27771,0.12978147,202.74706,131.50763,0.10966839
683,356.5054,101.4417,0.102728285,307.91293,170.70963,0.10846788,517.1331,100.27946,0.048014067,283.58267,157.2449,0.1015458,210.63145,122.33393,0.11585651,205.1732,133.37105,0.079744056,196.35469,138.29364,0.19845152,301.2842,169.04478,0.12379664,218.64272,131.03448,0.11195215,288.7834,166.33458,0.14255464,195.48997,133.6876,0.18130566
684,356.5174,101.48825,0.108793534,307.44162,171.10751,0.124806084,259.15952,357.53088,0.039140366,300.59146,172.51424,0.10830697,210.8707,132.753,0.10284798,204.80992,134.29013,0.07638976,195.67052,144.36252,0.1998133,301.84787,170.5027,0.12332841,218.24467,130.7551,0.115417294,288.94556,167.24513,0.11393183,194.14606,133.86502,0.19928609
685,356.56638,101.95486,0.13075717,302.61783,170.26666,0.1484995,469.53134,244.26985,0.055921976,305.2732,173.84532,0.12121333,210.57661,133.74506,0.10441564,311.40463,168.12791,0.06951291,200.76402,139.74376,0.1512517,302.3546,170.7874,0.15503041,308.38635,163.96806,0.114283785,287.593,168.08478,0.12849939,190.34457,136.16798,0.1706402
686,356.66495,101.77684,0.105696656,306.95416,171.09488,0.1376286,469.47214,244.2455,0.061192263,300.37213,172.45464,0.11478883,210.78236,134.05759,0.10864401,370.8194,503.54395,0.12865861,364.99023,512.3516,0.17449366,302.45544,171.36795,0.16010763,308.2417,164.17807,0.12585828,287.46872,168.47281,0.120767415,189.4233,136.3158,0.12781997
687,356.53275,101.99022,0.108005874,307.03662,171.43903,0.108209245,469.61548,244.27365,0.060171466,401.27478,166.25706,0.1080992,210.40303,133.61095,0.14281619,203.7332,149.70222,0.108029604,196.42554,152.0355,0.24850927,301.44296,171.18985,0.12821059,308.05612,164.29344,0.12687905,279.26785,164.5347,0.10456615,183.70946,136.98546,0.17864773
688,356.6227,101.82027,0.09975184,306.9677,171.58873,0.09758764,244.24712,52.906685,0.05485115,401.23416,166.25958,0.113943666,210.17253,134.52563,0.13579832,265.26532,65.05157,0.080237225,194.90984,148.56036,0.21471286,301.19897,178.04533,0.10559279,307.8214,164.96469,0.10349606,289.70825,179.3612,0.08517816,182.88422,137.23936,0.11687263
689,532.4235,83.75654,0.124284625,307.29617,171.8207,0.09228305,523.7976,269.94382,0.05592081,354.3015,124.94059,0.11140251,209.67305,136.06113,0.100848846,551.55084,85.77768,0.06794005,193.76422,147.73431,0.17337003,545.8888,80.62607,0.14719921,369.3866,130.8711,0.10362453,289.22083,180.20119,0.10352882,182.92894,137.76927,0.088556044
690,532.64386,82.93453,0.15051265,307.1941,171.73604,0.09710694,244.06728,52.996666,0.07125929,394.27084,174.05678,0.12151035,209.21066,136.58046,0.0997231,189.77315,149.6517,0.082262784,200.81093,147.99425,0.17051582,545.6289,81.06276,0.17842652,368.83118,130.79173,0.09501643,288.46344,181.36656,0.10264397,182.10486,138.9963,0.111347966
691,532.508,82.61339,0.1461566,301.46393,178.19943,0.11902273,243.49773,52.967583,0.06320477,286.16315,173.27296,0.13665223,294.1275,182.46538,0.09781325,306.07413,185.11429,0.07772422,186.4157,147.05215,0.14104795,303.6073,174.12276,0.21339637,308.33133,177.83463,0.13577224,277.54333,174.4017,0.1206113,181.8829,139.10014,0.07424287
692,531.72064,81.531555,0.1873009,530.3282,91.495926,0.12994342,242.76955,52.62265,0.05755643,285.87982,173.10304,0.14219697,293.37512,182.10538,0.0892034,550.64886,84.33641,0.06939319,186.26048,146.71391,0.1220409,302.22104,173.38194,0.21767776,307.41275,177.70335,0.11975695,278.0175,177.81691,0.14191808,182.46786,139.91872,0.07266921
693,531.63605,82.163925,0.15872023,292.3978,175.04517,0.12057316,251.0485,80.59883,0.08119583,299.9223,187.77824,0.1522223,292.93988,194.60168,0.11106341,305.808,198.4071,0.074670196,186.7217,152.84065,0.15170103,302.80582,173.68202,0.27245888,306.8512,179.19809,0.141925,277.33218,178.9476,0.20308581,181.29483,140.68965,0.07862973
694,339.14987,116.05265,0.14404,293.5541,179.4143,0.13083257,349.0937,399.6196,0.052167166,300.22278,188.04,0.14383972,292.63702,195.38835,0.0897128,379.11932,429.5555,0.075199336,258.98074,4.257534,0.12620978,303.03766,174.2027,0.1849851,309.7923,164.59673,0.10952669,276.56143,180.48044,0.17384632,244.17036,5.8708215,0.065245286
695,338.7792,116.4426,0.17782062,300.00854,180.36331,0.14573699,307.93085,134.90671,0.07510694,299.09866,188.83582,0.12518504,292.1586,196.20663,0.09513014,551.08594,69.20141,0.06452818,178.56541,146.75839,0.13293958,302.58463,175.35625,0.2197014,309.76382,164.83531,0.11989341,275.8026,181.63562,0.19151871,134.73296,90.8529,0.057594426
696,338.855,116.869736,0.15753032,285.98813,181.03186,0.16871904,387.22107,163.19072,0.07230441,292.82953,188.68904,0.13304631,292.2105,196.42166,0.12651719,514.93475,458.6089,0.070572436,326.31427,117.3569,0.07879293,293.2991,185.90811,0.2688232,309.89697,164.98035,0.1378208,273.2938,182.49075,0.23038417,134.24385,90.5709,0.07154793
697,338.80606,116.87786,0.17596745,300.89993,180.84155,0.11009117,307.95062,134.11829,0.059295814,386.99408,166.5593,0.11099834,195.0406,151.5351,0.084336884,248.00871,103.582756,0.07160507,326.46887,117.8059,0.09357765,292.4736,186.8175,0.1417806,355.0073,139.73819,0.10725811,274.53308,182.78813,0.13354069,187.99973,153.77731,0.08344788
698,339.0253,117.70278,0.15884098,285.23175,182.68896,0.13214299,539.3433,254.85052,0.07412946,291.27896,189.12198,0.119236104,291.71906,197.40964,0.11081229,551.42706,52.864155,0.06994062,186.0087,161.47928,0.11346521,293.04623,187.25284,0.2261764,301.08496,188.30429,0.12182996,276.19742,193.02892,0.18234254,187.7282,154.32419,0.0671008
699,333.90906,113.04748,0.16616389,285.17615,183.30484,0.13750455,501.02112,84.93707,0.06698725,337.56845,133.91629,0.13206281,291.57693,197.72545,0.10667278,551.1271,52.47902,0.07026848,310.3362,133.63524,0.1153013,293.20123,188.18248,0.20356144,339.09296,125.86588,0.1486699,275.08704,194.13315,0.15883814,179.82515,149.24496,0.054031502
700,529.7424,66.68414,0.17413218,276.85187,193.2444,0.15295495,287.78558,180.0765,0.08605959,290.90646,192.32494,0.16193257,292.63043,199.44273,0.12480328,300.80884,221.05084,0.07233053,310.02417,133.47131,0.117738545,294.17007,189.81778,0.30744067,299.68658,190.67012,0.1320892,271.8728,195.61128,0.20490587,173.67511,154.86319,0.04012452
701,530.2665,66.38863,0.18048838,276.812,194.47858,0.1864748,501.0073,84.77665,0.05837466,269.9191,190.74446,0.16909286,291.01285,210.3264,0.11669336,297.74316,206.85901,0.06200525,310.3438,133.34033,0.10964581,293.6219,189.9667,0.28064618,299.82404,195.42667,0.11536281,270.90775,196.57231,0.18342693,120.19978,106.556694,0.108298466
702,310.92822,119.13987,0.1675552,276.47855,195.46098,0.17774531,293.46103,134.23947,0.050035212,267.06546,196.17815,0.14643055,290.9119,210.79369,0.108543545,356.06616,164.1705,0.05844334,310.3587,134.00511,0.10906079,293.19498,189.99467,0.2280619,336.64844,126.46902,0.13151145,270.4791,197.41873,0.1716304,118.3017,104.8016,0.15882784
703,310.86597,119.45722,0.22336751,276.75903,196.09145,0.1818935,290.03894,190.37315,0.05195096,290.82233,204.00484,0.16795321,291.02173,211.46176,0.12899314,535.4477,56.942947,0.06422031,309.67682,136.07195,0.094725184,531.509,62.709515,0.3375845,336.61115,128.48347,0.13453059,263.9837,194.98586,0.17129798,118.8165,105.58163,0.10274328
704,284.3726,193.248,0.16625687,277.10907,196.5835,0.18204254,290.17142,191.26471,0.084382676,290.49817,204.17102,0.18675764,291.31085,211.7318,0.14411648,535.6473,54.688274,0.06810623,309.8779,133.99123,0.09427884,530.004,61.380093,0.22902535,300.8617,204.0236,0.13830824,263.17975,195.582,0.19131508,116.23504,105.25209,0.15475951
705,317.1639,125.425896,0.21283817,276.71838,197.01201,0.16188051,289.3376,190.81458,0.10897499,289.6948,204.49672,0.16696829,290.8538,212.02606,0.13204843,298.41986,221.14305,0.07764386,170.90762,176.8362,0.12147104,328.5047,128.16988,0.2082546,299.53442,203.82526,0.14696309,261.85706,196.20412,0.18386407,172.22998,169.34793,0.08467102
706,316.54166,126.068184,0.17851706,277.05826,202.11131,0.1876212,288.92392,192.10626,0.07248115,288.88626,205.22021,0.15792029,277.51953,212.57535,0.12887724,535.0668,37.848137,0.07881117,163.14844,176.5955,0.1406814,290.77524,203.99886,0.23192254,294.63986,183.07265,0.16213758,260.6565,198.22987,0.18821433,172.26741,169.62498,0.06444743
707,316.64832,126.8023,0.16347414,362.03848,163.46999,0.14959067,502.26138,52.26443,0.088486075,288.48196,205.62646,0.16131355,290.53873,212.89198,0.114361964,361.0295,174.17769,0.073857166,163.18962,176.9175,0.13667254,290.20377,204.31322,0.20718734,294.34378,205.30167,0.15679932,262.08783,204.20543,0.15943298,110.24762,115.32334,0.1317818
708,505.4527,45.67595,0.21340469,499.06143,59.396027,0.18244247,273.15515,194.67001,0.08398684,288.09338,205.87796,0.16156903,278.56396,213.11081,0.12688558,297.02625,221.92912,0.07124632,164.11784,177.31573,0.14673878,520.61633,47.240265,0.312186,293.50473,205.87886,0.15826823,259.60962,205.3906,0.19898434,108.23496,115.286476,0.20190755
709,500.42664,45.86284,0.22524364,354.43774,163.32965,0.2153046,273.19534,195.65099,0.08809727,284.31238,210.6317,0.17419364,290.26898,213.92648,0.13561368,426.81943,413.7421,0.10164207,157.22864,177.77525,0.13286136,518.5442,46.356434,0.3219552,294.2351,196.59033,0.18184707,256.94284,207.54399,0.22519803,108.448265,120.99922,0.20837125
710,364.09286,151.22781,0.17858973,353.87643,163.41841,0.23310964,287.7154,197.20656,0.06308197,287.33612,207.16109,0.17618248,416.7647,101.43023,0.11311281,354.9923,168.98734,0.09454993,108.78313,139.2612,0.118969455,423.54904,82.514244,0.26333028,326.60284,133.21422,0.17931576,256.85028,208.5699,0.19925284,100.04952,119.860565,0.3347311
711,498.78262,38.2691,0.21516782,353.1772,163.49052,0.2609832,555.4417,222.2704,0.07388336,384.00504,167.3023,0.15608278,336.58975,149.71054,0.1096693,345.4515,174.78754,0.09602332,157.16504,186.04726,0.11524465,516.7137,45.25837,0.39100137,340.95676,151.95871,0.17157263,257.75388,208.35956,0.17792709,101.5847,120.13118,0.22336124
712,357.9166,154.13925,0.20429002,353.097,163.52261,0.2456476,287.5972,198.79431,0.09248598,287.9491,209.13242,0.16296344,417.43243,100.69104,0.13419402,298.64273,237.51501,0.09608335,487.93054,39.16527,0.10118831,420.70712,81.87473,0.26793304,436.2346,104.630516,0.18542436,258.9697,211.66725,0.21895964,102.38263,120.911125,0.15191336
713,389.99017,83.97235,0.20157564,353.47882,164.25545,0.20630172,288.01605,199.79036,0.099419795,385.4631,174.29222,0.16350044,417.2087,100.2442,0.12920967,298.5977,237.05618,0.07934014,488.19064,40.2861,0.102905475,418.35162,81.559975,0.25574997,435.21872,104.69736,0.16951022,265.072,217.35524,0.21731883,98.71192,120.240814,0.30704752
714,300.00174,138.54987,0.20797771,360.509,165.1348,0.19129093,285.45215,207.43336,0.112647004,385.25696,174.25183,0.16607442,401.99435,100.81258,0.119720675,523.7357,220.60246,0.094921626,155.83936,193.60255,0.14137049,314.75552,143.67746,0.28496185,435.40173,104.35018,0.17276016,295.76343,156.16722,0.18236804,97.88094,121.914406,0.28712913
715,483.89578,34.884075,0.24066108,346.85373,164.66524,0.21063806,503.90433,28.85387,0.106908925,385.17578,174.40111,0.1545893,402.07608,100.87446,0.10393044,328.57803,173.93047,0.09687356,149.11612,193.2674,0.14741167,506.01944,30.714396,0.31370613,326.68958,147.0162,0.16112171,295.01147,156.24396,0.2113415,93.18318,129.27475,0.301958
716,482.75064,31.206783,0.23553842,353.444,169.01003,0.21120702,415.6743,72.75196,0.09293056,288.133,221.46802,0.12630235,402.35077,101.08928,0.11564702,344.85333,175.93318,0.095216095,192.96265,160.08443,0.08979159,503.57516,30.439695,0.34510627,436.69678,103.14,0.17256315,296.32605,157.13672,0.18410215,92.072426,130.49986,0.25627244
717,482.85022,33.24351,0.2461551,539.8099,210.7277,0.19109839,499.44992,25.44957,0.09317617,287.03958,221.13885,0.13852257,401.8126,100.86439,0.11009443,161.94168,194.34746,0.08692667,141.72205,194.47989,0.15399727,500.91776,30.420843,0.3521514,425.30252,97.47914,0.15512012,374.0387,96.17405,0.19970858,92.90541,135.93918,0.22205432
718,541.3642,196.74539,0.2786056,537.6782,204.28091,0.2710843,371.7714,160.21758,0.13534848,275.77634,221.82092,0.13021864,388.4993,101.32452,0.10967834,328.6302,172.80713,0.08290897,90.04281,140.21146,0.089085676,566.61633,203.22932,0.27111456,411.12573,86.962,0.14412813,373.37888,96.2382,0.19256897,87.39414,136.52512,0.237536
719,352.83734,161.40187,0.27450803,345.2129,168.15431,0.2826193,376.56433,158.97331,0.23940055,370.3037,177.18,0.15292765,402.039,99.67042,0.114059605,93.982994,152.95778,0.1051212,83.50448,148.55136,0.11520195,377.38965,157.59436,0.3334453,410.11395,85.792366,0.16919324,263.9975,232.92822,0.23357934,84.81161,136.30162,0.3664055
720,347.47064,162.84541,0.24365519,538.2177,198.35966,0.27508515,371.00876,160.92288,0.19021437,400.08334,92.28958,0.13547021,401.7743,99.31221,0.12883024,538.4286,208.86002,0.12066554,149.49792,209.33357,0.14216492,376.21362,158.815,0.31036508,408.23785,86.29849,0.1870718,278.8716,171.05261,0.2413352,83.81044,136.62996,0.3323862
721,280.15033,151.96019,0.20484422,337.8683,177.02307,0.21675535,283.5814,217.8671,0.1541687,398.37872,91.82037,0.1378134,388.2721,101.01945,0.13638951,328.95807,188.52328,0.10330736,141.70746,211.62761,0.19006933,485.3851,29.4745,0.3370368,314.00983,162.62323,0.21452078,276.674,172.84464,0.2805066,83.62604,138.70976,0.32530722
722,342.9464,164.63399,0.21217586,338.4738,177.78648,0.22445028,276.61432,223.27574,0.13245678,363.55295,182.42603,0.13787653,387.5386,100.512665,0.12744394,157.32368,210.96237,0.15378597,147.97214,223.89941,0.23552904,484.9162,30.144312,0.33027858,409.2549,96.87458,0.18336959,276.0675,173.90964,0.27958867,80.15218,146.03758,0.31716168
723,341.59018,165.27293,0.2322859,337.52908,178.18752,0.24270557,366.81506,163.26137,0.11730081,363.03778,182.8758,0.18775594,387.66846,99.825714,0.13085234,157.10109,211.05093,0.15437761,147.9262,224.26646,0.24883214,297.18396,161.91779,0.27571434,410.839,97.29348,0.18187197,264.11664,174.78558,0.23502389,79.129005,148.33113,0.34185165
724,429.09656,98.94332,0.26933673,425.5937,103.92385,0.28507993,366.0769,163.30391,0.14639516,362.96896,182.93083,0.21258636,387.40244,99.781456,0.15475017,150.23201,212.4973,0.13019525,141.9709,226.08888,0.24476808,365.65573,173.36922,0.28490722,405.15936,95.13877,0.1951751,261.2539,175.90869,0.23102833,77.636765,150.12292,0.36374563
725,541.2839,178.39452,0.16994546,539.09235,181.91356,0.21255888,365.05795,162.17819,0.15052274,363.0813,182.62628,0.16021466,374.79205,100.33348,0.15003859,392.6914,189.40742,0.12501527,135.14589,226.62956,0.2316274,468.8414,29.199299,0.3029415,402.77408,95.83199,0.17148232,312.83676,317.4202,0.2540338,72.390274,151.50684,0.3352279
726,333.35022,168.61832,0.21867177,330.26218,179.70306,0.25106612,363.91266,162.10863,0.1887094,362.92526,182.60022,0.14663589,374.07373,99.87032,0.16040641,147.61641,224.62326,0.14509009,135.42871,229.20117,0.24393539,361.99435,173.46234,0.2834701,396.3162,97.61209,0.2027046,314.6961,321.07663,0.2609463,71.81029,154.00803,0.3075519
727,420.2413,97.15694,0.22317794,410.86993,102.493774,0.26711082,363.2101,160.6399,0.19022147,355.5806,177.86893,0.13384935,373.8298,99.88142,0.12932861,145.8553,225.44673,0.1648284,134.96547,231.36682,0.2618913,361.06903,173.53526,0.3254381,394.97754,97.15968,0.20442748,344.27487,107.78023,0.32076174,75.170334,161.51547,0.31037003
728,332.42947,176.38269,0.18898481,329.66162,181.49893,0.2585749,350.89435,163.81604,0.12200798,354.65012,177.35219,0.12518425,372.96176,99.00071,0.12158894,143.24167,228.42801,0.19445546,133.76585,240.82649,0.31571245,360.13504,174.08063,0.32341847,393.2439,97.48561,0.17778419,342.96036,106.99234,0.31576923,96.85981,121.07499,0.2517695
729,539.2455,163.51732,0.2399635,410.1711,102.62577,0.23829423,355.10593,174.11682,0.13638687,356.98605,190.65742,0.12852861,372.38748,99.581215,0.13135007,135.35916,227.79616,0.1436407,132.91023,241.11755,0.23155831,564.4274,170.41281,0.31472784,388.3316,96.00366,0.16878271,340.49432,108.74812,0.33803967,69.640396,167.40685,0.29736495
730,323.7319,176.99509,0.22789584,315.37415,183.67235,0.25772682,351.96707,178.18979,0.11595772,355.9686,190.30106,0.12293776,370.74576,99.94262,0.13074668,140.68059,235.66713,0.12825799,133.33473,244.20482,0.21238367,566.6578,160.5092,0.3326456,386.98932,97.514046,0.16191958,339.67346,110.798,0.30742,68.809425,168.23138,0.25457513
731,398.12262,97.8456,0.2938476,395.67087,104.42533,0.33356377,352.5244,179.0637,0.16661152,355.77063,191.03555,0.16193709,354.10107,196.57356,0.13452618,134.15434,241.84056,0.15880737,132.23738,246.69147,0.21688615,350.4458,185.49918,0.28061497,390.09146,97.53752,0.16436416,263.19678,200.09418,0.31632462,144.79887,106.01325,0.17843056
732,397.6848,99.323814,0.31682962,394.3447,107.32212,0.31587735,351.22238,177.98363,0.16872837,347.83057,196.40556,0.15962422,353.8185,196.2413,0.14030646,134.01239,243.45993,0.1659837,125.46605,256.5915,0.18243885,564.59766,158.09567,0.31677032,204.39363,187.99341,0.17550805,249.61856,201.36082,0.36827388,138.80157,108.508736,0.14276563
733,397.00705,100.84665,0.2411755,393.80435,181.02292,0.23545122,350.61554,177.04538,0.22442964,347.96036,197.20421,0.15713206,354.27005,195.79564,0.12578091,132.2226,245.59042,0.1668927,119.045616,258.0738,0.19359991,563.05005,157.19849,0.34258118,380.48593,110.45803,0.16079062,325.773,113.306564,0.33158025,137.05557,109.892395,0.1839659
734,467.2907,93.268265,0.18393184,459.4901,101.30552,0.20294906,347.69595,175.45876,0.18267971,347.2307,197.19234,0.157548,344.91785,114.66608,0.14763239,159.91545,141.5063,0.1443164,118.58315,259.86383,0.17020115,562.57263,155.37674,0.29477987,373.05725,108.939255,0.1970416,245.61664,208.99335,0.3081756,320.00284,119.482864,0.12778819
735,525.34564,149.42334,0.16208467,394.58722,180.88976,0.18293536,334.7229,178.45102,0.100077935,338.8449,191.36885,0.13261624,354.2508,113.7818,0.12706767,130.801,257.99664,0.2186798,128.82643,265.36633,0.1900915,551.9738,154.84209,0.2405973,202.95746,201.84613,0.20983605,318.2396,122.564896,0.35971838,319.33243,121.24285,0.12912281
736,524.23914,148.23631,0.20692597,314.5026,198.2547,0.22266863,334.18393,178.94177,0.10393848,338.03818,192.72017,0.16253391,343.12073,115.97732,0.13027528,130.30629,259.85587,0.15845917,195.91376,212.62273,0.14083885,487.76135,156.93091,0.23019981,363.38684,113.99163,0.19621891,314.5662,124.881096,0.38866523,317.82935,116.62397,0.10848405
737,316.38895,193.07376,0.17125648,308.43826,199.18646,0.19794813,418.6654,19.903646,0.1215632,337.6786,193.20471,0.16939437,342.06323,115.8712,0.14868338,201.76495,211.83452,0.14972186,123.24804,274.75366,0.14157626,551.85126,143.62653,0.26787746,196.67644,216.00368,0.2338949,313.0378,125.8535,0.40145293,241.20554,278.6077,0.11484828
738,524.32513,145.41663,0.20269527,522.42487,149.43996,0.24107705,337.97882,187.7364,0.13472553,338.01538,193.6901,0.1692432,340.51157,116.31189,0.14307976,199.3358,217.27905,0.12745224,194.47116,215.94254,0.13292019,554.0901,142.37299,0.395089,356.2731,112.63781,0.19052424,310.6959,127.00486,0.3618231,317.3771,115.93583,0.12323786
739,523.45715,144.33182,0.17465056,522.185,148.08711,0.22504982,337.55988,188.00568,0.16119699,336.94696,193.24136,0.14262131,326.13162,129.86287,0.13584037,198.23035,219.41298,0.13488124,192.17853,228.09158,0.13107307,550.0481,141.09093,0.40670094,280.99472,209.99425,0.20112494,379.5714,41.233646,0.34762263,304.6393,128.06894,0.09980097
740,380.08115,112.13207,0.14711949,364.38458,117.921555,0.19791116,334.21378,191.94846,0.19334681,332.25095,198.43428,0.20181203,326.0966,130.03154,0.16787629,441.67932,107.56379,0.10875591,192.39955,227.96004,0.1456366,405.5771,108.65029,0.2465795,356.2401,115.50888,0.19364081,301.51733,135.32614,0.35187736,303.04837,129.36836,0.13236868
741,371.74344,110.22965,0.18946026,364.13718,119.05066,0.23004913,332.68127,192.04613,0.21051484,332.26157,198.89418,0.20711018,325.58783,130.64511,0.18170406,193.34673,221.60721,0.1177723,191.65413,230.11623,0.118578285,552.3831,137.16289,0.27013624,347.62656,127.06688,0.20133987,299.39365,137.97151,0.37035754,301.8969,130.05281,0.1527505
742,403.57468,35.533955,0.1224694,372.54428,116.99633,0.11711135,320.31128,194.5329,0.15074314,331.40543,199.8179,0.20225377,323.8186,130.28767,0.14903444,189.40437,229.49399,0.16419092,189.12212,242.38968,0.13721308,260.22696,226.95363,0.19007166,188.59325,230.35626,0.21200374,297.49088,139.54549,0.37997845,301.85513,129.37642,0.14479291
743,390.04495,36.027557,0.107916296,364.715,118.79848,0.12201004,319.64734,195.0674,0.13781074,324.79486,207.35425,0.1952164,323.97592,131.21584,0.14410745,191.52615,234.95387,0.1404496,189.48795,243.88185,0.13684823,546.57043,127.88898,0.27820697,339.46036,127.0575,0.18344416,295.42725,140.83835,0.38599375,301.15594,130.09909,0.14211352
744,365.83838,115.78111,0.105224535,365.03806,122.730156,0.10575827,318.8207,195.28253,0.10946496,323.55945,207.45241,0.17343523,322.33728,131.71693,0.13391705,184.95067,239.01245,0.18724099,177.6984,248.75249,0.15364031,540.8993,125.876945,0.22408691,193.39041,232.11655,0.22676839,293.27405,142.50221,0.3475172,300.23923,130.41884,0.13040847
745,302.46478,210.66595,0.09912201,545.23114,124.097046,0.10961861,323.12338,201.75073,0.10878089,322.55103,207.72975,0.19432521,308.19867,146.05374,0.13119239,189.45262,237.48535,0.17874946,178.58173,247.49623,0.15968172,540.25604,126.6729,0.3273793,199.30345,225.28651,0.23522559,290.0353,144.87415,0.31957534,287.57727,144.11353,0.14184758
746,365.94598,115.12427,0.10990505,365.47574,118.338135,0.12336972,323.39432,202.22768,0.1463762,322.90234,208.53894,0.20922798,308.62888,145.21635,0.1782861,182.15947,252.79948,0.19156195,174.99039,261.46887,0.17867565,539.01373,126.212006,0.30319217,186.85315,245.5597,0.250383,350.0248,56.70067,0.34014288,287.00766,145.24118,0.17478251
747,509.24896,131.03804,0.09374402,429.27493,101.85643,0.11590501,323.03894,203.73895,0.14287715,317.80536,211.7607,0.1817532,308.38718,146.4115,0.16941252,178.13124,253.75714,0.19614963,174.12799,261.99557,0.14869171,538.57196,125.42632,0.27919137,197.12367,229.6636,0.24130613,284.52493,154.8908,0.32407823,287.3663,145.0672,0.14942467
748,508.99963,130.6249,0.11516648,429.91757,101.5616,0.14334829,321.8549,205.03223,0.1459905,316.8234,213.24321,0.15648481,308.35492,146.69386,0.14276974,179.70941,253.99385,0.1833889,175.5744,262.83142,0.17371345,533.6597,125.49925,0.29401317,196.29877,231.24872,0.20899832,281.97906,156.34494,0.31412953,286.81674,145.19386,0.15457852
749,372.50284,51.91513,0.116910905,429.87018,101.05832,0.11978353,317.4719,207.3519,0.13139,295.22455,141.5527,0.1514942,307.54626,147.80989,0.12920526,179.04373,256.67374,0.22356437,172.70432,275.6452,0.19443738,532.46643,125.036,0.31630722,195.77014,238.34187,0.24115354,281.7385,157.72372,0.32456157,286.6499,145.79231,0.14519104
750,507.589,128.85602,0.11495957,515.08026,125.69821,0.11863988,319.98105,206.43129,0.10810849,448.09946,93.08986,0.15435736,306.0472,148.5136,0.111012325,177.43602,269.80084,0.28079864,170.2608,279.291,0.2513328,531.88104,124.50072,0.36337483,196.75441,238.92319,0.27806488,278.41696,160.2972,0.28916535,274.05112,161.84877,0.12434805
751,370.6362,51.896057,0.1257273,357.62457,131.57266,0.12114198,372.00174,113.32553,0.13388816,315.3095,215.59137,0.19833225,354.5834,68.58184,0.13798952,177.28696,270.0434,0.3110624,170.46779,280.12332,0.2658322,531.6066,124.07804,0.2061504,196.15813,240.0626,0.3115461,276.35135,160.79445,0.2819562,333.36664,63.04079,0.12558155
752,435.22354,78.70885,0.09374602,357.0907,131.16237,0.10229132,370.85895,113.41462,0.1230429,315.40988,216.7674,0.20852087,370.15552,133.05608,0.13827313,175.96318,270.33487,0.30365002,161.03712,289.85815,0.21254618,376.12195,121.78522,0.23801525,194.15218,240.7253,0.2813091,275.45087,161.40353,0.27337185,271.51007,167.3101,0.16521367
753,362.77344,107.5563,0.104419686,356.32416,113.01515,0.12844199,370.5051,121.19498,0.11996938,366.181,121.58804,0.20611586,369.97708,134.17236,0.15053377,176.20856,271.4039,0.31559402,161.75719,292.51877,0.26475227,375.59723,122.401665,0.24685577,194.44966,241.38957,0.2983537,272.43634,169.97293,0.25018683,272.81042,159.947,0.14840668
754,361.80276,107.30725,0.09276158,355.6562,112.742,0.1329118,368.68677,120.59219,0.12875965,368.9832,128.22182,0.21154657,291.11935,161.26038,0.14758603,176.91832,271.43253,0.30510175,162.54297,291.4169,0.20398293,374.3624,122.76783,0.19884132,193.7824,242.94104,0.26180997,270.40457,170.98566,0.23432583,272.14145,159.4698,0.1581012
755,420.46515,96.940704,0.10755293,420.74103,99.589676,0.11640634,367.05362,116.12208,0.106049776,307.9791,222.71935,0.19547805,339.57623,69.379425,0.14888437,176.07776,271.842,0.33592603,161.83348,293.102,0.2414943,440.85388,97.216156,0.19601904,195.10298,243.1008,0.32245398,321.2599,72.94298,0.24673213,271.51324,159.47012,0.14345759
756,355.4386,52.200073,0.09458121,414.11243,101.13602,0.11424091,308.241,216.71414,0.10715419,306.98932,222.91374,0.19261211,290.06015,163.3499,0.12863249,172.60817,281.94742,0.37828377,161.20642,296.78717,0.3220874,523.854,111.50492,0.2440847,191.81625,251.62082,0.30684593,266.07382,171.58401,0.24593806,270.6548,160.33147,0.12208762
757,420.1074,79.37004,0.12995085,381.24707,187.04431,0.10264627,307.44016,217.31804,0.11499942,356.00583,127.38431,0.18639618,355.93332,135.04631,0.1203553,171.03531,285.36972,0.34227553,161.44196,296.25873,0.28216842,523.20996,110.426865,0.25229928,191.46024,253.27171,0.26650646,264.96805,172.57524,0.26711145,268.65714,160.0671,0.113884136
758,419.61008,78.781494,0.10262233,340.36105,111.86769,0.111290805,356.49475,122.39169,0.122726426,354.8045,127.44166,0.1763204,289.68826,162.71043,0.115989804,171.13966,285.4429,0.34684634,161.74721,296.47333,0.2891376,362.6193,124.20237,0.24199443,187.21829,256.59882,0.2939691,264.6972,171.89256,0.23619983,306.97153,74.17844,0.11794918
759,514.2655,100.15404,0.07953639,500.20694,116.24898,0.096305504,306.37454,218.91924,0.1025268,353.78784,126.83228,0.14408362,188.69775,256.588,0.11390892,169.76936,291.7721,0.35735172,156.7447,308.43854,0.3155897,515.62524,110.14102,0.23524572,187.157,258.39658,0.3103057,233.33092,266.3457,0.210286,258.7969,172.39049,0.12198936
760,513.7127,100.221146,0.095869735,500.3649,116.17778,0.1048807,305.4531,219.80148,0.11735443,418.57318,93.25279,0.13382868,289.5407,162.87965,0.119804226,170.22253,295.1831,0.35575852,156.97362,312.454,0.33233857,515.20953,109.836655,0.23957962,186.86728,259.44455,0.3033804,263.56442,171.55563,0.19013838,257.16147,172.19556,0.14315957
761,515.2466,99.54847,0.092918195,293.51547,227.03586,0.11821031,304.88107,220.7385,0.17075722,300.6704,229.31726,0.19913673,304.969,242.60147,0.13140514,170.5894,294.02014,0.41146147,159.83598,309.90036,0.35514978,310.82864,226.0764,0.20420378,186.57884,261.23843,0.2849362,224.09894,270.6205,0.16200411,255.71902,174.06131,0.1644037
762,292.14603,218.74982,0.087919764,293.20914,227.06775,0.13188788,304.31042,221.62628,0.13239042,299.90784,228.92921,0.25160447,300.296,238.67674,0.14220764,170.5131,296.84732,0.41162854,159.30789,312.71634,0.36769783,310.36914,227.5564,0.21959962,185.79424,271.3864,0.28776643,257.5044,174.66914,0.1805256,254.91287,174.442,0.15494543
763,404.55356,78.74626,0.088902585,508.26337,107.48738,0.10776914,300.15,222.76302,0.10363328,299.35504,229.95938,0.21937765,180.40286,258.3257,0.15818441,169.96828,302.99667,0.43522,159.81493,314.8969,0.40520096,508.07272,107.56838,0.21492888,190.47057,268.89496,0.3146676,390.30722,96.52145,0.17334875,256.1362,173.11385,0.119895004
764,333.16797,122.0731,0.10391818,325.8339,133.68585,0.13377629,299.73117,223.74393,0.11291197,299.09454,231.23972,0.1824594,179.13739,262.9913,0.15364376,169.32791,302.5363,0.44474587,160.07077,314.4293,0.41789415,506.98068,107.08109,0.27908123,187.14162,273.39822,0.30225718,252.15265,186.59058,0.19977129,253.25208,173.70538,0.115867525
765,499.36465,98.718,0.09257052,291.46222,229.4016,0.110238425,298.88,224.49579,0.10549216,298.37143,231.53444,0.15756978,178.9649,265.0112,0.15255062,168.30708,307.54874,0.45724398,157.94879,322.70828,0.45837325,506.46896,107.084236,0.25043914,184.7306,279.82318,0.2876653,223.28542,273.21915,0.19027165,138.09346,297.5233,0.11567225
766,499.06503,98.37803,0.09291349,324.16183,128.22125,0.12940769,298.9331,226.283,0.1056655,332.70447,135.44461,0.17655502,179.33923,265.61145,0.17319869,169.72725,310.44272,0.48475915,158.1198,327.09137,0.48419157,505.43628,106.63981,0.20074832,185.95468,281.11316,0.30429882,249.55293,187.52498,0.20174481,130.76256,300.05634,0.11306554
767,498.4512,98.504906,0.096331134,300.03632,229.92532,0.12590806,292.9072,225.24847,0.07218777,293.45163,237.99556,0.18327548,179.56421,266.50455,0.17802615,170.18771,310.38803,0.4598998,159.60011,326.3787,0.46296456,503.9249,106.72893,0.18285441,185.21751,281.64706,0.3005327,225.60239,277.96448,0.17639989,130.7976,299.97583,0.1089303
768,498.3107,98.55636,0.11415178,497.81238,106.49617,0.10948955,332.45425,131.34883,0.08736156,336.91592,142.39006,0.1566877,177.67514,272.30466,0.15184198,169.37767,312.86328,0.4442246,158.85133,329.36664,0.46752164,502.97098,106.03106,0.16938974,185.71404,284.18576,0.31040755,472.7229,111.420006,0.17833623,242.49036,192.7665,0.108894095
769,331.54565,124.38456,0.08999251,330.9264,133.95435,0.14427684,298.27887,228.9706,0.09110928,331.54944,142.44908,0.17867847,178.49873,273.80807,0.1614788,168.3523,317.7525,0.46085125,159.09999,330.78186,0.471596,341.05093,137.87201,0.19611138,186.36499,284.8002,0.32516903,220.56795,287.04578,0.17576419,242.30728,193.26633,0.10739652
770,403.33615,99.234,0.08884729,331.12296,134.88518,0.13395907,173.30804,288.2458,0.07474999,324.94315,142.67273,0.14240085,178.59042,275.2349,0.16308874,168.38326,318.18283,0.45357063,159.60477,331.44275,0.4431655,333.44232,139.23897,0.18559298,186.78467,286.01096,0.31240308,222.15805,286.72943,0.15094046,130.22604,313.99582,0.10567936
771,476.71494,93.567535,0.085961625,331.27783,134.86546,0.101593085,317.94427,139.9968,0.0658702,324.07843,143.24323,0.13835683,177.63193,279.98178,0.17305593,168.6392,323.50894,0.4530359,157.68842,340.53952,0.49224076,332.1364,139.48802,0.2344511,183.72598,295.86267,0.3183383,221.74635,287.70856,0.17553101,130.27649,315.28525,0.11687739
772,483.22748,97.13405,0.12139769,316.87213,145.7837,0.11152717,323.68326,139.02225,0.106203504,496.44107,109.61978,0.13674515,177.06203,281.57922,0.15425508,168.6605,326.15244,0.48554602,158.7361,342.27484,0.5531088,490.68024,104.038765,0.22520882,183.42183,297.2363,0.32953694,221.92215,289.0762,0.15924047,129.33746,315.7392,0.12939316
773,482.50418,96.86765,0.11237083,308.77365,147.04962,0.11816363,323.27292,139.35222,0.11253338,476.34918,110.63904,0.15739977,176.63194,281.77454,0.14457294,169.41754,325.37082,0.49180925,159.76308,341.66092,0.5317253,331.51743,140.54387,0.22406879,183.66931,297.01038,0.32402307,221.04941,289.47806,0.15977149,130.02936,315.54166,0.120435156
774,483.16245,97.32754,0.111160114,308.17484,146.86766,0.12096292,322.53818,139.49162,0.11053041,322.4017,144.41385,0.14370984,177.11197,282.46924,0.16718355,169.01503,326.41364,0.4617584,159.48859,343.6358,0.49760592,330.16348,140.54948,0.23872533,183.64595,298.1651,0.3512705,225.82475,293.83005,0.12175255,129.07466,315.54532,0.11114903
775,483.13522,97.960915,0.11869018,307.72162,146.62994,0.14435005,321.5824,140.99521,0.11353678,475.9772,109.73861,0.16288194,175.58199,288.3599,0.14827155,168.80664,328.7733,0.42775998,159.06372,345.68335,0.49557188,328.93918,140.97853,0.20958768,183.451,299.37488,0.34698445,458.20804,109.862656,0.14830852,128.66548,315.81464,0.111390814
776,483.06277,98.337135,0.122056834,307.8876,147.62933,0.16555473,320.161,144.58528,0.1206928,315.55527,151.02898,0.16846764,175.88454,290.27585,0.14210229,164.56483,333.6307,0.47706452,159.12659,346.03375,0.5265198,326.16315,147.61234,0.21157761,183.70633,301.01334,0.32728896,458.3233,109.76416,0.1505601,127.51491,315.38107,0.10788118
777,307.653,137.99187,0.11231616,307.4847,147.90428,0.17135416,319.9023,145.43787,0.13484688,315.1,151.68538,0.15503211,175.93875,291.425,0.14421311,165.1906,333.4562,0.4800657,159.60898,346.48715,0.53121865,326.089,147.65555,0.15963523,183.77022,301.21255,0.3045608,363.73706,108.40178,0.13385549,138.09976,327.6741,0.10773022
778,483.1483,98.4275,0.09882184,307.82117,148.17584,0.13383809,319.48123,145.37274,0.11874516,315.3702,151.8934,0.15970679,176.05511,291.2168,0.15476146,164.60995,334.2188,0.4609335,159.52782,347.3046,0.48273578,484.03632,94.20231,0.15543051,182.31598,301.7444,0.3545474,239.11232,198.72691,0.15170448,128.75455,329.56982,0.11097104
779,314.8993,144.11269,0.08396348,316.11804,148.29378,0.13165842,316.77222,144.47446,0.11777146,315.65704,151.9153,0.12901731,175.67693,292.60538,0.14392313,164.70514,334.81314,0.45463565,158.60129,353.23486,0.5307798,296.91727,249.43457,0.17424643,180.91348,302.6328,0.3423297,219.2509,302.64044,0.16077866,129.95482,330.37646,0.11566044
780,468.7409,97.80376,0.08272978,316.43954,149.02956,0.11174083,315.4558,143.66393,0.08495348,475.51965,110.681526,0.15395467,174.05312,295.91293,0.14364915,168.18102,338.3294,0.51714706,160.60828,354.5711,0.6144402,236.28523,298.72137,0.16135369,182.04861,304.15756,0.3532265,218.38948,303.40863,0.17921004,128.99187,331.37042,0.12896834
781,468.57578,97.76133,0.09093669,316.18436,148.6973,0.091677465,315.3925,143.39621,0.08169506,475.52838,110.58393,0.14335102,175.22044,292.85507,0.16144823,167.73239,339.3846,0.51748264,160.26263,355.55508,0.61012876,482.43665,92.96739,0.14330487,180.59778,304.9465,0.3554419,219.60217,303.2737,0.15111704,128.67921,331.36194,0.13397297
782,467.93918,97.377144,0.12784286,476.6057,100.603836,0.10963649,314.05643,145.93427,0.0863627,460.73935,110.43783,0.13059522,174.90933,293.45795,0.13174076,168.05643,340.4216,0.51759934,160.49434,356.65823,0.6026982,474.7041,104.63967,0.17737722,179.73438,304.82327,0.3208351,217.70107,308.62302,0.119447336,129.18102,331.45465,0.12387536
783,467.24908,97.04686,0.14138636,476.00632,100.532845,0.115486495,284.59003,251.342,0.08605993,467.52942,110.734726,0.18330312,172.46603,304.35007,0.12636565,164.26044,344.1656,0.48716682,159.64352,359.0472,0.5979976,474.0011,104.01031,0.21802251,179.49196,313.53824,0.32212207,218.53354,304.32254,0.11990373,127.72937,331.55573,0.13273706
784,467.57968,97.90067,0.106545486,275.55438,259.34515,0.13159806,285.0982,252.33078,0.10318108,283.66016,261.56085,0.13254847,172.70592,305.33026,0.12479466,163.90598,344.92722,0.46816444,159.46933,360.16724,0.59841216,313.77603,153.74147,0.19645104,178.81252,314.35434,0.28743795,217.17798,309.38562,0.14936057,139.79184,343.82422,0.11948179
785,301.21964,139.88,0.10877187,300.37094,149.95102,0.14327373,285.2119,253.26904,0.08718715,306.49524,159.15675,0.18932135,172.58871,304.81473,0.14800505,164.84598,346.53836,0.48823515,160.15872,360.06668,0.61583245,313.4956,153.9106,0.23913048,180.42374,313.81113,0.31621236,217.74652,314.4809,0.16281046,127.117004,331.15076,0.113757536
786,301.0624,141.19298,0.13364013,300.80762,151.03197,0.14738609,285.0882,254.32399,0.08995769,306.52908,159.78464,0.1706711,168.86382,299.9348,0.1585289,164.67773,347.56512,0.51205283,159.5838,361.3968,0.62294364,312.84302,154.03215,0.24170846,180.89331,314.6368,0.35731032,216.55023,310.96533,0.15197656,138.71896,343.64334,0.101170085
787,372.15268,99.835205,0.1317812,275.40726,260.14267,0.13268225,305.2832,154.72424,0.079822496,306.1037,160.40393,0.1540676,168.75832,300.50238,0.1640298,164.97021,349.01932,0.51409197,159.77425,362.7661,0.6178945,311.73608,155.06023,0.21437985,180.58665,315.58047,0.38516474,216.56526,311.29987,0.1228756,138.2006,344.5159,0.11756687
788,300.93054,142.17516,0.11788283,275.64673,259.94638,0.13720642,285.01495,254.72719,0.078970976,305.9007,160.43254,0.15313327,168.57607,300.64822,0.163487,165.27531,349.221,0.5241163,160.19157,363.05057,0.6420681,311.01315,155.51912,0.2147319,180.58286,315.75916,0.38103536,217.89807,316.82623,0.1375821,138.45703,344.31497,0.12267699
789,300.82053,142.20375,0.12329052,291.48303,162.81506,0.1495258,285.21747,254.88516,0.07863303,305.4988,160.42146,0.15416391,168.69278,300.9501,0.166333,165.19987,348.78613,0.50762725,160.2964,362.2869,0.6101189,310.24713,155.28915,0.23104565,180.66106,315.86597,0.39563438,217.52385,316.97308,0.14947772,138.50346,343.45663,0.111081935
790,300.2957,141.87161,0.13403872,300.03647,151.37119,0.16271506,284.99985,254.78342,0.07658472,305.51807,160.86148,0.16783677,168.46045,301.23245,0.15649201,165.84804,348.94232,0.48723206,160.88501,362.43658,0.6013467,310.26285,154.59216,0.25844502,180.97636,316.04092,0.37793568,217.42355,317.28925,0.14300534,138.95996,344.07974,0.12043187
791,300.51135,141.61925,0.12711655,300.32144,150.92474,0.17004892,304.44907,154.42755,0.07137288,305.36368,160.52634,0.17343797,168.80026,301.40936,0.16427252,165.96953,348.7501,0.48035723,161.04175,362.13208,0.58807707,310.24545,154.38037,0.23502485,181.2769,315.9245,0.3877941,283.22836,170.01157,0.1475688,138.95316,343.8317,0.10712338
792,300.15506,141.77672,0.10919112,300.11816,150.93521,0.15863714,304.10516,154.13411,0.06769327,305.1313,160.36435,0.1620696,168.86775,300.53204,0.15550314,166.4848,348.06204,0.46711275,161.44821,361.5001,0.60590893,310.02524,154.59744,0.20875064,181.01868,315.32364,0.36992976,283.48828,169.73802,0.13408235,140.62054,344.83804,0.100671396
793,357.26816,98.91532,0.09277434,300.4116,150.4746,0.13322724,288.485,257.35718,0.0641737,300.60086,159.38821,0.1328852,168.69685,301.2378,0.15482746,166.619,349.00348,0.48772863,161.38782,362.26157,0.6180443,309.78357,155.01552,0.14145224,181.17392,316.35757,0.35889688,218.0706,317.14175,0.12270496,139.9451,344.86554,0.11401454
794,290.70905,245.71213,0.07972571,275.25333,259.65753,0.1328397,288.51056,253.45929,0.079574995,282.7953,262.62683,0.12469611,169.08156,301.2158,0.15208212,166.56639,348.66147,0.48063597,161.81789,361.96933,0.60938317,296.47534,253.49211,0.13615169,181.57497,316.20703,0.35815203,218.15057,317.02924,0.11916729,139.61151,344.51483,0.10945416
795,260.23206,99.36848,0.08005559,275.3171,259.74954,0.12578811,284.35532,253.27603,0.088216655,282.84442,262.71378,0.12756558,169.00018,300.6907,0.15579018,169.59921,347.47437,0.47289988,162.07295,361.53275,0.6015851,296.3055,253.27211,0.12239295,181.59511,315.66617,0.37027928,218.10901,316.96417,0.122137815,126.13977,330.7128,0.10258866
796,229.03996,294.75262,0.07318872,300.13754,149.46921,0.1253962,283.891,253.17746,0.092362806,282.77377,262.89536,0.13939568,169.0742,300.38037,0.15918508,169.58636,347.85022,0.47109598,161.97856,362.14764,0.60293895,295.78818,253.02568,0.116326265,181.58548,315.7882,0.3727904,217.87262,316.86118,0.12671694,139.45274,344.76645,0.10734173
797,228.59189,307.21167,0.07181084,300.09995,149.57208,0.11658374,283.5521,252.41545,0.074484825,282.55157,262.80875,0.12437912,169.38512,300.33658,0.16516632,169.79488,348.29904,0.47622082,161.92142,362.5304,0.59602654,236.30544,307.70746,0.117768385,181.73616,316.1157,0.3657786,216.48907,311.68265,0.12795733,139.1744,344.81488,0.10875378
798,228.51852,306.96112,0.069920726,300.1368,149.54262,0.10640792,283.4107,251.74094,0.06363928,170.2439,320.6145,0.115568615,168.93729,299.81372,0.16523157,169.47911,347.23993,0.4676973,161.91913,360.81238,0.6041904,236.33781,307.5377,0.11646969,181.23683,315.22708,0.35874885,216.34464,311.16037,0.1248494,126.99774,330.75583,0.10012461
799,228.42836,307.08203,0.06723842,300.37256,149.39052,0.10198875,283.2906,246.21771,0.06504908,170.04271,320.54178,0.11469571,168.94267,299.16968,0.17042503,169.46571,347.21622,0.46736848,161.89427,360.6544,0.589057,236.28465,307.42325,0.10630115,180.78998,315.02765,0.37116015,224.7464,213.03284,0.12633492,126.71854,330.71213,0.10332684
800,228.3831,307.01837,0.069699086,300.93542,154.57175,0.10081732,283.2314,246.18954,0.06650879,164.2878,284.5477,0.11785403,169.24884,299.07593,0.17697538,169.37161,346.96405,0.471387,161.8178,360.6822,0.5848631,236.25589,307.42194,0.109965086,181.16667,314.61383,0.38396853,216.47078,310.86224,0.12640575,126.96636,330.71533,0.100113176
801,228.34506,306.9897,0.06919154,300.92203,154.55618,0.09972074,283.24414,251.33899,0.067286745,170.14468,320.77512,0.11272772,168.69319,299.2321,0.16929354,165.93504,346.75348,0.45333052,161.8949,359.92715,0.5570788,236.26033,307.44016,0.12590335,180.45132,314.5002,0.36492407,224.50546,213.07477,0.12886724,126.901924,330.4803,0.10231371
802,228.23349,306.81772,0.074216284,300.91846,154.43988,0.10405273,283.21957,251.40343,0.06799377,170.07591,320.35428,0.12723424,169.58595,299.80927,0.18773204,165.652,348.14413,0.469754,161.24332,361.3095,0.5620436,236.40881,307.3075,0.14512275,181.20721,314.8375,0.38356227,216.34964,310.44617,0.14250903,126.66284,330.8109,0.1047118
803,228.17899,306.78024,0.07628807,300.4589,149.22546,0.10104234,260.42227,261.72168,0.06676838,164.6809,284.87943,0.12625846,169.59668,299.4752,0.19637688,165.43605,347.38083,0.45017076,161.22997,360.5312,0.5520067,236.37003,307.26523,0.15150093,180.9182,314.8368,0.38360608,216.32089,310.62314,0.14268842,126.70032,330.72336,0.10200163
804,228.25818,306.76907,0.07595447,300.38428,149.17235,0.10154983,260.44266,261.74283,0.07041462,169.76865,320.69998,0.11821062,167.84822,298.85693,0.15157539,165.09189,348.2446,0.44722328,160.86357,361.43155,0.5277033,236.4313,307.18774,0.13878198,179.90773,314.94193,0.3700136,216.28142,310.43668,0.13211958,127.14309,330.70007,0.099435374
805,228.18625,306.6117,0.07986994,300.40164,149.16788,0.09639741,260.36407,261.80368,0.06801564,169.71384,320.5088,0.1253569,168.60938,299.27884,0.17414497,164.94186,348.7532,0.46700323,160.69962,361.91534,0.5323636,236.41156,307.14334,0.14149037,180.43674,314.6519,0.3961362,216.09764,310.47318,0.14320925,126.54808,330.62094,0.10475103
806,228.19348,306.6717,0.07537994,222.49316,302.96213,0.08440275,260.40344,261.8194,0.069185056,169.70876,320.63327,0.12560391,168.31255,299.38867,0.17044635,164.6652,349.0759,0.47282755,160.45201,362.17468,0.521503,236.36484,307.15387,0.1339526,180.04936,314.64224,0.3798309,215.92334,310.45407,0.13955076,126.53102,330.6476,0.102919206
807,228.03688,306.4916,0.07546414,300.2824,149.10892,0.08957405,260.23297,261.78925,0.06676484,169.5869,320.46164,0.13061488,168.43362,299.73993,0.17584813,164.57185,348.65396,0.48103938,160.32661,361.91287,0.5422086,236.38986,307.13843,0.15240036,180.24907,314.61536,0.38761663,215.66086,310.50952,0.15364584,126.50576,330.6475,0.102530256
808,227.96794,306.51694,0.07342427,300.3858,149.10706,0.08988039,260.1236,261.7548,0.06509765,169.30878,320.64072,0.1276579,167.61024,299.88623,0.15604658,164.69316,347.70325,0.47790074,160.36542,360.9052,0.5428024,236.34409,307.2827,0.15360142,179.95296,314.6245,0.378269,215.49736,310.73077,0.15352972,126.61726,330.61957,0.105665535
809,228.6765,294.20462,0.069745645,222.44136,302.87927,0.08332908,260.0653,261.71008,0.06055812,169.35316,320.24908,0.13552034,168.48744,299.40955,0.18444373,164.69688,347.3902,0.48508444,160.36215,360.43213,0.5460229,236.25795,307.36957,0.14398496,180.03018,314.36273,0.4083079,215.78749,310.58746,0.14785708,126.479675,330.57397,0.10663414
810,228.58945,294.02277,0.06821008,300.38016,149.06178,0.08669296,260.00427,261.66916,0.056459177,169.22005,320.48575,0.1362259,168.11357,300.00702,0.18014091,164.90332,347.63477,0.47938073,160.30545,360.86353,0.55088246,236.11838,307.21878,0.12824437,179.85939,314.61456,0.39486358,215.5878,310.31995,0.13690981,126.8173,330.70682,0.10788239
811,228.62321,294.0546,0.06984707,222.49863,302.49026,0.08581311,259.96417,261.65002,0.055008285,169.16508,320.71777,0.12914798,167.91269,299.6705,0.1764606,164.98671,348.3864,0.4615269,160.24693,361.7173,0.5251561,236.18295,307.2419,0.12691483,179.41917,314.70154,0.38312128,215.49915,310.22787,0.13887465,126.92371,330.84747,0.10587285
812,331.7902,195.24467,0.06918475,275.8907,259.90848,0.082446985,437.99567,100.24578,0.062067114,169.18167,320.7176,0.14022452,168.20732,300.14053,0.17850494,165.05608,348.61176,0.48083845,160.1448,362.03238,0.5503875,236.0892,307.2205,0.11279705,179.70659,315.17462,0.39085904,215.5528,310.32687,0.13541532,126.797386,330.9425,0.106841154
813,331.79324,195.2058,0.07321435,300.3215,154.52483,0.09399759,438.1442,100.12287,0.05685112,169.22704,321.09674,0.12934957,167.52234,305.17792,0.16513216,164.9101,348.84738,0.4619614,160.05951,362.2439,0.53200823,239.5086,204.21016,0.11510143,179.1656,314.92807,0.3627273,224.23582,213.33734,0.14877395,126.96581,330.9297,0.10557657
814,228.4768,293.98233,0.06310668,300.1439,149.473,0.113425136,438.06015,100.14375,0.062467508,169.08614,321.30972,0.13486311,167.42152,306.05685,0.15825078,165.0767,349.4005,0.4841971,160.05249,362.73038,0.54802954,239.3507,204.0416,0.10089115,178.89949,315.74194,0.36232477,224.57893,213.20375,0.1373006,138.93095,345.09702,0.1171192
815,331.89218,195.63644,0.064578414,300.0159,149.40569,0.11715379,260.4544,261.7679,0.05563364,169.29044,321.52216,0.13680083,167.8822,306.19955,0.15586078,164.82,349.52252,0.49181807,159.81064,362.83243,0.5568958,235.4513,312.36526,0.10076131,179.06696,315.97858,0.34986925,224.99724,213.3059,0.12881158,138.74117,345.11093,0.12200131
816,228.01065,307.10352,0.062009692,299.9044,149.53824,0.1126572,260.55362,261.62994,0.055134524,169.37466,321.83286,0.13515508,167.88243,300.37512,0.16524474,165.07004,349.4162,0.4595141,160.05371,362.92822,0.5488211,348.3602,209.60785,0.10034905,178.80344,315.3723,0.3548674,215.72002,310.1523,0.11471579,138.63152,345.55905,0.12826306
817,356.96118,98.565956,0.08254959,300.09076,149.7717,0.12253877,260.65375,261.67673,0.055949327,169.52284,322.13434,0.13901907,167.80405,305.7744,0.16442986,165.29372,349.1512,0.44886428,160.16435,362.60382,0.5657093,301.07123,153.06895,0.09975704,178.4137,315.77002,0.33475035,215.62114,310.68195,0.113017514,139.52145,345.9898,0.13177373
818,357.23694,98.701324,0.09020596,300.14978,150.09253,0.12235591,260.9337,261.7674,0.059728816,169.50589,321.894,0.14331414,168.12376,306.26242,0.1575203,165.381,349.88748,0.46580255,160.06914,363.21323,0.5709539,301.48294,153.48294,0.11997097,178.58943,316.58328,0.3376693,215.63867,311.21713,0.118538305,139.08104,346.24515,0.1424369
819,298.90308,145.52304,0.09098466,299.59262,150.28815,0.14515075,260.66907,261.90332,0.05892965,300.08374,159.47458,0.1441359,167.66823,306.65982,0.15493633,165.34822,348.79605,0.4647799,160.16722,362.28522,0.57125306,302.1779,153.73308,0.17704497,178.38351,316.33975,0.32430744,225.29153,213.39897,0.13109176,139.81186,345.88208,0.127984
820,357.10083,99.07181,0.08787881,299.89557,150.38217,0.1292768,288.16992,258.45053,0.05809204,300.18698,159.39024,0.14100274,167.58182,306.46146,0.15510283,165.4416,349.48154,0.4685586,160.13258,362.8474,0.57511884,302.20773,153.70924,0.16067168,178.38875,316.0994,0.32785994,224.82892,213.33603,0.14071783,139.34906,345.93045,0.13682844
821,299.00436,145.96216,0.10065649,299.71365,150.82088,0.14905651,288.2889,258.27487,0.067901365,300.52103,159.78423,0.15948242,167.42947,306.11667,0.15463924,165.45207,348.59604,0.45685753,160.30057,362.0706,0.5626248,303.09332,154.07553,0.17986533,178.46555,315.60968,0.33287558,224.7846,213.17519,0.13968058,139.64914,345.3102,0.123035856
822,300.62003,141.89105,0.09689843,300.42703,150.84341,0.13806786,284.4729,254.6881,0.07488517,304.92215,160.26373,0.15807253,167.84853,306.64197,0.152827,165.47005,349.25818,0.47778907,160.3328,362.5915,0.5895395,310.02185,154.78363,0.17168424,178.68614,316.29276,0.34193996,217.13564,317.14853,0.13388182,139.1981,345.36636,0.12906168
823,306.32693,147.69733,0.09627993,300.7482,151.11432,0.12819268,284.73926,255.05557,0.07443366,305.22797,160.35895,0.15435573,168.40123,301.3486,0.17029844,165.66435,349.12973,0.4976446,160.36473,362.70062,0.603617,310.09946,155.24307,0.2044593,179.92976,315.79337,0.35769466,283.4703,169.8446,0.14584716,139.12854,345.18323,0.12494603
824,300.801,142.2379,0.09768626,300.3757,151.31866,0.131837,288.60977,258.25937,0.07019476,305.25574,160.42067,0.15583603,168.63309,301.2697,0.17371899,165.61707,348.7607,0.50422454,160.40265,362.1712,0.5985913,310.22934,155.5373,0.22501643,180.3679,315.7824,0.36781463,283.28085,170.0523,0.13837774,139.12466,344.6752,0.12145775
825,467.69675,98.46618,0.1107507,300.45883,151.56592,0.13601609,304.09592,154.66057,0.07521838,305.5094,160.90031,0.16274965,168.65813,301.76,0.16253422,165.7183,349.4901,0.49714074,160.51375,363.03394,0.5908078,310.17407,155.45428,0.24995598,180.5725,315.9524,0.3538615,281.56436,159.98814,0.14069545,138.40651,344.98206,0.12640952
826,299.91928,142.84537,0.1278611,299.8301,151.80968,0.15150131,304.28867,154.83414,0.08738241,305.89105,161.3855,0.16515207,168.77573,301.4486,0.1660316,165.84149,348.32962,0.4946525,160.85869,362.02524,0.60723346,310.57336,155.34229,0.2777342,180.72627,315.82376,0.3692745,217.28564,317.1335,0.1429801,139.09856,344.45367,0.109828226
827,299.65546,143.25287,0.1497637,299.59827,152.21083,0.16597849,304.30902,155.41843,0.109041736,306.05264,161.95813,0.17613082,173.57124,307.12018,0.15135112,166.18422,347.94833,0.47136647,161.20576,361.45312,0.57956696,310.97427,155.70657,0.30804533,180.59662,315.7919,0.3489186,216.17676,312.41327,0.14577661,139.57237,344.19788,0.105593555
828,363.7409,99.2202,0.11001823,292.04904,162.79161,0.14023115,304.80298,155.71712,0.08664409,305.89966,161.11465,0.1488014,169.55319,306.4587,0.16265361,165.85208,348.68527,0.53431666,160.83646,362.66708,0.64544964,311.313,155.84273,0.23700416,181.50809,316.52908,0.39118809,216.76091,312.1688,0.1351873,138.64212,344.13654,0.119255766
829,299.9737,143.22333,0.12609689,292.09943,162.26894,0.16049692,304.53503,156.24094,0.11223214,305.89465,161.90617,0.1635985,173.5004,307.6833,0.14800835,166.04303,349.71997,0.48501116,160.87517,363.16095,0.59665173,311.21716,156.51332,0.2735525,179.96638,316.8165,0.35552174,216.36267,312.14087,0.14706571,139.27812,345.03232,0.1266841
830,299.68713,143.51831,0.15211543,292.09628,162.00029,0.16353448,304.55997,156.58948,0.12265602,300.41342,165.99861,0.16752367,173.76688,307.69272,0.143515,165.90414,350.00806,0.47818804,160.96489,363.54517,0.58746845,311.5358,156.61928,0.29946864,179.78635,317.1508,0.35358524,282.9055,170.69157,0.13788933,138.91943,345.12256,0.13408548
831,299.98315,143.50603,0.14473997,291.91016,162.41435,0.16012305,304.5572,156.9728,0.11555167,299.98676,166.19434,0.15162009,173.67325,307.42593,0.15538439,165.84268,349.86084,0.47872493,161.01529,363.51376,0.57130396,311.4954,156.60748,0.27133444,180.36647,316.61685,0.35423175,216.72627,312.36777,0.1402684,138.71335,345.21765,0.1291745
832,300.15826,143.30125,0.12770802,291.72333,162.87949,0.15917993,304.6208,157.06036,0.10192363,305.63605,161.7269,0.13240927,173.62045,307.55063,0.16327555,165.97702,350.06277,0.49295083,161.21986,363.8126,0.56874937,311.72562,156.73132,0.24276187,180.506,317.0347,0.36036822,217.69662,317.62997,0.15069352,138.29034,344.98016,0.12851173
833,300.5093,142.97884,0.11024409,291.60455,163.10457,0.15970197,304.50055,160.5057,0.08491917,165.23087,293.0078,0.1255359,173.56075,308.08084,0.1594407,165.8956,351.0024,0.47760522,161.11717,364.64398,0.55085975,311.9879,157.00932,0.21667638,180.12303,317.74924,0.34573126,217.2511,317.9203,0.16634955,137.80807,345.364,0.13812087
834,300.44888,143.0183,0.10529696,291.5019,163.13669,0.16204156,304.54077,160.72334,0.08488719,165.82066,293.044,0.12888305,174.0321,308.1342,0.1685403,166.01494,350.51926,0.45366597,161.31586,363.92456,0.52649444,312.07574,157.43697,0.21378776,180.34421,317.97885,0.33024445,217.24588,318.425,0.1656706,138.27335,345.54486,0.13278797
835,299.5351,149.00557,0.11155706,291.46545,163.19743,0.16287026,304.4537,160.83014,0.084587894,220.61667,318.4465,0.12580773,173.84465,308.41696,0.16116491,166.24635,350.68512,0.47158554,161.42181,364.04855,0.5501551,312.19467,158.00569,0.21627574,180.17453,318.72302,0.3359985,216.58386,319.30313,0.18266802,138.2918,345.37326,0.13411202
836,299.43494,149.19786,0.118069924,291.2885,163.11063,0.17200479,304.24335,161.1691,0.084835544,220.55821,318.672,0.12787798,173.83528,308.40106,0.16400269,166.36322,350.56012,0.47586465,161.54295,363.9567,0.54813045,236.36903,313.8328,0.22300419,180.53455,318.72528,0.33663246,216.6998,319.6594,0.18483791,138.12491,345.1786,0.13161759
837,299.75153,149.18182,0.118857265,291.35025,163.00336,0.16944064,304.41266,161.58575,0.086070366,220.51949,318.56534,0.12797624,173.965,308.16302,0.17156656,166.0096,350.28296,0.48541817,161.55692,363.82935,0.5540917,236.40794,313.98093,0.22320373,180.64526,318.41843,0.3380522,216.71768,319.81183,0.18975405,137.89389,344.84647,0.125938
838,299.8858,149.19556,0.11374695,291.43732,163.03256,0.16472393,304.2741,161.97198,0.08008996,173.33688,301.6596,0.13106772,174.00578,308.0147,0.18158497,166.10623,349.5418,0.51233387,161.68054,363.12665,0.57360935,236.32964,313.96628,0.22520743,181.09218,318.2832,0.35880044,218.59787,319.68832,0.18807366,138.0055,344.20325,0.11350018
839,299.98883,149.49265,0.10598593,291.57465,163.11171,0.15948112,304.53857,161.9375,0.08115079,220.61833,318.6442,0.13153592,173.88145,308.08707,0.18950912,166.0645,349.83804,0.51496154,161.7032,363.39575,0.5674039,236.37982,313.9506,0.23536408,181.18938,318.33377,0.3589333,218.36787,319.9377,0.1931259,137.80818,344.23203,0.115069486
840,295.83154,149.86664,0.09367769,291.57367,163.13016,0.15542608,304.44156,161.96054,0.07610487,220.6554,318.5035,0.14179313,173.54321,311.35764,0.15960729,166.17871,350.70505,0.50428236,161.80353,369.45203,0.5764775,236.48398,314.1644,0.25574213,181.82632,319.1445,0.33492157,217.64008,320.19345,0.20382895,128.93309,346.8895,0.12431461
841,300.02643,150.03828,0.10344665,291.73294,163.04007,0.16100815,304.41782,161.62224,0.087502845,220.5734,318.50497,0.13644327,173.5705,311.29944,0.164641,166.14047,351.10974,0.49257538,161.82333,369.3101,0.59852624,236.41896,314.23517,0.25940645,181.47964,319.25616,0.3349729,217.77783,320.18512,0.21624707,128.45894,347.0142,0.12966473
842,300.0042,150.0016,0.112219505,291.6997,163.06084,0.1640129,304.31558,161.60394,0.08205342,220.50092,318.17505,0.13236313,173.72523,308.44092,0.16130163,165.99748,351.50595,0.48785067,161.86165,369.88046,0.5921801,236.32393,314.20163,0.24017698,181.08446,319.00842,0.3359243,217.84782,319.83487,0.19241308,128.24693,347.14597,0.13394256
843,299.8429,150.24374,0.1332779,291.8385,163.00357,0.17759398,305.36807,159.4453,0.09330603,300.05447,166.14493,0.15462537,173.79048,308.93866,0.15250069,166.11298,351.3106,0.48501012,161.82587,369.7177,0.5842017,236.34412,314.273,0.23184565,180.62505,319.2167,0.32494095,217.8969,319.67026,0.18688467,136.98131,345.7808,0.13206273
844,299.83026,150.22621,0.12977761,291.81232,163.09317,0.16856523,305.29642,159.19977,0.09828464,300.22842,166.25377,0.15641461,173.9085,308.69867,0.15429021,168.81395,354.19562,0.48290774,161.78708,370.14206,0.59428406,236.44064,314.4228,0.23824196,180.90042,319.3183,0.31632265,217.92961,320.00583,0.18759453,136.73163,345.8208,0.13715732
845,299.76813,150.37836,0.13582863,291.98572,163.10605,0.17399135,305.4446,159.39973,0.10796143,300.39835,166.39442,0.16296977,174.22942,308.77744,0.16106328,166.26608,351.00763,0.50803226,162.06857,369.1023,0.5897531,236.3642,314.4742,0.24038607,181.47057,319.07156,0.31797513,218.01715,320.14252,0.18522577,137.33276,345.3478,0.13316555
846,299.67328,150.51544,0.13844438,300.03403,162.29135,0.17897096,305.39038,159.48232,0.111405686,300.5333,166.49614,0.1629398,174.25331,308.87692,0.15226363,166.03445,351.20618,0.4811116,161.83748,369.74582,0.59668833,236.3799,314.46118,0.23850617,181.10681,319.03668,0.30274123,217.76129,319.9314,0.1863875,137.06754,345.896,0.136549
847,299.71893,150.54019,0.13023561,300.13046,162.45169,0.17563733,305.69202,159.45018,0.11342086,300.651,166.58875,0.16216806,174.26836,308.93665,0.15625906,166.06654,351.26276,0.4892944,161.89728,369.76825,0.606461,236.5084,314.67807,0.25535977,181.26053,319.07205,0.316517,217.72789,320.35336,0.18759064,136.84814,345.77304,0.13743904
848,299.8084,150.41498,0.14435485,300.39462,162.27013,0.18687625,305.86023,159.48735,0.11843738,300.70242,166.42393,0.17131662,174.28668,309.1405,0.15168399,169.05144,353.96103,0.48798853,161.98505,370.09555,0.6092508,311.68793,163.67871,0.2352493,180.9225,319.371,0.32367304,217.91031,320.06647,0.18419276,136.67531,345.8068,0.13427836
849,299.83032,150.42755,0.14040214,300.24078,162.34781,0.1829343,305.90997,159.5316,0.11755799,300.65448,166.4277,0.16634364,174.61218,308.85577,0.15640616,169.2858,353.56973,0.47130856,162.24443,369.9649,0.58758855,236.6283,314.73315,0.23352432,181.10939,318.90485,0.32114023,217.8994,320.20178,0.18385898,137.0202,345.61157,0.12817569
850,299.866,150.40753,0.12967221,300.35147,162.48477,0.17612535,306.0178,159.34802,0.11715434,300.72635,166.5176,0.15818909,174.70952,309.22275,0.15781206,169.43854,353.693,0.48491076,162.27574,370.0463,0.5952186,236.57314,314.88617,0.22254425,181.31941,319.5054,0.31544062,217.86957,320.30576,0.17827521,136.65956,345.41345,0.13068059
851,299.94543,150.65407,0.13039574,300.5563,162.59944,0.17852937,306.02936,159.40843,0.12190558,300.8971,166.63887,0.16300854,174.66458,308.83115,0.16463554,169.60779,353.7844,0.48877534,162.38593,369.8341,0.59795415,311.9388,163.65086,0.22909343,181.69801,319.2438,0.32562944,218.25722,320.17416,0.17933498,136.90416,345.6553,0.13100798
852,299.82114,150.32967,0.10998189,300.45615,162.59467,0.16274706,306.24738,159.20497,0.111946516,300.73547,166.49513,0.15306696,175.09206,309.24298,0.16850807,166.73442,351.88007,0.46168956,162.34688,371.0197,0.5542076,236.83586,315.0709,0.2213456,181.78366,319.93634,0.31408852,218.09561,320.50577,0.17874138,127.37632,346.70456,0.12871051
853,299.88007,150.27194,0.10645505,300.44824,162.60458,0.1597357,306.23108,159.19331,0.11232196,300.59863,166.52205,0.14893067,174.3441,311.39752,0.17975196,166.49222,351.25198,0.47610286,162.36732,371.01212,0.5319434,236.83304,315.1374,0.2190521,182.45557,319.31104,0.33463192,218.27834,320.4663,0.18381362,127.03791,346.5282,0.12240753
854,299.88925,150.26442,0.10395895,300.4758,162.5922,0.15638137,306.27374,159.18835,0.11105801,300.5591,166.43753,0.14652531,174.95833,308.5983,0.1773289,166.8496,351.37134,0.4797907,162.46654,371.35583,0.5471699,236.76382,315.14154,0.20690547,182.27368,319.45233,0.3480718,218.49149,320.51004,0.19197848,127.44623,346.7275,0.12588967
855,306.46164,161.27728,0.09627163,300.42014,162.82227,0.15220456,306.3494,159.16098,0.10285635,300.52588,166.62604,0.13104111,174.73668,309.30957,0.16613422,169.41396,350.65567,0.49534222,162.41101,370.97842,0.56767935,236.73978,314.9354,0.20745884,181.97607,319.95813,0.3214954,218.34744,320.4985,0.17797513,127.89857,346.7174,0.1265413
856,299.73074,158.596,0.098932184,300.63864,162.92677,0.15675722,305.4117,161.4574,0.0976875,173.90732,302.63577,0.1264818,174.80653,309.31354,0.16674542,169.4531,354.96506,0.5065224,162.26427,371.5569,0.6151733,236.70107,315.0341,0.20630491,181.92868,320.34732,0.3221027,218.55081,320.78928,0.17389639,127.9871,347.12027,0.13619016
857,306.57227,161.2407,0.10367552,300.63235,162.94832,0.16231403,306.47485,159.41226,0.09725824,173.85896,302.08817,0.13950351,174.14392,311.61273,0.18000215,169.4939,354.19336,0.504641,162.47191,370.79663,0.6110449,312.20947,164.00073,0.1948947,182.44435,319.89175,0.3352329,218.01682,319.7687,0.16002783,128.48128,346.99637,0.13695477
858,300.03827,158.76631,0.1093281,300.83093,163.01009,0.16401677,306.5599,159.41222,0.08970035,173.68929,302.06094,0.13991666,174.76411,308.97018,0.17266685,169.57292,354.19785,0.49213734,162.55742,370.42435,0.589056,312.27594,164.18275,0.19320333,181.95175,319.65228,0.33018646,218.13376,319.71402,0.16090144,128.34663,346.9672,0.13363545
859,299.99435,158.71478,0.113260806,300.70297,163.06316,0.16768666,306.38318,159.49696,0.09649115,173.67331,302.3075,0.13335352,174.8635,309.0986,0.16592695,169.87723,354.59482,0.4997894,162.77303,371.05374,0.6062717,312.24957,164.25911,0.19817291,181.9055,319.68695,0.32741266,218.60272,319.60352,0.151863,128.3725,347.15094,0.13215972
860,306.7329,161.34213,0.09995818,300.73532,163.24498,0.1570263,306.499,159.39543,0.09405717,173.91554,302.4529,0.13140525,175.03212,309.37195,0.1633353,170.06102,354.76773,0.5225658,162.78233,371.21506,0.6256966,312.27612,164.1667,0.18192922,182.0065,320.11356,0.31581643,219.20567,319.26486,0.148694,127.77769,347.36444,0.13755594
861,306.95377,161.44942,0.09296961,300.71667,163.38808,0.14476842,306.5593,159.26216,0.08922643,173.92099,301.838,0.13892609,175.00615,308.79437,0.17161927,170.17625,355.1022,0.5091277,162.89609,371.5026,0.61596686,296.15387,265.3233,0.18359995,182.156,319.54474,0.32054004,218.98546,319.43143,0.14921631,128.12328,347.29065,0.13447659
862,371.58218,115.042816,0.100934274,300.60452,163.37108,0.1507283,306.46027,159.27026,0.0924397,283.6766,270.82416,0.13180353,174.67772,308.38574,0.1677165,169.94487,355.3886,0.50428563,162.91852,371.74158,0.61654717,312.5137,164.07924,0.17401537,181.57489,319.3211,0.31853175,219.19637,319.31482,0.1497484,128.14603,347.4257,0.13466065
863,371.64066,115.073555,0.09687922,300.64072,163.57248,0.14974585,306.55377,159.37349,0.0963068,174.08136,302.0931,0.12417954,174.78932,308.79807,0.15835345,170.07281,355.6658,0.48740527,162.76137,372.08316,0.6105877,312.60095,164.00993,0.16583863,181.32411,319.46652,0.31090418,219.32655,319.3205,0.14576831,128.26173,347.36658,0.13661504
864,467.60815,114.00858,0.093807355,300.76883,163.53427,0.14651051,306.6026,159.46138,0.09123394,300.4842,166.61957,0.12732998,174.9644,308.84274,0.14635949,169.97409,357.05014,0.4760823,162.2129,373.18094,0.6389449,312.66415,164.3091,0.17711248,180.63931,319.95966,0.30880025,219.51746,319.13757,0.14854345,136.71521,345.94113,0.1338265
865,467.5792,113.83861,0.0985568,300.9221,163.72154,0.14216253,306.62555,159.67215,0.09915357,300.79565,166.72401,0.12978998,174.78993,308.98166,0.14296712,170.13478,356.9286,0.47959182,162.3815,373.2655,0.6296477,312.69507,164.57533,0.17697969,180.75151,320.39877,0.30848342,219.48174,319.39325,0.14935178,136.81282,345.83853,0.12989272
866,371.69528,115.11565,0.10760606,301.01218,163.91151,0.14603493,306.67307,159.85847,0.10749604,301.04944,167.00287,0.13059627,174.7572,308.49762,0.15749934,170.10983,357.07343,0.47583324,162.41832,373.25266,0.6167396,312.78122,164.5923,0.18454528,181.01213,320.1199,0.316566,219.71545,319.4106,0.142024,129.34305,347.1541,0.1268839
867,371.729,115.357605,0.111577526,301.0076,164.02608,0.1480437,306.43393,160.1365,0.10754866,301.33035,167.18674,0.1361125,174.90538,308.942,0.13788435,170.16016,357.78763,0.46589804,162.38387,373.9438,0.6232226,312.72433,164.85812,0.19591017,180.75291,321.7004,0.29922566,219.94969,319.2267,0.13034426,129.12785,347.50577,0.1283991
868,371.8501,115.610886,0.104430996,300.9818,164.01845,0.15185174,306.5842,159.98427,0.10800002,301.33957,167.19307,0.13159025,174.64014,309.0057,0.13219756,170.0778,357.74374,0.46686673,162.30351,373.70917,0.62041473,312.81097,164.88628,0.20606081,180.42052,321.66776,0.29944658,282.97998,173.66702,0.13144925,136.37373,345.98984,0.13036136
869,299.7841,155.43466,0.10944438,300.8504,164.10947,0.16185018,306.57904,160.14621,0.103555314,301.43372,167.41101,0.12704264,174.73734,309.2939,0.12367765,170.0277,357.57007,0.47007868,162.37334,372.96555,0.61468565,312.75925,164.97989,0.21239364,180.3119,321.85583,0.28415924,282.8701,173.7869,0.12818433,136.2776,345.69873,0.1327736
870,299.81143,155.34984,0.11411287,301.00195,163.9492,0.16284569,306.70578,160.02907,0.09837903,301.3421,167.1364,0.12954977,174.59224,308.9982,0.12556519,169.69766,357.09073,0.46373755,162.39265,372.65155,0.60278773,312.74658,164.77078,0.21089324,180.01517,321.69925,0.29698756,283.02823,173.67682,0.12931012,136.3035,345.56354,0.13059613
871,300.03787,155.3118,0.12156036,301.0547,163.97127,0.1668276,306.7086,159.94522,0.098156914,301.25418,167.21973,0.12817216,171.85616,313.94153,0.1171525,169.45578,356.99698,0.44857445,162.27524,372.75586,0.5549262,312.669,164.57422,0.20743662,179.72516,321.40714,0.30748704,347.8032,124.441536,0.13673258,128.76869,347.25925,0.13044009
872,300.2187,155.29552,0.13089848,301.16803,163.96384,0.17211038,306.59833,159.86168,0.09677983,301.24078,167.25826,0.13400155,174.48793,308.7966,0.13237034,169.31137,356.80634,0.436039,161.99124,372.88022,0.53766996,312.4349,164.60774,0.20245941,179.67969,320.76944,0.30420998,346.75946,124.787834,0.14745168,129.43442,347.15115,0.12694168
873,300.24258,155.50504,0.13903496,301.0922,164.08229,0.17454806,310.12598,161.15665,0.09523186,301.15332,167.36665,0.13560943,174.49374,309.01047,0.14746769,169.0013,355.94016,0.46172592,161.89398,372.1651,0.54521644,312.09485,164.69144,0.19387275,180.30772,320.36798,0.31353414,347.40976,124.21547,0.13544752,129.0815,347.07916,0.12754078
874,300.14703,155.7947,0.1284364,301.28952,164.22266,0.16666827,309.9269,161.30054,0.09258869,301.31613,167.2336,0.13681312,174.1188,308.58127,0.13622291,168.64417,356.37106,0.4589073,161.65813,372.3263,0.5471256,312.01224,164.95474,0.18814081,179.56543,320.57977,0.3085413,218.04362,319.75266,0.13305622,129.2423,347.11597,0.12551348
875,300.0024,155.74303,0.13787313,300.89926,164.31079,0.17076159,309.81268,161.30307,0.09063628,300.73972,173.1709,0.13755319,174.1633,308.80478,0.12840247,168.28156,356.4261,0.45357284,161.30588,372.37244,0.54167885,311.81793,165.0253,0.18611462,179.1294,320.7736,0.29992476,218.09329,320.2419,0.13350141,129.04756,347.32324,0.1331265
876,300.03192,155.8416,0.12939252,300.63507,164.42606,0.17003414,309.55432,161.44597,0.08133544,300.12842,173.37057,0.12822288,173.97147,309.62906,0.122555636,165.44801,352.9121,0.43886375,159.74449,374.64502,0.5004376,311.6053,165.08351,0.17642824,179.84915,321.3479,0.28534356,217.91269,320.20895,0.13438065,128.26044,347.55487,0.12512097
877,299.68307,155.77979,0.15114704,300.42493,164.34439,0.19067276,305.9216,160.60666,0.08560523,300.99432,167.641,0.14086525,171.8222,320.3332,0.116052225,165.32623,352.82452,0.42937434,159.65979,374.59378,0.49320042,310.18283,167.77158,0.2055617,179.09683,320.43448,0.26725778,217.50081,319.92267,0.13072366,128.78854,347.39346,0.121929
878,299.5423,155.85774,0.14365482,300.3961,164.39723,0.1786912,305.94113,160.71805,0.08468629,301.0262,167.59315,0.14234158,171.60086,320.73862,0.11439272,164.4255,359.26685,0.44139972,159.6452,375.2911,0.5047642,310.12497,167.82094,0.20438649,179.1278,320.8829,0.25879198,217.1267,320.02667,0.12668912,127.99621,347.60147,0.13211061
879,299.51468,155.98836,0.1639549,300.27274,164.42401,0.2031706,305.79,160.74973,0.08427166,305.97797,174.52283,0.13881664,174.1154,310.08942,0.12418359,164.4956,358.592,0.43881577,159.52411,374.73654,0.5110953,310.1749,167.89563,0.2121455,178.97319,320.39972,0.267358,216.734,320.24338,0.13661778,127.957855,347.44086,0.12899268
880,299.4586,156.04497,0.17444761,300.0293,164.58838,0.21659532,305.72894,160.70193,0.08848918,305.8314,174.7881,0.13553804,174.22256,310.14673,0.11835813,164.36665,358.54407,0.43566334,159.63226,374.70496,0.509503,310.28476,167.91515,0.2118757,178.68434,320.40933,0.25310424,216.46806,323.78308,0.13683777,128.0322,347.48007,0.12679924
881,299.75293,156.15617,0.14904518,300.1378,164.96794,0.19823143,305.66928,160.51746,0.07451248,300.33014,173.95139,0.12500355,173.33456,314.26904,0.13704194,167.63364,357.05243,0.44216156,160.29706,374.06854,0.508706,310.51227,168.22916,0.16881716,180.46251,328.0075,0.2714139,216.40385,324.0391,0.135712,127.532135,347.65646,0.13378775
882,300.1007,156.58734,0.11690514,300.48047,165.40373,0.17071375,300.17947,162.42412,0.07575799,305.6074,169.14369,0.12262318,168.67403,314.5375,0.13225527,164.25,358.32977,0.43027675,159.2981,374.3159,0.509211,311.78467,165.56674,0.13914071,179.84673,328.66232,0.25683224,216.11023,324.20276,0.13681008,127.54042,347.55936,0.13374324
883,300.2461,156.60675,0.10005977,300.5884,165.77452,0.15847436,287.17633,266.7711,0.08127773,282.12112,278.63837,0.10711576,168.33005,314.52588,0.12508617,164.11523,358.2328,0.44224218,159.33965,373.90164,0.5180028,473.04492,109.80893,0.13696325,179.6104,328.27567,0.25358352,216.16699,324.3794,0.12886661,128.2026,347.4336,0.13286725
884,300.35513,156.71799,0.09563363,300.63403,165.96468,0.15420236,287.20337,266.79535,0.08175947,300.1733,174.19891,0.11142027,168.29318,314.38373,0.13494775,164.10223,358.45178,0.44520658,159.48581,374.23392,0.5212069,310.68472,169.09769,0.12497466,179.36006,328.3284,0.26123893,216.14754,324.6119,0.12793325,128.36952,347.4531,0.13131316
885,300.46063,156.76942,0.09240395,300.75247,165.99936,0.14845575,287.2504,266.95474,0.09347677,300.06778,174.14365,0.11461597,168.3468,314.75436,0.15039481,163.5569,358.30893,0.45432726,159.25945,374.0444,0.525096,310.8201,169.40791,0.12614483,178.94449,328.453,0.26742226,215.99046,324.56207,0.12807758,128.29875,347.43045,0.13573612
886,363.24814,114.21854,0.08883943,300.96265,166.00397,0.13385373,283.74283,266.51923,0.09103854,282.16824,278.80463,0.1086967,168.36066,315.3989,0.15055995,163.4373,358.2453,0.44933903,159.08615,374.31967,0.51412994,310.87756,169.7152,0.13594201,179.15045,328.64554,0.2638389,216.1472,324.59503,0.12248121,127.81674,347.2892,0.1390125
887,371.3568,116.32854,0.09046207,300.6897,166.09431,0.1407199,283.6647,266.57007,0.085488684,300.33652,174.40044,0.11866015,168.3613,316.39072,0.14935263,163.36032,358.24356,0.4559972,159.92137,373.49298,0.5310061,310.59637,169.95436,0.1491867,179.04395,329.19788,0.25259507,216.01392,324.4313,0.124267206,127.75274,347.4366,0.1399316
888,371.42578,116.264084,0.09949655,301.18658,165.52019,0.11263813,283.8071,266.90723,0.0741033,169.53151,339.0166,0.10780233,166.7109,321.32166,0.12908737,163.51408,358.5163,0.4450565,158.93922,374.1003,0.5278826,468.2253,109.8494,0.13479245,178.25102,329.17178,0.244205,215.84038,324.32806,0.12333043,135.83882,344.80707,0.11987239
889,371.5973,116.31639,0.09052128,301.33597,165.66264,0.11218504,283.73355,267.04498,0.074109815,169.01736,338.8313,0.115042076,166.6093,321.85202,0.13620993,163.49745,358.3702,0.4748964,159.05536,373.2118,0.5523051,468.19702,109.81836,0.12864165,177.88782,329.82358,0.24630356,215.69307,324.57812,0.12943952,135.4198,344.79865,0.12803656
890,371.56683,116.317154,0.08646482,301.35526,165.65552,0.10898635,283.44135,261.83347,0.061632995,169.1253,339.15012,0.11552635,166.73506,321.852,0.13500822,163.55884,358.2548,0.46893877,159.2574,373.21704,0.5439169,468.01694,109.47602,0.111326925,177.93364,329.80057,0.23339987,215.57623,324.53745,0.12354942,135.27489,344.94705,0.12430042
891,357.8576,115.14499,0.08682902,301.14105,170.76195,0.10016594,283.42172,261.75604,0.05810094,169.11824,339.17664,0.11890623,166.95828,321.42404,0.14248937,163.59802,358.19824,0.4644308,159.22258,373.1132,0.5501567,467.90582,109.44548,0.120114446,177.8651,329.80182,0.23561952,215.48741,324.38165,0.12504686,135.27113,345.1662,0.12544902
892,357.6386,115.04453,0.08031785,300.78326,170.9299,0.09496359,165.20602,320.21768,0.059758816,168.93471,339.33923,0.12297048,167.16167,321.65402,0.14516437,163.2601,358.42188,0.46150625,158.89926,373.3084,0.5664036,467.5719,109.20282,0.100334555,177.90642,330.0559,0.23793359,215.37492,324.33768,0.13495485,127.68921,347.53928,0.12535244
893,357.49908,115.15182,0.076289386,324.47827,220.25749,0.0964506,165.13539,320.44666,0.06918733,169.1454,339.7953,0.12756813,166.88837,322.05975,0.14417708,162.94617,358.17517,0.433295,158.72266,373.19717,0.5454455,348.15872,218.65703,0.11522634,177.56248,329.98218,0.22375804,215.23032,324.35455,0.13298765,127.64959,347.6755,0.1257227
894,467.19556,115.16446,0.0706574,222.34187,316.96927,0.096488655,170.82103,322.80344,0.07221623,162.76036,332.8893,0.12817304,167.06299,321.7751,0.14738786,162.82455,358.64127,0.42638645,158.45685,373.9761,0.54119366,467.3564,109.41169,0.104231425,177.76001,329.58002,0.22739035,215.01048,324.39526,0.13927835,127.3134,347.84113,0.12743662
895,357.16263,115.083626,0.06965007,222.50162,316.98715,0.09609025,170.82434,322.8659,0.07431058,393.6725,165.77808,0.12670124,166.77185,321.56375,0.14958178,162.16364,357.3669,0.42664382,158.3338,372.68506,0.55173516,235.48953,322.06717,0.10761838,177.32745,328.88055,0.2214721,214.782,324.26526,0.14043194,127.290565,347.61523,0.12931338
896,332.0032,211.1817,0.06973224,300.57373,170.65207,0.096652016,170.81961,322.4967,0.08075698,165.15584,313.61783,0.12677148,167.43556,322.02612,0.1576607,162.29317,356.9416,0.43477422,158.4062,371.85947,0.55531776,228.92392,322.20587,0.10500546,177.89638,329.21826,0.22571655,214.64209,324.2619,0.13967727,127.30673,347.50708,0.13229883
897,357.1656,114.98061,0.07418513,222.65347,316.86,0.09753569,170.79993,322.54584,0.080817424,162.72005,332.6855,0.13064943,167.45662,322.20227,0.15454493,162.24316,357.22552,0.4171695,158.16478,372.1289,0.53672326,235.33313,321.84073,0.1148574,177.66345,329.41208,0.22368793,214.57141,324.23105,0.13995747,127.55968,347.62854,0.13591027
898,357.21857,114.83326,0.078138486,222.6696,316.97272,0.10054614,170.74231,322.44046,0.07553871,162.74965,332.5562,0.13552603,167.36809,322.20782,0.15933014,162.36287,357.7234,0.41385922,158.1171,372.52533,0.5465048,235.2637,321.71838,0.12576914,177.69336,329.72992,0.22029729,214.41333,324.2982,0.14248481,127.87962,347.763,0.13417433
899,357.34323,114.706085,0.07840972,222.65564,317.24957,0.10171669,170.57556,322.30972,0.073640935,162.24326,332.6715,0.12807105,166.93109,321.88574,0.16613501,161.71075,356.60825,0.41559026,158.06425,371.47992,0.54504466,235.10194,321.80438,0.12749515,177.38908,329.14273,0.2163078,214.01678,324.5918,0.144515,127.38158,347.49216,0.14135803
900,357.30942,114.550026,0.07810729,300.425,165.40324,0.10930428,170.51463,322.7941,0.060232647,161.91248,333.08514,0.14188042,166.48552,316.59897,0.16410674,161.51343,357.66025,0.40302008,157.68896,372.83102,0.5797096,236.45003,225.66287,0.090605654,176.8004,328.90234,0.22211064,214.29477,324.39984,0.12641364,126.86157,347.7654,0.13609068
901,357.1473,114.80894,0.0726755,300.60657,170.45638,0.1100996,170.36151,322.7255,0.055106707,161.66148,333.33594,0.13038018,166.16249,316.05502,0.17073333,161.55365,356.4189,0.383726,157.78975,372.17123,0.5291315,236.4495,225.41037,0.10337382,176.32054,328.34344,0.21510206,214.07082,324.56104,0.13062273,126.8625,347.333,0.1298989
902,357.00772,114.97382,0.07675585,300.79303,170.60442,0.099903986,170.36832,338.3078,0.054325704,161.7333,332.97852,0.13587601,166.50902,316.1029,0.1837811,161.42203,357.53088,0.39453205,157.3219,373.24084,0.55030173,236.59978,225.07983,0.11249426,176.49783,329.07028,0.22347525,213.91884,324.9277,0.13586248,126.70667,347.58817,0.1303093
903,357.18265,114.95588,0.08765054,300.7406,170.5445,0.09757921,170.94241,338.14725,0.062501445,164.43352,313.68002,0.13881788,166.17058,321.88968,0.17418753,161.48593,357.32193,0.3844076,157.45758,373.05997,0.5382398,228.62375,322.6926,0.11610895,176.8186,329.39093,0.20007041,213.10199,325.41165,0.14535601,126.95659,347.5561,0.12868525
904,356.94836,115.00909,0.09424908,300.967,170.49756,0.11405537,170.69728,338.0604,0.06191839,161.57146,332.93347,0.14586514,166.17755,321.55234,0.18174073,161.0643,358.29172,0.3787901,156.95186,374.16132,0.5420427,228.47165,322.8172,0.1327818,176.69176,329.62732,0.20932904,212.77669,325.71674,0.15344383,126.33479,348.0147,0.13245668
905,356.99744,114.99515,0.10148338,300.73486,170.27887,0.12443244,170.89091,322.0483,0.06368938,161.78265,332.32507,0.14659733,166.57185,321.74228,0.19257826,161.17715,358.10812,0.38835368,157.16486,374.00098,0.539488,228.43823,322.68936,0.1629406,176.77716,329.99637,0.22789082,212.18718,325.96432,0.17327389,126.2663,347.91565,0.13188922
906,356.77185,115.03918,0.11171384,300.32553,165.53114,0.12525846,170.86984,321.84024,0.06863154,164.96733,313.29663,0.14736183,166.56038,322.1271,0.20218344,161.13695,357.45316,0.40055636,157.46375,373.27386,0.5409574,228.28008,322.86948,0.17905179,177.13437,329.6969,0.22002669,216.05104,329.05536,0.18647353,126.483154,347.25946,0.12476855
907,356.62576,114.86518,0.13917212,300.0424,165.43811,0.13928384,170.82094,322.1898,0.07283433,164.60107,313.57983,0.15254626,166.28773,322.67804,0.19925307,161.26714,358.46976,0.3958932,157.67009,374.60712,0.5260423,228.09334,322.6467,0.20403947,176.88536,330.2386,0.2128434,215.92355,328.61084,0.18607882,126.32001,347.28137,0.120101474
908,356.64243,114.85778,0.13552219,299.98932,165.71913,0.1331393,170.95691,321.62006,0.06538334,164.77016,312.75714,0.1523986,166.63277,321.9838,0.21797456,161.16261,359.44183,0.40668112,157.56683,376.05875,0.5092739,299.84668,169.67155,0.21177003,177.14058,330.4354,0.26027983,211.80345,325.68787,0.1712026,126.05896,347.3227,0.12056526
909,356.53726,114.87983,0.13168651,284.66888,166.0406,0.1403448,297.37158,163.4107,0.0696421,291.99457,176.0428,0.1634266,166.59056,321.71045,0.2149499,162.49883,363.00858,0.387521,157.453,377.17783,0.4974794,299.66498,169.74617,0.24119566,176.83064,330.63327,0.26438725,212.30165,326.03598,0.15285188,129.89908,362.4475,0.13430643
910,285.4738,156.82683,0.15610422,284.83075,166.3932,0.15121846,297.4012,163.71542,0.08233767,292.15643,176.31741,0.18767178,166.7559,322.38104,0.21099839,161.86848,359.74225,0.37293646,157.90611,376.9234,0.4632635,299.61444,169.92104,0.2805154,176.8082,330.73764,0.2448375,274.30142,168.30638,0.12977447,130.1099,369.70898,0.1269534
911,285.48346,157.44467,0.1460555,285.11954,167.01901,0.1359649,297.1775,163.90912,0.08298719,292.0326,176.77873,0.19815005,166.91808,322.7569,0.21862333,161.90709,359.9988,0.37282658,158.09059,376.90125,0.46083388,299.0622,170.08273,0.28287503,176.94023,331.5602,0.2373545,273.98514,168.88097,0.13545132,130.40302,362.45502,0.12326197
912,284.88922,157.53038,0.14820367,276.28552,177.70694,0.14372955,296.98703,164.22838,0.08609507,292.0496,177.03055,0.19970037,167.32909,323.76572,0.20392641,162.12381,365.98618,0.38541207,157.84662,386.54233,0.46317628,298.86105,170.30803,0.311533,176.46185,333.2979,0.24051,273.5923,169.36389,0.15475734,128.82877,370.36148,0.14037055
913,356.20374,115.40075,0.12770523,276.1377,178.01335,0.1535744,290.02527,170.31422,0.07552167,291.3464,177.15598,0.16789794,167.03767,324.03592,0.19907218,162.51465,364.77228,0.37931418,158.38596,385.27988,0.45439777,298.1243,171.52576,0.2656587,176.37126,332.97766,0.23037376,212.28522,328.6338,0.1432637,129.74019,370.3327,0.13514993
914,356.18686,115.652374,0.13690798,276.01135,177.77818,0.17019297,284.54373,161.94476,0.08662796,164.63696,315.67764,0.1685937,167.10153,324.61673,0.19641744,162.48212,366.403,0.36943346,158.6081,387.03717,0.4861529,297.84933,171.75941,0.25360343,176.3605,333.634,0.21816446,215.4179,331.9629,0.14976823,129.07468,364.02698,0.13471043
915,284.24823,158.24025,0.15314025,276.1463,177.63014,0.17073442,289.66086,171.28497,0.0910085,164.85765,315.37592,0.1789854,167.56665,324.609,0.20685858,162.28633,367.29504,0.37779313,158.45898,389.1149,0.5082757,297.40558,171.92291,0.25767767,176.87949,333.55435,0.21909225,211.9136,328.74115,0.13911743,127.88572,364.23837,0.13999593
916,284.4323,158.80469,0.15169673,276.26776,178.14696,0.17179263,289.73672,171.9939,0.09576269,165.24481,316.15582,0.17544045,168.14497,325.39325,0.20565489,163.08374,366.28513,0.41277263,159.37083,387.89685,0.5214803,297.29727,171.90181,0.24522208,176.75343,334.94476,0.21671763,272.14978,169.90898,0.13209479,129.08153,363.8926,0.1333461
917,284.30157,159.1411,0.14231762,276.37894,178.55103,0.17318672,289.355,172.39767,0.095399976,165.06476,315.48157,0.17086262,167.78262,324.76404,0.21581563,162.69347,366.12964,0.44581524,159.3354,388.44662,0.54426265,297.0314,172.4815,0.2340071,176.40155,334.9332,0.24340568,266.12448,174.19023,0.13588704,128.1098,363.7268,0.13574389
918,284.3186,159.01508,0.13150042,276.05533,178.73419,0.17171153,289.207,173.26613,0.08383635,165.52155,315.76398,0.16288476,168.2382,325.10245,0.20968369,163.71312,366.79208,0.42246246,159.88832,389.53506,0.5301166,296.5006,172.6543,0.21556826,176.54523,335.776,0.22313036,214.26678,337.56754,0.1557943,136.68385,363.01334,0.12572151
919,284.11975,159.63593,0.15624712,275.67896,178.61009,0.17967547,288.86035,173.61195,0.0999058,164.84332,316.15878,0.15477614,167.70596,325.55087,0.19778493,163.85004,367.3758,0.40160605,159.3586,391.13712,0.51542044,296.1541,172.52077,0.23532052,175.93105,337.08218,0.20382741,214.34387,337.83813,0.14724396,136.49304,363.58917,0.12891835
920,283.0349,165.54237,0.15104167,275.27292,178.55313,0.17747918,289.00095,173.72885,0.09851036,283.31802,182.40346,0.14664303,168.23808,331.74252,0.17192835,164.0778,374.6407,0.4118955,159.37817,389.7494,0.5493367,293.1366,173.99016,0.24902983,178.53441,345.8001,0.19657059,267.17694,187.67061,0.14657466,136.20105,362.66443,0.13246475
921,282.61374,165.80168,0.15846658,273.48892,173.7631,0.196943,288.18048,176.83163,0.09566557,164.83382,317.69638,0.15436496,167.89217,331.60272,0.19143184,163.8836,374.65097,0.4454055,159.07625,389.27887,0.58271223,293.01218,174.53787,0.27003637,178.71475,346.01865,0.21722943,266.673,187.43332,0.13981313,128.0369,363.84955,0.13364658
922,282.36777,165.52173,0.12712844,283.41336,178.2775,0.1712142,288.04037,177.66557,0.09889003,163.82762,318.3048,0.14986017,167.06757,332.43774,0.18212041,163.58478,374.67212,0.4444463,158.42085,389.45663,0.5883306,292.33347,173.77744,0.24642086,178.56511,346.24225,0.21762472,214.22629,340.28207,0.1323807,127.836624,363.49783,0.13075972
923,340.3996,115.71523,0.12396679,283.7867,179.67693,0.119240224,171.00641,352.43933,0.08429953,164.32353,318.32242,0.16790059,168.19313,332.88162,0.20686357,163.85902,374.65164,0.43043372,158.77931,390.20944,0.54891545,291.16193,173.98085,0.1501389,179.12825,345.64392,0.24410766,213.92548,339.77548,0.13640526,127.12163,363.20148,0.13207643
924,340.25406,116.19238,0.11347133,283.9095,179.89929,0.10534318,172.02097,352.18228,0.08769801,164.9836,318.95493,0.15946753,168.79498,333.27588,0.2158129,166.62056,371.14096,0.46866882,162.96785,385.52805,0.53542304,286.7343,174.26009,0.15149882,179.80646,345.80173,0.25113705,266.69543,186.99254,0.12674887,129.41971,362.26865,0.13245855
925,340.06583,116.60803,0.12883185,333.97357,118.15655,0.09408294,283.82446,175.23895,0.06934089,163.95552,323.5692,0.15038785,170.12794,339.1912,0.20428906,166.53212,372.08508,0.44601753,163.56638,386.49622,0.5382367,444.3715,107.39483,0.13743952,179.30447,346.44476,0.29854703,214.32619,340.70383,0.13476704,128.90788,362.2095,0.120101035
926,268.9092,170.31732,0.12339714,268.02988,179.3466,0.12366218,283.8679,176.27264,0.100855224,269.2001,182.70808,0.15776922,170.29552,338.9712,0.19468683,166.75099,373.2013,0.40650964,163.8682,387.6369,0.517917,285.45694,179.92094,0.17130868,178.96346,346.7209,0.31027323,214.81802,341.3669,0.1288008,128.80376,362.22845,0.115635864
927,268.82684,170.83667,0.15886311,268.09424,180.11996,0.14657912,287.19537,174.38866,0.10294408,276.64987,191.29747,0.16382115,168.7733,338.48734,0.18686342,171.28409,377.26114,0.42356345,164.28792,390.60648,0.55734134,285.5048,180.38031,0.1843658,179.53792,347.50284,0.27605748,260.34024,181.74777,0.13736835,127.58347,362.35718,0.11602349
928,268.89462,171.30836,0.16269808,267.4278,181.12262,0.17499825,281.35913,178.94534,0.08417286,165.43228,330.54178,0.15015924,168.20146,338.87704,0.1685317,171.56302,377.08218,0.42653853,164.7122,390.31152,0.5562167,283.41324,184.27057,0.20599447,179.71326,347.49933,0.269286,259.70187,182.87578,0.15789421,126.949936,361.866,0.11308938
929,268.54926,171.92174,0.17049727,267.84045,181.31442,0.19169414,172.77794,353.1775,0.08996575,275.6384,191.74239,0.16618921,169.46457,339.5987,0.17162359,173.03348,378.16107,0.50315654,165.51788,391.4406,0.59841084,282.8585,184.66412,0.24705265,182.0553,349.9626,0.2897146,214.32573,344.89764,0.16181956,126.27482,361.83356,0.10975573
930,269.12338,172.77055,0.16738465,268.44904,182.24727,0.19931552,173.60675,352.4368,0.10294004,275.35843,191.75075,0.18050398,173.94577,345.34503,0.1755793,173.84142,379.68497,0.5260411,165.83165,393.27737,0.576478,282.56042,185.05864,0.23870952,182.97842,351.4657,0.25889507,214.781,344.89517,0.14114891,126.09215,362.14594,0.10394154
931,267.9995,174.13069,0.1726694,267.64108,183.69328,0.1740125,174.68082,352.19116,0.100327246,275.16788,193.11005,0.18459523,174.34035,347.1411,0.164656,175.45134,380.51453,0.49054185,167.11838,394.08548,0.5358279,282.01892,186.62598,0.27983966,182.7769,353.3945,0.193719,257.26312,190.13727,0.13387704,126.190605,361.8864,0.102849275
932,267.10403,179.80807,0.17831703,259.26727,193.76503,0.20589754,270.04785,179.69397,0.0961386,274.96466,193.55312,0.17553765,175.08101,347.5761,0.14047444,176.6937,382.69122,0.422084,168.07372,401.7807,0.5458826,282.1532,187.1643,0.26282436,182.47098,352.90295,0.18941616,217.02625,351.7583,0.13421339,125.714035,362.0214,0.10001743
933,266.42706,180.6421,0.16724485,259.18118,194.29317,0.21370326,269.43094,179.94174,0.0934032,274.5245,194.15546,0.15144317,175.80804,354.58652,0.1569454,177.24681,383.28723,0.4033261,168.84918,402.19925,0.5265589,281.75833,188.39679,0.2525371,182.89659,353.387,0.1927539,202.6808,154.02985,0.15825596,125.47359,361.91565,0.100839734
934,265.93106,182.0308,0.17181256,257.65573,189.7562,0.2188237,274.44263,191.63582,0.10375103,268.1899,198.7517,0.17417455,175.6896,347.4659,0.17675066,177.60033,384.22974,0.41954124,168.96123,403.5206,0.5821677,282.28503,189.89795,0.32088032,184.21397,353.26822,0.20618676,264.92288,198.73158,0.14038719,124.9426,361.636,0.09706855
935,266.6993,182.21082,0.15784952,257.27628,189.33266,0.21159372,274.59476,191.7318,0.08471871,268.29196,198.02214,0.18263042,177.31207,353.648,0.20843713,176.77682,388.6928,0.40587258,170.75629,405.9615,0.5274434,282.19614,189.78065,0.26171052,190.03795,361.03473,0.22001809,264.4211,199.68066,0.13809389,180.89194,423.25516,0.096235804
936,260.6964,186.30371,0.16576219,257.32678,190.94841,0.18837564,274.2595,192.18352,0.12482502,268.54517,204.66286,0.20703408,177.15723,353.5315,0.18010394,177.06955,389.13477,0.4024294,170.76918,406.0324,0.57863456,279.01654,191.31473,0.27138305,189.62735,360.5787,0.25209963,204.79518,267.38205,0.16463125,124.18032,361.20398,0.09357251
937,260.55164,187.20673,0.21868037,258.04193,195.65729,0.20217416,275.0553,192.65901,0.16384734,269.7739,200.1473,0.2085479,180.52922,357.40176,0.18595758,178.2461,391.8198,0.43894407,171.79558,408.18884,0.55689627,279.94907,191.09735,0.2571401,192.0681,363.08414,0.21441641,244.9294,190.36116,0.13431871,180.10486,421.00287,0.09624297
938,260.82346,188.15016,0.1697239,267.18875,197.38081,0.16129173,275.0805,192.95729,0.11825712,315.9665,141.80952,0.19447702,181.83221,358.08945,0.19484216,180.76686,394.57047,0.46226445,174.93436,409.0137,0.51242507,279.29916,190.67287,0.17664994,192.61017,365.03015,0.2365219,225.89258,357.71326,0.14547905,178.7886,419.92502,0.14282092
939,259.4194,188.95659,0.1859773,257.91342,208.14687,0.19996557,274.42023,194.06915,0.116654426,177.9913,348.34833,0.17878133,182.84903,359.81155,0.22621483,181.10297,395.33618,0.4657198,177.20847,409.3078,0.5034041,274.7766,201.2263,0.2200239,192.19995,367.08258,0.2286775,248.60005,205.64784,0.14799309,177.94406,419.40097,0.14295025
940,252.56622,194.6422,0.19503577,257.26736,208.2706,0.21351945,270.89304,197.17912,0.117213726,273.8383,210.06296,0.17143525,183.43987,360.91815,0.21379057,182.92155,395.34335,0.44097477,176.57372,415.83823,0.49728975,275.26135,203.40396,0.27001265,192.39857,368.56027,0.21904755,185.99702,171.85646,0.16410255,178.08813,419.3551,0.11372009
941,252.93692,196.02434,0.24114104,243.08595,203.70087,0.20473726,270.6878,197.17189,0.123552956,273.40234,211.10733,0.19434911,184.93987,362.58817,0.21850708,185.76929,397.6179,0.4053244,182.40846,417.6294,0.52348226,275.1734,204.1473,0.28252852,194.59102,369.09134,0.20151493,227.20543,366.06012,0.17931987,144.82774,400.6326,0.087658346
942,252.5833,197.82562,0.21640477,243.73792,210.30937,0.19603613,270.55917,207.921,0.13799675,273.13455,212.06973,0.17680964,185.35855,364.24246,0.22104613,190.54039,399.73386,0.38083854,182.80054,420.0797,0.6030688,275.67273,205.48706,0.26734906,201.34503,377.64392,0.21801028,229.72188,371.38794,0.20218332,168.51625,420.1536,0.08032229
943,252.74881,202.23448,0.19418105,243.59058,211.46642,0.20316762,270.9867,209.32083,0.11171915,178.59085,350.22717,0.17607602,185.11406,363.4088,0.250664,191.22015,400.59854,0.38393623,185.15312,422.4972,0.5803868,276.409,206.5713,0.22705106,201.8038,378.00964,0.27938125,187.74506,185.394,0.16669412,182.02951,421.07626,0.092264645
944,252.65659,203.17752,0.19928232,250.35233,212.74078,0.22068396,272.93176,207.53,0.12289306,180.16376,355.4657,0.15540235,185.58957,364.56955,0.18927193,191.94553,407.0731,0.392059,187.0616,424.32172,0.5443748,277.4449,206.78056,0.2179473,202.8905,378.70667,0.22750266,185.05548,186.45518,0.14978068,200.00375,375.49686,0.07630248
945,252.12682,209.85744,0.20092382,250.10895,214.90329,0.20928462,272.87213,208.4624,0.119981825,273.4785,224.40788,0.16458467,193.39441,375.91696,0.18280442,193.9201,412.703,0.46534795,190.5518,432.8188,0.56321657,276.3466,206.344,0.17801307,203.28743,380.59628,0.24649872,208.20459,291.4898,0.1847575,185.73413,435.56418,0.107116684
946,250.5996,212.01154,0.2283615,241.68993,219.89214,0.24398677,272.717,210.14418,0.16683523,273.16855,226.11023,0.19167438,193.80873,377.48547,0.16595358,196.67148,412.97815,0.41907623,193.08395,433.53738,0.5173219,272.89636,218.61572,0.27729005,203.17775,382.18402,0.21413201,186.66971,200.62697,0.1898659,194.33337,386.52374,0.1213514
947,251.0189,214.3972,0.2177437,242.92331,226.79637,0.26333842,272.27713,211.24379,0.15028046,273.1117,227.71834,0.18592067,194.79237,379.20865,0.17375894,199.01947,415.3558,0.38353103,199.06023,434.88095,0.556608,273.45895,220.55083,0.2686777,212.34537,393.78784,0.18188313,184.44666,201.29068,0.18755962,192.97734,387.57043,0.114683405
948,250.05902,218.51994,0.23551546,242.67984,227.95993,0.2696064,270.44464,222.70369,0.13985038,272.49323,229.26074,0.1556229,194.84383,380.06506,0.17041771,199.12837,423.64948,0.40579215,197.9372,439.4279,0.58931816,273.94888,222.55066,0.23596208,212.5285,395.12454,0.2297925,174.66733,201.94028,0.18254407,183.10646,435.018,0.1371917
949,249.82394,220.58109,0.24726965,241.6684,233.23651,0.25464636,270.98645,223.36136,0.17508659,274.33398,239.9028,0.17047569,199.12947,388.77533,0.14625469,201.91045,425.87708,0.34381315,201.33911,443.35785,0.51478565,275.1302,221.90198,0.22187784,213.85683,395.34274,0.22895953,174.3609,209.2055,0.24943937,182.64648,436.8943,0.13555974
950,246.9321,227.57664,0.26639602,240.78275,236.31058,0.29197937,271.71094,226.65228,0.15779294,300.87927,175.35033,0.18810193,200.43669,390.1369,0.15618028,209.06612,429.72446,0.3899198,200.73866,444.3533,0.52968425,272.70663,234.02263,0.2335535,213.71642,396.78116,0.23512514,173.09053,215.45982,0.25030178,202.6545,451.69867,0.09944156
951,245.0121,232.29674,0.27161384,241.87636,242.90497,0.3209205,198.46959,205.62978,0.17164072,395.2482,135.37273,0.19325788,200.29094,391.5293,0.16386013,209.75812,432.56857,0.39538425,206.70924,451.7505,0.53943646,272.85297,236.63277,0.30382788,214.68182,397.56775,0.22561127,169.57858,219.36946,0.2602059,111.40379,376.09964,0.1491511
952,249.27362,235.53885,0.19885264,242.3256,248.90778,0.20031354,197.25945,213.21568,0.15468098,291.0613,188.22046,0.18954395,201.10826,393.10553,0.1573484,213.4139,440.82092,0.38718885,213.96494,456.39856,0.56975776,404.17444,124.45901,0.25609115,214.94656,399.26016,0.20605,170.8338,226.44514,0.24811827,113.81016,377.8426,0.20188738
953,245.36778,241.06056,0.27529693,240.58624,250.33261,0.28148818,270.22235,239.80698,0.17911065,402.23312,142.54451,0.16719502,213.05794,405.64545,0.18520543,215.54955,439.9542,0.3894737,216.85649,455.43002,0.5604516,274.40897,238.84738,0.22993661,215.63927,400.75,0.18259738,170.39217,233.46338,0.27957645,115.890076,379.96725,0.26899236
954,245.12231,244.11665,0.25771114,241.50847,257.8356,0.29191044,195.31836,226.58743,0.13908787,387.4848,143.2376,0.18328552,214.07123,406.99316,0.18141006,226.18289,444.7134,0.35023898,225.15121,459.69495,0.531661,399.42535,125.46444,0.279178,229.24146,412.44968,0.16759107,165.64714,237.36111,0.2606923,115.42444,382.40363,0.30749485
955,244.50009,250.53587,0.22520345,241.9116,259.63397,0.2199856,268.62753,254.3442,0.121270515,388.38718,144.88773,0.17292346,213.70404,407.40442,0.17702633,229.21172,451.3169,0.3908931,230.69397,465.18417,0.5854636,397.98633,125.007835,0.27995038,228.44489,413.09277,0.18519764,169.47966,244.6799,0.22788045,119.547386,391.59714,0.27060476
956,243.90207,256.6824,0.22119631,240.54807,265.35074,0.24371715,269.0994,256.19525,0.1830026,380.3381,149.9885,0.20964552,228.02007,422.83188,0.13706405,232.70952,456.24612,0.35439423,233.56282,470.7955,0.622166,390.46976,138.54398,0.2806814,246.07193,431.39185,0.14175202,165.95276,250.68567,0.2782151,126.13655,396.95782,0.3300357
957,243.48029,258.93207,0.27363592,241.64478,273.4822,0.26504675,270.35876,258.64117,0.16289666,379.89792,151.05379,0.20805731,229.04973,423.30978,0.14462923,234.59052,458.5875,0.2789024,240.70132,472.98294,0.54046214,390.28955,139.62503,0.29985398,230.82413,414.67126,0.14456624,165.68497,258.37903,0.2700192,126.476776,405.16476,0.37000096
958,243.51968,265.97888,0.24493228,241.5481,275.24258,0.23624696,195.93008,247.7725,0.14645888,379.5466,158.45308,0.20290272,229.19035,423.99176,0.14327092,245.682,466.76416,0.33114606,244.08267,477.88528,0.60482746,389.48624,140.9418,0.2999859,253.82126,441.36212,0.13714017,167.78462,265.73975,0.31055027,131.8103,409.14954,0.43649185
959,332.17422,210.86511,0.29181603,329.2623,215.44188,0.2738139,268.55862,270.37,0.22979401,379.08594,159.2884,0.22441754,228.80684,423.85367,0.12972951,247.06062,469.37903,0.34541658,245.76497,482.04565,0.54696345,295.32993,204.90323,0.28622907,237.6911,426.09085,0.14150749,162.73488,272.28223,0.3104812,133.74588,412.1395,0.42925453
960,237.8806,275.23093,0.28407905,234.9247,280.70755,0.25084624,269.3374,272.98642,0.26786909,379.0766,158.952,0.23425741,227.79982,424.57245,0.10815222,249.12393,471.3675,0.32090414,249.73076,484.65207,0.49904674,384.40384,142.4881,0.25769377,218.32588,274.03403,0.13703695,167.66231,280.4685,0.3020611,144.52162,423.3738,0.33582672
961,364.0148,144.59981,0.21028748,298.5893,293.59885,0.19196425,195.26279,265.88583,0.122812584,378.88876,159.95102,0.17531231,244.969,439.10675,0.11029003,249.94435,472.52295,0.32800874,250.10042,486.52548,0.5117558,375.4798,155.06425,0.23362449,277.806,276.44656,0.13200477,164.47894,287.26556,0.34458232,145.18149,425.785,0.40150246
962,355.95868,155.36122,0.23987238,234.50793,294.25552,0.26070482,268.32324,285.20605,0.18628515,370.488,166.78658,0.20458934,362.1607,179.49092,0.09428561,250.3815,472.38522,0.28943002,251.26144,486.85547,0.43514958,375.39972,156.1378,0.33067277,218.78311,289.56027,0.13104461,166.46474,295.54276,0.34096345,148.04906,428.82687,0.37923247
963,237.20839,291.76913,0.24589774,474.81625,172.28696,0.22478916,269.02972,287.40768,0.24679232,364.65158,173.60233,0.2240506,362.36954,181.0228,0.12927443,261.09918,475.42874,0.34003428,260.1748,487.94226,0.5673087,374.66998,158.26979,0.31540883,280.3928,290.24557,0.14030336,162.2815,302.32474,0.4106527,155.98947,435.50424,0.28144148
964,318.24902,228.06653,0.26406184,314.66083,234.9375,0.25948268,269.0242,288.6396,0.21812455,365.4283,175.31543,0.25188404,358.3022,182.16646,0.1092354,262.4912,476.3924,0.30098745,261.37485,489.1836,0.44506818,374.09662,160.04022,0.30832517,297.90286,226.95119,0.12991706,167.41159,310.57584,0.32583168,160.33238,441.27493,0.32699287
965,236.8727,305.12122,0.24181972,234.22232,310.15628,0.2785462,261.37012,302.8447,0.19639975,363.15277,182.10529,0.21984284,369.2617,180.37802,0.11151346,262.08173,477.41016,0.24376938,261.18805,489.2002,0.37353182,280.6244,236.56909,0.23849353,299.67053,307.13547,0.13331488,162.0714,316.6285,0.42073444,165.87947,443.57855,0.25889522
966,235.99199,307.08713,0.2653218,227.27763,315.4063,0.24685347,261.50766,302.6842,0.25691956,362.7494,181.48676,0.21568468,362.95837,188.417,0.09930914,265.4272,484.09995,0.22773005,272.13818,491.78485,0.3291662,360.82376,173.12064,0.25066602,280.84543,305.27365,0.13693827,165.39911,323.44955,0.32098445,178.23024,445.59467,0.15158713
967,316.68542,242.40385,0.2625693,314.2521,247.01126,0.26350263,268.76202,305.05948,0.16294506,361.18027,182.63004,0.22549449,354.47757,195.33798,0.11054534,274.36703,486.28302,0.2698803,275.48663,498.79218,0.37806448,361.19363,174.47517,0.3080518,299.3882,309.6805,0.124077,161.69846,330.10394,0.36927357,181.60966,456.63892,0.1577584
968,316.01593,244.26758,0.3538044,307.24866,252.23631,0.31279057,336.97504,245.31862,0.14093356,355.9433,190.99387,0.18060853,183.02383,340.97385,0.0975762,264.09198,485.8706,0.21765642,274.12924,493.27338,0.27297968,342.2176,249.72762,0.31780842,375.73013,177.46288,0.13428067,160.82152,336.15912,0.3909576,191.24435,463.73044,0.18834752
969,316.66745,247.10358,0.25439775,394.30804,181.82704,0.2394886,267.6992,318.48273,0.22602457,350.10614,196.83237,0.24579445,354.43848,196.77513,0.15476927,240.03362,479.8899,0.17970031,261.59885,498.40976,0.20406511,355.58325,189.93297,0.29856792,376.6165,178.98242,0.14146347,161.08882,343.3196,0.35393903,143.45581,347.12225,0.13865924
970,396.20712,178.0805,0.20836784,394.09915,182.43356,0.2371588,261.86246,320.648,0.14875439,349.22653,198.32951,0.22908688,354.015,197.41293,0.115107976,254.65215,488.61676,0.14650679,260.78955,498.74857,0.18839662,352.8826,188.74544,0.2531787,387.80396,178.94774,0.13323185,163.69275,348.17657,0.39649743,142.33502,354.10083,0.13169734
971,316.00647,257.7839,0.20978172,314.0923,262.2069,0.22961025,352.9299,169.74818,0.12230005,347.4449,198.63658,0.25412154,346.4457,212.08449,0.108342476,247.33513,486.16348,0.15646705,261.44943,500.15778,0.21182804,517.647,297.67676,0.24251823,368.86063,180.36,0.120390415,163.3608,352.9253,0.36528662,143.82823,356.6137,0.13562113
972,314.9928,259.96088,0.20231317,235.16609,342.0709,0.21757992,261.60413,334.26254,0.14181499,346.5162,197.98013,0.21636674,346.74228,211.54234,0.11955606,255.9431,490.42947,0.1474072,180.36507,387.59305,0.18205287,541.1165,172.09189,0.24723388,369.17264,181.31798,0.12715365,161.40793,360.88916,0.36010954,156.10338,362.31296,0.14423071
973,315.10898,261.2303,0.18392956,443.17725,182.20949,0.18360677,261.46817,334.51474,0.21355982,341.86795,206.72902,0.20936012,340.3432,212.04622,0.14921013,377.72913,205.33902,0.11009251,181.30896,389.66562,0.17674854,340.8032,205.21907,0.24524711,504.3753,101.44435,0.13578145,164.19781,363.9856,0.39772007,147.23683,368.98297,0.1389965
974,508.79266,164.85518,0.23628558,507.5363,177.9988,0.24520318,261.7625,336.57452,0.20624846,339.9989,206.40497,0.21237445,339.1756,213.0934,0.14648193,377.31833,207.48398,0.11493568,181.3483,391.907,0.1377871,341.07562,203.72772,0.25035593,360.28595,194.47197,0.15115783,164.56648,368.76566,0.35115585,157.53061,371.50668,0.1419322
975,443.77206,178.41508,0.27472383,441.82748,183.0073,0.27800593,261.57166,337.9818,0.11524227,339.67252,207.44244,0.1550713,339.18,213.8564,0.115239546,506.06387,192.12602,0.10983286,181.17802,403.6945,0.15318628,341.35443,204.81741,0.25510988,297.88547,339.4225,0.14546762,165.67732,376.79163,0.3414696,157.10698,378.80826,0.18528791
976,443.76367,179.37079,0.29078448,499.5597,178.07681,0.28675166,338.01047,203.23563,0.16646957,333.3313,214.18095,0.21772781,336.4323,226.13913,0.12425318,485.12604,183.65964,0.116177395,257.78052,485.87332,0.13336298,408.57333,189.53748,0.24441819,445.8945,182.91861,0.14795089,166.50386,380.5948,0.39787188,156.22546,385.35287,0.18418537
977,507.0778,165.12958,0.23935881,499.0472,178.83713,0.24165207,268.83298,349.97098,0.21118088,332.27493,213.17729,0.21537375,326.2742,228.009,0.14681305,483.93933,182.67203,0.10578534,258.26016,485.72556,0.13647862,533.471,170.39958,0.25523445,487.45807,103.18019,0.1753776,312.5151,220.3383,0.32658762,158.34158,391.96698,0.1502149
978,506.55768,164.86168,0.20705199,499.13382,178.59781,0.20928802,268.84418,352.40347,0.19362383,331.6742,220.91336,0.2578172,325.90222,229.43362,0.17862141,484.12274,183.56221,0.11285672,229.41783,485.46637,0.10588824,480.0774,110.603096,0.21982288,339.9249,223.95279,0.16127706,168.4374,392.12216,0.33093333,156.4979,399.0066,0.14490996
979,506.01016,165.35704,0.21598923,499.12164,178.32042,0.23489162,269.3518,354.61734,0.10960467,330.64478,229.31226,0.16188207,402.4932,209.97359,0.10944612,443.15857,206.27972,0.12047429,193.94681,418.89246,0.09522177,531.6899,169.32994,0.30520263,486.54626,115.657524,0.14019105,169.07832,397.44974,0.35382354,157.15002,402.26535,0.1727642
980,506.3285,164.78418,0.15997037,364.32822,213.1635,0.1704315,263.33395,365.89774,0.14352505,329.283,229.53653,0.20158991,402.0422,210.34952,0.120311536,361.009,221.87471,0.12286669,205.64473,484.76825,0.09616998,392.9003,203.43951,0.23122057,352.54807,211.19519,0.16480488,238.24554,316.04523,0.34617183,159.05034,404.98752,0.1606806
981,505.09787,163.6313,0.18550651,364.07745,214.69014,0.20233491,270.06015,365.2345,0.18501572,330.45956,236.62827,0.18341206,323.5438,242.41154,0.13905744,424.66357,205.34137,0.115997955,243.19179,498.0556,0.08968938,530.8218,164.5618,0.3015094,354.26727,212.47952,0.14958997,176.29755,401.12582,0.29796362,160.26366,406.51587,0.15205708
982,505.5879,162.91267,0.14310375,499.16785,172.60297,0.15621203,272.84164,366.26395,0.1823696,323.00302,237.98842,0.19583932,322.18338,243.92496,0.15391083,425.46625,205.68361,0.13671613,592.17017,88.191574,0.10691894,392.44833,205.37604,0.23972262,417.40125,194.92964,0.1588466,237.07756,325.98727,0.26319158,158.45132,418.57837,0.12604217
983,427.78323,194.62938,0.17346571,427.07794,197.5237,0.21527994,269.80963,369.08426,0.1492214,322.26288,238.37894,0.20520253,321.84857,244.9,0.15844646,425.21912,208.81158,0.15102364,590.9944,87.859055,0.12465499,392.55603,205.356,0.27910337,472.0052,116.96736,0.19982338,237.04974,328.31,0.31382987,159.20164,419.33517,0.112906866
984,428.25082,194.8054,0.13558112,427.40253,197.77917,0.18968648,328.9565,291.31357,0.113797,322.0069,239.33191,0.24094641,321.60718,245.77205,0.18308242,425.42624,207.31805,0.12532845,586.7832,88.27945,0.119192615,392.05945,205.33969,0.21353649,427.4767,196.20334,0.15438327,237.3654,329.5608,0.28437948,159.81691,422.0369,0.17151833
985,427.5495,194.02057,0.18788864,426.43753,197.99359,0.23554493,320.49783,232.9431,0.14117326,315.449,245.2962,0.24758902,320.70773,246.458,0.13864845,426.57623,208.65794,0.10433657,594.1575,104.06273,0.10889575,519.2677,160.42046,0.22950482,468.47064,117.529655,0.16109195,236.05595,332.12527,0.30613625,160.9802,421.46735,0.08133658
986,427.39932,193.1015,0.16929796,426.52023,197.17578,0.20960608,322.7354,299.7215,0.19506831,314.90714,246.31668,0.23295358,308.75314,259.58212,0.13004968,407.75183,205.7327,0.08353911,593.1577,96.42556,0.09142221,454.77444,187.44122,0.2418396,334.96475,227.57883,0.13009372,235.05154,333.07642,0.2889926,172.12617,430.25842,0.07876616
987,491.86905,162.68376,0.16279764,491.51923,166.51822,0.1741374,322.34256,299.5636,0.15195887,442.701,123.312225,0.15255828,309.0269,248.01314,0.10425537,449.92368,130.45403,0.095784865,593.40356,113.27446,0.094050676,517.26306,159.87311,0.2423696,456.61386,118.549355,0.17086585,234.16829,334.37936,0.2693066,171.78217,431.3632,0.108020954
988,492.30045,161.99756,0.12048612,404.2652,202.63281,0.15450576,321.87503,299.54184,0.13214472,312.83887,245.58844,0.16707046,306.518,258.97287,0.1290316,594.5225,105.0378,0.12626514,592.4868,114.74227,0.19814949,516.3136,158.16968,0.2399017,453.53854,117.90804,0.18327679,233.05037,334.84277,0.23338577,172.13115,431.93155,0.09531211
989,430.49017,95.93638,0.116268925,412.81024,198.24762,0.1282958,321.10263,299.6432,0.13478786,436.26062,123.833176,0.17518172,441.02356,132.0551,0.11628781,594.5163,105.57217,0.12238157,587.24347,114.515396,0.2426653,516.1975,157.05043,0.27652484,451.97876,117.22377,0.19965202,232.00598,336.23138,0.20298009,588.70416,77.212845,0.07086736
990,477.07626,165.08977,0.094892584,404.32593,202.42772,0.11131805,306.3857,239.71211,0.14301953,301.21646,245.25282,0.19672137,305.28784,259.05984,0.124090284,594.5973,102.87569,0.13529074,588.9248,111.03987,0.39070272,504.09296,157.97116,0.183614,452.66998,116.7626,0.14765354,284.9297,252.19446,0.23278098,602.00073,92.68825,0.10179697
991,429.3449,96.07525,0.09412361,412.6459,196.67151,0.11671622,306.40646,236.53398,0.15458724,300.7102,245.46214,0.21388333,593.1747,90.413445,0.15386352,591.5166,102.17873,0.17452992,585.312,110.774025,0.36195517,379.5227,205.96945,0.2043631,440.97116,117.07895,0.161772,282.8356,252.99744,0.24226137,604.77014,93.605125,0.17754595
992,477.47195,162.91377,0.12095034,476.8998,165.27074,0.14661606,305.44098,237.6857,0.15559669,300.3819,246.08897,0.18973683,586.7717,90.7011,0.17296349,585.859,112.02371,0.23435466,578.1005,116.354675,0.3972539,378.5988,206.16617,0.23144908,593.80524,97.1219,0.21123178,282.03894,253.97676,0.25979835,571.8281,101.854004,0.15184183
993,477.60745,162.12909,0.123195946,477.2803,164.39772,0.17040461,300.15112,239.0549,0.13429078,299.8944,253.34436,0.23340218,294.0739,260.3193,0.1256255,584.7646,105.47711,0.18787827,577.41156,112.267586,0.2848019,502.1383,155.8743,0.26197,438.14734,116.68757,0.2098052,281.0416,254.22827,0.2487179,575.0797,94.69301,0.13079526
994,499.54306,148.01738,0.1250217,412.47818,195.09908,0.11201936,299.7703,240.36978,0.15285368,299.20868,254.7141,0.22255693,292.8782,261.56696,0.12567395,583.2549,104.407364,0.22442588,576.31055,111.65785,0.2816993,436.68655,185.95694,0.24083062,588.253,93.29192,0.21172626,232.77188,345.3194,0.20251334,559.56244,92.366974,0.12597683
995,499.34256,147.3098,0.14648287,477.23282,163.53749,0.121391684,299.4759,241.56157,0.127271,364.2048,212.02663,0.15977675,291.88373,262.01584,0.111322016,579.5297,101.29383,0.24811134,575.90607,106.95231,0.27623785,504.04364,153.37527,0.23170719,587.4877,82.75962,0.22614855,233.45885,346.86182,0.2406166,559.0919,90.77431,0.11583692
996,498.8717,147.52042,0.151993,403.58777,117.01006,0.10876585,299.23065,242.27034,0.11631,363.9356,212.73251,0.17384928,291.4969,262.16025,0.10525833,576.7544,100.62157,0.17599584,566.3069,99.98467,0.23654804,425.7754,112.91007,0.2401843,584.02716,81.947586,0.23878334,472.64246,157.9865,0.2026194,560.2009,90.263435,0.09668132
997,498.5285,147.33026,0.1384963,402.8482,110.97626,0.11122373,292.583,249.53093,0.10503472,364.0757,212.97997,0.20315574,291.69022,262.74655,0.11438529,574.2904,92.04151,0.1980515,566.3342,98.317726,0.26894614,499.90137,144.20584,0.23713003,581.9235,81.0398,0.20113955,233.23694,347.95795,0.20866697,548.30316,75.08696,0.08700764
998,399.49826,102.686,0.1221063,396.623,117.52316,0.117672116,292.07455,249.46951,0.107352585,291.86044,255.72559,0.17546238,291.61694,263.50806,0.12383076,571.3009,91.703926,0.1466889,564.6341,97.87599,0.1638988,299.35184,250.30875,0.16718921,423.73633,116.72001,0.17957953,473.38773,157.428,0.18592303,547.9173,59.001278,0.06753862
999,499.78827,148.2372,0.122761905,341.04642,207.75435,0.1244716,292.29456,250.65161,0.09968469,409.76028,123.17065,0.20947513,291.4189,263.296,0.12391569,569.2506,78.07265,0.15218909,557.5312,97.07941,0.15989375,417.88272,114.66216,0.1826439,422.29376,116.488976,0.19788381,406.96265,189.83531,0.17016421,546.7404,58.2782,0.084221095
1000,397.5799,102.479774,0.14141662,346.7814,212.40503,0.124547854,291.55972,251.24182,0.11301504,409.14908,123.86436,0.20533611,427.53516,189.24995,0.114306234,564.4762,88.501755,0.14297031,563.089,89.836205,0.14792621,427.6268,183.66197,0.22325258,421.39954,116.41631,0.17610791,460.1326,158.35217,0.13583995,547.6352,58.81482,0.06826295
1001,404.21133,113.621025,0.16074918,388.90332,117.722466,0.1482173,290.8244,251.72276,0.12965094,402.44293,123.511314,0.18386005,354.17798,227.20769,0.105919875,564.6162,88.71005,0.19814987,562.771,90.86269,0.19621068,412.18896,113.91647,0.24569438,417.40967,122.20933,0.15828541,459.54355,157.73721,0.13056405,305.16367,312.93085,0.07092667
1002,390.31036,109.00778,0.184082,339.99026,208.02196,0.14355852,289.57904,256.7861,0.12394591,347.35605,213.2102,0.18774466,353.90018,226.99608,0.11817045,563.4558,84.13107,0.18864381,562.47736,89.99531,0.21167383,411.93414,114.38401,0.24701431,416.58557,122.33249,0.15132304,458.53217,144.06075,0.14187038,546.7766,74.15165,0.09223987
1003,403.6818,113.92124,0.15147571,339.66168,208.17677,0.15683453,289.43533,256.54382,0.14485659,347.4498,213.78433,0.1989527,353.70288,227.20145,0.120403685,566.9413,84.13834,0.15480663,561.84045,89.13605,0.1878582,426.39578,183.57599,0.20832095,415.586,122.50372,0.15106866,458.78818,143.43794,0.16061108,547.0047,74.81394,0.1012968
1004,389.4912,109.22661,0.18687454,339.59195,207.95059,0.16592118,289.36813,256.98996,0.12395928,400.312,124.42422,0.18950571,353.77902,227.26607,0.11163659,554.9379,69.01199,0.11420416,245.10785,513.56665,0.14908469,406.5437,120.699585,0.20318729,415.67337,113.74887,0.15015388,458.55353,143.74434,0.15491126,499.84616,92.96294,0.114254765
1005,395.32504,112.82668,0.17039987,395.48495,116.9993,0.16959946,289.5534,256.51672,0.114765905,399.10928,123.841644,0.1943652,289.83447,275.9099,0.10900934,554.35474,59.39845,0.103274606,560.87354,86.297676,0.12530726,419.607,184.9426,0.18861845,405.9478,122.979294,0.16560815,459.06992,142.56793,0.15068455,499.14154,91.800865,0.14221287
1006,484.86087,132.10161,0.17500089,339.42572,207.88199,0.16195509,290.257,256.18674,0.108724035,284.17212,261.49573,0.19590476,289.90927,275.737,0.13520503,275.4301,506.0629,0.11686952,261.4919,514.74634,0.29459506,483.75574,139.71352,0.23208018,406.88422,117.25862,0.15317112,457.47592,143.497,0.17848495,497.95197,90.87637,0.14091527
1007,483.96643,131.86578,0.18685985,394.39713,117.238205,0.1745133,515.7774,86.102295,0.13563247,393.71497,124.25438,0.19851296,353.82025,228.47293,0.102913745,275.8732,506.21454,0.11903779,262.18723,514.7075,0.27417952,483.36407,139.20764,0.2622889,405.1394,123.07859,0.16434997,457.49875,143.51006,0.17488034,498.20853,90.00079,0.13450259
1008,482.9785,131.6495,0.1931064,467.79553,146.83797,0.16102007,296.78592,256.82346,0.09052748,393.20532,123.73669,0.17259613,290.41974,276.75287,0.10139277,285.08386,506.23416,0.1759821,275.7932,514.45624,0.3207977,487.50848,139.1296,0.31211686,406.397,116.76186,0.15718053,456.58908,144.25688,0.17012766,498.90747,89.14554,0.07683932
1009,482.98373,131.41843,0.20504084,475.43597,135.06212,0.17040978,516.06476,84.84501,0.11041349,392.83096,123.64591,0.18146758,399.93665,131.84705,0.09296144,300.3834,494.41473,0.17042492,277.966,513.9548,0.28452376,487.37256,137.9232,0.30688843,404.0231,123.19129,0.16795325,456.64453,144.1745,0.18072504,498.5879,88.685036,0.085751675
1010,483.3709,131.36075,0.21313787,393.88135,117.07389,0.15934229,516.5514,84.46606,0.09680363,392.84283,123.77757,0.18187678,482.7977,148.4063,0.100434214,293.51392,501.92438,0.15246215,289.92902,513.09625,0.25546515,487.64215,137.31905,0.26105982,403.71475,122.925476,0.166182,456.64105,144.18248,0.18733023,499.1265,88.396416,0.082910486
1011,483.50732,131.08366,0.22787744,467.74008,146.41493,0.15747285,517.32117,84.2632,0.121904045,392.74948,124.264725,0.17185491,482.93747,148.27098,0.10472225,294.7568,501.80054,0.18363613,290.8862,512.76685,0.3217728,487.47626,137.1577,0.2352722,403.18854,122.857635,0.14022654,456.81763,143.8195,0.1846286,497.68634,87.49384,0.09157531
1012,483.89478,131.44655,0.219621,393.74814,117.53369,0.13201924,517.1653,84.12401,0.10116477,392.65866,124.38636,0.17811225,305.69305,292.34628,0.08357896,301.55637,494.36115,0.16045308,292.17288,511.85574,0.25861198,402.3322,115.71801,0.17299357,403.01257,122.73739,0.13679053,457.95667,143.40823,0.18026197,497.69733,86.900314,0.08485425
1013,483.76248,131.13428,0.20520076,385.5819,121.95134,0.13182747,301.9989,273.65686,0.09598488,397.86075,117.66492,0.1566412,305.5116,291.93524,0.09443556,314.3626,492.65033,0.14640808,292.83484,511.9399,0.25070065,402.34134,115.18883,0.17140724,309.7712,290.27756,0.133449,458.59793,142.91937,0.17673662,499.22482,80.791916,0.071713075
1014,388.48227,112.88876,0.19669512,379.82474,118.68425,0.13503246,302.23254,273.62582,0.0847581,398.08987,118.0319,0.14047444,305.68253,291.76572,0.0977603,306.90994,501.46655,0.15484776,293.52948,511.96594,0.23161663,402.1531,115.03728,0.18082519,309.7112,290.25623,0.130237,458.85977,142.61832,0.17596422,499.47708,80.41279,0.08294815
1015,388.3284,113.01537,0.20629849,393.82144,117.691505,0.14386281,516.5927,83.69258,0.092525065,348.73242,216.14355,0.13300866,354.88486,242.19168,0.09827096,308.77643,502.04224,0.18090668,304.39178,512.1493,0.2844642,402.2347,115.33079,0.18960857,320.73352,292.4111,0.12392447,459.3913,142.38034,0.17488474,498.46497,80.7773,0.11458313
1016,388.33606,113.26848,0.21824537,393.68613,117.7178,0.16369449,516.6809,83.47791,0.08709576,355.01407,222.79585,0.15271923,368.18237,242.30011,0.10635417,309.59976,502.51315,0.21722403,304.5165,512.4403,0.34896982,393.98734,121.90798,0.23944268,323.85312,481.75473,0.13466103,459.37924,142.22658,0.17238164,497.73453,80.63104,0.12776631
1017,381.53867,109.71249,0.21752238,393.73505,117.78928,0.16630948,516.61926,83.24659,0.089386515,354.95306,222.37415,0.13347013,368.57446,242.56815,0.102415666,308.91315,503.01608,0.17405458,300.6608,513.06067,0.28921402,394.0038,121.936874,0.24430309,402.378,122.89599,0.13198896,459.81216,141.88295,0.1586226,497.42065,80.41235,0.1326705
1018,380.94086,110.23273,0.23352028,393.51425,118.12345,0.1751597,517.2948,82.80076,0.10532049,348.78693,221.16255,0.14051624,368.51987,242.70367,0.10439177,310.05786,503.70966,0.17690793,305.68024,514.15686,0.30762434,394.09024,122.18479,0.2734346,402.0215,123.193504,0.13473222,459.81635,141.60474,0.14674918,497.10245,80.10017,0.15076679
1019,381.17728,110.55654,0.20402305,394.13235,118.213196,0.14738333,518.2425,82.50847,0.12066234,392.63348,133.39665,0.13593504,368.5699,242.98065,0.099543974,309.66556,503.82678,0.14986357,301.01926,514.1828,0.29649785,394.17047,122.726326,0.24146496,401.83792,123.54223,0.12574592,459.97772,141.32243,0.15034345,496.34177,80.13383,0.1695606
1020,381.0157,111.126175,0.21447994,393.97595,118.93743,0.18003727,304.3686,269.13162,0.11377751,392.81445,133.88536,0.17714319,394.13187,147.50394,0.097791195,316.0836,505.5607,0.10027783,300.69644,514.6581,0.24026172,394.99673,122.80191,0.29480863,315.6555,288.9814,0.14220344,460.13116,141.2548,0.13911813,496.3466,79.71235,0.16180834
1021,380.4085,115.54403,0.22928078,378.63528,126.54702,0.18364966,305.07397,270.49997,0.1312477,393.05972,134.10442,0.19405577,304.68814,290.36893,0.11254104,316.6736,505.37708,0.10385988,307.22885,514.20215,0.19428319,395.5411,123.22786,0.32642028,322.47202,289.37396,0.14281583,460.28372,141.24721,0.13825975,496.43182,79.616425,0.15019473
1022,375.67056,111.99668,0.22950292,372.227,125.76855,0.18644893,305.21674,270.289,0.12859236,393.29712,134.04842,0.20639059,400.091,146.7854,0.11243203,403.708,166.30438,0.10112345,307.5379,513.98895,0.17446595,395.8943,123.495094,0.34793562,401.46158,126.37851,0.14338106,460.1246,141.36873,0.14706124,496.20355,80.08675,0.16045858
1023,375.34814,112.08573,0.21800248,372.10645,126.07789,0.15918,305.68094,270.52023,0.13678703,393.1365,134.57452,0.19026771,394.01096,147.5713,0.105310224,323.0749,502.4016,0.1241865,308.65744,514.99524,0.23945673,395.76346,124.04333,0.33507532,411.68085,164.05888,0.13976271,460.16116,141.4585,0.14368418,496.00256,80.27093,0.15963897
1024,483.29428,130.45346,0.20432134,405.1798,175.16719,0.14815868,305.90588,270.49048,0.14907815,393.13422,142.83943,0.16046242,305.38657,291.33557,0.0976103,323.25333,503.64215,0.145811,309.0613,515.6657,0.29879215,395.39767,124.85427,0.24939911,411.8484,164.90802,0.13877861,292.0721,276.39963,0.1476142,495.55872,80.41696,0.16140088
1025,482.8525,129.78557,0.23456647,476.01724,133.21532,0.19748434,517.78143,82.84572,0.12153276,393.28674,142.6883,0.1546458,482.80066,147.86212,0.102574594,323.77896,503.59518,0.14817098,310.14862,514.9428,0.28768757,492.6675,128.53484,0.2749884,415.3564,172.58774,0.13790774,458.73596,141.7972,0.14132445,495.59286,80.92028,0.15485704
1026,483.2324,130.23741,0.23501302,476.348,133.46132,0.17864338,517.44257,82.862976,0.118692264,393.33878,142.79123,0.17411417,306.1323,291.57812,0.11313393,323.98593,504.38397,0.13859427,310.4883,515.90216,0.3145644,396.4429,125.66325,0.25238654,411.71722,165.05188,0.14077689,292.92532,275.9172,0.15700907,495.52707,80.64147,0.15387632
1027,483.80383,130.72752,0.2229263,427.2594,179.79553,0.13866387,302.03552,270.77936,0.13659637,393.49573,142.88284,0.17290846,306.3387,291.50687,0.14014897,332.00986,494.57327,0.13605677,311.11786,516.00055,0.3101727,396.53928,125.720894,0.26341507,414.5066,172.04979,0.13954952,292.0887,277.48233,0.15882234,495.7661,80.414215,0.13967836
1028,484.03635,131.43073,0.1962919,411.3864,180.4107,0.15674393,517.50275,83.077446,0.12689061,393.4329,143.22823,0.16184609,474.6289,81.67657,0.1072092,321.04047,508.8304,0.16411895,311.89557,517.83606,0.3405676,397.36737,126.17624,0.2666304,410.86664,165.81589,0.14450462,293.12918,277.51584,0.15148255,495.08197,80.91909,0.13133904
1029,484.02942,131.93552,0.18361598,428.27078,181.05205,0.14674777,517.4682,83.189224,0.13778679,392.85727,143.16411,0.15925975,474.90872,81.679535,0.110011,320.57144,508.6169,0.13187319,312.02356,516.6936,0.30110413,397.61203,126.343094,0.25351682,410.34326,165.27898,0.1425968,293.16165,278.2818,0.16213922,494.68744,81.84017,0.118632875
1030,388.538,127.73396,0.21198615,379.73257,133.60995,0.1635742,517.2662,83.27983,0.13954554,392.8696,142.57112,0.18875733,494.96027,85.05097,0.1021573,325.0327,504.8464,0.12274499,312.45645,514.78296,0.27124926,398.62076,127.42883,0.26591474,409.33832,163.75668,0.14581445,294.0981,277.8375,0.14325017,505.33392,79.5439,0.10677518
1031,388.76587,126.87353,0.2235048,394.7004,132.21463,0.19999112,397.80414,126.52548,0.15211105,393.4858,143.44345,0.24412079,399.14847,148.03566,0.1120449,332.10452,505.49744,0.118743576,317.46783,514.6621,0.21296366,400.5823,127.580956,0.31241024,409.11093,163.14754,0.14880884,353.02847,229.88353,0.119407,493.93115,87.29791,0.09009828
1032,389.19382,127.499855,0.22679363,395.46313,133.09677,0.17582798,516.946,83.5357,0.14662316,393.03693,143.14189,0.1908843,494.7956,87.29172,0.109179676,331.97977,505.56335,0.10301478,323.58307,514.382,0.15035434,400.1916,127.708916,0.23850946,408.8811,163.1061,0.13022988,472.74054,142.36029,0.11983473,374.20435,60.877926,0.097131684
1033,388.95767,127.20212,0.24597834,395.2631,132.86375,0.1982632,516.9283,83.7086,0.13814792,393.79175,142.54324,0.2398797,399.8115,148.2524,0.11591096,332.1557,505.62393,0.10089473,323.5864,514.3296,0.1546692,402.14474,127.5661,0.25359306,404.96298,132.52438,0.13328502,473.33273,142.36235,0.14198661,374.6604,60.50546,0.08347554
1034,389.34866,127.19795,0.25013953,395.00714,133.466,0.21563998,397.6562,127.25443,0.14342146,393.94656,142.95776,0.23166789,495.0497,87.3561,0.1174565,405.3349,134.94768,0.101510175,324.21634,513.5623,0.12491313,402.81952,128.27318,0.25207657,405.26007,133.17273,0.146903,472.10226,142.19174,0.1593389,478.55127,92.50761,0.08267391
1035,389.35547,127.1473,0.2535383,394.23584,133.49557,0.2237612,397.87698,126.85297,0.14251341,394.38187,142.97388,0.25505883,399.3744,148.51132,0.12676452,405.363,135.944,0.107644856,324.23502,513.1346,0.112158485,403.28094,129.59663,0.27334046,405.3644,134.0387,0.15506642,470.9035,141.8367,0.15192856,503.41672,88.152145,0.08878211
1036,389.5974,127.55589,0.26218012,393.84534,133.15494,0.23938672,515.98193,83.77046,0.12723963,394.6162,142.07222,0.25448272,399.55753,148.5024,0.12738003,405.54062,136.53752,0.107208945,472.38138,136.33244,0.0848326,489.68335,137.56519,0.29770803,405.29623,133.9515,0.15134427,470.34085,142.06242,0.14822665,503.8195,87.69683,0.08834282
1037,389.3303,128.01303,0.2737563,393.89697,133.20508,0.23925468,515.9998,83.66892,0.14530338,394.56708,141.86487,0.24026328,399.7231,148.5001,0.1222953,405.53574,136.886,0.107833795,472.49252,136.43391,0.080647975,490.01294,137.78397,0.31685394,405.34155,133.78113,0.15347539,470.16876,142.36142,0.15465958,503.1386,88.16021,0.10058066
1038,389.20822,128.20866,0.27767015,393.53723,133.56,0.24962096,515.58417,84.176575,0.14167666,394.53723,141.9596,0.23389137,399.51724,148.58195,0.1225034,419.52362,184.15385,0.110026024,324.79135,513.7166,0.11466217,490.09903,137.77466,0.33323863,405.26318,134.07417,0.15424742,469.73914,142.56056,0.15472047,503.23785,88.3254,0.10571928
1039,389.0134,128.31827,0.27343515,393.51123,133.85757,0.2554531,515.6915,84.59746,0.15059608,394.79724,142.1748,0.22990032,399.4987,148.52661,0.12609509,405.4991,137.65172,0.108335,401.90915,162.15485,0.08666342,490.0696,137.711,0.3414237,405.22427,134.45384,0.15164357,469.67255,142.62126,0.15979739,503.35635,88.68981,0.11904487
1040,389.19534,128.60695,0.25698352,394.05145,133.97847,0.22907345,515.1086,84.95052,0.14646354,394.50885,142.11627,0.18623397,399.7295,148.50177,0.10254492,405.79123,136.96272,0.10863953,332.40378,513.2886,0.11557173,489.51056,138.1515,0.32598284,405.3066,134.0834,0.1427775,469.66702,142.76086,0.1612711,503.74625,88.857574,0.1014766
1041,388.80237,128.85825,0.2459322,394.35132,133.9889,0.21563321,515.00946,85.50388,0.14316127,394.2913,142.20206,0.15625052,487.7271,93.15211,0.090741925,348.90652,493.63763,0.12137624,333.0954,513.6389,0.17886022,489.10382,138.276,0.3016537,438.84894,166.06602,0.13134904,470.0339,143.06581,0.15082303,504.1587,89.11786,0.08822696
1042,380.95856,125.74589,0.2482901,393.94778,134.4668,0.20768426,514.7963,85.65791,0.13822931,394.51587,143.0487,0.1425658,487.73096,92.92773,0.08978146,349.9871,493.7647,0.14058155,333.15146,513.21796,0.16597629,488.60114,138.63637,0.29558694,484.92093,109.732285,0.12920374,469.8416,143.36708,0.1435986,478.6078,93.28245,0.08142964
1043,380.3967,126.2789,0.26737887,393.34277,134.88376,0.20782453,514.68304,85.36263,0.14715305,393.57434,159.11266,0.14817257,322.21182,307.4586,0.097310804,350.55103,494.6751,0.16241337,333.43814,513.3701,0.18895558,488.19803,139.16544,0.29032093,484.49054,109.810425,0.1307949,457.47537,143.43144,0.13485435,478.89752,93.45531,0.06204121
1044,380.88968,126.55848,0.27886623,393.74158,134.8255,0.21286555,514.23834,86.01814,0.09709994,399.01346,143.24182,0.14660329,322.20697,307.77798,0.10114509,351.53708,496.12253,0.1793193,334.32294,514.44904,0.22983027,394.9162,137.55615,0.28537056,408.2202,163.57974,0.14461191,457.23682,143.95934,0.15717971,374.5535,75.58919,0.050917022
1045,381.02835,126.67288,0.26687884,394.06848,134.6546,0.20356679,501.50113,85.676254,0.11093197,394.325,143.19252,0.13250071,322.05716,307.6949,0.10835995,351.94287,496.06198,0.18127742,334.37735,514.033,0.21670051,394.29803,137.50159,0.26071602,408.2879,164.26642,0.15694432,457.69376,144.08821,0.14945565,468.43015,94.53594,0.054216556
1046,387.6996,130.43672,0.23992725,380.12247,135.4841,0.15928286,514.26715,84.60005,0.11074,412.99942,188.82106,0.11165299,493.90375,87.21065,0.10665697,357.4289,497.1259,0.2289035,350.65298,514.7589,0.28720608,315.77493,283.53802,0.24676795,370.6338,478.00272,0.15306613,467.04214,144.22221,0.15766339,468.26486,94.242805,0.065790616
1047,387.40103,130.79198,0.24493673,380.11472,135.41322,0.15851688,514.8326,84.06721,0.10622109,397.37747,134.50082,0.11907191,494.04776,87.366806,0.11662483,358.20605,497.88565,0.22988589,351.31998,515.24207,0.30034974,394.90393,136.64397,0.20480584,370.9835,478.0017,0.1640428,466.7513,144.21693,0.15111424,344.21558,328.4269,0.052795332
1048,386.48657,130.72806,0.26139256,477.3387,136.99039,0.18096234,305.95175,285.02576,0.10682835,396.99084,135.32654,0.1198316,493.5686,87.0602,0.1103544,357.32602,497.5017,0.21885204,344.69543,515.8171,0.29846612,394.53613,137.07845,0.24745815,407.07596,165.00047,0.16459842,456.41357,144.8593,0.17334117,344.4977,328.49725,0.047991455
1049,386.61145,130.63835,0.27227905,379.60123,135.59953,0.19557247,501.95328,85.345116,0.1124207,397.45612,135.08818,0.122549154,475.85437,94.444824,0.1048139,355.30368,495.97192,0.19313307,342.43338,515.2452,0.29223025,393.93976,136.79309,0.2208357,403.51505,163.00905,0.14341773,458.22302,144.90927,0.16078392,498.64316,81.41762,0.040465545
1050,379.4949,128.28029,0.26266477,379.0885,135.54929,0.20296445,304.68637,285.3392,0.13496427,396.0673,142.89008,0.11781138,475.33084,95.07416,0.10192998,355.08957,495.86053,0.19132829,343.13324,514.7905,0.27995074,391.7082,137.3251,0.21709926,325.02057,305.92767,0.1517344,464.98227,144.38437,0.15669496,498.3159,81.94622,0.06356372
1051,379.91678,128.28043,0.24359274,379.07956,135.11719,0.20527214,500.21762,86.21936,0.09332553,348.68658,237.44469,0.1191634,482.22342,163.09819,0.095297985,350.77817,496.19907,0.17087477,334.4441,514.51013,0.26564658,478.60043,140.22734,0.25938022,388.47617,139.57318,0.13291752,463.83264,144.14633,0.16088893,499.43518,79.290726,0.055677027
1052,373.2149,129.52425,0.26651186,377.93124,135.52365,0.24025181,276.74933,291.3528,0.0823823,347.40866,236.83038,0.12830967,482.3265,163.79161,0.08810595,335.92267,506.18878,0.16222617,326.8954,515.3818,0.27173385,388.41434,134.15388,0.24502972,390.06934,134.86134,0.14318512,454.28708,145.3132,0.17201188,499.67435,78.62778,0.05871642
1053,377.57,128.5011,0.2536193,377.4214,134.85524,0.21631926,382.73233,144.41092,0.08702738,459.914,140.99957,0.15253311,384.03412,148.48448,0.09362969,334.33948,506.62698,0.15660734,325.40433,515.44226,0.26039124,387.72125,132.40009,0.24858965,393.02313,162.48524,0.13763827,455.34497,144.145,0.15180202,500.4073,76.54036,0.043828808
1054,364.36105,126.71069,0.2414356,459.37888,137.64801,0.19991696,382.09882,145.01491,0.07915177,460.60928,137.95149,0.14295979,385.47632,163.62828,0.09017799,336.056,508.00195,0.21840918,326.8611,517.58026,0.37100556,378.31094,137.77448,0.2651168,392.14398,163.9608,0.1457744,440.63293,143.6982,0.15624072,304.92484,489.201,0.046832222
1055,364.09607,127.30301,0.24414384,461.0555,136.04439,0.19282809,290.2105,285.3468,0.10824182,380.91586,134.86526,0.11602999,290.78192,307.01077,0.09703596,335.31628,508.98807,0.20709138,325.38132,519.02545,0.36035657,378.04935,136.67862,0.21920688,391.55316,165.05156,0.15445536,441.41638,143.67813,0.16140875,302.8217,489.57986,0.039686654
1056,370.7448,130.70828,0.23148477,461.1946,136.17929,0.1874115,289.13312,285.4077,0.14227553,451.76334,86.04398,0.11599962,451.88815,94.63351,0.0987766,335.99872,509.43298,0.17802219,326.0539,519.4507,0.34501994,375.8258,136.7445,0.18811004,461.51828,130.71909,0.13764094,449.5969,144.17218,0.15552144,302.51074,489.73688,0.045060944
1057,358.42694,129.4747,0.23986953,362.8499,134.92175,0.21990581,485.88483,88.80825,0.115226455,367.4816,142.199,0.14083529,465.96057,163.295,0.10505447,320.17508,508.9412,0.13717577,310.4514,518.70605,0.28270966,371.5669,133.22556,0.20663014,374.01245,134.14798,0.15427506,447.6017,143.6819,0.16096511,479.8146,92.64105,0.044208385
1058,362.26813,127.8835,0.22968203,437.39825,127.862144,0.22582588,483.19052,87.91385,0.08504571,444.07983,140.84128,0.16583624,466.43787,164.21239,0.08546343,319.007,508.77597,0.18848269,309.59555,518.8123,0.34443682,371.24457,131.03998,0.23541974,449.21564,133.08406,0.15565744,425.73267,141.78918,0.14517343,566.82983,86.45986,0.028963586
1059,355.12387,130.15387,0.21649966,444.78983,124.36374,0.24804288,469.63214,104.42723,0.11580827,444.64987,141.26025,0.14704792,402.15915,211.01155,0.09297991,317.1146,507.12445,0.12737142,308.12732,515.10724,0.22462411,456.51324,138.65982,0.27716005,450.34714,141.689,0.13989569,424.2967,143.31236,0.14995995,463.67093,95.815865,0.09901571
1060,354.21548,131.12544,0.22481064,444.72012,135.5664,0.2343863,273.59216,285.9392,0.1211878,445.03656,143.26697,0.12591116,450.33615,162.94505,0.1054749,316.0579,507.17175,0.09541435,307.30005,515.54193,0.22840856,452.92496,139.1805,0.18945998,447.44534,130.93443,0.14810754,432.0649,143.27075,0.16238146,463.93512,94.3365,0.10558535
1061,443.81018,119.70828,0.24066174,427.09644,135.23726,0.23864219,446.1236,130.13348,0.14035386,428.80475,141.41403,0.16232577,449.9805,163.2579,0.101244956,357.43994,137.59729,0.09253466,305.90884,515.6191,0.18753706,447.70703,139.0361,0.2250983,434.68982,142.746,0.15211879,431.0627,143.32675,0.1438192,442.7356,118.88144,0.033181455
1062,339.4543,130.3979,0.22298817,420.401,128.34552,0.18856268,453.60046,104.70285,0.098210044,428.5381,141.65002,0.17266557,450.55066,164.77274,0.10249506,302.30252,509.39133,0.17136522,293.14276,519.3023,0.23706791,442.94162,139.7313,0.2349657,433.96677,142.8415,0.15400128,408.89117,143.27295,0.14254542,449.1369,95.15113,0.08949161
1063,430.4139,122.8085,0.20670192,428.1266,130.05402,0.21866387,258.41867,286.40945,0.12282788,413.5891,142.71286,0.12426167,434.82065,163.09772,0.09617112,301.17932,509.32074,0.13013594,292.24832,519.5621,0.21639958,437.30472,138.98819,0.19071865,433.492,142.42569,0.14864834,413.22037,143.20024,0.17003855,447.90674,94.7663,0.1759357
1064,330.58136,128.8194,0.21311471,404.56122,141.52806,0.2265915,453.31348,88.08987,0.11320028,329.02902,159.1151,0.1595388,434.41138,164.0058,0.10450424,533.37177,118.62591,0.103881046,289.91193,518.0861,0.17259362,331.29456,137.6226,0.22763969,527.5232,128.79645,0.15548502,415.26672,145.38286,0.16151078,448.55884,92.002525,0.061237406
1065,316.0416,128.92876,0.23921107,412.89294,121.890144,0.18983135,453.58585,87.615746,0.12185621,314.64166,149.50255,0.15187782,434.9249,164.75243,0.10652802,284.44122,509.66754,0.11056351,498.3319,87.89964,0.20815443,326.86807,139.38931,0.26403964,520.55524,131.45717,0.16885011,403.34805,145.05318,0.14445192,432.90323,95.44061,0.17191574
1066,314.85242,129.32643,0.20667882,395.60083,136.26653,0.19352467,452.7472,87.04332,0.13951814,313.57935,150.58548,0.16652814,418.06927,163.34325,0.12181205,277.48477,516.3571,0.112234935,274.09497,526.5365,0.19072334,324.23218,132.84332,0.22371906,516.0465,130.54077,0.17832975,399.44342,146.5994,0.15811135,431.53952,92.6342,0.20461807
1067,305.98126,130.97997,0.21795747,395.71625,136.72018,0.24077001,439.25278,87.09388,0.14258802,396.36075,142.49507,0.15671058,417.96442,164.74913,0.13226905,503.1831,137.79955,0.09244697,484.90158,88.46966,0.11694662,311.34048,139.01665,0.301161,423.65903,163.06961,0.1747954,398.14053,148.02782,0.152921,417.11057,95.14105,0.2338608
1068,299.60028,129.58742,0.18747132,397.54086,139.01836,0.15710582,488.15958,84.923195,0.12358788,490.86374,149.80272,0.15459293,401.77795,162.96501,0.11733868,501.24637,147.25883,0.10205491,483.89636,86.74343,0.16976084,301.82263,139.99806,0.2337516,502.50266,131.28473,0.2038247,383.97165,146.9805,0.14718233,416.3469,92.9673,0.26416796
1069,284.43118,129.31886,0.19400184,371.56433,143.27051,0.19434065,289.92502,143.29243,0.11596694,380.0374,143.04541,0.15103726,401.74973,164.0953,0.11216671,501.91327,119.86811,0.123612575,470.2402,89.62553,0.10867157,295.20273,140.90762,0.36046174,496.38135,127.62126,0.194642,198.24928,298.42905,0.15535372,401.90744,96.015785,0.20034419
1070,469.32138,145.07578,0.16701335,307.57956,190.5394,0.15627074,286.79166,143.24524,0.11306328,281.4762,152.23,0.1494945,480.027,162.83633,0.11685354,391.93454,150.98882,0.0863573,455.82892,149.72127,0.11354001,285.34018,140.00728,0.22381316,485.73538,134.85345,0.18999398,369.15363,146.87202,0.13819999,401.1786,93.787025,0.26730177
1071,467.64914,146.20607,0.17844486,253.47383,243.16037,0.17627634,273.9914,143.9132,0.13708895,467.50943,157.64398,0.16497867,472.78506,163.81714,0.09492315,486.2566,119.13733,0.12680647,456.00464,149.62698,0.09925911,279.381,141.25049,0.26475003,480.0069,128.81105,0.18962698,302.8374,208.27791,0.14222433,385.36832,96.54469,0.23099977
1072,453.69727,146.14366,0.16589504,347.34433,148.78745,0.15334494,407.96558,98.3257,0.12928836,459.47052,151.1945,0.14659458,368.83243,163.30379,0.10374297,470.11008,137.2952,0.07854887,465.2642,151.50578,0.114324495,268.65857,140.95781,0.22674556,469.61676,135.09215,0.17632154,351.93982,149.11873,0.1566951,385.02005,94.39541,0.2590714
1073,452.08496,147.54605,0.1688331,349.88855,147.8043,0.14362954,451.3393,85.11968,0.10351348,451.51428,157.98502,0.14649978,457.04495,69.65458,0.0953551,468.94684,133.4937,0.09436173,438.41748,89.255554,0.10795374,364.46768,144.31314,0.25587156,462.2022,141.76553,0.15974115,339.1857,148.7841,0.17271349,368.6806,97.1149,0.23448227
1074,438.66714,146.2849,0.19489108,325.18524,143.27225,0.20447715,389.78076,98.51745,0.16003457,443.6034,157.77084,0.17436306,448.04776,163.62012,0.12746342,379.21237,208.54115,0.10261931,354.7801,149.54451,0.11479938,250.5656,142.71939,0.24062106,453.61313,136.20415,0.17312877,334.2961,149.83931,0.15514587,366.8985,95.08622,0.21131593
1075,434.67654,146.09354,0.18552643,204.86812,245.91768,0.139169,375.0073,98.77587,0.098927826,435.19666,158.97711,0.17536674,434.867,165.28885,0.11616121,451.55643,133.75356,0.10243773,209.52318,534.8027,0.14910987,441.0305,143.78969,0.2762113,446.2988,144.4535,0.15108353,316.52948,158.16716,0.16881125,353.53604,97.40523,0.21469538
1076,420.3156,145.91457,0.20719637,412.8085,152.51715,0.17689082,146.96796,301.56674,0.101609476,426.14157,158.29845,0.1589452,431.4353,164.09752,0.13303116,210.72643,523.60803,0.10382549,408.39462,149.9624,0.14107893,433.26505,144.01776,0.23620564,433.67322,146.71259,0.15766308,179.25714,348.67856,0.1304472,339.99777,97.8467,0.0896922
1077,211.71317,144.71825,0.1734185,339.22845,188.25111,0.13639887,210.71275,144.50638,0.1358492,417.10236,156.84102,0.26067328,418.14917,165.06293,0.18483838,435.7062,132.93468,0.10871577,323.55063,149.16707,0.13406077,422.7893,143.47472,0.24347778,423.5655,148.86783,0.18232688,295.50046,159.68115,0.17858033,335.62943,105.64754,0.13402504
1078,308.10516,147.67093,0.18735449,302.40054,151.9494,0.18067731,354.69666,100.71318,0.11603434,402.3353,157.89204,0.21601981,403.87357,166.70897,0.15014641,421.3806,134.48083,0.115835175,392.40765,151.22388,0.12627862,385.04373,249.84233,0.23881902,415.5499,145.66718,0.17204708,288.69034,152.63777,0.173086,345.01685,101.23864,0.1059587
1079,389.18906,147.67245,0.20292805,381.49246,153.60503,0.17610864,191.44774,144.49945,0.089831606,394.6963,157.95361,0.23617606,399.9218,164.96356,0.17400719,405.81854,163.67273,0.13303727,376.33807,150.84874,0.13424817,403.04633,146.88599,0.26517344,405.33047,148.30531,0.23049238,258.98837,252.74231,0.14306499,328.6672,101.208626,0.11863159
1080,380.75748,144.45525,0.20581612,378.5552,153.56407,0.17181098,388.27777,85.29257,0.12416713,384.56317,158.96637,0.3256336,386.7343,167.12634,0.21068905,405.3801,133.9364,0.123409435,386.9069,82.70296,0.13048825,388.23068,158.08582,0.35935405,390.493,153.01201,0.23981896,358.59766,164.86996,0.16241491,306.7207,106.86181,0.114015564
1081,369.57455,149.48682,0.23270445,365.7788,154.49399,0.16264547,339.69333,166.15985,0.084422894,370.95175,159.64961,0.22209294,380.3551,164.69066,0.1465022,389.87088,135.6727,0.13106926,365.41626,102.04256,0.12931672,374.9826,157.01663,0.30077842,373.6085,152.53857,0.21339697,303.9489,211.53136,0.1448303,365.45703,92.65014,0.14575066
1082,350.60925,157.22835,0.23966579,350.78622,165.64049,0.21919028,307.7103,112.33607,0.08270154,362.70105,166.89832,0.287999,365.77948,178.63773,0.18407872,373.0877,96.25394,0.16218078,367.94122,168.23505,0.13658115,365.69083,161.07507,0.38048,370.96628,148.72751,0.2541235,240.94116,160.8463,0.15889208,337.50543,97.374664,0.13025679
1083,335.8885,158.5528,0.22645853,334.1309,167.84473,0.19778307,330.5261,242.16815,0.07854237,347.5115,173.66121,0.29397,351.9176,180.00903,0.16111039,360.82526,94.609024,0.1709304,350.60983,103.853065,0.17170455,333.89532,255.23914,0.3050344,356.7879,152.85938,0.21403818,274.29053,213.19713,0.14128017,337.86633,80.743034,0.13558783
1084,337.63058,150.99762,0.21275625,268.4752,211.46448,0.17906451,356.4433,79.87089,0.08909838,337.94357,173.51831,0.23799649,352.40585,81.48452,0.18146418,351.56705,95.148415,0.17517473,341.64008,103.45031,0.22035842,341.62936,162.04556,0.24188352,343.6509,153.68379,0.1692323,150.10027,223.56345,0.15551265,330.84842,89.94125,0.13356806
1085,316.78464,159.57101,0.23356107,328.13834,165.33806,0.16334036,222.09825,163.18744,0.07578588,322.91092,174.7699,0.32869416,323.54175,183.06946,0.20858653,340.3884,113.05636,0.23009278,312.78342,170.83047,0.12417872,330.9328,162.82565,0.32579207,339.68222,133.40231,0.1728348,198.84941,174.22949,0.17833611,317.21826,94.56528,0.14221697
1086,305.70743,164.96208,0.2546752,301.3,171.22968,0.23324178,339.30408,74.32969,0.12016342,311.2407,177.09332,0.26608846,329.67883,338.1129,0.23559329,325.918,114.84566,0.20390198,324.2536,350.83932,0.3142235,295.23978,266.85706,0.37887228,326.07068,142.05406,0.20850606,273.36328,266.2372,0.18048456,319.58612,331.604,0.23315434
1087,289.5926,166.31116,0.24708521,285.3298,171.83783,0.23014517,171.01419,271.77127,0.09197114,321.09464,324.36252,0.30336002,319.2604,341.16132,0.30060548,324.2578,351.4778,0.2240744,315.21863,359.92645,0.29595685,299.032,176.19785,0.39024454,305.1886,164.41553,0.2205136,105.09936,236.30655,0.15838431,289.30215,96.9476,0.15041046
1088,277.2301,176.9869,0.2612392,270.6843,183.68935,0.21446125,268.8874,270.6161,0.10286849,314.23187,326.67072,0.32582554,315.30026,342.7694,0.34399757,316.16473,351.138,0.28030533,309.28595,355.9958,0.4198326,269.87137,272.25827,0.39396274,289.55496,167.62419,0.22392526,208.14781,239.61382,0.16144447,301.9902,337.43445,0.18819392
1089,261.75543,178.59686,0.23850492,255.08844,185.20522,0.20058848,253.81815,269.41638,0.13991494,305.69513,325.28476,0.3890833,303.0533,343.30554,0.38588414,308.3605,354.97714,0.3107882,300.8848,363.7755,0.38193837,252.0671,280.27704,0.38043785,276.04947,178.45435,0.18713251,243.26898,195.06332,0.18565641,266.8029,105.287766,0.1903533
1090,244.28455,180.77089,0.24605231,238.38187,187.50505,0.23714404,238.99635,272.53296,0.16406323,300.5959,326.88934,0.392109,301.03473,346.68945,0.4999602,298.93582,357.80978,0.39187604,292.11975,367.1403,0.5276779,238.84146,284.89648,0.46223572,260.9541,182.68604,0.22983226,123.169304,191.31483,0.16490701,283.27725,345.6454,0.23551127
1091,227.64046,181.9065,0.24281088,222.18799,188.3099,0.20310566,295.47345,328.50247,0.12046614,290.5548,333.8789,0.40364936,283.8134,353.99225,0.4312683,288.29218,359.16187,0.45633382,282.20276,369.69336,0.5709468,241.35829,192.55434,0.35044664,245.14812,184.73615,0.21933796,161.58438,244.74106,0.14848904,272.80756,348.21616,0.22633271
1092,208.1002,191.0019,0.28172818,207.70155,201.18369,0.24860913,290.31577,330.16815,0.23554079,285.23392,339.8224,0.3915808,281.91553,356.0528,0.42226633,283.15604,359.73563,0.3555578,274.2074,371.19333,0.48348644,227.942,196.07404,0.3751553,228.26932,206.09544,0.23947181,144.97156,246.56949,0.16802949,268.54245,348.4237,0.21900535
1093,192.7157,191.71367,0.23543951,191.65688,202.40034,0.22548503,277.89386,331.43652,0.24687155,272.19217,341.27127,0.45637769,267.14832,356.79013,0.46505013,270.699,360.92636,0.3771636,264.6279,372.26437,0.50293916,190.9965,300.0899,0.3388217,213.71924,197.88509,0.22354722,177.37517,213.63826,0.19075868,257.08478,348.47177,0.22479887
1094,180.10983,196.8409,0.27488953,178.21283,209.65282,0.23984303,272.0637,331.2462,0.21433425,268.39575,340.43298,0.4692626,264.9114,357.42432,0.5196067,266.18713,366.2471,0.3207377,256.68,373.8058,0.48264396,177.00183,303.94876,0.44569466,196.42134,201.58199,0.239756,147.89812,298.22144,0.1707381,251.23929,349.90115,0.19135483
1095,162.8411,199.15329,0.27284536,145.15384,307.23843,0.23135595,261.55637,333.3798,0.2242208,255.18034,342.20853,0.5340691,254.73918,361.61475,0.49859962,254.60886,368.2008,0.3766491,247.34303,376.1187,0.45606053,177.69272,210.15744,0.36535943,180.40837,223.0151,0.1990952,95.854324,368.9633,0.20159504,239.84708,352.24963,0.21607015
1096,143.71017,206.24612,0.28979275,112.76298,396.12735,0.25674096,141.98363,302.62396,0.21587898,249.12712,346.18777,0.43403205,247.95963,360.79224,0.44127044,247.5193,371.0353,0.3369602,235.88,384.3911,0.4141928,161.43054,212.23103,0.36060458,251.77284,362.06454,0.1902728,128.55786,228.51155,0.21641049,229.46153,358.73218,0.18857265
1097,127.32779,206.68166,0.2879966,100.72071,317.68054,0.26763982,243.84326,338.43207,0.2765809,239.15456,348.4068,0.5155493,238.65816,367.0436,0.42176262,235.26474,372.38718,0.31713626,227.17834,382.78006,0.45677173,127.663155,318.4302,0.44907898,245.92802,370.73026,0.20699935,112.18179,230.50746,0.23230168,169.60991,70.96123,0.43296054
1098,111.179474,207.49358,0.30408156,101.297295,225.59154,0.27445054,232.38278,345.74283,0.31013113,226.29135,357.96793,0.40431285,218.57074,371.5913,0.4166631,223.633,374.61826,0.34893385,215.91194,387.0993,0.48225966,124.555534,222.38184,0.48147613,233.8487,373.78763,0.19034687,96.570114,232.569,0.21207878,152.95906,73.242035,0.48987687
1099,73.9229,310.95486,0.27062035,65.445404,319.79745,0.29443386,224.89687,346.5459,0.28968072,219.39288,355.744,0.3755873,211.86803,373.57568,0.3773691,216.38792,382.61902,0.27420092,206.19229,386.73724,0.3837338,106.9473,226.88455,0.49617857,49.708122,383.71286,0.22339265,68.9736,243.3343,0.2723858,134.24838,74.95662,0.39899644
1100,57.9864,314.97318,0.31135428,50.760147,332.8279,0.383483,214.13947,351.1175,0.35766143,207.55957,360.99548,0.33305547,199.92528,372.5864,0.32047886,205.17923,380.21725,0.24818422,195.20447,385.60562,0.43721068,74.92861,331.56076,0.52985835,149.96216,409.07983,0.22397712,2.8608398,287.65442,0.2138832,119.032974,78.30239,0.34299475
1101,41.977108,317.94366,0.30215433,32.724796,334.33835,0.30968794,206.14494,352.25406,0.272418,163.99818,112.71461,0.37958935,166.57384,124.480804,0.34276807,196.32108,384.52917,0.22123922,185.0285,390.7274,0.34820828,58.466465,333.71036,0.48206064,70.17835,232.95071,0.22680026,38.3525,257.33176,0.19847271,81.0706,73.09123,0.21981297
1102,170.41052,356.79788,0.2657867,19.429985,341.58817,0.28425625,195.27542,355.79715,0.31444606,149.28253,116.03065,0.39230418,150.89557,131.40831,0.32188314,185.42392,385.50256,0.2083801,174.69424,391.88046,0.2691424,29.717978,430.00412,0.42685935,125.45315,415.0062,0.24073139,45.584435,349.01486,0.22794026,102.96455,187.89493,0.25938368
1103,165.61234,357.80084,0.29275614,14.090105,250.44719,0.22147776,15.302548,336.77704,0.40379646,26.938437,261.07016,0.37256646,135.00214,136.05655,0.339299,362.41275,104.426765,0.27081415,162.1707,397.48047,0.34186497,29.601519,258.17203,0.4026151,379.35464,81.74615,0.30387193,3.106741,350.72006,0.2424187,86.72217,189.53998,0.3773419
1104,149.03856,359.84967,0.3681115,123.68236,120.118034,0.20363213,167.91687,366.312,0.39092818,117.74374,125.61287,0.36177117,119.90214,137.14008,0.38800436,300.86078,223.44106,0.36425453,356.79062,118.430954,0.2265472,169.2185,366.70187,0.30589646,368.43118,84.167656,0.3023375,91.01299,414.56784,0.20229033,68.01108,192.44133,0.36943284
1105,139.86093,354.43884,0.3084934,106.565506,123.29681,0.25129044,159.63483,359.59485,0.3277034,101.099884,128.07164,0.4385615,103.695366,141.17268,0.36904854,287.48398,223.75612,0.38406155,344.35004,123.31649,0.30950958,156.38083,372.80576,0.2895652,358.2221,83.006966,0.31846243,97.73782,133.19238,0.19763902,32.26757,88.90589,0.32325807
1106,122.47338,364.86563,0.3223037,90.38244,125.40117,0.24047466,145.64279,367.1126,0.5008154,84.16249,128.83727,0.43494877,87.375206,142.50403,0.3490155,337.00598,115.441284,0.37624437,339.20102,128.41296,0.31858826,143.40034,375.77106,0.35423908,351.65982,91.71775,0.33095795,80.87799,135.61682,0.17163292,29.06711,200.70407,0.46137643
1107,108.22643,367.42566,0.316536,75.96744,133.0741,0.24981831,133.14708,371.34967,0.43995702,66.66274,132.22978,0.41316622,66.05311,148.6495,0.3010119,326.62772,118.1025,0.45824644,326.57327,130.52466,0.40494776,129.94493,377.851,0.3625036,340.96814,89.30373,0.4175294,65.58791,138.26656,0.17702013,11.725838,205.69225,0.4587906
1108,98.299904,371.25314,0.32592118,60.58976,135.77173,0.28283745,119.90671,375.7505,0.35507134,50.25187,142.63065,0.3542131,50.214943,155.64095,0.27087265,311.77628,119.21697,0.44057825,310.2521,130.76291,0.38393754,118.41278,380.79,0.3974771,327.37326,89.71104,0.44193384,312.46286,94.109924,0.14071944,3.7182207,207.56984,0.30628586
1109,86.20044,375.37265,0.22314315,49.973698,148.78503,0.22096041,106.27904,377.52148,0.36706606,107.18093,381.07736,0.2560924,105.308,392.62775,0.17939617,301.7446,123.353195,0.4381049,296.32086,134.03212,0.37926543,104.37905,379.13864,0.37351274,314.63113,91.683754,0.46920353,32.00428,145.55887,0.14619784,78.97827,394.13065,0.39482495
1110,69.55345,376.5632,0.26024416,16.220867,148.41939,0.2169831,90.46294,378.84528,0.4301597,90.97827,384.14148,0.25919443,87.04721,389.81818,0.16951375,285.46722,124.350624,0.43631947,71.294106,409.8393,0.40853602,85.90414,389.14902,0.29958507,298.95764,92.45618,0.4853037,5.668747,145.5223,0.19648395,69.759056,392.53934,0.3054773
1111,54.824776,380.29272,0.23182459,62.102882,125.670334,0.095398374,80.00821,375.26572,0.48131418,194.1992,580.6878,0.269969,194.36177,593.87823,0.20914775,32.099556,174.8985,0.47198784,273.47995,136.51732,0.34747633,74.12166,387.99115,0.3916592,286.28455,98.210335,0.43838423,260.76312,98.49476,0.10547431,55.997383,393.70654,0.28696808
1112,38.221886,386.6135,0.21567327,145.19058,298.28195,0.087057464,65.70512,378.7124,0.48229185,18.346727,147.89453,0.22125429,22.420433,152.24352,0.26404205,14.088851,176.31194,0.43024805,256.2513,137.35387,0.3205059,59.62009,389.8694,0.37283987,270.86978,99.29227,0.42185172,27.79555,155.63496,0.11920806,40.865284,396.39093,0.32102847
1113,22.052776,388.83163,0.21159461,34.62998,281.13504,0.09788442,45.203407,385.06216,0.3987848,163.91965,581.5574,0.41570756,170.09209,595.29645,0.23570098,244.58945,130.96143,0.39146185,245.25735,144.62323,0.30963978,42.05576,393.35486,0.41257727,256.79196,101.57024,0.3935452,248.09238,109.25441,0.1664549,24.223078,400.1265,0.32072592
1114,104.25944,392.96204,0.20871429,5.7261443,409.07324,0.15744177,119.25202,402.47162,0.41667148,148.32544,581.7831,0.5268875,153.1528,595.58276,0.36715707,228.00587,130.69984,0.37131035,228.50691,143.79025,0.27481923,29.9617,393.0439,0.32651147,242.67854,104.028946,0.3508044,233.44597,109.0578,0.17802517,5.4043446,403.10718,0.32027146
1115,0.46276808,393.17114,0.093305424,111.13846,289.6728,0.07283321,103.15085,410.59268,0.31938407,128.61285,577.748,0.36564723,132.96835,589.9049,0.29429787,211.9478,131.5384,0.3713443,213.0928,144.00566,0.32619268,209.26076,113.7946,0.29119682,224.85094,105.7017,0.37536275,219.34514,109.4684,0.20521359,4.067672,127.20044,0.54046357
1116,75.68302,406.39514,0.20502113,74.2632,417.3419,0.13019864,85.400345,416.26404,0.44587448,111.31342,577.87213,0.4368816,116.02834,593.69,0.40620187,189.26363,134.8199,0.34014428,186.25394,147.21033,0.331454,190.18643,116.20721,0.32380724,236.61116,244.34943,0.5018579,206.97356,112.49761,0.16102235,32.50168,385.75995,0.28373563
1117,56.245,410.2908,0.1429272,59.523975,296.79428,0.08517716,70.848404,419.97208,0.40940395,95.692505,578.00903,0.30428278,98.72111,592.90155,0.28788212,175.81151,138.08318,0.37564182,169.82118,150.87178,0.3430595,175.30585,118.3308,0.3430626,221.89482,246.68562,0.61003405,161.58696,113.08665,0.1981674,93.02172,95.73833,0.1965727
1118,22.940592,409.9401,0.07892636,50.22014,304.34457,0.09813937,45.701866,416.23856,0.18715885,77.09784,577.1764,0.21493006,223.50328,216.70901,0.25833502,39.007366,324.87155,0.41238844,37.329056,339.28467,0.3577978,157.61453,118.43843,0.3482651,206.48116,246.8128,0.5617042,146.38501,114.01182,0.16935228,39.402473,421.7005,0.33509025
1119,71.86356,86.23909,0.06903171,62.807564,596.8007,0.08790511,141.39703,102.69428,0.0958129,51.45275,573.6116,0.3844952,57.720886,591.0168,0.33347723,134.33908,139.58594,0.41082513,131.2945,150.38695,0.37525064,137.71901,116.788994,0.31334794,193.61897,248.80019,0.62039894,114.21799,113.52036,0.1978882,62.463573,93.03076,0.25542423
1120,18.167015,374.6978,0.06812104,16.72651,589.88495,0.105020165,124.841095,104.07053,0.111798786,39.942753,578.46185,0.27230522,191.04184,217.64984,0.3130599,114.47252,141.93274,0.39144397,116.39982,152.76611,0.331775,118.13066,121.509544,0.29929575,177.24217,243.04855,0.6475831,74.32746,111.84279,0.17863801,45.88176,88.84315,0.43826652
1121,20.95259,289.37186,0.10106934,14.207474,297.3101,0.12054438,106.39549,105.406425,0.1113058,17.187605,579.7712,0.3658436,20.919743,594.92035,0.39131844,96.071236,143.94167,0.44930196,88.95486,153.88004,0.37784,99.238625,120.90233,0.35157225,161.13216,242.34105,0.638368,40.40246,111.75083,0.1668031,2.3883567,593.5062,0.21062863
1122,58.498535,101.295456,0.06749013,25.443932,117.78186,0.111929215,24.346775,98.502235,0.10961152,151.89667,206.52011,0.33957663,152.24933,225.98613,0.39345828,76.561584,142.0805,0.39764962,70.86654,152.30032,0.3315668,80.544975,120.06991,0.3679004,144.80702,245.54974,0.6215183,32.243217,118.37863,0.17946336,-3.9936085,108.805016,0.54874605
1123,69.42658,112.2496,0.049023796,70.71115,124.1248,0.081273206,63.05742,104.32207,0.120866865,135.09186,208.00072,0.37676305,134.884,227.12402,0.40793407,61.350266,141.0112,0.35068694,56.726723,150.1399,0.33501723,56.831116,119.74839,0.35268468,129.40074,246.6283,0.6770204,30.672535,115.71084,0.18745948,-5.4000435,110.55862,0.50730246
1124,45.589485,112.425354,0.113638476,71.369,263.95892,0.08581336,45.892654,105.011185,0.1140251,117.52577,209.75807,0.3724075,118.446785,224.07729,0.37964278,91.60543,274.13776,0.29989338,40.410583,149.07512,0.28205094,38.41321,118.23763,0.54781574,108.646355,247.69743,0.66024905,35.567513,116.423355,0.18417838,-8.789377,111.41327,0.46807128
1125,36.243954,116.47954,0.17114833,39.32659,126.90368,0.0743428,25.258604,100.54732,0.14033474,101.382065,208.7311,0.39760208,101.937614,223.44826,0.43144876,29.073254,131.81018,0.25979245,19.549269,134.90575,0.25299117,23.115131,117.33907,0.61025727,93.055916,246.34468,0.6598475,26.052261,44.725883,0.15699865,18.301817,48.64272,0.5286333
1126,20.178356,132.52913,0.07748238,14.200077,137.0346,0.061529867,65.3895,238.58418,0.08808503,80.89268,210.43558,0.2462132,82.30434,221.67122,0.2937799,34.642094,279.73648,0.17005229,10.784912,122.15105,0.19417602,7.277681,112.72704,0.26179358,72.937256,245.43756,0.55248,57.14824,243.87833,0.07234879,4.575279,259.121,0.42258984
1127,49.101555,259.53363,0.06282665,25.878965,260.74966,0.08962004,51.40015,238.3506,0.08632689,61.107487,214.21365,0.25298506,55.910362,236.6631,0.25809968,33.998116,278.32358,0.21959808,39.509827,255.14046,0.18003131,34.12337,259.19467,0.27450255,55.685402,247.17381,0.49334893,20.254736,249.95088,0.09427872,3.7372954,256.84177,0.5127328
1128,18.442299,255.16406,0.07813078,21.791037,260.9946,0.21524504,29.466305,253.0422,0.095281705,33.600327,230.86339,0.12817211,25.014343,250.33214,0.1687089,29.58566,257.50055,0.1605791,22.751986,264.8578,0.22363593,26.577637,255.43497,0.36387476,33.820637,247.19397,0.31092897,3.3447237,250.2414,0.061191592,4.5676613,256.46573,0.51198757
1129,19.896896,597.79016,0.034508444,18.397955,252.1315,0.048507143,4.4053345,244.3689,0.03924486,17.164621,261.59253,0.08126129,34.00165,248.91542,0.046650123,10.420817,240.33679,0.087537706,3.5992975,249.48997,0.09893934,585.1952,593.6105,0.10706908,15.745243,249.71898,0.09596389,14.395212,115.346886,0.023614053,39.977398,230.49533,0.05102351
1130,19.894226,597.9839,0.03793652,459.82074,443.5417,0.030162688,3.633652,228.18922,0.049966373,18.602493,581.1562,0.039748054,585.9613,585.4849,0.047465954,9.838252,223.60167,0.055889927,8.288883,223.8777,0.06761127,585.0164,593.3664,0.11670483,584.65607,592.54645,0.06919982,12.660691,19.900637,0.024887402,40.005775,214.47542,0.048486758
1131,19.919415,598.0286,0.036924575,459.80753,443.50928,0.03186171,17.8503,38.41598,0.03252252,34.023422,21.350723,0.042777218,585.90247,585.475,0.04852226,585.12494,595.0688,0.052678153,9.788891,593.2609,0.045079783,584.9506,593.3229,0.11875624,584.60046,592.524,0.06951574,12.688364,19.879723,0.027553692,598.1973,579.2931,0.032692116
1132,578.5518,597.0446,0.03642031,411.88824,251.0838,0.044606503,17.989002,38.265587,0.032361366,34.191837,21.324757,0.041793022,585.7687,585.42255,0.049947757,584.9615,595.09204,0.05313282,9.907215,593.3006,0.04504322,584.8184,593.28326,0.11880848,584.5372,592.4575,0.07176295,12.580601,19.962564,0.025447585,598.15094,579.3609,0.034133922
1133,19.975054,598.0861,0.036011357,459.88385,443.5393,0.03033975,17.819088,38.50361,0.03868453,33.88372,21.545425,0.0403686,585.8211,585.4606,0.04921756,585.0505,595.0595,0.054351665,9.881622,593.21924,0.044091437,584.88,593.3203,0.11881863,584.5562,592.5362,0.070261516,12.691763,19.858528,0.028730068,598.23206,579.34576,0.032746036
1134,19.925205,598.0681,0.038356908,547.3221,595.9456,0.029437358,17.835316,38.50244,0.039664973,33.82564,21.514935,0.041395124,585.8505,585.488,0.049466867,585.07263,595.072,0.054639503,9.849656,593.2756,0.045638464,584.89105,593.3135,0.11977492,584.58936,592.5904,0.0710126,12.616138,19.93835,0.029320683,598.3284,579.311,0.033501074
1135,19.97708,597.9902,0.035368487,547.2899,595.9167,0.030140406,17.69381,38.64773,0.041840043,33.75871,21.5764,0.04220968,585.8972,585.51953,0.048884574,585.0881,595.1314,0.053581435,9.770111,593.20917,0.043561175,584.9267,593.3703,0.11693559,584.63605,592.6243,0.072473496,12.707543,19.89489,0.030917794,598.35156,579.26044,0.034466643
1136,578.6005,597.0914,0.03439163,363.72247,59.325657,0.04011955,354.22516,59.493065,0.036332417,33.945885,21.374313,0.044808123,585.84705,585.51056,0.049141675,585.07135,595.11975,0.05311537,9.715252,593.2351,0.044786636,584.91644,593.3851,0.11562549,584.65137,592.6196,0.07063528,12.666527,19.897419,0.031082857,598.3005,579.32056,0.036316797
1137,19.876196,598.1395,0.038169503,547.2877,595.96124,0.030419735,17.938845,38.479614,0.034691,18.323864,581.25055,0.044438183,585.8364,585.55096,0.04840262,10.015597,594.9848,0.053424,9.606979,593.208,0.049419686,584.90173,593.3421,0.11847906,584.60693,592.6329,0.06913597,12.586574,19.907173,0.028380752,598.3108,579.30286,0.03464913
1138,19.862303,598.14246,0.0382792,547.24994,595.9694,0.030621478,17.576141,38.830696,0.04228229,33.89491,21.463305,0.044500764,585.87805,585.49945,0.048167642,585.0921,595.0473,0.05457209,9.56296,593.18506,0.04868526,584.9247,593.27094,0.11930677,584.5776,592.60254,0.07009938,12.708492,19.874298,0.033307053,598.3727,579.2201,0.0349222
1139,578.62415,597.02075,0.034922186,387.5315,596.46564,0.029257003,17.525497,38.84647,0.042294834,33.85345,21.516607,0.04535668,585.93646,585.51196,0.048707467,585.1147,595.16986,0.052848693,9.970724,593.35767,0.044443753,584.99493,593.35547,0.11631441,584.7286,592.66,0.070544355,12.710903,19.87561,0.033197545,598.2718,579.26575,0.03508171
1140,578.6973,596.86206,0.032780845,451.28537,603.57916,0.024565134,33.581673,198.81961,0.025491713,34.287514,21.261164,0.04131147,586.1735,585.5221,0.048297115,585.31635,595.0607,0.054156847,10.03613,593.2138,0.0481096,585.1685,593.4603,0.115023784,584.82306,592.70044,0.06960127,29.434261,139.38437,0.022602733,598.34863,579.1444,0.030984111
1141,19.792393,597.93823,0.038540743,411.83676,363.5352,0.036681868,18.997225,348.7231,0.072785355,34.206833,21.30385,0.04283676,585.9829,585.4762,0.048514877,585.1933,595.1765,0.05297683,34.075108,343.32864,0.053474337,585.07336,593.41943,0.11082696,584.7911,592.7539,0.069742486,12.634701,19.94027,0.027096909,598.24225,579.2846,0.03414288
1142,19.834871,598.0398,0.036615957,28.395653,347.5831,0.03283173,19.600628,341.18384,0.08999216,18.514317,581.28143,0.04066626,585.8287,585.45294,0.048758514,585.0613,595.0955,0.051816624,34.04765,343.3332,0.04811468,584.88824,593.33234,0.11468144,584.5525,592.60333,0.06973946,12.678688,19.950647,0.028307721,598.29895,579.40045,0.03678988
1143,19.794855,597.9812,0.038511224,451.4748,596.34766,0.030055303,18.936523,348.94116,0.06593435,34.031185,21.371927,0.042014234,585.7935,585.4554,0.05021147,585.046,595.1125,0.05200891,9.71625,593.35016,0.045876216,584.87225,593.3604,0.1151317,584.5695,592.60474,0.07110745,12.71587,19.9721,0.030553509,598.241,579.44446,0.03823679
1144,19.798664,597.90247,0.038610946,547.2416,595.84485,0.032234166,17.780779,38.439606,0.037667874,33.835064,21.486633,0.04170095,585.7569,585.36926,0.05000594,584.94305,595.0617,0.052969035,9.7142515,593.4021,0.04579246,584.76227,593.25745,0.12094371,584.3981,592.45575,0.07326094,12.709903,19.866577,0.029683042,598.3773,579.3182,0.03645213
1145,19.875162,597.9143,0.0366197,562.8024,595.69727,0.0291494,18.634583,21.55226,0.03561589,34.255108,21.22062,0.042767156,585.8115,585.43134,0.049843688,585.0168,595.16437,0.052546453,9.86445,593.3283,0.04602603,584.86597,593.3357,0.11617831,584.6165,592.58746,0.07277347,12.662473,19.976294,0.03187267,598.27423,579.3364,0.03634067
1146,19.844872,597.92017,0.03589823,562.8187,595.68024,0.030303866,17.775526,38.70528,0.037791613,33.842884,21.45992,0.044907004,585.87775,585.421,0.04969927,585.0444,595.1572,0.052743316,9.857406,593.31036,0.0459416,584.91376,593.33124,0.1156645,584.6362,592.56866,0.071833074,12.632395,19.852432,0.027382255,598.3197,579.25665,0.03477244
1147,578.5592,597.0811,0.035715595,547.2859,595.88666,0.029797018,17.854006,38.53832,0.033288993,33.931038,21.41677,0.043010946,585.85254,585.3734,0.049478322,585.0218,595.0153,0.05421516,9.753479,593.2459,0.043560054,584.85864,593.2349,0.11836742,584.49194,592.46155,0.070441596,12.62351,19.923063,0.025020987,598.407,579.21594,0.036266617
1148,19.844112,598.0804,0.03766671,459.9654,315.3464,0.03684678,18.858768,349.19443,0.043803662,34.03488,21.403946,0.04234468,585.80524,585.3446,0.050025273,584.9796,595.054,0.053761102,9.62752,593.262,0.048768267,584.872,593.2402,0.117019735,584.6029,592.48456,0.0682483,12.507318,19.962862,0.02844064,598.2331,579.2468,0.036996033
1149,578.5769,596.9621,0.037068576,387.47717,596.3741,0.029842636,578.55023,204.82895,0.05733349,33.93164,21.454422,0.048552293,585.93,585.37085,0.05050702,585.106,595.12506,0.054841526,9.752092,593.33453,0.04698101,584.98914,593.307,0.116403736,584.66754,592.556,0.070413984,12.556958,19.984718,0.030181106,598.2803,579.2544,0.03369772
1150,293.41443,259.5141,0.042704917,300.10754,266.47473,0.06820958,18.936018,349.06558,0.056213893,292.13342,278.0425,0.044698108,585.9329,585.3342,0.050152846,584.9929,595.18964,0.053868238,291.22064,261.46597,0.064093955,584.9434,593.3061,0.11419102,584.7081,592.4636,0.07191142,12.631077,19.900723,0.028491866,299.5967,257.70682,0.083407834
1151,578.55774,597.04156,0.03992076,387.4075,596.4127,0.030041188,18.85944,349.1689,0.047697835,33.91172,21.580917,0.040639978,585.92267,585.2746,0.054655194,585.05774,595.13855,0.060255174,9.654434,593.24615,0.045932695,584.9499,593.25885,0.123224206,584.7218,592.53644,0.07610657,12.712258,19.936144,0.028552555,598.1816,579.21844,0.03840771
1152,19.841108,597.5463,0.035065535,219.83423,219.36044,0.043104135,218.44519,212.55432,0.028294163,211.24908,229.048,0.039170705,586.27893,585.73425,0.041304264,585.5488,594.9542,0.04604416,10.282326,593.61707,0.04508547,585.3014,593.7348,0.10074378,584.94763,592.9083,0.06077884,13.798758,51.351196,0.022949781,598.4982,579.1355,0.03215559
1153,19.89399,598.0713,0.039692,315.73993,475.15274,0.043958288,17.668398,38.717175,0.035917237,18.34917,581.30676,0.038401797,585.9658,585.4069,0.0504718,585.10706,595.12665,0.056777313,9.658516,593.3434,0.050468802,584.9959,593.29065,0.115592174,584.7473,592.63025,0.07120141,12.766072,19.902004,0.027587164,598.2602,579.2044,0.037972677
1154,19.858765,598.1928,0.03943324,403.4465,596.36597,0.030492814,18.661127,21.422935,0.03195977,18.314835,581.35614,0.0408058,585.86163,585.44366,0.04907581,585.0889,595.0671,0.054190032,9.537275,593.2731,0.04969716,584.91,593.3084,0.117764756,584.6068,592.57666,0.07064854,12.591284,20.08354,0.027879339,598.3789,579.2258,0.03640331
1155,578.6023,597.09705,0.034900393,547.3511,595.9815,0.030635284,17.74793,38.47,0.034845356,34.04532,21.308887,0.04056163,585.8233,585.36664,0.05058264,585.0138,595.1111,0.054912362,9.600381,593.11566,0.04803176,584.8562,593.26526,0.11872069,584.5959,592.52606,0.07314135,12.71633,19.92778,0.029075716,598.284,579.22375,0.03719046
1156,578.60223,597.14764,0.035028875,523.5643,59.362907,0.04022112,17.698664,38.592903,0.037705034,33.94015,21.431475,0.044636387,585.8427,585.4102,0.050449055,585.0534,595.06757,0.055983245,9.746791,593.1709,0.05003488,584.872,593.292,0.11824413,584.5684,592.5442,0.07204032,12.688122,19.943058,0.029363565,598.3975,579.1837,0.03599114
1157,578.581,597.0874,0.036198765,547.3498,595.94885,0.027230656,17.759167,38.606815,0.038669806,33.962067,21.46535,0.042852756,9.5928,595.5967,0.05141993,585.079,595.07697,0.058034558,9.646978,593.204,0.048111472,584.90826,593.2849,0.12044073,584.58057,592.57184,0.07271937,12.727555,19.883293,0.031466983,598.39355,579.21875,0.034199696
1158,578.61957,597.05695,0.036967702,43.56073,347.35352,0.037695073,19.0167,348.95004,0.06302286,34.060814,21.306376,0.045034047,585.98236,585.41516,0.0518134,585.149,595.08124,0.05742473,9.965166,593.42194,0.049451426,584.99054,593.33405,0.12145801,584.7081,592.6164,0.07142284,12.666065,19.892237,0.02786123,598.2804,579.2574,0.034596696
1159,19.847536,597.98926,0.03619357,43.535965,347.38498,0.038191702,19.387045,341.55893,0.06508209,33.92993,21.308908,0.046400048,585.98895,585.4609,0.048609924,585.1785,595.1347,0.05376885,9.772971,593.26917,0.048479173,585.0279,593.39966,0.11335062,584.726,592.6531,0.07135725,12.627571,19.94075,0.029209137,598.3462,579.241,0.03431127
1160,19.870344,598.02106,0.03806089,43.46278,347.228,0.040813,19.57826,341.12094,0.07709239,33.784145,21.48356,0.047285657,585.9178,585.4719,0.048090126,585.14594,595.0563,0.052687865,9.726574,593.2886,0.048606843,584.9574,593.356,0.11646442,584.62,592.5934,0.069476165,12.681888,19.866322,0.032040715,598.4084,579.28516,0.0348691
1161,19.875813,597.9904,0.037980247,43.384098,347.19904,0.041680884,19.605085,341.00452,0.07832259,33.817806,21.472422,0.04561133,585.8535,585.42236,0.04946651,585.07764,595.09106,0.052810222,33.873478,343.6277,0.051722016,584.9098,593.3171,0.11813403,584.6378,592.5888,0.070389494,12.659289,19.87541,0.032704618,598.36273,579.27826,0.037051722
1162,19.843018,597.90784,0.038704153,43.457855,347.3868,0.028796244,19.196981,341.42343,0.053899378,33.922474,21.591133,0.04502166,585.81415,585.4575,0.049522262,585.06683,595.11676,0.05245647,9.817317,593.3516,0.047239378,584.89923,593.2888,0.11775131,584.6473,592.6099,0.07060861,12.739265,19.818733,0.030456547,598.2885,579.3156,0.037424553
1163,19.836771,597.86847,0.0390216,235.97472,122.849335,0.055055074,19.046959,348.81354,0.05508037,33.86085,21.452156,0.04581499,585.9535,585.438,0.048197772,585.1337,595.0464,0.05381429,9.871925,593.4363,0.048229378,584.982,593.3452,0.11623383,584.6184,592.5771,0.06772112,12.692472,19.890587,0.029843755,598.3863,579.3181,0.03334406
1164,19.860529,597.7591,0.031377483,467.458,596.3076,0.021719307,33.7109,246.69398,0.029167544,18.637222,581.0163,0.0369579,586.1649,585.75275,0.04187892,585.3968,595.11456,0.049214594,10.313773,593.5758,0.047056407,585.18335,593.7501,0.106713384,584.82324,592.9157,0.0641888,29.895226,267.55063,0.021249086,598.5345,579.24274,0.029929051
1165,578.6631,596.97656,0.039480887,219.96364,395.01453,0.0384157,210.85236,396.20734,0.030680608,34.368164,21.201653,0.036116198,586.0032,585.4005,0.051502135,585.1796,595.1894,0.060799163,9.964886,593.31934,0.04476536,585.1165,593.36017,0.12201284,584.87396,592.7697,0.071021765,12.597962,19.98273,0.022427134,598.19867,579.2303,0.036791097
1166,578.5372,597.04193,0.03809275,364.0637,475.16928,0.050502066,362.2067,468.34976,0.0360398,34.025024,21.575989,0.04540707,585.91986,585.21906,0.054499373,585.0469,595.0458,0.063302584,10.041135,593.6147,0.041064344,584.9473,593.24854,0.1285023,584.6852,592.4231,0.07604605,12.691786,19.908676,0.027956996,598.0994,579.2599,0.035733562
1167,578.57855,597.0063,0.03837915,435.44583,596.38684,0.030217629,17.920654,38.354393,0.034108248,33.990215,21.602104,0.047636375,585.9102,585.3597,0.051481243,585.13745,595.0751,0.05858204,9.934212,593.4788,0.040050026,584.9716,593.2794,0.12221121,584.6838,592.56946,0.07237694,12.67521,19.912157,0.0256049,598.1722,579.2234,0.033406362
1168,578.5274,596.97345,0.039117534,435.4653,596.3554,0.031420436,17.953587,38.40155,0.03298677,34.07342,21.506395,0.043814898,585.8708,585.34796,0.05237669,585.0718,595.0673,0.058568224,9.829193,593.43134,0.04277324,584.9112,593.2618,0.12281054,584.6263,592.5166,0.07306223,12.663889,19.919338,0.024260867,598.23267,579.267,0.033899844
1169,578.5336,597.0273,0.041472547,75.96622,75.218315,0.0404296,17.894981,38.40719,0.030396182,34.059216,21.583906,0.04030359,585.8694,585.2654,0.056484193,585.0414,595.07446,0.061905295,9.884806,593.45703,0.042508643,584.92676,593.1974,0.12639861,584.74274,592.55145,0.07326979,12.704806,19.86558,0.026386585,598.07477,579.2643,0.037646063
1170,578.48364,597.0642,0.04031628,75.93841,475.78073,0.02958548,17.880825,38.46939,0.03719155,33.977238,21.43877,0.04324638,585.846,585.25336,0.05647213,585.016,595.05054,0.061353065,9.830108,593.39716,0.048287738,584.84106,593.16394,0.12915039,584.6278,592.4717,0.0751587,12.706339,19.88237,0.031158589,598.1649,579.27045,0.03834451
1171,19.87895,597.87384,0.034889005,403.45944,596.4282,0.028304439,17.634583,38.62794,0.04265405,33.846027,21.58866,0.045912772,585.9835,585.46716,0.048953068,585.1789,595.1071,0.052079137,9.903546,593.4456,0.049160216,585.0346,593.4209,0.11465447,584.7471,592.62756,0.071416445,12.745958,19.91416,0.033556726,598.33856,579.24664,0.034055814
1172,578.53723,597.0288,0.036579747,451.45462,596.35944,0.028826656,17.781609,38.56042,0.040949248,33.98591,21.545143,0.04447725,585.8232,585.3485,0.05142581,584.9979,594.9888,0.05578854,9.806515,593.28107,0.04591461,584.8572,593.2348,0.12420683,584.68665,592.46313,0.07239829,12.666184,19.92766,0.03202196,598.2479,579.2281,0.037507027
1173,19.851767,598.03503,0.038457338,547.29846,595.96204,0.031827092,17.742867,38.631588,0.040391244,33.777912,21.650484,0.042558957,585.7486,585.2992,0.050960183,584.9307,595.07697,0.05501639,9.690704,593.3249,0.047909953,584.8338,593.2771,0.11974943,584.5866,592.4634,0.073348716,12.704837,19.864765,0.030582123,598.23944,579.2099,0.038180444
1174,578.61145,597.1085,0.03640789,547.30444,595.9824,0.031300448,17.716915,38.647125,0.041593842,33.939346,21.545485,0.04653353,585.7613,585.3942,0.04939452,584.9686,595.099,0.05457712,9.784101,593.2826,0.04923966,584.8337,593.33624,0.11787431,584.55054,592.5398,0.07264776,12.715245,19.86026,0.032355092,598.3079,579.27765,0.03551336
1175,19.909166,598.0097,0.036290336,547.34534,595.97144,0.02986647,17.766827,38.58369,0.040151868,33.79738,21.612587,0.040599592,585.8375,585.42505,0.047865707,585.0381,595.1174,0.0532562,9.784599,593.34973,0.048359334,584.9356,593.40393,0.11367269,584.64594,592.559,0.07129609,12.673795,19.83449,0.031849563,598.26624,579.25555,0.033133525
1176,578.6423,596.8693,0.033102952,539.7637,315.387,0.039928723,18.817606,21.443565,0.03005948,34.310757,21.167889,0.03648639,585.4903,594.7067,0.046505522,585.138,595.26385,0.05359512,10.472752,593.4512,0.040446576,585.1183,593.67596,0.11310369,584.8584,592.60486,0.07415625,12.67094,19.865438,0.023814544,598.452,579.1561,0.029111147
1177,578.6003,597.0511,0.03638396,284.14795,394.88428,0.046863515,18.456488,22.014456,0.03327365,18.650217,581.2804,0.03698167,585.9006,585.44196,0.048331928,585.1184,595.07825,0.05477301,9.819298,593.32104,0.043576874,584.9916,593.37695,0.1167102,584.67,592.5976,0.06838208,12.791048,19.81756,0.027538083,598.27594,579.3202,0.034890454
1178,578.6381,597.10345,0.03730685,284.2111,394.85736,0.05022864,18.576496,21.668045,0.03511401,33.986515,21.59134,0.04246917,585.86945,585.3829,0.05085661,585.0453,595.19904,0.054508094,275.64243,391.31946,0.04482091,584.9563,593.39655,0.114206076,584.69946,592.582,0.0743459,12.694758,19.963032,0.02722307,598.20325,579.30164,0.03835713
1179,19.94519,598.04565,0.035657555,451.44302,596.3189,0.030955125,17.888336,38.433495,0.039211266,33.88509,21.585169,0.043942977,585.865,585.5184,0.049215235,585.109,595.1237,0.0527134,9.689671,593.3098,0.045835737,584.9094,593.35986,0.11611018,584.6508,592.66785,0.070607446,12.700075,19.89802,0.02889146,598.2681,579.36694,0.037388384
1180,19.950998,597.9367,0.03563362,451.5002,596.42633,0.031524535,17.877865,38.449898,0.0394308,33.872795,21.613813,0.04374947,585.9363,585.6039,0.046152927,585.1916,595.0878,0.04833291,9.75915,593.30286,0.04321831,585.0094,593.4042,0.11101564,584.7726,592.7399,0.06663739,12.702006,19.917828,0.028936356,598.2956,579.27026,0.037889633
1181,19.816805,598.041,0.04246143,547.3573,595.97626,0.029852297,18.683842,21.537045,0.032780908,34.17117,21.385992,0.04265655,585.8885,585.4643,0.046891242,585.1008,594.9576,0.050913442,9.725602,593.3996,0.051217157,584.88403,593.3274,0.11705955,584.5077,592.5549,0.06567574,12.664057,19.88761,0.027743533,598.45215,579.2286,0.0350586
1182,19.87276,597.9054,0.037004165,395.76147,523.36475,0.038648345,17.996017,38.374355,0.03633611,34.04874,21.449614,0.04535452,585.9043,585.43915,0.047161367,585.0702,595.16223,0.052412614,9.848536,593.3407,0.044620108,585.00946,593.47656,0.112311475,584.7461,592.6182,0.06952365,12.662123,19.87853,0.02954854,598.2753,579.2902,0.031988215
1183,19.864885,597.9857,0.036979135,451.46237,596.35675,0.0327587,17.94063,38.32581,0.035693176,34.141254,21.32643,0.044384304,585.8453,585.41266,0.049928434,585.0715,595.11755,0.053680856,9.674866,593.44824,0.046588514,584.9843,593.3871,0.1152293,584.8179,592.6634,0.06935586,12.647927,19.948467,0.028144713,598.15967,579.2108,0.033694666
1184,578.6205,597.0712,0.0379325,467.4194,596.35156,0.0341549,17.813282,38.285736,0.037320413,34.23142,21.33447,0.04071496,585.794,585.2684,0.051416893,584.92206,595.05304,0.057233054,9.744482,593.3209,0.044917885,584.8842,593.3166,0.12045729,584.5921,592.4396,0.07204953,12.637517,20.049465,0.028801892,598.23535,579.32214,0.03540773
1185,578.6299,597.04,0.038459614,547.2905,596.0549,0.0332056,17.747114,38.495296,0.040694285,33.8087,21.550533,0.045630004,585.8633,585.2133,0.05168723,584.96014,595.0978,0.056457717,9.899055,593.37335,0.04406106,584.92645,593.2135,0.1205738,584.6635,592.439,0.070954114,12.690118,19.9328,0.029797666,598.11993,579.231,0.036909137
1186,19.821926,598.11304,0.037938304,252.10335,139.32945,0.035434604,17.93303,38.34028,0.034990128,33.9948,21.508966,0.04326193,585.342,594.67145,0.050390862,585.0172,595.14124,0.05615446,9.857219,593.3506,0.050708547,584.9588,593.31104,0.12100105,584.6948,592.4564,0.07112281,12.642793,19.898016,0.024998572,598.20856,579.15546,0.03377653
1187,578.60803,596.96466,0.037221797,363.59955,43.2391,0.04992769,18.601854,21.64642,0.037203144,18.495245,581.3739,0.04289391,585.9276,585.3147,0.04920018,585.04254,595.05524,0.054694407,9.735825,593.3239,0.047463406,584.9682,593.32837,0.11703645,584.6733,592.49646,0.070358515,12.6357975,19.904709,0.028201632,598.26636,579.2023,0.03504629
1188,19.82709,597.33875,0.033988282,547.56445,595.9904,0.019822054,18.757233,21.444557,0.02733454,34.403854,21.273064,0.035811495,586.185,585.4937,0.04652312,585.3375,595.0203,0.051639702,10.330802,593.6912,0.041333973,585.18365,593.42755,0.11460945,584.7827,592.70953,0.06486872,13.853159,43.48862,0.021641295,598.3274,579.2001,0.033328086
1189,19.782108,598.1373,0.03986935,451.43912,596.4811,0.03204019,18.729652,21.445715,0.028257014,34.38477,21.43941,0.03958477,585.84094,585.34265,0.050535616,10.041466,595.03485,0.056680128,9.686046,593.4312,0.055534363,584.9202,593.2608,0.117920354,584.63495,592.5495,0.07019859,12.645904,19.982012,0.027206026,598.2868,579.2632,0.038620092
1190,19.879848,598.1386,0.038718767,451.47165,596.4517,0.03319977,18.575888,21.659222,0.032077577,34.115337,21.59419,0.048380848,585.817,585.3938,0.051011484,585.0801,594.99884,0.05585722,9.649347,593.40704,0.054242086,584.9118,593.26587,0.11997317,584.62415,592.60364,0.06891111,12.714096,19.8993,0.030258104,598.31525,579.2947,0.03892571
1191,19.939035,598.0606,0.037088662,547.3489,596.1472,0.03288018,18.578547,21.592192,0.033065703,34.189266,21.45722,0.042553067,585.84924,585.42065,0.048729222,585.0933,594.9995,0.05456911,9.718159,593.4838,0.05155356,584.9364,593.2809,0.11555209,584.5971,592.5903,0.06733553,12.7553425,19.946571,0.02889803,598.3659,579.2704,0.038186893
1192,578.6168,597.1184,0.036513556,547.35126,596.09766,0.03183158,18.635717,21.417723,0.032729145,34.209927,21.420176,0.037853617,585.81085,585.38885,0.050096713,585.079,594.9838,0.05518782,9.721598,593.5381,0.04947335,584.9023,593.24225,0.11869293,584.60095,592.5735,0.06852882,12.649712,19.975452,0.027785636,598.3434,579.2039,0.03864388
1193,578.6121,597.26117,0.037327096,547.36945,596.09143,0.03006131,18.0514,38.25028,0.03373013,34.099155,21.507269,0.044116437,585.75635,585.2387,0.052618537,584.9782,594.9209,0.056834493,9.820965,593.73224,0.053374972,584.76166,593.1226,0.12523152,584.43146,592.41113,0.06975941,12.638136,19.934122,0.024576552,598.297,579.2552,0.040351257
1194,19.97981,597.89044,0.03693562,323.38065,603.6529,0.025665162,18.74763,21.519075,0.034633398,34.000877,21.525936,0.040902007,586.0298,585.53436,0.045666,585.29846,595.10944,0.051590037,9.982014,593.2533,0.04361884,585.1343,593.5353,0.111803666,584.84515,592.7624,0.06675936,12.584893,19.905952,0.024772786,598.38965,579.2069,0.033834834
1195,19.979332,597.9946,0.038560536,188.39656,427.0898,0.03864262,18.75645,21.555914,0.033604164,34.20297,21.416262,0.039548155,585.85345,585.3443,0.047028184,585.11566,594.9118,0.053319447,9.84918,593.4388,0.053366475,584.8808,593.2935,0.11356963,584.4635,592.52216,0.06686133,12.597337,19.843357,0.025045037,598.4738,579.2361,0.03515161
1196,19.973875,598.0578,0.033534862,547.3383,596.05145,0.029924167,18.735933,21.513832,0.032668922,34.207832,21.485462,0.041568436,585.99176,585.4145,0.047943015,585.2032,595.0683,0.05426942,9.821366,593.2961,0.045810606,585.0383,593.42737,0.113943756,584.6774,592.65753,0.06891213,12.601748,19.868948,0.02518902,598.40125,579.24695,0.037389528
1197,19.884127,597.889,0.039736383,411.7277,43.422047,0.03906702,19.021551,349.31686,0.046684418,18.597767,581.1968,0.037428424,585.9438,585.51575,0.051398896,585.2173,594.92487,0.055475093,9.9811535,593.57214,0.050841518,584.9301,593.31116,0.12832901,584.5826,592.5871,0.07022134,12.638982,19.84128,0.028402317,598.3419,579.3546,0.039658945
1198,578.6256,597.0584,0.0359784,140.19962,539.25714,0.035374507,18.676401,21.715061,0.03591203,18.59552,581.16327,0.038319536,585.8274,585.4787,0.048295815,585.10077,595.0192,0.052486893,9.845551,593.2784,0.04375439,584.93756,593.2566,0.116453364,584.6394,592.6164,0.06751457,12.632597,19.81282,0.027008295,598.3019,579.2792,0.036624413
1199,578.6257,597.1763,0.036020923,251.95296,123.20149,0.040487137,18.660315,21.75106,0.03302177,18.588568,581.2132,0.038788833,585.72534,585.38666,0.05089222,585.0032,594.9801,0.054536298,9.843295,593.3331,0.045876946,584.8092,593.2614,0.12105345,584.58795,592.6028,0.07053494,12.605386,19.82214,0.029705677,598.3031,579.3038,0.042355202
1200,19.999344,597.6021,0.034989238,123.79124,555.43555,0.033580486,18.791464,21.2504,0.026884118,34.295395,21.187925,0.039237943,585.7825,594.7683,0.04070428,585.46454,595.1024,0.047916654,10.435776,593.8352,0.04773728,585.33386,593.75555,0.10235428,584.8873,592.84076,0.065235436,29.83673,395.24725,0.019619238,598.38916,579.14185,0.028078232
1201,19.962698,598.0864,0.03995109,547.3139,596.0812,0.030787164,17.636133,38.659355,0.04126976,33.872047,21.553976,0.04314517,585.83154,585.2864,0.052102216,585.0083,594.98145,0.058266226,9.88903,593.4828,0.051461235,584.8414,593.1741,0.12298892,584.49603,592.40234,0.07207948,12.718494,19.912146,0.032334816,598.1588,579.3954,0.038563658
1202,578.5198,597.05145,0.041042354,562.8037,595.8511,0.03274386,17.785814,38.56212,0.039886583,33.92096,21.486965,0.043024715,585.70544,585.1841,0.054411814,584.78,595.0893,0.05861066,9.859458,593.5695,0.051115558,584.72925,593.1426,0.12346244,584.4769,592.31335,0.076517,12.708311,19.895657,0.029066015,598.1649,579.30054,0.039993186
1203,578.71014,597.0054,0.041721277,467.49585,596.3782,0.030223632,17.90391,38.428665,0.035242062,33.94943,21.521149,0.039250128,585.80396,585.0326,0.05724191,584.92065,595.1579,0.057186086,10.04702,593.3912,0.047342114,584.46533,585.178,0.12212638,584.893,592.4999,0.07339044,12.662074,19.871664,0.027359325,597.8414,579.22455,0.04304399
1204,19.986673,597.928,0.040056165,547.3848,595.998,0.028086295,17.99123,38.36773,0.03655036,33.963,21.432596,0.041998018,585.3109,594.75006,0.05083799,585.02716,594.9717,0.05684816,10.053812,593.60126,0.04614861,584.8536,593.234,0.121828526,584.4499,592.4169,0.07223349,12.640319,19.852943,0.02804901,598.4812,579.15967,0.037365887
1205,20.058966,597.7908,0.03602911,483.48254,596.3236,0.028809723,18.781715,21.582008,0.031341445,33.985783,21.53688,0.040637992,585.61707,594.8574,0.044269454,585.2599,594.8581,0.051834382,10.208211,593.66437,0.045677092,585.0419,593.51587,0.107836,584.5104,592.5934,0.065420076,12.580979,19.876884,0.026402358,598.57,579.2782,0.03173258
1206,19.915829,597.7853,0.036510892,547.3788,596.085,0.030577293,3.6984048,596.7399,0.03434213,33.792416,21.631533,0.043036144,585.98883,585.5278,0.04762988,585.3365,594.84174,0.054329243,10.070856,593.81506,0.05100545,585.09424,593.43756,0.11224798,584.6842,592.8361,0.06433725,12.58775,19.885553,0.023866344,598.3641,579.3175,0.0369709
1207,20.005495,597.9625,0.03568652,547.3642,596.03406,0.030666836,17.996387,38.370472,0.03442113,33.867107,21.556444,0.040875558,585.75446,585.40656,0.04753881,585.0277,594.89844,0.053995725,9.964165,593.6004,0.05147327,584.8193,593.29816,0.11701227,584.4981,592.5358,0.065714575,12.617956,19.886314,0.025584001,598.3082,579.3321,0.03477399
1208,578.6247,597.0405,0.03762063,483.38458,596.3191,0.031125499,17.923536,38.44504,0.036958423,33.939156,21.51629,0.04045364,585.3873,594.77124,0.048321232,585.0878,595.0348,0.053102545,9.912086,593.4806,0.047396168,584.94257,593.26965,0.117577896,584.6357,592.6072,0.06663467,12.672677,19.898746,0.027342208,598.34235,579.29156,0.036010906
1209,20.041985,598.0933,0.039975874,547.36816,596.02344,0.031044556,17.686892,38.643475,0.03961276,18.505539,581.2764,0.03941756,9.794156,595.603,0.04614055,585.1365,594.9353,0.05121513,9.828211,593.54865,0.05146369,584.9608,593.36725,0.11388516,584.4904,592.5777,0.0642183,12.752011,19.867014,0.02992358,598.52094,579.2743,0.032245748
1210,20.00528,597.92926,0.03839034,467.46902,596.3494,0.030398682,17.905613,38.36544,0.037151292,33.97811,21.540722,0.04838159,585.96954,585.50055,0.047386646,585.172,595.11017,0.05382629,10.0015335,593.4765,0.044652548,585.0205,593.385,0.11217574,584.7108,592.73346,0.06854898,12.6895895,19.904678,0.029124953,598.4465,579.1527,0.031716045
1211,20.022768,597.9871,0.04186616,467.4638,596.378,0.029812887,18.616362,21.625023,0.03349713,34.149788,21.441929,0.043050405,585.8162,585.39496,0.048828896,584.9714,595.0115,0.055674933,9.993553,593.5679,0.047173377,584.815,593.2399,0.11897783,584.4759,592.5217,0.07058144,12.733582,19.872799,0.027636588,598.4931,579.2609,0.03505281
1212,19.942476,597.5142,0.042821735,283.85535,555.58594,0.034661308,18.5427,605.0945,0.027755285,34.14975,21.400297,0.03864172,585.9893,595.02313,0.03769264,585.7109,594.92633,0.04471194,10.301111,593.7083,0.043797642,585.40955,593.9743,0.10006453,584.80646,593.0118,0.058484,29.685656,411.27573,0.021035194,598.629,579.20233,0.028003566
1213,19.849684,598.0151,0.04561646,467.4646,596.4048,0.03064406,18.589058,21.548676,0.037326917,34.014805,21.436157,0.04403392,9.732685,595.52954,0.048721828,585.10236,595.1278,0.053730637,9.737958,593.6024,0.053587664,584.9547,593.39624,0.11685506,584.5834,592.59283,0.07086514,12.663024,19.954428,0.029338036,598.36035,579.40283,0.03422496
1214,20.017933,597.95667,0.043594826,348.1443,331.26944,0.03710986,18.548,21.656332,0.041957032,33.885925,21.493246,0.045722336,585.8293,585.3886,0.049121864,585.0236,595.11993,0.05445737,9.990937,593.5994,0.05039652,584.9045,593.31976,0.11602871,584.62787,592.56976,0.07156343,12.682399,19.927956,0.031561293,598.3016,579.3056,0.03757606
1215,20.003784,597.95825,0.04323731,531.4987,596.28796,0.03174793,17.712265,38.592815,0.038781404,33.87398,21.618744,0.041855533,585.8744,585.3412,0.050436314,585.03577,595.06604,0.05690687,9.938574,593.5696,0.048702378,584.90717,593.2477,0.11918447,584.56946,592.5395,0.072057106,12.6846695,19.89532,0.03022718,598.3099,579.31323,0.03474517
1216,578.59344,597.0708,0.03925639,531.4895,596.239,0.030119086,17.717968,38.58124,0.041742504,33.88119,21.596462,0.0406497,585.9275,585.3166,0.051838104,585.04565,595.11273,0.05825817,9.997217,593.417,0.04457008,584.9476,593.2532,0.117649734,584.6367,592.51917,0.07349941,12.704314,19.884892,0.030594904,598.2659,579.25507,0.03435078
1217,20.038532,597.822,0.038549077,331.88745,427.25775,0.03757536,17.708654,38.55167,0.04000607,33.983833,21.520763,0.041059267,585.38434,594.62195,0.05185095,585.0547,595.23193,0.055465,10.213413,593.61743,0.04352613,585.0825,593.41144,0.11365874,584.8689,592.53723,0.07403109,12.740102,19.896915,0.03252276,598.1874,579.0903,0.035230674
1218,578.6217,596.88257,0.03455182,283.73322,459.14844,0.044476975,282.3279,452.60156,0.040523726,34.16707,21.31675,0.039227635,586.0414,585.42,0.047379363,585.1779,595.03864,0.052045852,10.215655,593.7046,0.044769198,585.0694,593.40765,0.115644515,584.82196,592.585,0.068163835,12.651732,19.922632,0.02758672,598.22797,579.0722,0.03526047
1219,578.60614,596.8831,0.036851984,467.5169,596.38574,0.028340297,18.022327,38.25778,0.03569663,34.07205,21.401175,0.044570584,585.9987,585.3299,0.04769288,585.09656,595.1596,0.05106317,10.176497,593.63293,0.04795195,585.02106,593.42834,0.11023812,584.7229,592.58575,0.07116493,12.574576,19.935467,0.027999695,598.38416,579.11334,0.036727626
1220,578.62726,596.95856,0.036714353,483.47427,596.20105,0.027473584,18.736618,21.473242,0.03469706,34.125572,21.334696,0.046147384,9.6274805,595.6451,0.053522862,585.0477,595.1495,0.051201116,9.819189,593.4371,0.05372839,584.9469,593.38214,0.11281742,584.70667,592.6395,0.07150938,12.6041765,19.958923,0.028161958,598.3899,579.16376,0.04009884
1221,20.005407,598.10345,0.03585806,467.54684,596.3763,0.030529749,17.955624,38.38058,0.039176382,33.89884,21.489275,0.0460607,9.692911,595.64575,0.050527718,585.1193,595.1902,0.052047975,9.853519,593.348,0.05011605,585.07996,593.46326,0.11074759,584.82623,592.71356,0.06987824,12.636721,19.927261,0.030028667,598.36145,579.22205,0.03693443
1222,19.976072,598.1271,0.036987636,467.53406,596.41724,0.031356607,17.924578,38.379658,0.03828393,34.11375,21.448734,0.043210402,9.666021,595.6266,0.052463915,585.0678,595.1159,0.052477624,9.811207,593.3957,0.050192107,585.00745,593.38336,0.11249241,584.758,592.6885,0.069322236,12.703536,19.943192,0.02896759,598.3713,579.2145,0.036309138
1223,578.6486,596.9688,0.03774318,547.401,596.19586,0.03200261,18.962992,349.05374,0.05648292,34.101254,21.401104,0.04346645,9.712306,595.5594,0.05251997,585.12146,595.2016,0.056128,9.767699,593.3519,0.04996824,585.09436,593.409,0.11490947,584.87756,592.7117,0.072193496,12.674038,19.95364,0.03038352,598.1795,579.26373,0.034163542
1224,19.796738,597.265,0.034116514,475.96573,251.49966,0.030794278,18.730099,21.43225,0.03408266,34.254707,21.27484,0.041047983,585.6529,594.8281,0.04053049,585.2884,594.89545,0.04744802,10.462972,593.99304,0.04939798,585.04877,593.7025,0.10618412,584.5139,592.68964,0.06379723,12.605219,19.910408,0.027215198,598.5185,579.28143,0.034163237
1225,578.6323,596.89764,0.034579083,348.1056,315.36874,0.030977704,18.580679,21.610212,0.035402697,34.10959,21.412304,0.040157136,585.5133,594.79346,0.04443404,585.2368,595.1336,0.052683648,10.25121,593.57916,0.050316237,585.11035,593.5005,0.11309866,584.73773,592.6176,0.067669734,12.688702,19.897308,0.029503781,598.38055,579.192,0.030769931
1226,19.938202,597.95294,0.037009202,547.3885,596.1633,0.031739753,17.980825,38.219753,0.033317726,34.08377,21.340998,0.042388804,585.91693,585.36597,0.04855178,585.08344,595.1236,0.053632736,9.94452,593.58093,0.0527449,584.98444,593.35455,0.11596212,584.6848,592.5751,0.06984412,12.578408,19.946934,0.027729481,598.3481,579.2042,0.03767583
1227,19.973537,598.0448,0.036788248,547.3653,596.22345,0.031942576,17.867231,38.387337,0.039022475,33.95622,21.541374,0.041574825,585.9084,585.29315,0.049353622,585.1738,595.05176,0.054742344,9.893438,593.4053,0.046587564,584.47656,585.5193,0.11765102,584.55035,592.618,0.07386411,12.631513,19.891079,0.031234201,598.28876,579.33466,0.037172467
1228,19.958464,598.1019,0.035897177,547.34326,596.1453,0.030142007,18.510454,21.705679,0.035055265,33.89612,21.567986,0.044620026,585.4073,594.80945,0.04706048,585.1274,594.9246,0.053670216,9.855963,593.4168,0.046294987,584.86383,593.3199,0.120106384,584.4075,592.552,0.07027055,12.655441,19.888813,0.03001104,598.4398,579.3347,0.03473782
1229,20.049835,597.97327,0.035112854,155.97322,507.276,0.03681678,17.79638,38.365566,0.034908026,33.874752,21.546434,0.044722605,585.5184,594.8904,0.04462887,585.2226,595.1104,0.048999645,10.073068,593.4438,0.04403336,585.0445,593.54315,0.113029025,584.7377,592.7429,0.06663322,12.652787,19.920406,0.02991407,598.63947,579.3089,0.03758572
1230,19.987432,597.95306,0.038182516,467.49673,596.4829,0.032056253,18.68341,21.46403,0.032144867,34.06027,21.486303,0.041189462,585.8362,585.3629,0.047564384,585.10645,594.91125,0.054742076,9.846121,593.4362,0.04673562,584.8163,593.35016,0.121132314,584.3874,592.5455,0.07044143,12.601026,19.886623,0.026364207,598.424,579.3814,0.03666742
1231,20.01832,597.8809,0.044786908,531.50366,596.1579,0.027060274,18.75552,21.45449,0.03278035,34.12036,21.37075,0.04588673,9.8515625,595.4803,0.04493527,585.2463,595.0045,0.049242605,10.037259,593.6222,0.047716174,585.02856,593.5121,0.109237455,584.6523,592.76447,0.06450812,12.537931,19.902315,0.026331179,598.49854,579.3548,0.037284635
1232,19.983877,598.046,0.040515114,547.4466,596.1841,0.027873322,18.68741,21.548037,0.0351233,34.145428,21.396183,0.043587346,9.703081,595.563,0.04929757,10.224856,595.2437,0.050036848,9.7933855,593.58246,0.058181427,584.7603,585.5955,0.10701106,584.77545,592.7309,0.062527664,12.6220255,19.905754,0.026872195,598.19836,579.11334,0.038487215
1233,20.020868,598.1345,0.040724415,467.49545,596.411,0.030593274,18.719414,21.495321,0.03727933,34.100044,21.375511,0.04227116,9.693904,595.56256,0.050926656,10.169428,595.19434,0.050942067,9.839962,593.42847,0.05456644,584.4912,585.43854,0.11568534,584.3657,592.4577,0.06476838,12.64771,19.902983,0.029474072,598.25476,579.24426,0.04139049
1234,19.9948,598.02295,0.039390706,467.47012,596.39075,0.031793807,17.865963,38.48781,0.036263313,18.599602,581.29456,0.037099417,585.7488,585.2582,0.050897446,585.0262,594.94604,0.051891685,9.969821,593.57495,0.049283806,584.4451,585.3868,0.120813444,584.61847,592.62885,0.06956142,12.701602,19.8461,0.027954686,598.2601,579.23016,0.04372337
1235,578.62537,597.0545,0.042131566,467.44998,596.416,0.033455264,17.907715,38.465786,0.03968034,33.898556,21.497408,0.038336005,585.7418,585.1243,0.05347843,584.9545,594.96747,0.054805882,10.106806,593.4691,0.04560412,584.3823,585.2398,0.12723288,584.54816,592.4639,0.073212564,12.654132,19.862545,0.028843783,598.0722,579.23883,0.046683103
1236,165.72647,275.99155,0.03604031,172.63995,282.71686,0.05693941,177.56552,281.9586,0.042824652,179.53847,294.33545,0.05158545,594.8019,585.6126,0.03780104,585.5591,594.8336,0.039735552,164.31946,277.90186,0.05689201,585.2555,593.77563,0.09378839,584.8893,592.903,0.056846667,29.689255,219.38939,0.021160062,173.1458,279.38998,0.070816785
1237,578.6257,597.05426,0.036304083,235.90758,299.07962,0.03799432,18.746046,21.446112,0.033946276,34.211308,21.311136,0.039923966,585.96344,585.5218,0.050235067,585.2378,595.02246,0.053840637,10.123213,593.6052,0.048485737,585.00714,593.30597,0.118791945,584.67255,592.7369,0.0699262,12.64276,19.889639,0.026834056,598.3057,579.2727,0.04078369
1238,578.6831,597.21,0.034787983,315.76056,411.17728,0.036766786,18.710403,21.544859,0.032899193,34.141098,21.379982,0.038997192,585.96466,585.48254,0.0535713,585.25507,595.055,0.058778714,10.100739,593.5959,0.044397373,584.9744,593.2197,0.12666976,584.6034,592.8353,0.07417193,12.680351,19.876152,0.026801609,598.4551,579.2002,0.04160378
1239,19.974222,597.9329,0.038100142,483.47858,596.4276,0.03277424,18.681011,21.678116,0.037295934,34.064926,21.41796,0.03365121,585.7821,585.2346,0.048942924,585.01013,594.93463,0.0583713,10.102248,593.62146,0.050114762,584.823,593.18744,0.12583458,584.42816,592.4525,0.072991855,12.674625,19.856987,0.028374184,598.3798,579.29364,0.038600028
1240,578.66705,597.04553,0.033666067,467.45932,596.33026,0.033938024,18.111397,38.22455,0.03135413,34.224228,21.335472,0.037186094,586.00745,585.39185,0.047878966,585.1872,595.0843,0.053589758,10.287355,593.49304,0.03765958,585.05096,593.34454,0.113315366,584.73706,592.6825,0.069796026,12.616231,19.869045,0.025649626,598.3032,579.177,0.03400529
1241,578.6703,596.99146,0.036865234,467.50946,596.33624,0.030298386,18.797369,21.530725,0.031017568,34.12143,21.395391,0.03979634,585.99994,585.3532,0.05121928,585.2282,594.94507,0.05415991,10.1154585,593.5691,0.048023082,584.99664,593.22095,0.11751485,584.6239,592.6377,0.06696211,12.609075,19.888426,0.02283173,598.36395,579.2972,0.035456747
1242,578.6683,596.92993,0.03608301,443.83844,443.57016,0.03165976,18.218338,54.06353,0.03031117,34.2286,21.31425,0.04000172,586.1167,585.4416,0.049068954,585.2883,595.1203,0.056009576,10.02891,593.3683,0.043718107,585.1722,593.4202,0.11695146,584.85315,592.69275,0.06960183,12.595884,19.913288,0.023267876,598.2535,579.1798,0.030702926
1243,578.59686,596.93463,0.038032606,467.53662,596.4829,0.032534227,17.89658,38.3667,0.036882404,34.142265,21.458387,0.043973267,585.9961,585.3596,0.051254157,585.1645,595.1107,0.057188954,10.035344,593.5134,0.047448557,585.05615,593.334,0.120025806,584.8124,592.59283,0.071842164,12.721319,19.925001,0.028838485,598.1944,579.1488,0.037212778
1244,578.5609,597.0124,0.038075533,467.54193,596.4656,0.03321504,18.124414,38.256493,0.031901915,34.08047,21.381083,0.039839324,585.9045,585.3061,0.052384526,585.0732,595.1765,0.05743196,10.168096,593.6185,0.04522579,584.51,585.4926,0.11878593,584.78973,592.57336,0.07405948,12.610184,19.904226,0.024778578,598.158,579.19293,0.036205288
1245,578.6497,597.0305,0.03413412,547.3474,596.0772,0.031895116,18.060236,38.245827,0.036369417,34.029377,21.428679,0.041987788,585.91565,585.4083,0.047528893,585.0896,595.1127,0.053219195,9.9734535,593.45294,0.046494313,585.00275,593.37134,0.111092836,584.71405,592.60254,0.07149765,12.6009445,19.951126,0.026057895,598.36176,579.1887,0.03563539
1246,20.002321,598.0066,0.037940636,499.44955,596.37115,0.02936674,17.81577,38.478703,0.034996677,33.742218,21.71337,0.042699218,585.8167,585.44196,0.048311997,585.0392,595.004,0.05304592,9.900695,593.576,0.049877297,584.8951,593.2907,0.11515711,584.6456,592.5955,0.067348264,12.675524,19.899261,0.02674266,598.387,579.32007,0.037502963
1247,19.962118,597.72375,0.035538666,123.768745,203.05673,0.043342084,114.82015,203.68942,0.039265387,33.89889,21.429266,0.041328385,585.9947,585.35913,0.04727666,585.1388,594.9448,0.04988289,10.167375,593.50055,0.043723747,584.6773,585.56067,0.10831496,584.58276,592.50305,0.06699358,12.6776285,19.89135,0.027950097,598.3719,579.2414,0.0364868
1248,19.94906,597.4198,0.03184994,268.02405,283.3839,0.035745535,18.769758,21.477764,0.024301765,34.387623,21.324177,0.03366798,586.2481,585.555,0.044333715,585.47876,595.01373,0.04893953,10.5394945,593.8015,0.042455442,585.21014,593.6653,0.10851316,584.73846,592.81995,0.06661983,29.615017,75.29773,0.019426726,598.54694,579.0822,0.03788985
1249,20.021011,598.12854,0.038321022,467.46118,596.39716,0.027729603,17.88773,38.35136,0.039213177,33.914967,21.631954,0.042074822,586.0703,585.5903,0.045790944,585.26324,595.1651,0.049213238,9.851384,593.36194,0.049471583,585.0658,593.4666,0.10997436,584.7004,592.7537,0.068834156,12.678432,19.905912,0.029412556,598.3954,579.3701,0.0362128
1250,19.997032,598.02185,0.035810206,451.39938,596.2505,0.028579399,17.847033,38.420185,0.038502052,34.0253,21.590727,0.044624154,586.1006,585.60803,0.04471159,585.2615,595.0626,0.049633708,9.925518,593.40894,0.047991,584.68146,585.6065,0.11160969,584.5255,592.7105,0.07038663,12.718027,19.938457,0.029065613,598.4336,579.3199,0.0365281
1251,20.028757,597.95416,0.038236275,387.15753,603.70245,0.029416867,18.57145,21.859179,0.034518976,18.5843,581.17004,0.035589788,586.13293,585.64014,0.043779716,585.3217,595.05023,0.051534202,10.022015,593.42786,0.04665595,585.05096,593.50574,0.114940725,584.4977,592.6886,0.06959382,12.757638,19.860676,0.027278334,598.6176,579.4092,0.035226434
1252,19.991268,597.9857,0.03948196,315.81934,555.37915,0.034332186,17.816898,38.54537,0.03925899,33.90039,21.656324,0.03848983,586.0039,585.4498,0.04734648,585.1089,595.13293,0.050972078,9.983677,593.4934,0.05026353,584.9811,593.40735,0.11543484,584.62885,592.5447,0.07149919,12.779963,19.877739,0.026664965,598.38367,579.2328,0.03792693
1253,20.104355,597.9237,0.034555677,491.90344,347.59744,0.032431487,18.825678,349.65817,0.035823278,33.796356,21.644024,0.041214816,586.0202,585.46124,0.047419026,585.20074,595.0509,0.049601592,10.117733,593.46216,0.04451493,585.0792,593.37195,0.111911066,584.824,592.7459,0.065682665,12.668885,19.882471,0.025884636,598.45306,579.1636,0.038022347
1254,578.72076,597.14105,0.03634282,467.48486,596.268,0.025123501,18.521835,21.704937,0.037761845,33.9394,21.540972,0.04132931,585.9283,585.451,0.048717674,585.25714,594.9203,0.05264712,10.1323595,593.5073,0.044792507,584.5147,585.50824,0.11779733,584.61816,592.7577,0.066591844,12.7382965,19.902569,0.028739493,598.4109,579.17163,0.039745323
1255,578.5573,597.17065,0.036419585,467.38574,596.3661,0.030614112,18.185102,54.087677,0.031702675,34.169025,21.362047,0.03972417,585.7582,585.18713,0.05128488,584.9885,594.92145,0.05867499,10.117076,593.517,0.04393404,584.76105,593.16235,0.12848279,584.3632,592.3683,0.072645746,29.741425,187.44507,0.022001714,598.2363,579.22235,0.03952347
1256,578.60736,597.2998,0.037471898,562.7516,595.781,0.031151958,18.688484,605.35126,0.035318714,34.180584,21.36882,0.037872262,585.85626,585.3005,0.05233241,584.97394,595.11383,0.054910008,10.104692,593.58765,0.04159506,584.29785,585.35986,0.118862525,584.34766,592.50616,0.07878001,12.629529,19.973576,0.024248075,598.376,579.3415,0.03828229
1257,20.06694,597.9764,0.03654421,419.41174,596.3191,0.027611094,17.924614,38.316223,0.034384876,34.07938,21.397985,0.042320907,585.3266,594.8522,0.049022533,585.0378,595.0635,0.055552352,10.071525,593.4838,0.043296125,584.8315,593.31213,0.11834183,584.34863,592.53357,0.07543955,12.686383,19.962482,0.027273968,598.53516,579.42236,0.034705058
1258,19.969673,597.8933,0.039192062,499.454,596.4317,0.032420695,18.047064,38.298637,0.033068072,34.01242,21.426273,0.03935655,585.80524,585.20087,0.053868197,584.966,594.9205,0.05900988,9.942764,593.673,0.04983792,584.8421,593.1883,0.124379374,584.41473,592.35596,0.07492914,12.628473,19.924355,0.0239987,598.2662,579.3174,0.043845087
1259,578.7387,597.32434,0.037843462,307.24518,603.69727,0.027007723,18.978321,341.71585,0.041397817,34.236504,21.411818,0.039071225,585.8185,585.27704,0.05545713,585.2044,594.8787,0.05809262,10.093668,593.5787,0.045395367,584.31384,585.2321,0.12618864,584.66785,592.769,0.06789112,14.084671,43.579712,0.022396393,598.0812,579.26416,0.042393997
1260,20.017408,597.57336,0.032718483,547.6205,596.15094,0.022087019,18.914284,21.271221,0.02791748,34.485634,21.08492,0.038950782,585.76373,594.7859,0.040374804,585.4913,594.9035,0.04897708,10.452896,593.439,0.04005123,585.23676,593.5199,0.107843086,584.61163,592.73083,0.06249206,12.620788,19.887371,0.023101162,607.10077,578.96606,0.029478105
1261,20.045801,597.96277,0.04227837,523.86395,251.29529,0.043054957,18.665974,21.582884,0.033487305,33.939674,21.358936,0.04162792,585.9453,585.2551,0.053202968,585.02783,595.0832,0.059485383,10.053823,593.56464,0.048458282,584.9304,593.2157,0.12191204,584.6552,592.5747,0.07395135,12.648889,19.837263,0.029262904,598.3868,579.27856,0.040115174
1262,578.6854,597.3676,0.03833906,427.71677,267.42526,0.036854032,17.944273,38.41304,0.036073375,33.939465,21.427778,0.04270413,585.7673,585.2652,0.055982143,584.981,594.9509,0.05833773,9.969404,593.2955,0.042885676,584.7568,593.11975,0.12794325,584.4985,592.51013,0.07332824,12.637173,19.833145,0.028952233,598.2079,579.429,0.047607213
1263,20.022001,597.71436,0.03831844,547.3516,596.0846,0.030702664,17.832853,38.45622,0.036403317,33.928776,21.581459,0.044328645,585.9893,585.41144,0.0491061,585.2077,595.02216,0.054251958,10.090672,593.6987,0.043845017,585.0019,593.289,0.1174947,584.6417,592.6197,0.06832978,12.676051,19.911325,0.028320234,598.37787,579.2112,0.03586283
1264,20.012499,597.8743,0.04133967,316.07132,315.07855,0.039951954,17.825996,38.54489,0.03701556,33.86415,21.612011,0.042988352,586.0047,585.41223,0.049017545,585.23926,595.0535,0.053915936,9.990081,593.5405,0.0441095,584.5939,585.5526,0.11770626,584.7063,592.6733,0.068538934,12.708831,19.835756,0.02954987,598.3566,579.2684,0.03708784
1265,20.110273,597.8619,0.037810646,316.09885,315.2152,0.029561458,17.792868,38.59542,0.036924064,33.84264,21.584835,0.038117774,586.03973,585.5423,0.04716346,585.2497,595.0537,0.052847657,10.108629,593.5263,0.044803184,585.0817,593.3586,0.1128541,584.73926,592.7402,0.06897085,12.6841135,19.833626,0.028515559,598.4294,579.2291,0.03609834
1266,20.006317,597.7614,0.036340408,427.7833,443.5882,0.030491238,18.04398,38.24508,0.03475389,33.977787,21.431463,0.039960217,585.8933,585.5202,0.047861632,585.08685,595.07336,0.05095088,10.188355,593.59375,0.040577527,584.92786,593.38983,0.11523221,584.6638,592.6518,0.06823535,12.603885,19.876642,0.027113967,598.3608,579.2785,0.037171103
1267,578.6429,596.82434,0.036706727,251.99875,59.382923,0.027216986,18.023321,38.291904,0.03747697,33.86183,21.43425,0.03680494,585.50073,594.7391,0.047689542,585.22296,595.21295,0.050797805,10.172051,593.53235,0.044379257,585.1707,593.4429,0.11119136,584.80707,592.6138,0.07012696,12.617405,19.879087,0.026842553,598.18036,579.1033,0.035145458
1268,20.064545,597.81055,0.037574574,547.3579,596.1251,0.03014032,19.062944,341.63187,0.060171403,33.929825,21.438759,0.035201572,586.08813,585.3407,0.048140753,585.2264,595.14404,0.052102577,10.17536,593.5249,0.041298643,584.74567,585.55084,0.109769315,584.8136,592.678,0.069291025,12.631717,19.852184,0.02705593,598.3313,579.1658,0.03420919
1269,578.6684,596.9799,0.03734611,412.09485,411.25424,0.035730258,18.904459,341.7774,0.050420363,18.694727,581.16943,0.035640046,586.073,585.33203,0.050016597,585.17474,595.1871,0.053887106,10.195454,593.5168,0.041928418,584.73126,585.5356,0.11353679,584.89923,592.66046,0.07028203,12.599391,19.860912,0.025131486,598.1824,579.18854,0.036270935
1270,19.976704,597.75885,0.03819604,451.41638,596.3386,0.027970374,17.952744,38.336506,0.035390683,33.897793,21.556581,0.035371788,585.9953,585.47754,0.04707404,585.1913,595.09467,0.052637897,10.158072,593.5777,0.043107454,585.05804,593.4272,0.113217704,584.728,592.67035,0.0683747,12.618713,19.858044,0.026233438,598.39276,579.2484,0.034416478
1271,19.98591,597.82764,0.037179988,483.43594,596.31134,0.028350603,17.838766,38.42271,0.0351001,33.75975,21.670511,0.03822514,585.96655,585.4425,0.04851442,585.1752,595.1056,0.05387963,10.138023,593.5477,0.044361867,585.0043,593.36865,0.1155831,584.6734,592.6504,0.06945336,12.630776,19.868092,0.025769584,598.3798,579.2495,0.035785627
1272,578.7477,596.9277,0.030929593,547.4958,596.06,0.024353324,18.71361,21.44134,0.030880123,34.19868,21.309437,0.04098088,586.17004,585.4837,0.045822572,585.39233,594.9663,0.05104834,10.6051655,593.6688,0.037601028,585.1693,593.481,0.11238188,584.82996,592.77966,0.06518777,12.70226,19.925453,0.02580649,598.27875,579.1043,0.035962865
1273,20.03817,597.96484,0.039250296,403.444,596.39075,0.028394103,17.834055,38.371906,0.033850085,34.068348,21.528656,0.041812483,586.00446,585.38965,0.047030326,585.15594,595.1428,0.05244983,9.877247,593.5536,0.042390138,585.1067,593.32074,0.1092615,584.7561,592.6225,0.067393,12.701217,19.961575,0.024383433,598.2478,579.1689,0.03659162
1274,20.031567,598.0204,0.034252595,347.91983,459.34875,0.03401168,18.74454,21.48657,0.03102925,34.129585,21.363415,0.03747808,585.8215,585.38025,0.047349405,585.09326,594.938,0.053637285,10.083522,593.3867,0.04154859,584.9007,593.3263,0.11721764,584.44324,592.54407,0.068214186,12.666404,19.904026,0.026270855,598.3731,579.3236,0.039123744
1275,19.940046,597.87274,0.040923577,443.8084,155.3413,0.030103536,17.947622,38.469646,0.03419307,34.038986,21.374624,0.041188892,585.88043,585.3916,0.04901935,585.09766,595.06116,0.052095737,10.094717,593.5257,0.045053594,584.96094,593.3142,0.11324121,584.6801,592.6186,0.06740938,12.669978,19.920057,0.025983017,598.3855,579.2469,0.03874101
1276,578.6507,597.1161,0.035499297,451.36566,596.2336,0.02816323,18.719055,21.543173,0.033180233,34.076733,21.403067,0.045010254,585.84216,585.3414,0.052056294,585.02954,594.9644,0.053964674,10.024886,593.44525,0.04492299,584.87274,593.2105,0.12214613,584.5645,592.4743,0.07053728,12.642967,19.913158,0.02570407,598.3655,579.1914,0.0404454
1277,578.60913,596.87476,0.03636307,467.38004,596.2619,0.031468634,17.911669,38.368496,0.035492405,33.856724,21.580538,0.044084407,585.3281,594.62823,0.047492675,584.95593,595.2311,0.049925447,10.225422,593.47217,0.043501556,584.9572,593.33875,0.109237716,584.7086,592.4121,0.07055626,12.683826,19.89704,0.027394962,598.32715,579.20544,0.03297745
1278,578.7355,596.97656,0.038112205,43.65593,299.49466,0.041181177,18.59328,21.643637,0.03545105,33.989895,21.466656,0.03926383,585.3821,594.77704,0.051666513,585.1918,595.10236,0.05899173,10.303947,593.4523,0.041099697,585.1182,593.3528,0.12010843,584.75665,592.5992,0.07134192,12.665979,19.868034,0.028454442,598.25934,579.06555,0.034273125
1279,578.6259,597.21136,0.042455167,379.63358,411.15497,0.04342627,369.7817,411.6362,0.038987905,371.07358,422.27975,0.040683307,585.7754,585.12494,0.055939086,584.90204,595.02893,0.059667423,10.179942,593.4852,0.04052822,584.8454,593.20557,0.12375779,584.6269,592.4372,0.073921345,12.67374,19.855345,0.028857436,598.1734,579.307,0.043401685
1280,20.014736,597.92804,0.035725307,92.02245,523.3115,0.03162905,18.481457,21.71448,0.038535807,33.91869,21.57148,0.044089627,585.89935,585.3462,0.049859703,585.12006,595.05444,0.054802947,10.017546,593.5388,0.045076266,585.00543,593.45105,0.11658358,584.7052,592.6303,0.0695881,12.695876,19.892176,0.032108355,598.5119,579.2433,0.03735689
1281,578.7256,597.1941,0.03449586,435.09775,603.62964,0.028319813,17.676155,38.517246,0.042077355,33.820827,21.62457,0.043669473,585.90234,585.43,0.05055711,585.145,595.09717,0.055429008,10.1047945,593.4486,0.04608529,584.99774,593.4741,0.11395306,584.69073,592.7209,0.07037527,12.711864,19.896671,0.031118557,598.3909,579.22766,0.036219537
1282,20.034637,597.99115,0.03448754,364.21555,411.29993,0.031715143,18.612848,21.68392,0.03700707,33.850716,21.554024,0.040168665,9.791788,595.6558,0.04777253,585.20746,594.9002,0.051348936,10.014714,593.3897,0.046406887,584.4532,585.6049,0.121952906,584.45526,592.5001,0.06861346,12.647726,19.878387,0.028905228,598.27606,579.30646,0.03860128
1283,19.987848,597.9286,0.036783345,467.46814,596.2614,0.029106546,18.692984,21.564484,0.036107842,33.94694,21.479002,0.043292247,585.9273,585.32947,0.05111807,585.0781,595.0679,0.053856447,10.043074,593.47015,0.04525635,584.96185,593.2993,0.11710232,584.7196,592.5424,0.06937746,12.605753,19.900478,0.028044697,598.19385,579.26904,0.035506267
1284,20.1242,597.6135,0.041031256,315.92474,315.1359,0.04106264,18.751236,605.00433,0.032389823,34.393997,21.193176,0.03923807,586.5231,585.74774,0.040125534,585.70416,595.0475,0.04581516,10.283977,593.7615,0.04437848,585.5332,593.9939,0.093353495,585.102,593.02094,0.05927915,13.664949,43.620415,0.02073789,598.48267,579.16815,0.030897291
1285,20.16324,597.9418,0.03539893,307.13116,603.7487,0.029514562,18.855017,21.496805,0.0324035,34.2075,21.306934,0.042101596,586.06836,585.48926,0.049534902,585.3124,595.1469,0.054475456,10.199016,593.4865,0.044821117,585.1635,593.4367,0.117912345,584.904,592.8027,0.06815964,12.641177,19.823078,0.026367862,598.22046,579.22003,0.036338065
1286,20.039328,598.0815,0.03905792,547.3732,596.04517,0.028979981,18.738653,21.568945,0.035565425,34.092693,21.37126,0.04268247,585.90533,585.3756,0.051261302,585.1531,595.04297,0.055590633,9.937934,593.378,0.045864306,584.4951,585.5183,0.118338384,584.71906,592.63666,0.069571905,12.6489525,19.836332,0.028457444,598.25543,579.24615,0.03652693
1287,20.044373,597.9902,0.03915636,451.40576,596.38446,0.030751323,18.692457,21.623215,0.03602255,34.04149,21.4181,0.04264563,585.8059,585.35785,0.05002737,585.0292,594.95667,0.055769462,10.022527,593.4717,0.046762016,584.8236,593.24335,0.12261542,584.49115,592.4925,0.06916357,12.662935,19.846079,0.028931905,598.42017,579.3358,0.038120423
1288,20.017515,597.88434,0.037362453,483.4211,596.38055,0.031102384,18.719873,21.590302,0.03588673,34.077904,21.411861,0.041848056,585.9846,585.3364,0.049123447,585.1629,594.9642,0.05360637,10.0961895,593.6499,0.046995815,584.6206,585.40186,0.11244957,584.6435,592.629,0.06559468,12.606853,19.854876,0.027903583,598.1978,579.4276,0.038640987
1289,578.8089,597.0429,0.034149315,467.47183,596.4712,0.029827353,18.63408,21.664345,0.034330573,33.996044,21.34666,0.03960366,586.01984,585.2326,0.049630247,585.23083,595.0493,0.0531434,10.287218,593.5848,0.040561266,584.7906,585.3113,0.1112296,584.9253,592.7373,0.064528026,12.597804,19.875448,0.0294605,597.97723,579.147,0.037587427
1290,19.91229,597.84906,0.037361708,547.475,596.06744,0.028233241,18.635868,21.618393,0.033293467,33.976437,21.474085,0.040201522,586.0566,585.35565,0.05296244,585.2857,595.1705,0.057044294,10.056171,593.632,0.046907626,585.1843,593.4305,0.116815425,584.98395,592.79486,0.07042643,12.5303955,19.909554,0.025756408,598.0953,579.12976,0.035064533
1291,19.88661,597.7737,0.043807797,499.46866,596.3297,0.024202175,18.631628,604.7363,0.03856597,34.014206,21.49378,0.04008757,585.9478,585.4449,0.047391273,585.08734,595.10956,0.049702674,9.924937,593.8601,0.05012591,584.928,593.36694,0.110103,584.5781,592.56305,0.07012875,14.00073,43.55308,0.023079962,598.3843,579.2296,0.035633046
1292,20.033327,597.8314,0.038002405,483.4555,596.3931,0.028601628,18.6,605.1202,0.031994857,33.91159,21.615742,0.043260396,586.07794,585.5904,0.04790319,585.30084,595.17535,0.05262406,10.132619,593.56714,0.043381967,585.11475,593.4672,0.11314856,584.7873,592.838,0.06874689,12.536638,19.878586,0.02242279,598.36755,579.23175,0.037054498
1293,19.931662,597.7852,0.041685503,547.355,596.1172,0.03235687,17.917252,38.39888,0.035604846,33.816734,21.546999,0.043032814,586.0947,585.41895,0.049218763,585.3528,595.06134,0.05422336,10.085862,593.6614,0.041573036,585.1161,593.41125,0.11669435,584.7376,592.7616,0.06737475,12.6029625,19.885439,0.02634697,598.4641,579.2397,0.0351154
1294,19.978388,597.8576,0.039815836,547.3741,596.1786,0.02810766,18.56927,21.684275,0.03534885,33.975937,21.442646,0.043856204,586.1945,585.4632,0.049816746,585.36633,595.2273,0.05332467,10.035254,593.6215,0.04452761,584.8503,585.5296,0.105713144,585.01984,592.9883,0.06906028,12.692715,19.887766,0.027017754,598.24805,579.1347,0.036515214
1295,20.03844,597.9236,0.03993909,562.8621,595.8634,0.028350003,18.604555,21.651663,0.03697685,33.81933,21.490406,0.04610264,585.92,585.46844,0.047075033,585.12787,595.06366,0.051879566,10.06481,593.5169,0.041731168,584.9732,593.39624,0.11211083,584.64136,592.6724,0.06777736,12.644033,19.866665,0.028189365,598.48145,579.20905,0.034224536
1296,20.100172,597.5832,0.03683138,204.08347,251.44351,0.030644618,18.832367,605.26404,0.030876722,34.17048,21.358702,0.046029955,586.23584,585.44147,0.044003587,585.3059,595.0893,0.053440128,10.426099,593.6162,0.038866002,585.24426,593.51215,0.1146292,584.8835,592.7016,0.067137614,29.348183,75.433365,0.022164106,598.34973,579.0751,0.034779184
1297,578.6883,597.12396,0.04127648,355.40472,596.5279,0.028183188,17.732712,38.560482,0.035318635,34.141376,21.409225,0.040892653,585.85706,585.041,0.053365145,584.9278,594.94226,0.061102178,10.180611,593.74164,0.051231444,584.4569,585.23364,0.12367507,584.4934,592.3252,0.07243177,12.781751,19.82283,0.030860707,598.0779,579.17804,0.03835186
1298,578.6808,597.15063,0.03947753,419.11884,603.64355,0.027011495,17.580078,38.697113,0.03310496,33.875286,21.595873,0.039846744,585.8327,585.10724,0.050959572,584.93994,594.98676,0.0574899,10.14032,593.6492,0.044164564,584.41614,585.2793,0.12023634,584.5929,592.37006,0.06981442,12.798073,19.764532,0.032242652,598.15924,579.19885,0.040202886
1299,19.991598,598.09174,0.039015517,547.3543,595.9967,0.028869566,17.57839,38.743263,0.03943542,33.85688,21.546566,0.040306218,585.8046,585.2616,0.049558926,584.9836,594.9157,0.055889253,9.936485,593.46185,0.047918264,584.8081,593.23755,0.11790895,584.49176,592.4733,0.0683704,12.751057,19.857677,0.03152763,598.28766,579.24524,0.04155124
1300,19.986012,598.0967,0.03817879,547.3419,595.93207,0.0298855,18.558498,21.646294,0.036291067,34.073116,21.585989,0.04214862,585.78094,585.2832,0.04864797,584.9501,594.98627,0.052838292,10.011313,593.46893,0.047559727,584.8207,593.2651,0.116703354,584.48724,592.42194,0.07031563,12.710205,19.916086,0.031397313,598.38153,579.1863,0.03788928
1301,19.982512,597.9659,0.03587937,531.393,595.9776,0.026600089,17.91024,38.28771,0.036491983,34.077686,21.60706,0.04342477,586.14276,585.6358,0.04493689,585.3784,595.0319,0.051344804,10.041107,593.51544,0.04930544,585.1524,593.46606,0.115187846,584.7074,592.82416,0.06874104,12.688914,19.920362,0.029277258,598.51715,579.2209,0.03483514
1302,578.65454,597.053,0.036019072,451.35956,596.3517,0.028122228,18.70798,21.511759,0.032531288,34.283108,21.34581,0.039942265,585.9653,585.4026,0.049058177,585.17175,595.0921,0.05313594,10.047458,593.57764,0.04705799,585.0148,593.3436,0.11571666,584.75085,592.66766,0.06972618,12.616322,19.86769,0.025980383,598.3668,579.1887,0.036710568
1303,578.6437,597.05145,0.03698221,267.84775,43.72614,0.032639105,18.590805,21.635988,0.030242216,18.61105,581.1217,0.037305087,586.0543,585.33044,0.050450142,585.20166,595.1038,0.056910858,10.107033,593.6377,0.048271604,585.0829,593.3711,0.12033669,584.79645,592.61237,0.06911928,29.823267,163.2536,0.020740133,598.1951,579.1314,0.03574911
1304,20.080854,597.74884,0.033950206,547.3767,596.1114,0.028875707,18.59616,21.6077,0.027968716,34.05564,21.64465,0.036105894,585.93976,585.3152,0.049072962,585.16345,594.9132,0.05526528,10.254362,593.5176,0.041611157,584.5045,585.4907,0.1183595,584.4933,592.50824,0.07010031,13.885533,43.696583,0.021016829,598.38245,579.2072,0.03699495
1305,20.09148,597.77386,0.036553986,547.33057,596.1783,0.031687796,18.64741,605.1613,0.03221948,34.2018,21.501019,0.039421186,585.9233,585.41766,0.04988172,585.182,595.0279,0.05299801,10.163171,593.58716,0.041052915,584.9786,593.28534,0.11573888,584.71375,592.6778,0.06702679,12.58805,19.9407,0.0210906,598.2294,579.2696,0.037371695
1306,20.003067,597.9019,0.03764897,483.5019,596.3517,0.031154629,18.725134,21.443657,0.030088771,34.177643,21.463882,0.040117398,586.0203,585.3573,0.046908785,585.2475,594.98737,0.05191851,9.959957,593.7091,0.0515212,584.5796,585.5821,0.11202626,584.60406,592.67224,0.06855453,12.600834,19.896097,0.022463605,598.4957,579.24994,0.033250563
1307,20.133741,597.91486,0.034872137,547.4485,596.14886,0.030158646,17.914444,38.32953,0.030085918,34.01602,21.534462,0.03688172,585.95886,585.31256,0.047581173,585.2574,595.013,0.05215075,10.088367,593.5061,0.04424907,584.63116,585.4837,0.11733024,584.7476,592.7275,0.06848703,12.622808,19.901669,0.023084909,598.1964,579.13385,0.0365472
1308,20.0585,597.4022,0.03010929,547.5284,596.0014,0.01992423,18.795755,604.8449,0.029408848,34.219776,21.41207,0.037478454,586.58624,585.8879,0.040511843,585.7435,595.10144,0.045936584,10.498741,593.75446,0.036546767,585.5213,593.6978,0.10149843,584.88745,593.03613,0.060724504,29.629517,211.41284,0.021159489,598.53656,579.1478,0.02847201
1309,20.008299,598.0668,0.03873048,331.93457,347.11368,0.040050205,17.777912,38.587383,0.037295587,33.978542,21.388674,0.042197846,586.35443,600.91693,0.048688233,585.0749,595.0242,0.05308875,9.948024,593.3047,0.048465077,584.8915,593.28894,0.114421375,584.6611,592.6656,0.06730521,12.715568,19.805315,0.02964573,598.3517,579.3413,0.03924405
1310,20.075531,597.94586,0.037523784,547.388,596.06146,0.030957593,18.700459,21.490608,0.032342304,34.160706,21.397467,0.041433778,585.9809,585.3217,0.050612945,585.08105,595.18097,0.055266105,10.070775,593.4694,0.04899571,585.0413,593.3537,0.11305889,584.8344,592.62177,0.070739135,12.704315,19.848795,0.02599236,598.22723,579.1998,0.037193608
1311,578.6539,597.0422,0.035813138,348.06235,123.08566,0.04097821,17.882347,38.542477,0.035485473,33.956707,21.397043,0.03964655,586.07117,585.5429,0.051468406,585.2413,595.2064,0.055581804,10.059111,593.4943,0.04878081,585.1363,593.41956,0.11385289,584.90686,592.8995,0.07058311,12.684913,19.808722,0.02840837,598.2656,579.2491,0.0383379
