scorer,DLC_Resnet50_cam-topleft2026-01-01shuffle1_snapshot_best-10,DLC_Resnet50_cam-topleft2026-01-01shuffle1_snapshot_best-10,DLC_Resnet50_cam-topleft2026-01-01shuffle1_snapshot_best-10,DLC_Resnet50_cam-topleft2026-01-01shuffle1_snapshot_best-10,DLC_Resnet50_cam-topleft2026-01-01shuffle1_snapshot_best-10,DLC_Resnet50_cam-topleft2026-01-01shuffle1_snapshot_best-10,DLC_Resnet50_cam-topleft2026-01-01shuffle1_snapshot_best-10,DLC_Resnet50_cam-topleft2026-01-01shuffle1_snapshot_best-10,DLC_Resnet50_cam-topleft2026-01-01shuffle1_snapshot_best-10,DLC_Resnet50_cam-topleft2026-01-01shuffle1_snapshot_best-10,DLC_Resnet50_cam-topleft2026-01-01shuffle1_snapshot_best-10,DLC_Resnet50_cam-topleft2026-01-01shuffle1_snapshot_best-10,DLC_Resnet50_cam-topleft2026-01-01shuffle1_snapshot_best-10,DLC_Resnet50_cam-topleft2026-01-01shuffle1_snapshot_best-10,DLC_Resnet50_cam-topleft2026-01-01shuffle1_snapshot_best-10,DLC_Resnet50_cam-topleft2026-01-01shuffle1_snapshot_best-10,DLC_Resnet50_cam-topleft2026-01-01shuffle1_snapshot_best-10,DLC_Resnet50_cam-topleft2026-01-01shuffle1_snapshot_best-10,DLC_Resnet50_cam-topleft2026-01-01shuffle1_snapshot_best-10,DLC_Resnet50_cam-topleft2026-01-01shuffle1_snapshot_best-10,DLC_Resnet50_cam-topleft2026-01-01shuffle1_snapshot_best-10,DLC_Resnet50_cam-topleft2026-01-01shuffle1_snapshot_best-10,DLC_Resnet50_cam-topleft2026-01-01shuffle1_snapshot_best-10,DLC_Resnet50_cam-topleft2026-01-01shuffle1_snapshot_best-10,DLC_Resnet50_cam-topleft2026-01-01shuffle1_snapshot_best-10,DLC_Resnet50_cam-topleft2026-01-01shuffle1_snapshot_best-10,DLC_Resnet50_cam-topleft2026-01-01shuffle1_snapshot_best-10,DLC_Resnet50_cam-topleft2026-01-01shuffle1_snapshot_best-10,DLC_Resnet50_cam-topleft2026-01-01shuffle1_snapshot_best-10,DLC_Resnet50_cam-topleft2026-01-01shuffle1_snapshot_best-10,DLC_Resnet50_cam-topleft2026-01-01shuffle1_snapshot_best-10,DLC_Resnet50_cam-topleft2026-01-01shuffle1_snapshot_best-10,DLC_Resnet50_cam-topleft2026-01-01shuffle1_snapshot_best-10
bodyparts,1,1,1,2,2,2,3,3,3,4,4,4,5,5,5,6,6,6,7,7,7,8,8,8,9,9,9,10,10,10,11,11,11
coords,x,y,likelihood,x,y,likelihood,x,y,likelihood,x,y,likelihood,x,y,likelihood,x,y,likelihood,x,y,likelihood,x,y,likelihood,x,y,likelihood,x,y,likelihood,x,y,likelihood
0,237.84157,588.12317,0.05649234,13.657157,589.6718,0.08043396,614.4333,604.4119,0.06516931,580.56476,3.9025354,0.05088233,589.2745,21.875187,0.06624856,11.83305,596.0053,0.07520753,564.9374,19.04994,0.07476476,579.0485,12.77963,0.06342386,236.02286,583.252,0.2631588,26.885376,588.21674,0.1362316,606.69086,611.1114,0.04059827
1,596.50586,598.3138,0.046738744,541.17914,589.21027,0.06609868,532.4258,339.5878,0.043246135,51.994045,20.498926,0.050891474,19.98938,37.09389,0.06594209,539.6297,597.0927,0.07505344,532.37915,339.71667,0.11149296,577.84705,341.34998,0.04926112,268.48935,584.86566,0.036708552,539.2372,588.2015,0.09919574,566.01746,602.0958,0.037624326
2,596.3833,598.6889,0.039462592,13.047673,589.5672,0.06649343,412.02667,363.5221,0.060837734,412.75568,364.29858,0.05538481,411.80432,372.57333,0.085057795,11.847946,28.130997,0.06703758,419.41043,371.49298,0.14155436,577.94635,341.68582,0.054572675,460.59595,585.2417,0.0418266,459.359,588.5603,0.08703459,606.1843,611.70197,0.050660636
3,36.982838,580.4547,0.03929961,13.137804,589.67377,0.066653565,613.0823,396.2444,0.03860778,51.970287,20.545862,0.061779894,43.73249,20.804861,0.06321175,27.007805,20.260761,0.07039471,36.32439,19.678017,0.08330686,577.93823,325.5961,0.05899598,555.7844,291.88333,0.03857349,411.63486,588.45123,0.08874328,573.37897,396.05896,0.030433873
4,596.2507,598.6159,0.042740267,13.085305,589.60596,0.06696338,613.9148,604.17303,0.04315245,52.022194,20.529688,0.0577664,43.77459,20.881775,0.063362606,26.949835,20.27064,0.069044635,420.23218,387.7366,0.098633766,577.41486,342.10608,0.058865868,547.312,388.27277,0.030063635,125.212845,603.6569,0.09002398,606.0548,611.395,0.044114154
5,596.4287,598.22003,0.04223575,13.114358,589.6179,0.06930579,484.33054,307.67422,0.054616354,51.956356,20.548952,0.05658488,484.7064,324.28827,0.066918544,27.02777,20.188349,0.067730315,484.22742,323.5452,0.12421705,577.88855,341.42212,0.07249285,547.8871,275.89078,0.029786656,459.80637,596.2187,0.08340085,590.84344,286.44528,0.035656154
6,36.918217,580.31226,0.03566492,13.077554,589.59033,0.06807149,613.0896,364.1781,0.0363305,52.021393,20.56404,0.053359807,43.75556,20.845308,0.060083035,26.958454,20.261568,0.06587783,532.5541,371.80804,0.079211794,578.1501,372.92096,0.05320175,547.84534,260.10843,0.036316548,539.74744,596.13666,0.085344546,21.872805,116.48016,0.030694366
7,36.97009,580.32336,0.03732725,13.058715,589.53845,0.0668108,468.52185,387.31293,0.08047151,484.90817,396.31958,0.05340457,476.1176,404.4517,0.06270034,26.991503,20.256042,0.0680528,483.67258,387.67325,0.13522963,578.143,309.48163,0.056079317,547.865,275.84647,0.03610698,459.56094,588.43634,0.086291514,605.9392,611.74164,0.035360772
8,541.48987,340.60443,0.043527223,13.026928,589.48,0.065706976,531.6186,339.36325,0.10643996,548.5844,348.7159,0.0751656,533.02783,356.06952,0.091885984,26.970016,20.229364,0.07259279,530.96375,353.9872,0.19504449,578.2639,309.69742,0.06285096,540.4846,341.9462,0.0502819,523.5255,588.48395,0.08643259,606.1528,611.6088,0.049553253
9,37.212822,580.2793,0.038806327,13.181803,589.72925,0.06777752,532.44305,339.51822,0.068827584,51.988102,20.510416,0.061137795,36.087494,36.405033,0.066052504,26.97725,20.282291,0.07193275,484.13736,387.91754,0.13392404,578.09357,309.81982,0.059699032,540.058,340.71155,0.03395052,27.46995,587.75964,0.07595812,598.7203,603.7582,0.034014467
10,541.05054,340.08163,0.04802928,13.070234,589.6282,0.06499302,531.3275,339.45193,0.16766442,548.5272,348.73138,0.07196031,539.2014,356.25507,0.08484378,26.995686,20.309492,0.06792652,530.54224,353.9235,0.18751559,577.8532,341.2247,0.059623286,540.2975,341.9889,0.0633263,125.34155,603.6767,0.07601444,606.13776,611.5344,0.045844622
11,540.9521,340.10327,0.03986215,13.161874,589.6501,0.06965658,531.4899,339.4828,0.1262228,548.5807,348.90768,0.066067874,539.52527,341.13785,0.07535304,27.02338,20.319618,0.0675685,530.67,354.0585,0.18261202,577.9456,341.32074,0.055718828,540.29834,341.5934,0.047488976,12.401947,603.79083,0.076016076,606.04767,611.7122,0.039504502
12,380.47537,146.95299,0.052896883,372.56433,156.03087,0.07980154,372.39243,154.6736,0.11839182,388.64545,148.65897,0.06042826,380.19098,149.42247,0.074233584,386.41174,155.57289,0.078239,468.22586,339.72757,0.0947667,577.70593,309.50977,0.061329402,555.4394,292.0308,0.04829564,459.7981,604.4943,0.08356866,371.90277,156.37659,0.04264902
13,596.51996,597.8192,0.03774529,13.100304,589.5738,0.0643358,564.84686,322.90677,0.045858063,84.211876,579.732,0.044758674,20.071033,37.052433,0.05736262,11.97537,28.097239,0.0650805,548.2568,339.87317,0.0882486,578.2152,341.20938,0.060368877,547.98315,275.94266,0.044343073,523.5585,595.90985,0.07971862,573.5903,396.01193,0.032681312
14,396.6944,276.16684,0.04885909,13.089326,589.46606,0.06587928,388.27655,276.3026,0.13267204,404.5343,284.05438,0.08486538,395.6134,292.54214,0.08849615,402.74274,283.9395,0.08099084,403.20596,291.37012,0.15081275,577.9401,325.45447,0.061406013,396.71417,277.6633,0.048026357,539.36664,588.33685,0.10003807,435.29218,412.26538,0.041545063
15,596.3019,598.04047,0.040962476,13.132887,589.6149,0.067675926,532.14294,339.37973,0.09821848,548.73224,348.9195,0.07382134,539.4731,356.2884,0.07214678,26.995165,20.341375,0.068131,531.50275,354.50125,0.17461649,577.9165,325.5208,0.060685746,540.3048,341.55853,0.049681492,539.8237,595.95984,0.07776611,548.0005,348.56705,0.03493399
16,572.7475,587.6438,0.042560603,13.133867,589.58984,0.071747735,531.6658,339.49414,0.10247538,548.52167,348.68246,0.07571499,533.04474,355.97638,0.08340793,531.5805,338.8549,0.07435495,530.8946,353.93076,0.18565026,577.86774,325.37198,0.060113877,540.31525,342.04855,0.04752306,555.30786,588.05475,0.09001596,531.2966,348.22794,0.039373428
17,596.33905,598.06836,0.04805047,13.090392,589.50024,0.0658558,500.28583,291.64417,0.058160294,51.943474,20.530237,0.05992119,500.7191,292.88004,0.07951679,26.986757,20.309069,0.069509745,500.34174,291.72055,0.16207694,577.95245,293.61624,0.05308454,492.12143,276.8539,0.04760973,556.05975,595.98615,0.07635699,605.78406,611.4454,0.03393012
18,596.3537,598.77106,0.046468858,13.112369,589.5102,0.065470256,613.7451,588.3034,0.04210932,51.985367,20.509977,0.056369767,19.97818,37.013916,0.066637024,26.947752,20.416975,0.0697385,548.5786,307.8156,0.084422916,578.3301,341.16284,0.06338489,555.18787,371.8859,0.04562213,475.55505,596.4307,0.08172595,606.189,611.4372,0.04578937
19,596.3029,598.8124,0.047746032,13.082791,589.4459,0.063453175,614.0541,604.1234,0.043188665,52.012337,20.505182,0.05556563,19.998821,37.057995,0.06326307,26.977856,20.355742,0.06823751,484.30386,387.66727,0.10113637,578.118,325.4144,0.06487034,547.59076,371.89493,0.034536093,539.64276,588.4968,0.09621197,606.29126,611.44104,0.049676426
20,300.64932,587.7093,0.037601776,13.140331,589.62976,0.065141015,613.09863,364.14172,0.039812595,52.042362,20.510496,0.056851257,19.998768,37.072598,0.062429246,26.979063,20.357817,0.06825786,484.28232,291.75525,0.077502914,577.8198,325.6458,0.060067967,547.8609,275.97574,0.04754449,443.3956,588.3113,0.079642326,605.92126,611.6341,0.035769615
21,596.6596,598.14435,0.042015746,13.178837,589.61646,0.06547827,565.11224,307.09625,0.040130466,51.95983,20.486017,0.05982148,43.700066,20.881735,0.06223276,26.990389,20.275162,0.067983575,468.21698,323.5343,0.08405228,577.7692,293.50687,0.06604512,524.14246,585.47406,0.038177297,539.61475,588.1298,0.09034622,590.8542,302.47046,0.033186164
22,37.050873,580.3138,0.03836379,13.206303,589.63574,0.06826443,532.38226,355.37857,0.043678254,51.976826,20.485277,0.057988383,20.006733,36.934536,0.061913807,26.970766,20.26879,0.06977604,452.16974,371.54254,0.10418648,577.74744,293.6398,0.058122028,508.00583,452.5097,0.03810414,427.37848,588.7231,0.090411745,590.9226,286.35086,0.030739129
23,37.269768,580.2547,0.036125448,13.227114,589.74347,0.0681908,315.72375,84.189,0.06486447,52.047142,20.527987,0.05721568,468.75317,356.31104,0.06425389,26.962603,20.2232,0.06733481,468.47662,355.65576,0.13684125,577.7271,293.62408,0.061927803,547.879,275.78983,0.037135683,12.566365,587.924,0.08116086,565.49225,284.6165,0.03094735
24,477.1163,588.33307,0.05645295,13.330315,589.9521,0.06791241,477.5744,588.55145,0.04173128,52.082108,20.441977,0.046736818,36.144974,36.44206,0.05562173,459.60782,598.0199,0.0770033,452.54382,307.69217,0.07609741,578.17096,293.2119,0.05222309,475.9263,586.12836,0.063892595,475.36362,596.3427,0.114230484,469.78412,601.6738,0.042498704
25,596.2484,598.30725,0.043834236,13.103503,589.5893,0.06442389,531.5432,339.89517,0.13332716,52.012768,20.397215,0.05408564,533.18304,356.41455,0.1156597,555.95917,596.88293,0.07183241,531.33124,340.63284,0.1841895,578.1075,309.73245,0.055625945,540.21643,341.3351,0.055881888,555.53174,588.156,0.101977006,606.0252,611.53217,0.04312684
26,596.4745,598.00006,0.04613197,13.141228,589.6324,0.067772396,612.99475,396.1692,0.040542528,51.978962,20.475706,0.059104625,36.059322,36.48512,0.06331215,27.01841,20.358076,0.069960065,583.106,308.72568,0.09015769,577.82574,309.82672,0.06747595,547.97064,291.80844,0.029377973,252.60648,603.6557,0.081798665,590.1873,611.2754,0.031201193
27,12.329883,36.394386,0.04047685,13.211928,589.72046,0.068332046,613.0828,396.2897,0.040658724,51.97772,20.488247,0.061056834,36.05779,36.47878,0.06468379,27.012495,20.389309,0.07049473,582.6757,308.68817,0.09551635,577.82623,309.74982,0.07715462,548.1845,292.05768,0.03686617,12.4065485,587.7484,0.07742049,590.1394,611.52997,0.033385467
28,12.333219,36.386574,0.039523337,13.213486,589.7228,0.06723642,612.93713,460.2644,0.037051782,51.98112,20.465275,0.063382655,43.693195,20.981354,0.064612456,27.015184,20.402134,0.06977646,598.3569,324.68164,0.08025824,577.6417,341.18716,0.063779056,467.80606,435.83755,0.02655863,12.437122,587.87,0.07841815,21.830853,132.50714,0.030857747
29,37.01875,580.2584,0.040157154,13.168175,589.6304,0.06741585,436.21338,323.79645,0.046199463,51.964573,20.441349,0.061784625,436.7655,324.63223,0.07448947,26.96115,20.396334,0.072014965,436.24332,323.65808,0.14651424,577.6862,309.63483,0.06762995,428.17618,308.5781,0.030969111,12.369909,587.78485,0.07604628,605.87756,611.6477,0.03918122
30,37.030193,580.25977,0.038890947,13.190352,589.6299,0.06691562,500.4959,275.64114,0.04994577,51.99182,20.488956,0.059769444,43.723694,20.86084,0.06325067,26.997799,20.22202,0.068118535,532.40204,339.54013,0.09541806,577.8872,309.50635,0.060684055,547.8208,275.91226,0.04275407,539.8785,596.0807,0.0781008,605.86755,611.72687,0.035338894
31,596.25616,598.3954,0.047586102,13.127539,589.60297,0.06552373,613.7782,604.3094,0.045193363,51.97361,20.501265,0.056840535,43.728374,20.890455,0.05919132,27.000547,20.213682,0.065314114,548.3733,339.75998,0.10389672,578.2062,356.80225,0.0604835,547.9808,275.8643,0.029995639,300.38397,603.54614,0.08990128,606.0091,611.4248,0.040790524
32,596.542,597.8211,0.041866466,13.134133,589.59015,0.0676386,548.4302,339.1518,0.05350648,52.00124,20.491568,0.05419605,532.4766,356.21024,0.06740142,27.009016,20.288485,0.06793364,532.12085,339.73386,0.13241534,578.2588,341.1918,0.06937218,547.54065,260.37982,0.041617505,300.14166,603.8223,0.09080096,605.87726,611.48846,0.03128345
33,596.5637,598.4316,0.041906837,13.239691,589.7372,0.067894414,531.65045,339.28506,0.08584133,548.24384,348.57437,0.061423086,523.9071,341.06256,0.07927457,412.05154,596.8993,0.06815645,531.2301,340.3225,0.19083862,578.3382,309.23724,0.061450206,524.4595,341.30273,0.039386336,411.36868,588.271,0.09345264,606.2073,611.492,0.038327187
34,37.053528,580.21954,0.039016094,13.217269,589.6665,0.06920684,452.34857,339.80466,0.058251213,51.983807,20.52154,0.057550427,452.67508,340.42795,0.07583492,26.967285,20.274317,0.06709318,452.176,339.38623,0.16460541,577.8147,309.52728,0.06931835,300.3426,585.1065,0.039097276,299.84695,588.11957,0.08177924,565.04895,348.3986,0.030889725
35,429.8072,588.28577,0.04676798,13.122521,589.55634,0.06663729,613.16364,364.02023,0.03886668,51.980587,20.532703,0.06219504,43.73787,20.853998,0.06656604,428.11203,587.71106,0.07496663,404.4444,371.8427,0.09098957,577.73175,309.9086,0.06459732,428.3348,585.1297,0.049927484,427.2194,588.6553,0.10367407,606.15173,611.4272,0.048577204
36,301.06177,587.521,0.04892622,301.27982,589.0123,0.06769802,547.68646,339.0128,0.06014843,548.74603,348.75262,0.07350339,548.07965,340.46042,0.063563906,299.73648,597.2696,0.07079839,532.01416,355.06693,0.14198858,578.4482,293.0197,0.05045832,555.7507,275.7529,0.0367661,491.84796,596.31433,0.09499952,565.57495,602.3452,0.03784712
37,596.3119,598.6438,0.0460883,13.019874,589.5385,0.064561516,613.8733,604.16766,0.046274126,51.99016,20.560822,0.052006226,20.031702,37.063225,0.061443053,26.98674,20.343685,0.06818696,532.1892,339.75882,0.09860786,577.8704,341.46225,0.07051839,300.21643,585.0943,0.076404236,317.07132,603.1736,0.102087304,606.08954,611.5127,0.047410887
38,596.4948,597.8632,0.038596004,13.056263,589.6031,0.06435996,613.13635,396.3353,0.04198911,51.909763,20.547226,0.05986752,43.711483,20.989273,0.063638724,26.991951,20.34608,0.07029521,532.21967,339.65088,0.116569825,577.7924,309.65515,0.063968614,547.8939,275.90247,0.03506027,125.1595,603.64453,0.077559836,605.9151,611.6314,0.033125125
39,596.6288,598.0053,0.048777543,13.085669,589.6301,0.065788314,548.6724,339.37982,0.052667096,51.944275,20.48402,0.056781396,532.733,356.38437,0.06387814,26.978739,20.28779,0.06892836,532.78467,355.70413,0.12769157,577.76587,309.51303,0.058650363,547.89197,275.85025,0.030661333,539.6244,596.27454,0.082460254,590.18036,611.37524,0.039866623
40,596.4242,597.9197,0.041345634,13.136872,589.67365,0.066416055,532.31683,355.62057,0.07076469,51.97941,20.413334,0.05452667,532.4142,356.43466,0.06418463,26.970713,20.29153,0.069498904,532.6381,355.65097,0.139191,577.89667,325.42142,0.066004805,540.3433,356.00928,0.045236077,443.67172,596.2104,0.07614516,605.9928,611.5276,0.03694766
41,461.29733,588.3771,0.045583926,13.163423,589.6862,0.06666242,564.85065,323.19455,0.038094718,52.054516,20.483015,0.0548594,19.984903,37.01066,0.064177975,443.83923,597.22205,0.07385014,532.31244,307.81314,0.077361524,578.0739,325.41357,0.0528768,460.01144,585.17676,0.05545852,443.2895,588.8254,0.101097904,565.1017,300.4604,0.031893212
42,12.402736,36.31031,0.03772636,13.18727,589.7053,0.068394795,612.9695,492.24838,0.041437503,52.096695,20.512957,0.058537118,36.09668,36.47461,0.06649686,26.960865,20.257435,0.065540545,548.3314,355.83707,0.093188554,578.18036,309.415,0.062241502,547.76483,260.0811,0.034706682,427.55777,596.4865,0.0821432,21.959776,132.6193,0.03026476
43,36.968594,580.2415,0.037235368,13.157976,589.65027,0.069531664,613.1441,476.2575,0.04274586,52.043056,20.500334,0.053070866,19.99195,37.04197,0.060480148,11.808459,596.30255,0.06555309,598.427,308.8042,0.081061676,578.04663,309.6892,0.06368679,547.9308,291.8963,0.032058805,124.92343,603.5265,0.080476,21.962938,132.58084,0.031197898
44,545.7219,341.44598,0.16168022,546.36163,350.32977,0.14215933,528.7698,338.11993,0.24958539,532.4077,357.11447,0.11380352,522.84784,343.6436,0.10623468,528.0784,334.49124,0.14688519,524.0087,346.69235,0.30156437,537.32196,344.68744,0.28059113,547.7622,275.83664,0.04262659,523.7766,595.9072,0.085062526,527.6151,341.3092,0.08428075
45,548.23706,341.63846,0.21156055,549.1352,350.3887,0.18714781,529.16534,336.0264,0.24830085,532.34894,357.12537,0.13761102,522.0665,343.6033,0.10297907,527.9365,334.54437,0.155181,525.13763,345.5779,0.34056318,537.6136,343.5157,0.40781215,533.1938,343.53607,0.088793956,125.024414,603.5787,0.079052575,527.3123,340.88773,0.13167897
46,541.3696,340.75674,0.041676518,13.162732,589.60956,0.069673225,435.79037,323.5172,0.08521931,548.68176,348.81775,0.08723454,547.7861,340.36325,0.07873946,531.75867,339.25174,0.07101519,530.99786,354.2119,0.19040619,577.84937,309.70813,0.061573084,555.88934,292.0657,0.042013943,125.05103,603.6283,0.08105587,605.83673,611.7,0.039810155
47,37.113728,580.299,0.037233256,13.197639,589.63135,0.070162795,564.8767,322.77606,0.042495746,52.018898,20.509111,0.058742613,36.080784,36.3898,0.06484356,26.99483,20.2633,0.06634011,436.1471,307.5135,0.08920588,577.58044,309.64948,0.071134545,547.8602,260.0218,0.0317769,523.65045,596.3607,0.083730765,605.93115,611.6892,0.039067622
48,524.6697,587.8559,0.04330717,13.374816,589.8999,0.0732488,29.179836,580.77924,0.04335509,52.110718,20.44454,0.059864335,43.704853,20.773401,0.066808306,524.03827,597.03253,0.071525894,36.089172,19.799786,0.07570043,578.43823,325.27103,0.05285032,170.19345,584.2688,0.05642099,523.2615,596.6902,0.10666148,475.68323,403.95465,0.03306933
49,596.2922,598.1377,0.042019065,13.109987,589.55884,0.06565006,500.26788,371.77145,0.13929512,516.5944,380.13516,0.06747742,507.5729,388.71793,0.109269,26.987246,20.36929,0.06693755,499.53796,387.29584,0.16218074,578.05334,373.29727,0.058595456,508.0616,373.54584,0.056958158,539.41064,588.1818,0.09173981,499.31616,395.4408,0.040910263
50,509.64996,372.1708,0.086784996,13.0674925,589.5485,0.06529398,499.57794,372.02023,0.20668566,516.0858,388.88028,0.07784458,506.41623,389.04865,0.1586196,512.3373,377.9723,0.07562564,498.9953,386.41013,0.224501,508.52393,372.4343,0.12331918,508.13345,376.01285,0.045921776,539.4572,588.14233,0.09096698,516.75946,396.2896,0.047655012
51,596.3223,598.1641,0.045956884,13.119617,589.5998,0.06744242,419.70267,403.50537,0.075277224,436.45792,412.29562,0.08810993,435.8523,404.38034,0.06736748,26.978437,20.38245,0.06866111,419.593,418.56412,0.14728543,578.1406,309.2518,0.06466768,555.63367,291.95172,0.04548445,539.5338,588.1568,0.092185125,435.84564,412.5297,0.040183116
52,37.096355,580.2107,0.041076347,13.183611,589.662,0.06833171,613.596,588.2979,0.04043024,51.98144,20.52071,0.060654495,36.014965,36.50602,0.06720129,11.822917,596.29034,0.06835884,532.06366,323.72037,0.08408067,578.09875,325.55582,0.060591154,555.4292,276.0524,0.03523823,12.362048,587.841,0.07949455,21.90765,132.48004,0.03223524
53,37.24979,580.1816,0.04218649,13.269495,589.781,0.06985961,613.22,492.441,0.040188074,51.956844,20.54347,0.06131071,43.71163,20.90694,0.06406172,26.98694,20.338577,0.068609506,36.264217,19.734612,0.079830445,577.8582,293.29913,0.06277348,547.9307,275.9185,0.04148546,12.484496,587.85895,0.08183962,565.18225,291.59393,0.03771302
54,68.56993,580.32324,0.03672651,13.121504,589.6127,0.06607471,613.25446,492.4048,0.04490875,51.97595,20.567907,0.058121234,43.742733,20.858627,0.06260198,26.983387,20.366117,0.069074966,468.343,403.85153,0.08447807,577.78625,293.5944,0.05697289,547.89795,276.0049,0.026861273,539.4881,588.2997,0.07820293,21.891819,132.52795,0.032555547
55,544.60443,341.32422,0.13107267,544.7582,349.73303,0.1276951,535.95856,339.82028,0.21933058,532.9085,356.85178,0.07389387,533.5271,356.41022,0.12873772,530.0804,335.9388,0.1365028,527.1238,346.68283,0.24115539,538.19244,345.11664,0.20865053,523.22125,343.72684,0.057097364,523.4204,588.4713,0.08146379,549.0597,349.07675,0.0645041
56,544.5542,340.98358,0.14457598,544.97174,349.4391,0.14293063,535.9388,339.65765,0.23248726,532.5013,356.41205,0.081700094,533.0432,355.96576,0.14628905,531.10205,336.18774,0.11637864,529.25684,346.6184,0.21657746,538.19855,344.8327,0.19401059,533.0502,344.77197,0.075553074,125.156624,603.58563,0.084059484,549.68744,340.17368,0.057222094
57,546.5953,340.70807,0.19336015,547.42413,349.58615,0.15557405,534.05286,336.45938,0.26940167,532.01385,356.8285,0.11259408,532.21155,356.11313,0.10367638,529.39154,335.16895,0.15509027,526.3044,346.97702,0.28607482,537.6771,344.2677,0.29085973,533.3971,345.04916,0.07709397,141.23112,603.4118,0.08594537,527.94556,341.02396,0.07769765
58,596.26666,598.6685,0.046175096,13.102017,589.624,0.06385988,532.04675,339.6725,0.1082239,548.6136,349.00864,0.062838234,532.66254,356.3001,0.080070116,27.026665,20.251045,0.070234865,531.4472,354.52106,0.18843122,577.9172,341.01114,0.059142362,508.0683,389.48425,0.052450772,141.13042,603.5523,0.084871106,548.4246,348.3911,0.046028048
59,541.56934,340.834,0.04101002,13.115965,589.6361,0.064946875,531.67487,339.16766,0.094111115,51.970055,20.509596,0.06202649,532.9109,356.34506,0.083827324,27.015654,20.2524,0.06904389,530.62384,353.5255,0.1945114,540.3326,340.6091,0.05927188,540.2102,355.4071,0.049695592,125.08207,603.55237,0.080023505,606.25964,611.61865,0.05916529
60,348.4864,588.25256,0.064572476,13.03515,589.553,0.061128393,127.892715,603.85034,0.038725972,51.999928,20.472586,0.0557567,43.79606,20.80554,0.06074367,331.6877,598.0796,0.08093552,420.32007,339.87695,0.08884143,578.393,325.0484,0.0536502,332.32153,585.5532,0.068770535,347.78745,588.8094,0.1123832,341.46747,601.77783,0.041881345
61,541.9939,341.1706,0.09747761,542.6203,350.1717,0.08169473,531.57745,338.88495,0.21393983,548.2549,349.22717,0.07188591,537.5446,356.28757,0.13446173,532.25104,337.32025,0.11806888,530.89105,353.17722,0.2259155,540.02765,339.60138,0.086151905,348.28745,585.0122,0.06594655,348.6547,603.3218,0.09296188,549.44604,349.43054,0.052274697
62,596.4917,597.8182,0.037792176,13.0764475,589.49805,0.06623863,444.4706,171.68393,0.041435037,51.97141,20.425407,0.04960585,20.03682,37.06111,0.058022134,11.926291,28.110989,0.064031474,548.3284,339.8364,0.09323402,577.9008,325.56766,0.0719632,452.58243,171.33563,0.030281913,539.877,596.2016,0.0820816,590.9277,318.52042,0.03544303
63,596.35187,597.9091,0.036119144,13.134761,589.51807,0.06682073,524.17035,299.6846,0.054118674,525.3237,300.3458,0.060508575,524.4691,308.77084,0.07092723,27.002234,20.3066,0.06584719,531.7284,307.81796,0.12028382,578.12494,325.4375,0.06837675,524.3408,292.9618,0.031109754,12.270849,603.75635,0.07744339,507.55945,387.72946,0.032196067
64,596.4824,598.1995,0.03485851,13.1303425,589.57086,0.06634956,613.47205,492.26944,0.04308001,52.02027,20.471123,0.054460704,36.043858,36.441048,0.0596462,26.991837,20.276714,0.06691678,598.32733,292.82123,0.0881079,577.7499,325.65506,0.06670253,547.8998,276.05237,0.031479955,125.30137,603.4196,0.085181415,590.7646,318.5676,0.034672912
65,36.974144,580.23834,0.036331803,13.1111555,589.5713,0.06471905,532.1553,339.15884,0.06886781,51.97092,20.381863,0.06064032,532.56464,340.62112,0.07069489,26.956589,20.239338,0.06987341,531.9317,339.84067,0.1650969,577.91144,325.4655,0.061972585,547.7376,275.96555,0.034730334,427.46326,588.501,0.07860909,590.6934,286.21716,0.036168013
66,317.2431,587.70636,0.06939716,301.43698,590.3831,0.08094925,531.83435,339.33307,0.054356307,52.022827,20.44714,0.055903185,315.80954,595.42645,0.0633381,331.69284,597.88586,0.09609609,531.6562,339.89337,0.14082348,577.9561,325.13544,0.05326131,316.94824,584.2149,0.0621079,330.795,588.7336,0.12777543,325.10263,600.7858,0.03228128
67,596.4255,598.8315,0.042384814,13.1000595,589.55396,0.065564305,531.0531,338.77515,0.09892633,548.4541,349.2933,0.05823027,532.8997,356.49832,0.07764473,11.872184,28.111471,0.06274802,529.2743,352.971,0.19219352,540.2283,340.40128,0.062413797,547.7991,275.66592,0.038084056,315.552,588.38306,0.08270599,606.2773,611.50464,0.04774298
68,596.2169,598.30524,0.05277223,13.067033,589.5567,0.066235065,530.6347,338.41388,0.09834248,548.275,349.35468,0.05850615,538.9322,356.7377,0.08123828,11.901771,28.132061,0.064170815,529.8418,340.7994,0.2148044,532.3446,345.22543,0.08571924,539.5814,355.37274,0.03922742,331.4403,588.41925,0.08421165,548.53204,348.59494,0.0447672
69,541.8766,341.37003,0.059329577,13.067379,589.5743,0.06572122,548.0351,219.57599,0.092336886,533.1221,357.48315,0.054121636,523.93256,340.82916,0.08378026,546.6136,219.35608,0.07405395,529.33203,339.9333,0.18738723,531.6858,345.35718,0.122894906,308.6771,378.31747,0.043139413,331.304,588.364,0.09151163,606.0848,611.4944,0.049522366
70,36.986233,580.2003,0.0386126,13.116511,589.653,0.06856082,531.7588,339.78024,0.12573189,548.6041,348.9486,0.06488913,532.9237,356.34116,0.07367499,11.85191,28.119358,0.06436216,531.1144,354.33453,0.18266058,578.004,309.35416,0.065288864,540.3654,355.4071,0.049896378,539.75165,595.8889,0.08414714,605.82587,611.6678,0.038746938
71,222.54323,362.97772,0.042843804,13.059355,589.5558,0.06687756,548.6011,323.6801,0.05002893,51.95563,20.501408,0.057794414,236.24068,356.4387,0.066115275,27.008833,20.243631,0.06622767,532.18823,339.77945,0.12835829,226.84407,363.4951,0.10282742,556.28326,308.2775,0.060260594,141.10124,603.5744,0.07766307,605.7508,611.61163,0.034102604
72,596.40125,597.75323,0.0450964,13.057195,589.5146,0.064920165,515.9716,387.5254,0.04164939,52.01483,20.459139,0.058251407,43.76283,20.804916,0.06421101,395.77057,596.8244,0.07049709,515.7551,387.33157,0.104305066,577.99506,325.37445,0.05030217,547.4721,276.02844,0.033840023,523.1898,588.32794,0.09830175,605.7073,611.61224,0.03419746
73,596.4254,598.73016,0.04037808,13.007423,589.43774,0.063521475,614.0033,604.17957,0.04526446,52.015423,20.452747,0.045554087,19.990965,37.10548,0.06178264,332.14984,597.23,0.06528105,532.0495,371.56055,0.089516185,578.20355,277.19714,0.05421287,547.9835,292.0361,0.030090164,331.51797,588.2578,0.08420877,606.3019,611.2875,0.04523285
74,332.63705,588.0702,0.043476153,13.041944,589.4654,0.06622663,613.8437,604.4054,0.046147306,20.338186,228.48372,0.04322966,532.4863,356.09616,0.062079813,331.7325,597.4426,0.08041239,548.38007,339.78662,0.104480386,578.0273,341.42438,0.060369432,332.86893,584.59784,0.05369096,347.78397,588.33185,0.104467034,606.2691,611.3567,0.038524173
75,332.68814,588.1151,0.037236534,13.075113,589.50726,0.06733313,308.266,315.9194,0.048419826,51.975468,20.495533,0.056122817,36.000195,36.526627,0.06286121,11.800322,596.36884,0.06733605,548.3682,339.8505,0.10454336,577.9918,325.76898,0.055972755,555.6294,291.9514,0.031427518,252.7648,603.549,0.081799775,590.59045,302.25494,0.03259151
76,596.9187,598.25433,0.04308326,13.055529,589.48,0.066029444,548.37714,339.309,0.06291198,540.9446,348.39288,0.0622141,532.5675,356.0963,0.07076476,27.023104,20.330921,0.06752301,532.4312,339.77457,0.1350193,577.9938,341.34714,0.06459957,547.993,292.0076,0.025772598,236.37375,603.72034,0.07786332,606.2677,611.3144,0.035771005
77,270.04144,187.56352,0.04061938,269.21887,188.57826,0.07016017,613.5562,604.2601,0.042947356,51.894558,20.512922,0.05727854,43.72797,20.927378,0.06131319,27.013296,20.260384,0.065929286,452.27252,307.75415,0.09974965,578.09814,341.44684,0.06317149,444.10443,292.25253,0.031020647,125.020164,603.6403,0.078172535,605.84546,611.45325,0.039175034
78,37.03718,580.34564,0.037572306,13.042557,589.5651,0.06447994,613.0501,492.31125,0.035268873,51.855625,20.49503,0.06689948,43.664177,20.908998,0.06831602,26.989258,20.325287,0.0692888,548.3,355.77023,0.091593504,578.0787,341.19485,0.064101264,515.7509,276.25186,0.034975186,157.08246,603.4588,0.07457141,606.1667,611.722,0.047239527
79,445.86447,587.60944,0.038255744,445.61987,589.4428,0.073404536,613.0054,428.11365,0.038785584,51.990425,20.512661,0.05813672,36.08753,36.46729,0.060779065,443.82925,597.2035,0.0920431,516.29095,307.48663,0.07886906,577.9076,341.1903,0.061983194,547.30585,356.10846,0.03337588,443.242,587.98346,0.11704824,606.0444,611.6515,0.045555465
80,444.9053,587.9474,0.036177736,12.962124,589.4606,0.06305319,548.53973,339.66373,0.046166074,51.967686,20.514263,0.057279997,532.3945,356.16113,0.06595131,11.876215,28.098606,0.064068824,548.2535,339.74915,0.11719181,578.71246,340.90335,0.061612204,332.6363,585.1212,0.046538256,443.51236,588.23987,0.088001564,590.2606,333.80032,0.036346592
81,596.2471,598.1277,0.03612698,13.01145,589.467,0.06496945,388.00208,323.8068,0.09160545,51.978237,20.574537,0.056770843,532.4828,356.21448,0.079380386,26.978851,20.406786,0.065012075,532.26556,355.494,0.15610114,578.17224,309.1294,0.056568608,540.5326,355.78384,0.04116172,539.7424,596.0234,0.08575569,547.5949,348.0328,0.03617904
82,596.6606,597.95,0.04406465,13.067379,589.5018,0.06562301,388.11273,323.918,0.06735043,51.980366,20.566586,0.056244094,395.90045,340.71005,0.06164188,27.010296,20.389685,0.063882895,388.5652,324.30927,0.11961257,578.1292,341.22592,0.065323666,555.73193,291.9108,0.03945515,539.9213,596.09735,0.08323125,590.4582,285.93973,0.03378037
83,596.1317,599.06104,0.048454855,349.3652,589.77954,0.06800864,356.31296,395.69858,0.05616109,51.98858,20.530085,0.05391067,532.44055,356.0452,0.063945115,347.88672,597.34753,0.069958545,532.42883,355.88248,0.10064487,578.4336,341.13538,0.053230785,452.98566,585.9208,0.034810465,347.57416,588.6481,0.09506734,606.0526,611.26666,0.044295587
84,68.51593,580.49963,0.032037538,13.404663,589.9805,0.06910758,612.9935,316.0751,0.0408939,52.014706,20.474575,0.04981293,43.78125,20.805351,0.058836795,11.761252,28.066118,0.057867788,436.3063,323.78973,0.08654634,578.28656,293.30557,0.062843055,547.6203,308.14822,0.04143519,523.52515,596.3428,0.09603247,21.656437,116.582535,0.028375342
85,596.4613,598.0131,0.048168227,13.075239,589.6459,0.06563741,613.648,604.3113,0.051618952,52.014004,20.527058,0.051988944,20.033522,37.020172,0.06121366,27.017052,20.38534,0.070301205,583.173,324.59637,0.081675075,577.5757,325.79138,0.059884977,547.82227,292.165,0.040018838,443.49973,588.77057,0.09221895,605.9631,611.1478,0.03843891
86,596.21735,598.1647,0.044387788,333.15738,589.49445,0.06371041,548.1661,338.93918,0.06496953,533.0108,348.5527,0.05324187,539.78296,340.5745,0.064046346,555.6168,597.40356,0.078772485,531.91,339.91653,0.17311537,577.5244,325.53363,0.05966142,555.84796,583.13184,0.08869201,539.3198,588.43024,0.11997402,565.8231,600.9797,0.045389578
87,596.1716,598.2669,0.043035593,13.003277,589.5194,0.06391776,531.1829,339.07736,0.11525777,548.5686,348.89368,0.07922175,547.8132,340.65823,0.08575509,530.96423,338.4241,0.072612084,531.14026,340.8197,0.20148323,540.8689,340.15945,0.056556884,524.3676,341.36395,0.05121536,140.8975,603.47534,0.08132266,530.49835,348.1818,0.054354798
88,596.1148,598.35266,0.03991754,13.159568,589.661,0.06763433,532.0448,339.53677,0.0779164,548.382,348.80957,0.060210016,532.53455,356.1425,0.06962935,26.949085,20.324009,0.070667416,532.01245,340.11615,0.17298943,577.8626,309.1009,0.052773416,540.9289,355.2988,0.042613864,539.5351,588.1769,0.085203916,605.88477,611.56396,0.038350586
89,541.5217,340.18555,0.056574576,12.949318,589.47003,0.064482905,531.20447,339.61716,0.16266954,532.8527,356.20804,0.06538048,538.574,357.81064,0.10655077,26.973965,20.345488,0.07136312,530.4091,354.18713,0.22574039,540.6167,340.5505,0.067374945,539.8919,356.786,0.080013864,539.71844,595.98584,0.08516527,531.2572,363.50876,0.052589543
90,596.3278,598.0804,0.040659547,13.080803,589.58124,0.06616807,532.1325,339.88144,0.082848586,548.3573,348.9033,0.061095484,539.33,356.96246,0.087479375,26.992535,20.349552,0.071487695,532.0642,354.69382,0.1798058,578.35345,261.35776,0.050340224,540.4667,356.08392,0.056040417,76.65491,603.33496,0.080260225,547.8381,348.47433,0.037693582
91,542.0401,340.04343,0.102722704,13.034094,589.53046,0.063742235,531.10645,340.1741,0.22361521,533.31067,356.306,0.07981001,538.21814,358.41623,0.15463206,27.003738,20.37493,0.069663756,530.7356,354.53485,0.2623339,540.6481,340.5533,0.105076805,539.99994,357.14316,0.07958636,220.57025,603.7142,0.083269134,549.0971,364.894,0.054704756
92,596.9175,598.1857,0.045685768,13.123015,589.6057,0.06704878,532.6228,339.63647,0.04906493,52.03471,20.49182,0.052296855,532.5288,356.13083,0.06586838,26.991913,20.354187,0.06839727,532.2685,355.70624,0.1134329,577.7274,341.64337,0.06675599,476.52478,585.44543,0.037495505,204.56773,603.6529,0.081993714,606.24536,611.3674,0.044456497
93,543.0845,340.70767,0.0828876,542.9538,349.4952,0.08087567,529.94775,339.052,0.14231415,532.8313,356.81992,0.07725258,523.2346,356.28458,0.078189455,529.88165,337.45923,0.094680615,528.43115,352.12433,0.23019616,539.74445,339.92438,0.13034637,523.74756,343.1862,0.056648403,460.28897,595.921,0.07822562,548.9699,348.7273,0.051047534
94,544.2473,340.85928,0.11956864,528.6795,350.13916,0.1018618,537.12115,341.93277,0.15246716,532.4064,357.17844,0.061128564,532.0914,356.30127,0.08835646,528.8404,336.27945,0.11476278,527.68225,351.4559,0.22079715,538.4729,339.52966,0.17213525,523.84625,343.96097,0.054316476,141.24132,603.5136,0.07451135,549.17725,348.3631,0.05495933
95,544.64343,341.16058,0.13078357,529.59344,350.4987,0.11617761,536.5143,340.444,0.17127368,532.7636,357.08566,0.08049751,522.998,343.11215,0.087691665,528.08203,335.36414,0.13400133,524.937,346.32706,0.23302448,533.09827,343.2706,0.21692461,324.4668,395.34006,0.062468234,347.66525,588.41425,0.08204216,529.2611,340.58743,0.079419106
96,317.0382,371.95715,0.0497084,308.43454,395.8655,0.06526044,308.20706,378.89163,0.112780385,308.64105,388.26657,0.07073216,316.03134,389.1208,0.07298869,307.37396,378.6838,0.07215001,307.28195,386.95435,0.119820856,577.8945,325.3903,0.056048665,309.00284,378.60504,0.0665055,539.2396,588.2636,0.10269537,308.1511,395.491,0.042490087
97,596.6473,598.2422,0.04054421,13.07274,589.62463,0.06594432,613.12915,476.31357,0.04117691,51.98338,20.518682,0.052559864,35.99634,36.54133,0.06240393,507.73438,587.12646,0.06992422,532.08545,387.53638,0.11957949,577.86646,341.597,0.06357503,500.913,585.1577,0.04559939,523.5187,588.03955,0.09861993,605.8785,611.5242,0.03546954
98,541.4625,340.80695,0.0520256,13.014515,589.5681,0.06393705,531.4787,339.06662,0.13814786,548.4975,349.25357,0.076477304,538.71783,356.48505,0.09662392,531.387,338.14972,0.071482606,530.08905,353.13095,0.20032342,539.9147,340.2603,0.08145682,539.57776,342.90594,0.051865757,523.65796,588.00104,0.09485653,548.4827,348.9433,0.03807677
99,596.7277,598.3749,0.04309307,13.079689,589.5773,0.06556871,548.1094,339.46646,0.07582838,548.68774,348.84036,0.051518746,532.6373,356.13837,0.078167096,507.8861,587.0893,0.0682108,532.15967,355.3474,0.15383662,577.90576,341.32745,0.0698687,500.5465,585.1356,0.050796844,523.7784,588.1315,0.09741079,606.0947,611.36505,0.043815054
100,596.681,598.03723,0.041004553,13.0808115,589.5935,0.06833786,548.4269,339.63754,0.0639548,51.917187,20.508461,0.056368146,532.61554,356.12045,0.08085704,26.983513,20.3786,0.0689622,547.9394,339.5764,0.14116904,578.2636,341.0414,0.060242537,540.25397,355.60492,0.04077783,76.62574,603.2495,0.075826496,605.9382,611.4742,0.037622746
101,596.5193,598.39307,0.04564578,13.141661,589.6222,0.06744614,613.9401,604.2879,0.04692072,51.931995,20.471989,0.058919955,532.549,356.10175,0.06386455,26.993244,20.350758,0.06737053,532.3896,355.71866,0.097563885,577.7496,309.56442,0.065514565,500.26273,292.44272,0.02716331,539.75226,596.2173,0.08750056,606.25323,611.2244,0.04360346
102,477.13104,588.03735,0.042334918,13.094548,589.55756,0.065369114,548.4699,339.3196,0.05549294,51.930756,20.544685,0.061075985,532.592,356.04465,0.069336765,475.91675,596.92365,0.07028608,532.3793,355.7561,0.11304053,577.7231,341.12604,0.05541974,460.3847,585.06134,0.06098726,475.66476,588.5151,0.10566615,35.727997,27.455074,0.033828285
103,546.2452,340.40637,0.1853401,529.9941,350.2849,0.14619015,528.5387,337.6475,0.2798168,532.14496,356.66946,0.10163884,532.1275,355.98074,0.11095321,528.7167,334.53137,0.17114386,525.7197,346.61758,0.28423396,537.22974,338.8719,0.2799962,554.8824,582.75195,0.14514858,523.3778,588.37976,0.12991653,528.20795,341.67377,0.083192915
104,552.68945,338.94427,0.22762056,535.3596,351.95004,0.25655803,519.3528,334.16406,0.49035242,527.13934,338.05328,0.18777142,519.28625,349.54764,0.23907337,529.1176,329.74295,0.19538778,524.47003,345.7742,0.38083,521.32544,343.82098,0.5728909,535.1435,344.61816,0.13278234,555.3636,588.171,0.102416314,525.1298,342.60922,0.11730569
105,550.1915,339.41055,0.22792506,533.9761,351.33707,0.20770949,519.411,334.9457,0.42418197,527.87415,338.3231,0.15877554,518.2125,349.34637,0.20111085,527.2312,333.29276,0.15309083,524.0076,346.39627,0.31784108,521.902,344.80148,0.4709926,534.32947,344.62564,0.09676864,555.41754,587.9798,0.093746126,525.65204,342.4753,0.120924994
106,549.8993,339.38858,0.23555279,532.3618,351.15634,0.20415735,527.7715,335.57544,0.4329246,531.951,357.29065,0.17237063,528.77014,353.94666,0.16514565,528.9897,333.44073,0.15190817,524.9259,347.43628,0.34818256,537.5021,343.28827,0.4551626,535.5295,346.2277,0.08557163,363.23975,588.52826,0.112480916,525.2904,343.01273,0.12555362
107,546.09955,340.24487,0.19691437,528.639,349.87845,0.13504308,528.9423,337.1822,0.3267564,532.19543,356.5344,0.1327145,532.18665,352.19598,0.12024878,530.1502,334.69626,0.12707463,526.625,347.51105,0.30417496,537.0299,343.96658,0.30078304,534.3894,345.94583,0.072951175,348.8218,603.6545,0.08777311,548.5803,349.69052,0.05706595
108,540.9814,587.5668,0.04104175,13.139166,589.64484,0.064540215,235.69,500.0425,0.07425195,52.073467,20.534958,0.047539137,500.48508,324.30215,0.06496688,539.7328,587.9029,0.0652315,500.27945,323.47595,0.12091726,577.8724,293.4712,0.05562438,547.7543,275.99115,0.038098138,539.51355,588.10406,0.10195023,605.4036,611.9379,0.02887069
109,596.6564,597.93384,0.037029848,12.959665,589.39606,0.06340299,565.0444,291.1205,0.03883853,52.08512,20.541647,0.04664354,20.037083,37.079514,0.055633858,27.032618,20.293306,0.065881535,468.1554,307.5359,0.09020329,577.6975,310.00824,0.0587142,570.2025,276.3044,0.029882334,539.6328,588.45306,0.08863754,590.0733,611.46826,0.03407516
110,596.6749,598.34204,0.039501388,13.051142,589.47784,0.06644697,565.0741,354.88687,0.042247504,52.03254,20.512877,0.04973158,36.02218,36.556225,0.056764323,27.071877,20.32787,0.066184446,531.96185,291.64508,0.08656779,577.8133,293.77213,0.06033762,460.06076,571.8866,0.032022256,475.7628,588.0688,0.08045825,590.3228,611.53485,0.035827097
111,596.39575,598.2916,0.042549033,13.060667,589.4907,0.06555864,613.1543,476.41415,0.043714147,52.047794,20.530691,0.054005552,19.968527,37.059467,0.061155822,26.958433,20.32982,0.07022327,36.364628,19.666733,0.07601236,577.7259,293.79068,0.06319882,547.9608,243.88062,0.03003586,475.62637,588.1698,0.078284666,605.6739,611.35065,0.03767
112,542.556,588.0347,0.06757625,542.3863,590.34863,0.07148377,500.20074,355.57147,0.07199288,52.02933,20.482645,0.056121226,19.995874,37.017254,0.06376771,539.4666,597.65454,0.08913437,500.0433,355.5804,0.14830552,577.62854,325.46002,0.060056984,539.3666,583.9834,0.07596212,523.24695,588.4698,0.110689014,566.00037,601.89923,0.04990949
113,557.70435,587.60156,0.04678919,13.032854,589.4993,0.0662405,599.28613,604.16504,0.044342797,52.04104,20.54594,0.06350513,43.694607,20.89484,0.06875664,555.67267,597.33594,0.08115709,36.378063,19.71148,0.08605265,577.7059,293.69495,0.05864106,555.88965,583.8141,0.06219785,556.70667,603.11053,0.10378526,565.8523,601.42847,0.051858284
114,596.54034,597.87494,0.047326744,13.017724,589.4876,0.06449985,613.2235,476.3883,0.041048523,51.9774,20.526562,0.06344131,43.733913,20.853168,0.06618177,27.013214,20.377264,0.07022525,436.3322,323.6674,0.0850273,577.7477,325.61594,0.06323518,500.06174,276.22394,0.030504307,331.71255,588.36816,0.08311034,590.23737,611.3765,0.034447093
115,596.6524,597.8734,0.047448106,12.966456,589.4539,0.06383751,565.1017,322.84808,0.04663429,51.998672,20.539509,0.053841535,43.745647,20.868147,0.0598245,27.038645,20.345222,0.06643487,548.3421,355.80484,0.097410165,577.9292,341.62088,0.06550474,524.3555,585.19214,0.034053072,539.7531,588.067,0.08375041,605.7615,611.3957,0.035959214
116,596.4174,598.1028,0.049437314,12.978761,589.38635,0.06294374,532.55164,355.35025,0.085183315,548.82355,364.70413,0.056350548,43.723175,20.94817,0.06181367,364.2321,597.56836,0.07806504,547.5257,355.79962,0.12829325,577.70844,325.67902,0.066832244,364.14056,584.6375,0.072018415,363.52466,588.6114,0.10635364,582.37305,602.34436,0.039500512
117,596.3407,598.21576,0.048841886,13.004633,589.4137,0.06430408,613.08844,444.27518,0.044481017,51.992134,20.53545,0.051152013,36.009163,36.527016,0.05867688,27.074171,20.4075,0.066681996,452.00113,387.4537,0.09869859,577.8668,325.51822,0.06626613,547.87573,275.95282,0.04331784,443.61185,588.31805,0.07871667,605.68365,611.47034,0.03442764
118,596.7085,598.3227,0.04450299,13.061548,589.4875,0.067119464,548.80347,339.1305,0.04046878,51.98313,20.54077,0.052440006,43.729633,20.897987,0.05916099,27.070272,20.421064,0.06735073,547.9194,355.76236,0.10313165,578.0536,325.4109,0.062795766,547.8451,259.80734,0.029873477,507.55692,588.3452,0.08030042,605.6736,611.5235,0.037341427
119,596.64545,598.04834,0.037574466,12.990267,589.4581,0.06426794,548.7644,339.15744,0.041044682,51.985332,20.521502,0.04565317,20.023506,37.04964,0.05644792,27.077267,20.369225,0.06445481,548.2296,355.848,0.09450309,579.0221,228.8534,0.061381992,508.29178,585.39923,0.042254105,507.58676,588.21515,0.08726005,484.12885,419.30844,0.034792565
120,381.20685,587.5674,0.050805166,13.259712,589.7445,0.06774254,613.18,347.9787,0.039147563,52.099262,20.489586,0.045263458,43.79907,20.767744,0.05543232,379.72116,596.85535,0.082859874,420.59146,339.70938,0.07963843,577.5362,325.82898,0.061807822,555.5576,276.0495,0.042656567,379.39297,588.2495,0.104003,373.454,601.8803,0.037286833
121,596.7689,597.9842,0.05247769,558.37415,590.1219,0.074546784,427.74484,315.25977,0.10555909,429.26672,308.92462,0.05388707,427.7896,324.96732,0.119188495,555.3319,596.81464,0.08345297,435.19073,323.4218,0.1736992,578.4237,293.26135,0.056611706,428.6091,309.63153,0.057617698,555.0661,587.90356,0.114102386,566.02625,601.40283,0.050506346
122,596.4901,598.757,0.046619162,12.971347,589.4511,0.064295284,547.8171,338.52667,0.10151178,548.4478,348.9742,0.060625553,532.83856,355.96738,0.093018204,555.53766,596.6994,0.06658598,531.93744,340.23575,0.2124056,578.29694,293.39835,0.061494168,540.3159,341.7743,0.044526737,555.3722,588.06885,0.09064036,530.86,347.7625,0.0432023
123,575.0068,587.9579,0.075483605,560.0058,590.352,0.078387916,548.0034,338.78378,0.09166333,548.46484,348.81894,0.05705848,532.70886,355.89423,0.08861237,554.6545,597.96643,0.09292922,531.9924,340.06628,0.19921821,562.282,586.9232,0.0873969,569.55566,582.1325,0.1235281,539.03564,588.26227,0.13369644,566.0772,599.96545,0.06313554
124,596.77405,597.9979,0.048417617,13.049507,589.57434,0.06700953,548.479,338.90585,0.07796837,548.4921,348.69598,0.059128076,532.7141,356.05643,0.08449904,11.864665,28.108833,0.06561771,532.0419,339.77155,0.18035656,577.757,293.71548,0.06911172,540.3177,355.29727,0.034479037,555.72943,595.8225,0.08139746,606.1064,611.22034,0.039184477
125,596.3793,598.52515,0.0460575,13.071967,589.5171,0.06617211,548.4269,339.05264,0.06906933,52.062817,20.496807,0.056001585,532.6961,356.03775,0.07222174,26.979362,20.274155,0.06696675,435.94168,323.66452,0.1654196,577.7596,309.4178,0.06759578,444.5145,585.07135,0.054241695,443.46017,588.35614,0.09350309,605.80676,611.58246,0.036133245
126,596.3703,598.2628,0.047047988,13.1095495,589.56635,0.06569363,356.51782,427.41348,0.08366074,51.97954,20.45048,0.051102772,364.3053,436.35953,0.0706883,27.015678,20.216728,0.06543732,532.3246,355.735,0.10704641,577.92,309.41638,0.06413708,547.98676,275.83115,0.033158917,347.59824,588.4831,0.08821931,605.70935,611.4895,0.03590609
127,596.47186,598.2127,0.05604999,13.07772,589.52844,0.06699054,548.0971,338.99072,0.07334992,51.95231,20.458529,0.048896424,539.9024,340.66623,0.06648295,27.012913,20.303825,0.06570765,532.4394,339.82556,0.13885668,577.5373,309.78952,0.05954557,540.3935,355.25305,0.029225638,555.8235,595.90875,0.0774524,605.86017,611.50995,0.033726566
128,596.5243,597.63245,0.04768642,13.127569,589.56683,0.06715424,548.2895,339.0055,0.05593761,51.96597,20.479362,0.045893475,19.957403,37.09121,0.06148066,26.995262,20.396366,0.06715462,532.36804,339.79037,0.115905166,577.41003,294.18332,0.060615778,500.15604,276.43866,0.029813645,555.73224,595.7254,0.08528843,582.32446,601.93933,0.03667319
129,596.57996,598.09106,0.046127968,13.060432,589.5471,0.06624795,548.3957,339.16867,0.047905263,51.961357,20.49225,0.047310587,19.96058,37.13016,0.062983185,26.993061,20.421673,0.06738056,547.91974,339.734,0.10444141,577.41925,309.9586,0.065188095,570.27496,308.58765,0.030873347,491.80997,596.0646,0.08342659,606.0565,611.3811,0.04084158
130,348.93784,588.27356,0.0426276,13.104354,589.5999,0.066300556,548.72705,323.18396,0.051603723,51.97769,20.52708,0.04804781,19.96796,37.12422,0.06359085,26.988132,20.430326,0.06852151,547.9824,339.75558,0.11215167,577.49304,309.9568,0.07067596,547.7976,276.23404,0.032937344,348.82834,603.64185,0.083469525,606.3751,611.3628,0.05231222
131,543.00037,341.92212,0.066244766,543.43787,350.01498,0.07641625,545.2648,337.463,0.15767126,533.6191,356.13818,0.06239931,538.0071,342.53458,0.08323356,532.0452,337.44778,0.10666468,530.46027,346.35623,0.2291355,538.25256,346.22992,0.18490185,348.80463,584.34937,0.08668287,348.63498,603.26044,0.10583253,548.27893,349.0944,0.038960345
132,365.25497,587.7481,0.057478935,13.24825,589.6631,0.068064176,573.495,338.2695,0.033017218,52.049213,20.393663,0.052528467,36.083057,36.39026,0.05911056,363.7552,597.03534,0.074624114,452.06842,307.377,0.10324411,577.7251,325.4583,0.054711074,547.5819,292.18347,0.03363549,363.4092,588.49,0.102224976,605.58356,611.9508,0.03711412
133,596.6124,597.97107,0.042543307,13.059147,589.54065,0.06797097,532.47614,339.52173,0.039769407,52.041595,20.506947,0.048410933,532.6105,356.07996,0.056415908,27.047352,20.231773,0.06221961,532.35065,339.63846,0.10301603,577.5751,309.86163,0.055724174,547.8492,259.9151,0.02859163,76.596985,603.3042,0.07850724,507.5033,403.76938,0.034365702
134,364.77847,435.3329,0.05041967,13.027269,589.51935,0.06589808,356.47842,427.29556,0.11385082,372.60196,436.5331,0.060430393,363.86902,436.99402,0.08726524,370.9133,427.4215,0.08162781,371.2069,435.38086,0.11551811,577.80194,309.7086,0.065241165,555.7775,583.33875,0.091046885,556.3644,603.1865,0.119024046,566.19794,600.9084,0.053817514
135,596.69104,598.11414,0.041504517,13.040812,589.53174,0.06633456,613.0508,444.35287,0.043587316,52.000816,20.574486,0.052499246,19.981941,37.12109,0.06442722,26.955118,20.434057,0.06825662,532.22797,339.63504,0.10175361,577.7948,309.57968,0.062064644,419.9535,323.85934,0.029158233,268.8829,603.4966,0.09584716,605.84906,611.44366,0.0356703
136,596.69745,598.0142,0.04444052,13.060429,589.59296,0.067165025,548.5693,339.21326,0.05575691,52.00504,20.58484,0.053511832,35.89398,36.55155,0.06536652,26.92587,20.445023,0.06906235,532.2313,339.67572,0.13443775,578.0987,293.47955,0.0632707,548.0043,276.00836,0.03467527,539.6367,596.20935,0.08304223,590.28284,611.3924,0.03687909
137,596.60736,598.33575,0.039385546,12.963526,589.509,0.06646543,613.19464,460.4071,0.047927704,51.962128,20.564425,0.055534203,436.4119,340.15793,0.06720426,26.986183,20.335993,0.06538883,452.03802,323.5502,0.1098643,578.1997,293.5517,0.06421033,499.95734,260.18536,0.029817123,124.7711,603.6606,0.08783793,590.34344,611.6379,0.038515367
138,396.56625,499.80133,0.046828758,13.043123,589.51105,0.06651312,388.49716,506.88037,0.09100478,51.98686,20.54412,0.058628824,43.70626,20.902615,0.06207674,363.76678,597.6614,0.07280993,499.99454,371.46075,0.10469794,577.8675,325.5785,0.060320735,363.5833,584.01953,0.13833182,364.65836,602.7737,0.1187541,374.00397,601.34607,0.05121359
139,557.85144,587.38214,0.048313748,13.072857,589.5148,0.067449994,532.5524,339.49777,0.052316945,52.01669,20.551327,0.05878484,532.51605,356.1695,0.06334295,539.5007,596.48224,0.07265556,532.5163,339.72717,0.11558823,578.15985,261.3663,0.05889884,460.63507,585.8535,0.030413747,555.4716,587.9066,0.113290854,565.7628,602.4833,0.035107493
140,541.3835,339.9191,0.056837052,12.997802,589.44653,0.06485382,531.1545,339.5902,0.16446152,548.63226,349.09668,0.06834818,539.057,356.4659,0.11445415,26.990978,20.233297,0.06557086,530.5373,353.65234,0.21350907,577.28534,309.6496,0.06716344,524.0168,341.1843,0.059225928,363.86865,588.4854,0.084738344,548.9749,348.69403,0.052383922
141,541.14886,339.71478,0.047024883,13.003687,589.455,0.06629319,531.04816,339.44485,0.1776019,548.58276,349.16684,0.07760085,539.1774,356.6424,0.10633243,555.818,596.7559,0.074799694,530.5062,353.70706,0.19981013,577.8249,309.67212,0.05932773,540.3085,341.95172,0.06954671,555.3597,588.0034,0.0998069,548.92773,348.88663,0.05482648
142,596.7242,598.06775,0.036926612,13.017679,589.50934,0.066969655,532.0194,339.41342,0.112522,548.64636,349.04453,0.056453798,539.7234,340.99292,0.08280311,26.992115,20.281374,0.06641631,531.9602,340.0154,0.18046567,577.7564,309.64914,0.0655085,540.3873,340.8918,0.04723173,172.49832,603.72034,0.08528798,548.36816,348.47812,0.036902547
143,596.4795,598.05066,0.045811832,13.009782,589.49097,0.0655379,532.1068,339.7459,0.088779114,548.59406,348.76172,0.05336231,539.57074,356.26752,0.086835936,26.977428,20.315708,0.06526055,532.3141,340.17307,0.1657139,577.7738,293.72357,0.06883977,540.5354,340.95377,0.046791166,188.87257,603.42554,0.08884828,548.10175,348.20596,0.03855857
144,332.77777,483.6718,0.055690754,308.4383,492.03244,0.070072316,323.7081,490.94495,0.10470033,52.040367,20.436443,0.051341694,43.78065,20.847473,0.056867264,323.2066,491.36658,0.08761271,323.61417,498.83038,0.10139066,578.0119,293.28165,0.055092946,324.74884,490.71936,0.07389098,507.4922,588.09186,0.106482826,324.61185,492.3273,0.0531709
145,563.49347,586.84,0.13571665,565.4252,591.5325,0.083543904,539.3653,582.53845,0.111017264,563.46967,578.1674,0.057456914,546.14105,610.7814,0.102043524,538.2122,599.49713,0.10583356,547.1793,586.11816,0.08501122,553.98944,587.6152,0.24349311,556.22723,587.0701,0.30026144,539.4328,602.55084,0.15576877,565.642,599.4063,0.08376109
146,596.6138,597.82825,0.04391206,541.7055,589.7229,0.06691584,548.6825,339.2299,0.03993241,51.959106,20.539045,0.047561068,20.056896,37.082996,0.059828807,539.65295,596.98254,0.08323693,532.2897,339.72925,0.105156064,578.0518,293.53345,0.061993808,540.3616,584.3233,0.036875732,539.19885,588.3682,0.11763685,549.84143,601.4501,0.036143057
147,596.5559,597.893,0.04645223,557.50055,589.32007,0.06658536,613.1887,220.25003,0.038384426,51.974163,20.52271,0.05126445,20.03955,37.143078,0.061630752,555.4444,596.72894,0.08026128,532.29126,355.71597,0.08955312,578.2473,293.41083,0.055231255,340.21896,35.679966,0.030200921,539.1239,588.5119,0.1032633,565.89087,601.43994,0.04237608
148,596.8957,597.7801,0.041965503,13.010334,589.4788,0.06420697,613.2429,444.51266,0.04087596,51.982338,20.520218,0.05450611,36.005703,36.55663,0.06299079,27.001663,20.297256,0.06432221,436.5223,323.90106,0.116008386,578.33344,293.25876,0.055282164,563.1518,308.16156,0.029766876,539.3508,588.33215,0.08724567,515.8305,355.11285,0.029697288
149,558.6921,587.5714,0.054119077,558.7414,590.08777,0.06728565,542.60626,604.6387,0.04636335,51.92057,20.520767,0.055462338,36.014374,36.49686,0.06944112,555.2968,597.65625,0.09342109,532.3259,339.62872,0.095966704,577.7079,309.38287,0.057733778,540.0509,584.00494,0.087449245,540.3236,603.1106,0.13199902,565.841,601.08215,0.06702618
150,596.34625,597.8833,0.04674202,525.26,589.5735,0.07235691,613.4851,604.2318,0.039461657,51.966248,20.500648,0.056542993,43.731136,20.90016,0.06124934,523.75183,587.5526,0.07695151,468.297,307.798,0.08438278,577.91614,277.77902,0.058460154,460.3438,584.91205,0.054563876,459.20877,588.5741,0.112571135,469.922,601.4259,0.040876053
151,596.4599,598.3843,0.049332194,557.637,589.7387,0.06606813,613.6618,604.2371,0.04282389,52.01197,20.544891,0.052738473,532.2974,371.9396,0.061920166,555.82465,597.10315,0.06969665,548.09424,355.50003,0.09697695,578.1635,277.45566,0.052188724,556.0041,583.9774,0.062386066,555.3621,587.95245,0.102883704,565.87854,601.6365,0.03298736
152,596.6281,598.0222,0.048518244,13.071071,589.48254,0.06533189,564.9358,339.13428,0.040930133,51.990856,20.586096,0.054352753,36.03226,36.53422,0.060941003,11.8505125,28.120764,0.06564881,548.0685,355.5548,0.10633068,578.37665,309.30463,0.058965214,452.1069,292.09396,0.030289175,507.3991,588.53955,0.09139424,590.01025,611.419,0.035268907
153,596.56934,598.2007,0.047012765,13.030479,589.4825,0.06539988,548.6146,339.51187,0.048991077,52.016518,20.624662,0.051725946,484.9562,324.33328,0.07202692,11.833106,28.112995,0.06558357,499.84802,307.4893,0.13750179,578.43585,245.53194,0.06122399,540.0051,355.50085,0.03203505,507.35675,588.71027,0.082282595,605.9741,611.607,0.03324916
154,596.50116,598.0854,0.0519132,13.001588,589.4348,0.06306567,483.93814,307.84048,0.075782515,540.7299,348.54572,0.055667978,484.50183,308.59857,0.08040122,11.763855,28.139408,0.06570584,484.01593,307.63458,0.18194035,578.4898,245.53503,0.056552164,476.51276,308.41748,0.04563981,539.86664,596.11475,0.092057325,582.3319,602.03125,0.03501396
155,596.65674,598.3049,0.050564393,13.061846,589.50726,0.06442134,613.70404,604.2341,0.045267012,52.041683,20.627913,0.054391626,43.80723,20.838686,0.062228143,539.94965,587.8302,0.06561483,532.59393,323.98367,0.09565397,578.13983,277.5033,0.055382702,460.37906,585.659,0.039235715,539.35876,588.5025,0.09398392,582.40393,602.2854,0.036842007
156,477.03152,588.3807,0.06659839,13.154903,589.6498,0.06492551,387.89847,291.48764,0.12112869,404.2837,300.398,0.05999076,403.9227,292.46454,0.060826413,379.70114,597.2468,0.07496626,387.88055,306.97726,0.1258055,578.24756,277.04388,0.057311278,396.8775,293.33673,0.054966476,411.29227,588.47406,0.105689295,387.29666,300.57776,0.043757826
157,596.5673,598.0016,0.04810452,13.0048895,589.42725,0.066313304,613.44385,588.4938,0.04160798,84.20188,579.74396,0.042150497,35.9968,36.631767,0.05952648,539.70044,596.6445,0.07202224,452.05603,323.64188,0.10448003,577.9633,309.42987,0.057987396,555.4743,584.1703,0.07043141,539.4358,588.43146,0.11454128,566.0662,601.52155,0.04128033
158,596.36,597.91327,0.056317765,13.017178,589.4537,0.06606809,613.5908,588.6765,0.0506996,52.02722,20.526932,0.04614993,35.94982,36.624348,0.062681675,11.888302,28.14127,0.06700721,532.40625,355.804,0.09537496,577.9398,341.30756,0.055363536,556.22174,584.2805,0.06234434,555.37695,588.16,0.09675503,566.06366,601.19165,0.043057665
159,596.3233,598.0883,0.051250327,13.050721,589.5173,0.06595453,613.6014,588.5415,0.04648182,52.03191,20.518677,0.04715391,35.98191,36.61485,0.062401827,555.7424,596.9853,0.07465646,516.57556,356.01,0.08735124,577.943,341.41663,0.05636143,555.8483,583.7429,0.08686433,540.3471,603.9968,0.10889909,565.9189,601.20886,0.046024602
160,12.443983,36.360203,0.040585097,13.049696,589.5448,0.06550393,613.7468,588.4857,0.04170053,52.034973,20.500765,0.04864471,36.00887,36.587677,0.065294355,11.872797,28.134127,0.06791637,548.27386,339.83447,0.08619408,577.90485,341.32358,0.059841346,476.67267,585.95166,0.04388807,539.8259,596.24744,0.09395404,605.86584,611.5192,0.035232347
161,596.66705,597.7187,0.04263965,13.004857,589.4622,0.06375227,564.91583,338.89874,0.03732322,51.961357,20.53672,0.054892603,36.036674,36.526794,0.06474488,11.887128,28.115757,0.06696852,548.4846,339.7687,0.10046784,577.8462,341.2796,0.05546361,508.06302,571.70795,0.02786322,412.04388,595.90656,0.08245459,590.1877,611.622,0.03180973
162,596.5488,597.9341,0.0484205,13.092036,589.5997,0.06843793,613.13,460.26575,0.041925818,51.9976,20.631048,0.06148361,36.11125,36.419727,0.06881013,26.951273,20.311157,0.06822051,500.40503,323.52203,0.08836397,577.98346,341.07706,0.05434273,45.216972,19.065456,0.026507443,539.81903,596.04926,0.085478544,590.83875,302.27002,0.033573247
163,596.1963,598.31934,0.051386703,13.065775,589.5422,0.069568455,613.66016,604.1762,0.044118863,51.98896,20.574842,0.05438272,36.077995,36.530743,0.06320112,555.9448,597.01324,0.07124697,532.14087,323.49783,0.07860777,578.64716,229.42183,0.061803177,556.2562,584.3288,0.04306937,555.603,587.9706,0.10026097,582.4102,602.1765,0.036271382
164,429.95184,588.3253,0.05885132,430.12125,590.2713,0.072825275,613.43616,588.29846,0.037911516,51.99808,20.578382,0.05247919,35.996983,36.58363,0.0643634,428.07208,597.1955,0.0862083,484.27682,323.442,0.0907889,578.2155,277.49945,0.061439436,427.65717,584.4129,0.077612355,412.6488,603.3254,0.10485236,21.613173,444.50952,0.031059247
165,596.6506,597.84656,0.04474265,12.970578,589.42487,0.067149535,613.4508,588.3836,0.037788726,52.02498,20.61069,0.053636912,20.056849,37.17163,0.062266093,11.865756,28.106485,0.06656598,484.25357,355.6133,0.100374654,577.9282,293.5488,0.05892352,484.93945,584.82825,0.04515829,491.5092,588.2836,0.095139,21.638119,444.4948,0.032032084
166,596.4808,597.9037,0.0452047,13.00503,589.4915,0.06682349,613.5076,588.44275,0.04160339,52.033623,20.662294,0.056548495,43.794086,20.976217,0.06394102,26.946074,20.425266,0.06749838,484.31396,323.64716,0.08537956,578.09186,325.438,0.055875048,556.3336,584.54895,0.04172804,556.48315,603.2779,0.0895364,582.23773,602.01825,0.039728485
167,574.0924,587.8385,0.07177921,559.2708,590.31006,0.067556426,557.87976,588.2847,0.052531686,51.939846,20.503536,0.052879445,43.73754,20.922628,0.05748112,554.943,597.83496,0.094273195,484.3669,339.67905,0.081732735,578.0581,341.19904,0.06099364,570.4692,582.19946,0.11399523,539.1546,588.14734,0.13097712,565.9007,600.2016,0.060008716
168,477.99954,588.09314,0.0838029,477.92215,590.398,0.06614362,418.41156,371.49796,0.21772927,420.83246,388.98257,0.09692283,411.57303,389.1887,0.09797905,418.09695,377.70224,0.09086928,417.19003,385.70383,0.19046915,578.2206,309.26517,0.048954777,411.90298,374.53104,0.089869715,491.0412,588.882,0.13524328,485.93753,600.8508,0.05263227
169,596.5227,597.828,0.03920399,13.028406,589.4428,0.064869784,613.46826,604.2756,0.046079557,52.01976,20.537506,0.04477698,35.962746,36.568092,0.05826174,444.52133,597.06085,0.08740582,516.38196,323.7147,0.10008195,577.9928,341.19177,0.054638207,428.4372,583.88513,0.07377168,427.56467,588.0516,0.10308019,21.650982,444.74768,0.033075016
170,529.1698,586.96747,0.07927181,12.926687,589.3766,0.062053163,528.8408,605.23694,0.06196055,20.264822,228.61005,0.044283498,499.78525,578.0212,0.09144131,490.91302,599.284,0.11521679,484.4954,323.8906,0.102413595,517.21295,587.9496,0.08093615,532.85315,581.7175,0.32908547,507.68347,602.91077,0.14356601,532.71,597.6776,0.066551946
171,463.96698,588.0212,0.073227614,13.016833,589.5082,0.06240085,463.78104,605.5176,0.063591756,51.971348,20.588305,0.046876665,467.64886,610.9188,0.06405752,457.87326,598.1858,0.09931076,532.1989,323.81512,0.094886206,453.06042,588.0938,0.13140127,460.76752,583.8619,0.19893722,444.57846,603.34375,0.13697766,486.20453,601.0886,0.049254175
172,430.54666,587.968,0.057506092,430.52026,589.96606,0.06939629,613.783,604.1981,0.051095273,51.964245,20.598104,0.050541747,532.2222,340.15125,0.06558611,427.55862,597.8239,0.08572351,532.187,323.87817,0.1029881,578.51697,293.21008,0.057772934,421.25467,583.177,0.06876397,428.18106,603.1017,0.1261503,438.00674,601.1366,0.04395497
173,596.61505,598.0039,0.0400136,12.999266,589.452,0.06516209,613.54193,604.2546,0.04426091,51.957073,20.543926,0.05425885,43.77778,20.902908,0.05873391,396.24783,597.12897,0.0658586,484.1773,323.67065,0.08534791,578.0836,309.5152,0.05517952,380.76337,585.0408,0.062014937,411.80356,588.32935,0.09799537,491.499,403.76633,0.031915348
174,445.58316,588.4126,0.05082795,13.055684,589.56915,0.064798735,430.7218,604.6845,0.04570408,51.89839,20.500504,0.053352673,43.76735,20.944672,0.057822093,427.85992,597.39026,0.078606196,452.4338,339.79724,0.09206384,578.0005,293.61148,0.060871705,427.74503,582.93274,0.112522714,428.41785,603.1146,0.12347856,437.71915,600.99146,0.04641205
175,596.4741,598.31744,0.043382753,13.061931,589.5295,0.06513921,468.17938,355.61163,0.07576049,476.98798,348.08347,0.05140814,468.79858,356.44147,0.0887005,507.80325,597.0256,0.06834554,468.21173,355.67096,0.19215122,578.24115,293.4044,0.052521285,508.34433,583.9541,0.05474344,507.37576,588.10425,0.10677574,605.98975,611.4161,0.035531547
176,448.03357,587.4554,0.08354185,450.22507,590.23315,0.07589709,464.8221,605.5992,0.075958505,52.006763,20.54192,0.04361253,443.9405,572.097,0.0819712,442.4979,598.86664,0.13873969,500.3293,323.44226,0.08413626,452.5343,588.06464,0.13907054,460.93948,584.0911,0.2662394,427.41534,588.7802,0.13526401,469.4119,599.7162,0.050193593
177,464.80835,588.48315,0.09496881,465.444,591.3922,0.07303671,463.77487,605.29694,0.065090254,52.014965,20.526867,0.042074267,451.44708,610.95026,0.06348308,458.3402,598.4557,0.1021486,500.3556,323.62073,0.088106096,452.25702,587.9414,0.12990609,453.91064,582.22375,0.18750764,459.8752,602.71796,0.14583164,469.2961,599.23785,0.06196122
178,596.54553,598.3408,0.04689069,13.059892,589.5347,0.064375035,613.752,604.26917,0.04421811,43.954136,28.588717,0.040499844,484.371,340.15964,0.06190275,11.930934,28.104198,0.066422105,484.4448,323.40903,0.09870467,578.1135,325.2904,0.054317474,468.09015,292.03775,0.027760949,443.54758,588.38025,0.099236466,451.9557,355.1321,0.034211002
179,483.61603,586.48376,0.12348572,468.86008,590.76447,0.07439813,458.78714,582.12665,0.07918728,43.92713,28.54496,0.038142838,467.95514,567.2605,0.11996187,457.74945,600.3896,0.119258,468.2397,355.6133,0.10486168,476.43967,587.8549,0.15820569,485.75977,581.86414,0.37453276,459.39236,602.0225,0.13961093,484.67465,596.98425,0.07728922
180,36.95495,580.31036,0.03422555,13.0048275,589.3913,0.060234394,548.573,355.50845,0.039134316,52.096775,20.404562,0.05217303,436.45764,340.1857,0.059576966,26.977955,20.143229,0.0611065,452.44724,323.5737,0.09069569,578.1773,309.08038,0.0535198,483.86942,276.18668,0.029245468,475.37698,588.18744,0.07661481,589.6813,611.88855,0.03086233
181,596.7493,598.0802,0.036111556,13.003101,589.38806,0.06759978,548.533,323.50616,0.0493381,44.172905,21.130934,0.04124797,532.4702,356.1418,0.06513148,11.909419,28.187586,0.06485907,532.1869,339.61105,0.1269261,577.89526,325.36084,0.055641226,444.50046,586.00684,0.034975473,332.81293,603.3465,0.085320435,21.692291,235.8564,0.03392893
182,596.56635,598.1782,0.040798,12.924893,589.26807,0.06593766,613.76306,604.384,0.04818245,20.17146,228.53914,0.043245886,516.6915,340.36484,0.067887194,11.841789,28.168465,0.06452908,531.80023,339.40222,0.13255236,577.77106,309.42822,0.054018863,476.41296,585.1231,0.048661876,459.3865,588.7048,0.088532865,21.559364,235.78233,0.036319762
183,596.62823,598.1705,0.04256619,12.954197,589.30206,0.06621698,500.60962,323.5093,0.050492976,20.152697,228.55264,0.044164017,500.47522,340.29523,0.064975545,11.854972,28.191708,0.064152494,500.33636,339.60425,0.11419409,577.67474,309.7862,0.053685687,484.95657,585.19946,0.049965464,332.8011,603.5312,0.085410014,21.520498,235.73941,0.03659159
184,596.6793,598.06824,0.03851326,12.920018,589.3616,0.06344765,613.1183,460.32983,0.04123311,20.194124,228.5904,0.04571817,500.49933,340.24057,0.0658792,11.866856,28.202492,0.0637504,516.14655,339.5346,0.1107477,577.85754,341.45483,0.052940566,436.28937,35.760567,0.027357869,172.61581,603.50476,0.0895399,21.659105,235.84517,0.03461542
185,596.58905,597.8088,0.046332378,13.012259,589.4639,0.061688416,500.38226,339.77002,0.06471926,20.14607,228.62527,0.04905643,500.5168,340.4953,0.07155181,11.790229,28.146223,0.06080152,500.1718,339.54416,0.13160093,577.795,309.7513,0.057002928,570.20514,260.34045,0.033234544,76.49419,603.25653,0.08112656,21.571997,235.92946,0.035807777
186,596.7239,597.7843,0.04983822,12.962255,589.4173,0.05953961,612.9366,460.25064,0.037164394,20.099783,228.69463,0.045142177,516.3828,340.2393,0.055244964,540.08704,587.72845,0.06285872,500.2781,323.4314,0.09471898,577.7895,325.58508,0.060473017,570.13,276.37366,0.028842507,539.5887,588.2501,0.08762645,21.505714,235.88202,0.034307502
187,596.4247,598.2626,0.039336257,13.076084,589.51086,0.061219934,613.13403,476.3229,0.044742383,20.226873,228.6434,0.041487407,468.77264,324.4685,0.05944733,11.793075,28.166033,0.06224853,468.29208,323.49588,0.10706366,577.78467,309.51392,0.05434206,452.03296,276.17203,0.026612971,76.34885,595.73206,0.07905486,606.04266,611.4852,0.03723436
188,596.4033,598.2507,0.039626908,12.884354,589.29724,0.058396567,613.80853,604.19995,0.0432389,84.23168,579.7424,0.038396347,484.5314,340.32785,0.056587838,11.879296,28.108942,0.06661345,484.11856,323.3072,0.10596111,578.01587,261.9385,0.056417584,332.74658,584.65607,0.054472815,331.66074,588.6166,0.0985963,606.0199,611.33405,0.038284544
189,548.7398,580.68823,0.0421818,541.09186,589.3667,0.061565075,614.03534,604.1849,0.04750964,548.08844,579.9099,0.045057707,484.88666,308.40945,0.05786745,11.9197235,28.103056,0.06635452,468.21295,307.39227,0.101962365,577.8889,277.5502,0.053598218,452.02377,260.0827,0.027073806,539.32043,588.33655,0.097824804,606.2613,611.42377,0.043351375
190,596.5904,597.92163,0.04599625,540.9438,589.1296,0.06392043,613.73566,604.445,0.051523432,20.219927,228.67215,0.04103999,484.95743,308.44748,0.057307176,11.860162,28.0985,0.065462954,515.9681,355.39188,0.100382425,577.761,341.38477,0.058782186,570.0366,435.8922,0.026396316,523.2085,588.54236,0.090168364,21.617628,235.92618,0.03245682
191,596.4801,598.1353,0.041103337,13.000923,589.36017,0.06092199,613.8196,604.29626,0.04380442,20.080013,228.7394,0.04664284,484.53256,340.3178,0.059348714,11.775293,28.085947,0.060945977,484.46713,339.4748,0.10844197,577.61584,341.54047,0.059475545,570.44885,227.89706,0.028267335,188.37555,603.7305,0.07956194,21.467426,235.82686,0.035464697
192,68.44652,580.2985,0.035476945,13.166176,589.4082,0.06550913,573.6538,306.67303,0.035473622,51.97567,20.406116,0.05074473,43.799847,20.83869,0.05494611,11.773878,28.048721,0.055287495,532.2554,323.70627,0.07801989,577.79474,357.1264,0.056684114,547.68616,260.0937,0.031297218,59.748806,587.8047,0.08012337,590.4702,373.7755,0.0333893
193,596.8333,598.3639,0.05376291,573.0859,589.5041,0.06795385,613.53485,604.2962,0.044172246,20.272987,228.68472,0.0430462,516.48663,340.16953,0.053707715,11.910164,28.111776,0.06356183,500.14944,307.26593,0.09268102,577.63983,309.46313,0.059357766,569.7376,260.8644,0.026628373,316.7587,603.56134,0.082364626,590.4064,611.23773,0.03270108
194,596.4568,598.25604,0.04191481,12.952726,589.35187,0.063706964,564.90015,322.50513,0.04521288,20.14241,228.6793,0.04983965,11.802054,228.34451,0.0593965,11.947594,28.12527,0.067130156,484.2213,323.44003,0.10257602,577.73956,309.4964,0.060747553,547.8887,243.85654,0.030393407,508.02267,596.4622,0.0786669,21.458065,235.7775,0.037816606
195,596.49164,598.0157,0.043932155,12.866842,589.27997,0.06239493,613.65027,604.2861,0.044516586,20.151457,228.68939,0.050304614,11.806921,228.36621,0.060325816,11.933887,28.1607,0.067204826,532.05133,323.4317,0.09746596,577.6382,309.69388,0.061886396,547.89545,227.78703,0.026501244,76.31532,595.84296,0.080270685,21.460722,235.77475,0.038426243
196,596.61945,598.0624,0.051832512,12.936121,589.3474,0.062493756,565.00226,322.51932,0.046090547,20.178532,228.72292,0.046511658,500.5246,308.2689,0.06192638,12.017201,28.181147,0.06520328,516.24146,307.5766,0.09919166,577.715,341.47318,0.058881164,339.80438,361.60492,0.031546958,268.58884,603.69824,0.086490095,21.525433,235.84335,0.035942893
197,596.85187,597.782,0.046120636,12.99732,589.41895,0.06445473,564.97687,322.54623,0.044094622,20.133514,228.73793,0.046656176,11.800631,228.3536,0.055828128,11.972056,28.182953,0.06437281,500.17047,307.55405,0.093913846,577.77124,341.46448,0.057813708,332.44052,584.9401,0.06076123,332.7182,603.3349,0.09659606,21.454208,235.86295,0.034699865
198,596.6293,597.81616,0.048399366,13.048232,589.4339,0.065516934,564.9452,306.49582,0.043440834,20.195637,228.71576,0.043822706,11.868508,228.28323,0.05236149,11.933119,28.177534,0.06334409,532.18713,291.58398,0.07676146,577.34546,293.54236,0.061349504,540.58936,585.5359,0.038430158,108.377655,603.67975,0.08429334,21.574205,235.98865,0.033079095
199,596.63385,597.7144,0.04498038,12.9987,589.37103,0.065425694,565.0137,322.40137,0.03788534,20.116602,228.71826,0.049233492,11.779073,228.38307,0.06049564,11.981399,28.169847,0.061994985,500.30817,307.56964,0.078749985,577.73157,325.4715,0.054525673,555.5814,227.74072,0.030230306,156.44301,603.6629,0.08345494,21.519571,235.89253,0.036978483
200,596.3927,597.81665,0.04359009,12.975943,589.3545,0.06649688,565.0546,322.50836,0.05120587,20.145142,228.72841,0.04908706,11.830864,228.35016,0.059299722,12.047323,28.211708,0.064521804,548.26215,339.4973,0.08209159,577.8827,341.25287,0.06184381,469.11255,586.0062,0.0294876,172.46481,603.6765,0.08289661,21.526228,235.90546,0.037010364
201,596.7108,597.9979,0.03872243,12.959569,589.3501,0.066543415,548.4938,339.31216,0.055127703,20.14962,228.72272,0.0494838,11.827316,228.38887,0.060356367,12.090586,28.226929,0.06379495,547.6488,339.50687,0.1213961,577.81085,245.60178,0.06353516,547.80634,227.98161,0.031035626,124.343544,603.6213,0.08077744,21.513823,235.89522,0.03791003
202,596.8387,598.1567,0.040491793,13.010178,589.3761,0.067226164,564.8135,354.84058,0.08206445,20.127375,228.69139,0.048065387,11.81722,228.333,0.06020912,11.883465,28.149794,0.06306932,548.272,275.65814,0.08529173,577.44,277.68137,0.060186,348.58624,585.2667,0.030707922,140.5828,603.6049,0.083886206,21.523659,235.94395,0.037393
203,596.7118,598.549,0.050909806,13.037582,589.4192,0.066982545,614.04626,604.3095,0.04546043,20.10315,228.72285,0.04778638,11.799049,228.38016,0.060826857,11.974451,28.203798,0.06331796,548.47766,355.83823,0.08008413,577.3636,245.72139,0.061397683,364.35693,585.3091,0.04241804,348.8268,603.179,0.09385519,21.555214,235.95918,0.03768958
204,596.30597,597.2514,0.037512068,13.136251,589.5084,0.065437146,573.5692,290.28677,0.035493486,52.01361,20.383802,0.03934784,12.332431,260.25143,0.0461769,475.65726,596.9107,0.058612064,582.80914,244.7664,0.07339591,577.5775,245.5413,0.05191931,251.86006,585.053,0.04287789,443.42477,596.4135,0.08638199,590.4614,254.43039,0.029588593
205,596.5239,598.583,0.048903007,12.937679,589.3145,0.0654867,614.1082,604.2842,0.054087516,20.29461,244.44005,0.03726408,35.940704,36.5895,0.05250099,11.90022,28.117695,0.06430649,582.7113,244.8541,0.07941671,577.2807,262.0103,0.05938439,586.79395,584.69617,0.041361727,363.52496,588.6272,0.08896967,590.49646,611.0828,0.03841619
206,596.65515,598.31647,0.042913366,12.877097,589.2926,0.06515827,613.8204,604.29193,0.048790615,20.263931,244.44467,0.037920993,35.92175,36.5776,0.054110967,11.89822,28.148958,0.06473643,582.52325,244.75165,0.0767489,577.36755,261.72577,0.06779454,485.02402,585.1615,0.03305759,348.8423,603.41016,0.09778092,606.0846,611.27277,0.03139319
207,596.66156,598.63727,0.048690837,12.923135,589.34314,0.06580365,614.05176,604.2701,0.052407864,20.187843,244.50548,0.03770556,35.88319,36.598846,0.054942977,11.891951,28.153103,0.06494062,582.59186,244.85567,0.07959136,577.55206,261.64856,0.056721024,587.0577,585.16486,0.032420028,507.49573,588.7394,0.09285851,606.3272,611.34406,0.040239975
208,596.6588,598.3808,0.046308175,13.012522,589.46826,0.067137845,613.94293,604.24286,0.047538877,20.218628,244.50946,0.0392293,35.87936,36.590054,0.056260146,11.862721,28.142391,0.06368175,582.5749,244.80246,0.08067146,577.6621,261.58932,0.0571226,508.17392,585.2553,0.058382973,507.62097,588.5633,0.093316145,606.2114,611.221,0.03893425
209,596.68164,598.26935,0.054914434,13.013833,589.4227,0.0676813,531.96155,355.4491,0.087563924,548.76434,365.2483,0.059572816,539.32196,356.86533,0.09183159,11.753295,28.106768,0.06257138,532.3533,355.5089,0.1592879,577.8131,261.25858,0.05826324,540.3333,356.4248,0.061345182,92.74296,603.55255,0.08951528,531.5268,363.37177,0.040971767
210,596.53436,598.19196,0.047565885,13.003205,589.43134,0.06889034,363.67984,340.04242,0.05500294,52.00943,20.558683,0.04929507,35.999165,36.488384,0.059430096,491.6284,587.0419,0.067496695,21.468155,244.04567,0.07189694,577.6005,245.43877,0.056262262,508.08423,585.1052,0.08075284,507.5259,588.3955,0.10113145,606.06116,611.2344,0.030851254
211,596.5645,598.47485,0.052810173,12.973275,589.38763,0.06723251,548.3213,339.18732,0.050796088,52.007854,20.569618,0.044727422,35.96077,36.49623,0.05754538,475.82022,587.19434,0.06452904,532.56366,339.99326,0.10897701,578.1526,292.99725,0.05558979,484.54718,584.96826,0.062994905,475.62314,588.1238,0.0921429,605.9768,611.18274,0.040897056
212,596.73706,598.26196,0.04436029,13.037076,589.44556,0.06944664,613.8366,604.26874,0.048717204,51.999397,20.60479,0.044007905,35.934814,36.53494,0.058008123,459.85187,596.7803,0.07089135,532.49524,339.80463,0.09696939,578.06024,261.2441,0.057027444,444.39755,585.60864,0.06459832,459.40414,588.2972,0.095667176,606.0856,611.328,0.034139156
213,596.7553,598.8618,0.048638985,13.037836,589.4747,0.068493,613.9903,604.126,0.044665247,44.114555,21.054264,0.04198451,35.93267,36.575188,0.05936536,11.743002,28.14209,0.0644784,598.4014,244.68411,0.073374614,577.91364,261.41113,0.059125412,476.41766,585.5037,0.051002245,348.88306,603.2759,0.10184325,606.22845,611.42993,0.04540494
214,596.62354,598.6233,0.052090805,12.986043,589.44543,0.067316204,613.9791,604.2266,0.051092077,44.115078,21.005623,0.042134564,35.943127,36.54842,0.059809677,11.724345,28.147364,0.06390325,598.2789,260.62695,0.0764745,578.31256,293.07068,0.050073683,460.0987,584.657,0.09345747,459.5826,588.2297,0.10264596,606.11566,611.19244,0.039533596
215,596.6417,598.124,0.048298024,13.012171,589.4635,0.06630274,613.8718,604.31824,0.04765639,51.99405,20.592411,0.043506343,35.950333,36.526295,0.05886357,11.700304,28.1517,0.062221903,532.6863,340.11304,0.10268029,578.12427,293.35468,0.046341166,444.4492,585.27655,0.07275156,443.55365,588.6091,0.093003586,606.2026,611.29443,0.038041778
216,317.0679,276.08417,0.049204607,292.3047,284.0073,0.07314998,308.3292,283.76892,0.08345973,52.07736,20.528328,0.05205231,316.16733,277.06406,0.06020791,307.0817,283.1056,0.08717477,307.7471,290.86853,0.07887492,578.40405,245.08241,0.047738858,308.4127,282.12537,0.06902361,77.09418,603.0985,0.09134453,308.87717,283.88855,0.03852257
217,558.07544,587.5309,0.04668337,12.999116,589.4437,0.06794315,614.2948,604.21436,0.053200882,20.220001,244.40831,0.03962648,35.905003,36.57526,0.054477096,555.47174,586.7952,0.0787298,21.365555,244.03355,0.07094019,578.0017,357.0573,0.041911628,540.08826,583.8963,0.08672199,539.22974,588.15576,0.11416164,606.4532,611.25696,0.048273593
218,596.56,598.23566,0.048077606,12.927685,589.424,0.06620083,530.8223,338.9282,0.1288643,532.6841,356.63306,0.075546816,547.67224,340.59412,0.07880994,530.39307,338.0819,0.07337429,530.30164,340.99487,0.18347952,539.5176,346.4457,0.073021024,476.00565,585.22876,0.102684684,491.46457,588.73895,0.101402506,530.9673,348.5054,0.060651522
219,596.47003,598.19525,0.04645795,12.932352,589.47156,0.06795524,531.92694,339.36276,0.07559747,532.8092,348.72287,0.059303176,539.6449,340.694,0.05903477,11.850098,28.183435,0.06742372,531.9764,340.14682,0.15362708,578.28314,325.281,0.038489893,524.5887,340.6045,0.04422246,363.90555,588.3443,0.08524361,531.5549,347.88272,0.042771135
220,596.5223,598.29126,0.04276144,12.937541,589.4661,0.06702453,531.96686,339.46027,0.056820966,532.76215,348.62775,0.051541224,11.899865,244.27702,0.06347387,348.51108,597.65216,0.06826525,532.11945,340.01746,0.13635767,577.9242,341.33514,0.039956547,342.01172,584.3405,0.0435712,349.10437,603.6262,0.09441383,531.5854,347.7313,0.03519334
221,596.42316,598.3255,0.045853294,13.002068,589.5479,0.067187704,532.3008,339.39362,0.05393387,52.01423,20.533321,0.05201364,11.869404,244.27077,0.06135761,11.810974,28.128487,0.06571625,532.38025,339.95093,0.1257315,578.1736,341.13306,0.05054369,524.55304,585.5459,0.04996646,523.5106,588.6567,0.08458826,606.0647,611.3342,0.036986332
222,596.51636,598.0504,0.045244176,13.057667,589.60333,0.07051942,613.6622,604.2502,0.046946153,52.00755,20.494745,0.05739388,43.71778,20.951555,0.062248774,476.05008,597.36035,0.07133993,548.533,339.9786,0.08326243,578.25275,372.82974,0.045195665,460.19928,584.45856,0.09027027,475.81995,588.575,0.11767881,485.80258,601.16266,0.038072366
223,596.32294,598.314,0.04371349,446.04547,29.358068,0.071518,613.7691,604.2327,0.046684593,20.062302,596.21234,0.046360128,12.227189,260.39874,0.05609268,315.92352,597.1273,0.06618906,532.5711,339.91678,0.10550555,578.6073,292.9216,0.045868803,476.35355,585.17645,0.05750009,316.6462,603.26636,0.10981781,573.2851,387.27942,0.03218301
224,596.5128,598.30426,0.044575073,13.031653,589.59576,0.06873492,613.75757,604.22015,0.04895835,51.970974,20.474825,0.04786139,12.2283745,260.37192,0.053967956,11.868676,28.223257,0.060804628,532.52924,339.8763,0.09682795,578.6684,292.9072,0.04559177,524.36884,585.6486,0.05155532,76.15214,595.8908,0.08426747,605.9247,611.20514,0.036113244
225,596.3804,598.5212,0.048263803,13.073612,589.67285,0.07110427,613.90857,604.25757,0.053259518,19.95083,596.24554,0.04695119,35.941273,36.564705,0.061084554,11.701372,28.201483,0.062688634,532.3663,339.8886,0.11939154,579.47186,587.3731,0.040560286,460.19437,571.65454,0.0396331,76.35898,595.7947,0.08886718,606.0501,611.22125,0.03463535
226,365.27695,484.22144,0.05745091,13.024311,589.6044,0.06867656,356.10602,491.2623,0.08953204,356.604,500.2305,0.06887678,348.01727,500.72015,0.06170891,355.0475,490.9846,0.09805165,532.26105,340.0771,0.14430685,578.76434,308.89584,0.041008607,356.56946,490.39716,0.07649678,76.36858,595.8123,0.08921071,356.70325,492.0759,0.045959
227,596.3088,598.5282,0.04448711,13.119267,589.74316,0.07024131,613.91284,604.2724,0.053326506,20.007998,596.09705,0.04983017,19.940119,37.11033,0.06340439,11.757868,596.07574,0.06364074,532.35516,339.75122,0.100125864,578.46747,309.016,0.04455116,460.33795,571.5311,0.03518218,76.55259,603.2123,0.08938129,606.0015,611.2639,0.0329762
228,461.7097,574.1963,0.07651292,13.261312,589.7762,0.070104286,435.47922,355.92136,0.103692174,51.99611,20.388742,0.053616703,443.41354,357.0474,0.064305715,458.91632,598.205,0.095863335,435.4934,356.0334,0.15447366,577.9258,341.11597,0.040400784,459.53784,583.2624,0.24365611,441.73972,588.6511,0.13478395,468.9926,600.7473,0.051675923
229,596.4716,597.98895,0.048607692,13.162144,589.74634,0.07275115,451.97958,307.82434,0.05190605,20.145267,580.45593,0.047061827,19.984346,37.077255,0.06282902,11.771823,28.141134,0.064153016,452.34088,308.09045,0.11278756,578.5542,341.00735,0.0463687,444.35675,308.82355,0.035567526,12.262881,603.61774,0.08662839,605.9208,611.185,0.0329838
230,596.4758,598.09607,0.050368708,13.103803,589.7151,0.07223899,613.79114,604.2453,0.047710475,51.975582,20.475819,0.047641035,19.989,37.09977,0.06600356,26.951763,20.409399,0.06568489,484.20108,387.7785,0.08616531,578.4462,356.9156,0.04773998,562.8825,356.09366,0.033234775,93.15104,603.32227,0.094611906,605.92096,611.17706,0.03382153
231,596.4028,598.3872,0.05200951,13.061737,589.6587,0.072643876,614.0822,604.2637,0.05409384,51.9759,20.585642,0.055315,20.012312,37.124855,0.06674284,26.99634,20.446402,0.066644415,36.433712,19.734,0.07460159,578.2014,356.95374,0.046794824,284.3349,584.8289,0.034781676,60.31593,603.3768,0.09216851,606.21606,611.1864,0.040543575
232,596.4674,598.0392,0.044693314,13.111058,589.6674,0.070631206,331.98517,443.07986,0.06978262,51.944855,20.569515,0.06439941,332.11105,453.01358,0.068782,11.814727,28.183723,0.06518187,36.290543,19.719013,0.080211885,578.763,356.63342,0.04080691,332.09207,452.16498,0.035186652,77.046135,602.9844,0.096383646,605.95874,611.1538,0.035304748
233,596.3772,598.0587,0.046273623,13.175489,589.433,0.0770358,613.64014,604.25006,0.04923881,51.918266,20.53061,0.067962684,43.642696,20.932825,0.069648944,11.761834,28.201546,0.06719331,51.958965,10.956448,0.08113123,578.1721,372.75903,0.04376195,499.85748,307.8857,0.029218145,60.267788,603.30695,0.095208,605.98236,611.2181,0.03946035
234,37.15709,580.47186,0.04586092,13.119558,589.53485,0.07773375,613.5398,604.3495,0.045763377,51.975803,20.523798,0.065460175,36.01007,36.419117,0.067199826,26.981466,20.370667,0.065728806,51.97704,10.996674,0.077106595,515.86554,324.10303,0.042338677,476.29446,585.10913,0.08360442,491.78055,588.5142,0.09515183,605.8543,611.3381,0.034105953
235,36.791374,580.4251,0.04828511,12.932459,589.4271,0.07695646,613.70575,604.2378,0.045042288,51.94697,20.50903,0.06443726,19.877312,37.007618,0.07008664,26.972744,20.450672,0.0651282,36.28058,19.707537,0.07773164,578.59985,277.00464,0.038482144,540.58496,585.2918,0.04209227,76.87668,602.9239,0.09211337,598.1694,188.37819,0.03476611
236,12.465458,36.261497,0.046298556,28.963392,589.07495,0.07445461,613.7083,604.1932,0.049256478,51.932247,20.507444,0.06625974,19.896622,37.057102,0.0709379,26.990543,20.480255,0.06558526,36.312637,19.735773,0.079237275,578.70264,324.90164,0.039157294,412.85446,585.9178,0.03392962,27.716833,603.9786,0.09348432,605.8809,611.1602,0.038687743
237,596.5347,597.73724,0.049214356,269.15686,589.46796,0.07932298,613.60754,604.2739,0.04871733,51.934795,20.48744,0.067323446,19.910374,36.998047,0.06903747,412.02438,587.9609,0.06641613,532.56586,339.94843,0.09520479,8.787243,348.74893,0.038979962,412.68918,585.6275,0.043325074,427.77863,588.7164,0.09256362,605.7288,611.23206,0.0301716
238,29.021076,357.3146,0.24144618,39.120667,369.68005,0.14715518,14.752257,352.11172,0.17741008,17.19868,342.41376,0.13933912,7.280779,351.57275,0.21003762,11.634448,371.56735,0.21408291,31.36239,346.93515,0.27175915,13.116949,355.6272,0.9073447,16.150532,352.43353,0.23717876,8.368477,339.67056,0.19923246,5.5933185,355.636,0.17194307
239,46.494347,356.933,0.258951,43.32572,346.94427,0.14731245,17.418293,318.22394,0.2555337,9.128565,333.92877,0.19788465,5.5312314,349.2323,0.47084537,16.32991,362.1276,0.45791832,31.579468,354.799,0.53382844,20.830088,346.82687,0.84139764,23.029512,347.9271,0.41242215,-3.0246115,349.26624,0.37312514,23.505484,354.5835,0.23868112
240,50.069138,354.4967,0.2987745,30.0261,325.17572,0.186459,9.599589,343.3415,0.3586474,9.968058,331.71713,0.27251166,5.667701,349.41684,0.43975493,13.362563,370.49222,0.4449952,38.65732,368.28754,0.4703491,27.02344,349.93658,1.0,29.26467,344.98648,0.46312842,-1.5217772,323.1105,0.30622458,20.320436,353.62494,0.18568711
241,53.50135,352.22357,0.28399083,49.940277,329.8961,0.24324486,3.758584,341.73724,0.30196363,5.5731597,333.50247,0.20852518,5.4531775,352.8954,0.38410172,13.974263,371.6778,0.40824044,53.585453,349.1131,0.41583297,30.286858,348.46207,1.0,26.912357,343.9995,0.45548892,1.9947948,356.8286,0.43507156,13.555779,333.9981,0.19782797
242,48.95456,293.13443,0.26460263,50.022003,312.47525,0.20267613,27.253143,345.15448,0.34750384,3.5554652,319.2363,0.20202737,8.474134,348.80612,0.45529827,22.947945,347.26938,0.45799658,50.09359,352.25385,0.54006815,31.00222,350.16357,0.83441466,37.009483,356.27576,0.43789977,39.64093,334.26917,0.3768625,13.959203,344.21793,0.20627305
243,43.891994,262.28946,0.28280923,45.10932,277.23068,0.21195808,8.978607,300.68634,0.5467611,36.236576,347.18723,0.17320573,12.298128,347.7216,0.31367186,28.288088,373.8033,0.30839562,48.08691,357.94794,0.42429227,34.672314,349.95468,0.5717896,39.694077,352.8977,0.45626867,33.751175,335.5592,0.3720203,32.128994,364.23688,0.17345174
244,51.87815,316.4917,0.25334507,42.689804,273.41846,0.22921903,10.562283,300.01987,0.65687203,36.0527,351.19107,0.1969077,19.836802,355.05792,0.3132283,9.608997,369.14404,0.423204,16.214298,375.76694,0.3780315,40.857487,323.76382,0.7487518,45.948494,362.62076,0.5315208,33.015625,331.10733,0.37345928,13.584526,319.6625,0.20766698
245,47.053917,305.48108,0.2987771,48.714836,325.7182,0.26381734,18.403065,304.18723,0.75752246,5.5080285,337.382,0.25367907,5.5517416,345.5341,0.43333375,16.350035,383.2939,0.4645426,28.201874,385.46088,0.33170584,44.602795,314.52353,0.7092138,54.163727,359.5296,0.60004,7.995599,308.586,0.389591,22.85055,254.01816,0.19808085
246,41.73531,305.34604,0.2842689,44.898163,262.05865,0.26770315,23.128784,310.4359,0.5645786,7.6044087,341.16232,0.39372286,7.719118,346.39542,0.3566838,45.64647,381.93985,0.43510413,30.725147,381.75552,0.30009386,36.827263,252.64127,0.75796276,54.960243,358.0309,0.5549322,14.1223755,308.68655,0.40761346,30.143894,297.01132,0.17743818
247,48.797302,229.43741,0.23242716,42.36635,260.26822,0.29288864,29.22742,308.40295,0.55651456,8.0460205,342.57373,0.34613234,34.51094,354.15714,0.3076932,45.429714,384.2267,0.39678982,46.613213,386.36716,0.2456768,55.99437,326.4033,0.69505924,60.87973,358.18774,0.52595085,9.983626,246.2704,0.3899571,34.285263,236.10254,0.19007201
248,37.15461,227.4735,0.3364953,39.52062,262.19608,0.20436674,31.537083,305.64798,0.5597293,15.472108,342.4313,0.37679216,14.81387,352.16812,0.42670578,43.866825,384.97354,0.46898782,46.465878,387.76257,0.3075601,61.96262,319.02463,0.60732114,68.96717,362.25854,0.57314366,17.122066,244.79155,0.3990689,25.033855,281.85022,0.16151524
249,33.357155,322.42258,0.28884494,49.932423,301.79828,0.24125388,17.102783,345.53455,0.57092446,16.794037,342.66403,0.5028149,10.924954,362.18323,0.29623199,61.068874,385.21368,0.33707342,30.080502,378.786,0.21802722,23.289385,122.104065,0.66504806,75.78433,364.27222,0.51081324,18.484612,251.79352,0.33276248,36.328083,174.78252,0.13957633
250,42.063393,163.58832,0.3176894,41.34892,289.04175,0.24337271,22.523571,348.93024,0.55495375,22.091045,345.00946,0.27692398,18.239264,362.72482,0.28303674,60.895565,386.33838,0.3446803,31.257538,379.70438,0.20680939,30.338245,119.66527,0.8087068,81.4389,362.52496,0.59099776,12.710736,353.827,0.37085488,12.325562,349.77686,0.15629008
251,25.482206,319.3888,0.29566237,30.63018,328.5624,0.32090703,22.972267,357.1666,0.6952495,16.898277,357.56775,0.24409738,16.486687,367.58005,0.30029604,47.40806,386.12302,0.28191033,47.05311,384.42078,0.18550855,49.13789,192.84161,0.56019443,85.73741,364.6789,0.53429395,12.141462,289.10095,0.42396075,8.281141,302.2419,0.16004571
252,40.493942,103.63574,0.42949894,50.564186,303.62616,0.27781773,33.12806,354.858,0.5685023,34.047863,354.02805,0.25558722,28.042946,366.27637,0.36730194,58.92452,384.32843,0.382542,45.73259,379.3263,0.24357508,82.99021,326.32248,0.68434083,92.99136,364.81287,0.48671955,16.534552,289.8653,0.5118311,61.351387,317.1349,0.19771539
253,38.85154,103.746414,0.37431085,51.70675,306.36475,0.4148763,38.52201,358.082,0.34540316,40.048576,353.34958,0.27012503,36.089622,367.14572,0.46623918,58.15393,384.6849,0.36262655,48.809998,383.06686,0.2471701,37.095016,119.152626,0.64704144,98.34025,366.24313,0.57003635,20.650715,288.9366,0.51940477,36.575443,330.31375,0.19302973
254,81.724106,307.62866,0.23939005,53.470627,304.90762,0.32905102,17.696827,216.21887,0.45614573,40.95625,357.16458,0.22084124,35.36786,367.67236,0.34170258,75.362236,383.345,0.36217675,52.02069,380.27094,0.24162842,77.87563,257.92386,0.5254575,102.33308,365.63254,0.5777306,11.146238,220.46222,0.473316,44.63555,284.43298,0.16760963
255,66.85084,167.30144,0.33507273,52.485188,239.41653,0.41898984,20.998562,218.76814,0.37450486,56.235104,355.09995,0.25430015,52.34337,368.30643,0.3866624,73.287605,384.30423,0.33751196,60.087143,379.48285,0.21075852,99.95217,327.1404,0.56804883,108.87406,365.8155,0.4364586,14.701585,223.56,0.547561,40.120716,267.3025,0.18798618
256,37.563194,327.13855,0.34176585,47.67398,340.6761,0.47752175,26.590729,221.43565,0.3849052,66.40342,353.57974,0.24881776,53.931023,367.47708,0.41027325,91.14634,384.85184,0.3126303,66.68832,380.68262,0.19756104,107.34599,324.79297,0.56300086,114.835236,365.92758,0.4405565,20.587563,223.28986,0.4279856,52.752445,330.66077,0.21377042
257,33.62667,313.15277,0.27175793,51.9183,341.51306,0.306682,60.434235,356.57678,0.40437028,11.791204,257.47153,0.16731681,79.83893,341.84192,0.24701966,92.64025,382.6612,0.24965936,67.37883,379.02094,0.14067788,94.41283,256.92975,0.5393712,118.350365,366.91,0.5025939,25.96183,222.11127,0.5586441,60.34474,285.38406,0.18227471
258,42.46897,311.25394,0.33447522,51.96054,341.87753,0.433956,70.7769,357.66357,0.34399724,73.07262,355.10608,0.2208047,68.64551,367.58652,0.35559314,90.21574,382.97992,0.33876464,104.546974,389.76108,0.20039883,116.15545,326.64224,0.5164125,126.00926,365.51572,0.46981296,19.25497,151.79637,0.4594855,44.135162,300.80472,0.19556257
259,48.595592,327.54773,0.3768689,53.838062,340.28595,0.5286203,72.75288,357.73672,0.40957603,81.16814,352.22586,0.19205713,67.25114,368.90347,0.34887213,108.84116,383.4676,0.28336313,82.709236,377.292,0.19704242,122.431335,322.88748,0.5731451,132.06645,365.7167,0.4248853,21.459887,148.39703,0.37648305,69.9249,331.486,0.2093992
260,41.67475,310.35864,0.2947268,64.80321,343.3775,0.4130342,47.952038,214.6967,0.3787727,24.376738,264.28656,0.2203579,77.76193,366.9809,0.30250525,108.01632,382.4058,0.26951948,110.4624,385.2301,0.14422001,108.737686,254.37956,0.46938774,135.79419,365.7112,0.43713135,14.491325,262.45114,0.39144114,43.935375,301.19516,0.20884375
261,101.055275,168.32777,0.35637295,67.15249,341.22083,0.41392505,85.84846,355.676,0.25482926,88.57449,354.53973,0.24687374,80.65951,366.80557,0.40449584,107.68244,382.10144,0.34690356,110.92077,385.1231,0.19846794,113.9756,252.19395,0.50471765,140.1738,363.1868,0.39243102,18.683506,259.82312,0.33536386,42.503204,299.52496,0.21932065
262,112.89307,229.4329,0.3678637,84.462975,230.34981,0.4465244,88.12468,355.22388,0.32241422,88.519554,354.77457,0.19415468,82.32093,368.2678,0.32068297,108.38542,380.84262,0.25604293,110.905304,382.1359,0.16082372,120.235245,251.07288,0.49489105,148.34914,363.13144,0.41866502,49.181236,213.4702,0.34579536,60.9658,301.27512,0.18613629
263,74.333565,198.8379,0.30093518,89.32018,228.091,0.40413845,90.054504,355.815,0.3681647,29.347044,262.32846,0.15514365,27.518711,267.7475,0.22574997,127.3282,380.5161,0.19933976,31.37704,380.50613,0.15183817,123.655106,252.38162,0.41351217,151.03049,365.32224,0.46766683,49.931,210.85739,0.34914663,59.300514,315.64584,0.18847728
264,98.3936,229.79099,0.26783815,66.55049,276.38602,0.3958731,101.100586,353.82645,0.32556924,104.37103,354.9964,0.23284854,96.18994,366.80603,0.39380088,124.70888,381.25226,0.29303795,112.40173,378.71262,0.19449691,146.2201,326.07532,0.4577136,152.38268,359.92093,0.3112814,20.21628,182.6366,0.27893183,58.509125,300.36078,0.21257283
265,68.78857,264.2375,0.29331782,69.52694,275.6218,0.39053845,102.40125,354.08,0.4135741,104.957855,354.35504,0.19281048,95.073616,366.47168,0.34351772,125.35901,380.231,0.23797227,112.731384,376.82785,0.15112998,151.95992,322.9968,0.42961815,158.34703,360.57455,0.3721587,17.044867,291.65436,0.42346355,73.99739,187.8644,0.17085677
266,93.212814,198.13834,0.31523612,95.5252,341.5253,0.31873038,104.10545,355.60794,0.36377206,42.24329,356.25278,0.12522547,100.19408,369.11954,0.21744846,124.367874,377.844,0.17916974,125.96875,378.7893,0.16186938,105.739975,107.06907,0.4611673,164.41562,362.7342,0.3738518,18.622824,292.5616,0.37045637,78.37195,301.99188,0.18804884
267,92.60333,198.93436,0.3370563,64.947365,213.16743,0.3610559,108.843185,354.34714,0.31284082,117.996056,356.80457,0.12231079,109.70587,365.8045,0.22997837,142.38783,379.82077,0.18531351,127.29826,377.12042,0.15546685,142.75159,253.18248,0.3836207,166.48969,362.21326,0.36195815,68.08584,208.2873,0.25020477,77.09551,300.80844,0.18757145
268,59.803303,119.668045,0.30864325,94.824585,262.5253,0.38276434,87.99181,210.96994,0.28341848,121.78755,354.55478,0.23211253,112.98984,365.86356,0.35560825,140.95348,380.58505,0.24608847,127.9785,378.17816,0.16619422,149.2186,249.09662,0.40547833,168.723,362.26395,0.36101672,78.74928,213.05905,0.29808095,75.45483,300.7865,0.19526085
269,90.24571,265.43164,0.3334818,86.5626,276.88345,0.3002169,119.597824,354.8588,0.36237958,137.23918,250.7197,0.16883448,111.99599,366.25452,0.28127205,141.1316,379.5282,0.20145397,128.89952,376.63815,0.13614273,151.66498,249.81723,0.4243531,173.3715,362.13818,0.3796606,83.616005,210.62427,0.24656345,78.11538,333.75204,0.15180972
270,56.772167,341.45844,0.29468337,89.88013,129.16939,0.26935908,121.659996,356.29605,0.29636514,12.41547,146.67822,0.14076029,8.991313,155.57852,0.20377906,49.732403,368.78714,0.15384957,142.3656,378.61365,0.13509096,151.59763,253.67146,0.3512385,178.60033,363.56937,0.26099598,147.17546,307.1128,0.22165956,97.04764,302.43137,0.17715767
271,107.78102,264.9578,0.26310146,90.06348,129.67255,0.29081783,125.91661,354.66327,0.18948151,136.40408,357.24026,0.15766528,9.799023,156.03322,0.21420868,157.51073,378.8854,0.15472202,142.28447,376.8587,0.117369965,160.46533,248.95715,0.34089503,180.25366,363.91183,0.32758138,65.70148,247.56117,0.22074004,94.91159,301.73895,0.19229136
272,161.56963,233.38077,0.32131317,111.41404,264.06622,0.32868853,103.95074,210.6649,0.21889767,138.70677,355.66196,0.20318785,130.01773,366.42822,0.26949608,155.49425,379.62863,0.1747764,143.72575,377.56003,0.102012515,164.81953,250.23431,0.4235618,180.55838,363.58643,0.26378164,68.629845,248.01865,0.22421798,93.020615,301.62543,0.19503942
273,160.89468,231.53627,0.34316146,115.83929,343.40494,0.30502278,134.95453,356.49966,0.24192041,152.81746,250.17657,0.18595569,129.65054,366.87024,0.267755,156.64238,378.03625,0.16877812,144.73601,376.40012,0.117299296,167.42789,250.51962,0.44574624,188.07951,364.48044,0.3639573,19.415277,336.23126,0.29073092,138.74228,332.6986,0.17275953
274,106.18425,313.32904,0.29410467,107.81104,127.671616,0.2875362,108.746315,208.97328,0.22236674,58.792217,103.772064,0.1269584,135.22299,367.76724,0.17230104,145.36407,356.64902,0.104369365,146.48167,374.89227,0.09268924,167.33556,254.6894,0.3777106,186.73224,362.9885,0.26313004,131.15994,318.64197,0.21794762,110.87335,301.20047,0.16155453
275,106.96535,120.31753,0.29751277,109.254,128.56055,0.29949006,138.46661,356.488,0.19715276,151.83371,357.19363,0.20142907,149.9026,366.97357,0.23236601,65.36859,367.7456,0.1444176,78.08652,378.41284,0.10540032,148.38809,98.16587,0.31167507,187.39111,363.1035,0.20059988,21.9851,336.74875,0.20702134,111.53351,302.22726,0.16830327
276,107.92905,312.47757,0.33932006,116.41406,276.34305,0.34083018,118.92378,209.88385,0.19518177,152.38255,356.30618,0.2192587,149.26088,367.10266,0.28341198,158.53865,384.04706,0.1382396,158.47084,380.33878,0.09147845,178.6052,249.95529,0.36513814,195.12285,364.71872,0.251501,129.27089,275.73218,0.18938991,108.25876,300.0562,0.1790978
277,178.28603,232.5384,0.33042166,116.86231,275.64597,0.30814067,120.36351,208.67975,0.17498694,153.32599,356.3154,0.1848713,145.79605,367.35703,0.27335867,172.33626,380.2261,0.13977513,159.30484,378.90033,0.09193052,181.51212,251.0072,0.41636658,187.42746,363.26868,0.20719545,177.94875,309.08438,0.21218133,109.450615,301.7819,0.17951588
278,158.10106,342.01175,0.3096725,138.39824,351.7019,0.28758276,148.69872,357.23602,0.20342942,153.3415,355.83136,0.19702974,149.11807,368.16815,0.30657873,171.83246,378.5791,0.15220991,160.47148,376.4804,0.12626748,197.61433,323.4422,0.3962505,200.9009,363.7177,0.24727286,32.367786,338.33932,0.2235188,154.66277,331.70798,0.15470546
279,145.10298,342.99255,0.29139444,160.85162,352.1395,0.24588412,153.69809,363.5579,0.13884838,12.04748,368.1533,0.18612017,8.627839,377.91992,0.26091602,171.7847,378.2034,0.11467746,13.233243,394.37643,0.099393584,182.7635,254.53511,0.3030148,202.02583,363.70447,0.25380552,34.264732,336.70462,0.20047228,156.30948,332.00098,0.15208529
280,179.38913,154.49275,0.24917024,91.51814,351.33398,0.21876022,152.57138,355.78528,0.18608053,124.10827,130.067,0.15938117,120.56238,139.11932,0.20669357,166.44888,357.04297,0.11464244,161.80956,374.69012,0.08447653,184.99574,252.43764,0.29742488,201.69138,362.89273,0.22878817,147.71156,321.30402,0.18385747,129.09421,301.85834,0.14032984
281,178.6919,152.49364,0.31518033,67.54389,357.4496,0.24586631,154.03883,356.3889,0.21802394,166.47757,357.57605,0.16836171,164.42473,367.93576,0.19569048,162.15663,359.41397,0.1082652,172.98453,377.724,0.1133362,206.16177,325.9274,0.3502542,209.85553,364.71265,0.25245485,131.29405,199.25346,0.20543933,129.10172,303.13736,0.14760756
282,172.6795,342.22787,0.35630715,176.00278,352.10748,0.27973974,167.12358,363.147,0.12937108,168.68655,356.37775,0.22168775,165.76102,367.4207,0.28210342,191.41301,386.22205,0.1326507,174.43373,379.09525,0.11341971,195.70741,254.20561,0.33690163,211.5515,365.35928,0.23589861,132.55432,200.73544,0.22388731,126.54336,301.98074,0.1546417
283,170.59499,343.07443,0.2779051,174.22948,350.73395,0.25943196,167.43695,363.07947,0.14757335,169.84964,355.69186,0.23498943,165.56668,367.56366,0.3267883,187.51398,379.70856,0.18778132,175.01888,377.75684,0.13093568,196.97772,252.07658,0.49653032,217.83807,374.07248,0.24212594,17.15816,388.03146,0.28323427,172.73009,333.11795,0.1476094
284,172.41261,343.09042,0.2896798,153.57211,352.10132,0.28755295,165.80814,357.99966,0.1696083,25.665428,372.13358,0.22084044,17.468487,381.25806,0.2966589,187.17693,377.7653,0.14518662,30.441721,396.59833,0.12501127,199.77269,250.00621,0.3858293,217.44545,364.8915,0.20649543,12.75594,380.65677,0.2961622,172.16939,332.32648,0.14953816
285,161.2865,344.00424,0.23793496,154.5178,351.3382,0.21112591,167.978,364.15204,0.13267027,26.464476,372.7807,0.18384168,18.55943,381.84854,0.24093707,175.76689,357.67273,0.12543975,34.596233,393.06854,0.09612917,201.40012,248.66783,0.3505222,226.94156,361.38034,0.12382339,14.527945,379.4061,0.25848082,14.046595,389.7536,0.1366164
286,123.2107,232.90395,0.22614567,126.15345,240.48941,0.22439258,170.96281,364.88916,0.14816809,26.522482,373.5304,0.20417795,23.01966,381.6021,0.22608405,186.20361,376.37982,0.12165985,31.842388,395.28317,0.12961556,210.20609,246.05305,0.38460025,230.09912,364.4432,0.18890658,17.027184,379.54117,0.3708695,13.160784,389.0275,0.12565728
287,189.65149,342.02536,0.2813757,193.33844,351.22696,0.24790046,172.65245,364.64905,0.19163798,28.099798,373.4168,0.21779217,180.75435,366.61746,0.26747423,181.72661,374.91605,0.13629596,187.31819,379.32553,0.12750147,211.92528,253.5352,0.36097157,228.01866,375.7174,0.1706253,19.245564,379.91974,0.343185,145.4205,303.11157,0.13110584
288,139.92671,313.25455,0.2858934,142.40915,321.2936,0.26147023,172.83821,357.00903,0.15436819,218.90442,328.25006,0.17294407,135.76895,335.35434,0.20575437,182.63249,374.15363,0.14016145,181.11816,374.42026,0.14440297,212.75964,253.50116,0.3982427,227.98659,375.36386,0.14530243,18.257536,377.91934,0.33597672,141.88023,301.44424,0.15821165
289,172.50266,344.6077,0.26169685,168.61118,351.8238,0.2712748,182.25987,367.01328,0.15126982,218.98685,326.97638,0.17982966,216.20067,333.35605,0.20746778,181.83856,361.02094,0.103576586,42.30423,391.05865,0.09252061,231.06932,333.6996,0.21129483,151.69487,323.1575,0.11597298,23.803848,378.747,0.34543085,191.09552,333.3295,0.128836
290,162.79962,346.4362,0.20910932,168.02211,351.69727,0.2114486,160.31337,198.47502,0.13352565,74.70734,132.67393,0.1691588,71.90038,141.30424,0.19465943,95.96365,369.53186,0.10830341,138.42097,266.4093,0.111844994,216.77303,253.91638,0.3263999,199.5505,163.3303,0.08849311,24.844261,379.51917,0.32533684,175.41295,304.14294,0.09604646
291,156.23114,189.48926,0.16505712,170.31343,192.85776,0.16268028,184.17296,367.39438,0.14661516,29.648443,376.30585,0.13385156,21.808144,311.0567,0.17516643,35.233063,379.59793,0.10918365,38.311615,390.94177,0.15147004,228.50768,259.19223,0.27037063,243.34123,376.57376,0.09244875,27.087486,381.40845,0.3573942,176.0747,304.2274,0.10555393
292,63.48371,314.89548,0.18807544,74.40137,319.94443,0.16854696,186.60822,369.6431,0.11295186,32.247665,376.943,0.109395325,234.54308,337.464,0.10714676,37.07819,379.79285,0.1495392,39.146065,391.60916,0.14228667,228.66342,256.53455,0.30438593,243.24352,377.523,0.11657077,29.398155,380.89822,0.3984207,162.68016,303.87198,0.10642764
293,221.82368,236.82693,0.18576454,162.16634,278.50073,0.18132496,187.35341,369.38647,0.10449235,220.2832,251.98434,0.13372417,216.07054,258.9995,0.14009604,39.5963,380.28537,0.12615062,44.599335,394.14636,0.10875265,229.83452,256.52243,0.31380165,227.4396,249.12798,0.11238967,33.88172,385.6121,0.32070348,23.525278,389.50787,0.092036426
294,177.77202,348.50034,0.16281648,125.037674,368.2784,0.19183697,183.786,297.25827,0.080457024,185.64575,295.1075,0.1878345,182.23482,303.35773,0.22051439,118.60951,371.6206,0.09313306,204.10161,390.32333,0.07579867,230.19098,263.57642,0.27553287,227.46959,246.90546,0.112088755,34.387638,381.38196,0.25873122,162.6711,303.38232,0.09635733
295,192.03781,203.22781,0.17730592,178.07378,359.62845,0.16166426,172.07846,209.40231,0.0723178,203.1681,372.5413,0.15098883,199.84818,381.31732,0.17482981,40.338852,379.94293,0.09063902,51.44665,388.56213,0.092873946,244.09177,343.90097,0.23562339,227.83044,246.89357,0.07908861,35.193336,382.28635,0.26229322,28.041712,391.8701,0.10216425
296,203.39708,282.85324,0.15779164,204.96954,288.8618,0.14041181,229.70226,136.5374,0.05499486,203.99773,296.12073,0.12956698,201.293,304.98132,0.16611174,119.295,372.00687,0.081522234,58.247383,393.22772,0.10561996,234.5374,263.36053,0.25139734,199.06812,291.89453,0.100759104,38.61586,386.70367,0.2836155,31.21315,393.0131,0.08969015
297,204.63745,281.39505,0.24689552,206.85124,289.78467,0.1894162,190.1418,290.94943,0.095971085,202.41986,295.7674,0.15358627,199.71013,305.1778,0.19357246,242.32993,244.70244,0.08651939,58.70289,394.79697,0.08592504,241.69673,259.34338,0.3316178,231.23442,245.69437,0.09485853,40.328686,387.25418,0.24073893,209.44058,270.14362,0.092801936
298,244.01477,248.6904,0.20273946,208.18475,288.0042,0.19141069,184.50993,210.07635,0.14972481,202.4069,294.07626,0.15201281,199.94849,302.55948,0.18497929,241.13315,245.87807,0.1062256,56.535404,401.80826,0.09693029,247.01674,264.70892,0.3690668,243.95958,247.82552,0.1232608,45.470215,392.90652,0.26597124,243.19019,258.0605,0.10204096
299,220.77803,360.58676,0.22064196,205.57872,289.28864,0.23140422,203.1042,383.15292,0.17835833,216.72267,372.54337,0.16874926,201.05309,383.6521,0.19811988,221.28687,399.24396,0.081644446,218.45297,394.43857,0.07563913,249.17058,266.98993,0.19974749,214.41728,293.46332,0.09668306,47.341873,394.13083,0.24511884,208.5013,270.94867,0.09578713
300,220.38058,359.62143,0.17885044,223.8191,366.89725,0.18920434,204.9354,382.92166,0.12991717,205.32959,295.87674,0.16047667,201.5443,303.5547,0.21874377,212.1673,375.91357,0.088548094,218.46881,393.2847,0.1413186,250.03992,267.3464,0.1850471,248.51634,387.71927,0.09363993,48.85662,394.1203,0.19528444,234.91705,273.91104,0.085445024
301,206.31984,362.02014,0.1475544,196.66261,359.5071,0.15092728,214.93124,384.7774,0.09452395,186.51396,133.19981,0.19103035,184.97005,141.12787,0.22748147,213.65805,375.2451,0.08645397,67.938095,401.4055,0.06907439,251.64786,267.1584,0.2260515,182.37222,340.4636,0.076837644,49.74449,393.5534,0.19883111,193.7615,354.56482,0.094812445
302,256.70087,251.43874,0.17158212,182.79282,279.7836,0.105223574,215.74559,385.39948,0.0885551,187.41695,134.4908,0.13175447,186.65785,141.63449,0.15873215,259.21756,245.89774,0.069865175,247.94858,180.23982,0.06794662,259.76242,263.79047,0.26462176,246.19029,245.67996,0.09460956,244.59898,247.05836,0.15925409,194.13092,146.27512,0.072017446
303,206.56734,123.2758,0.11855461,172.53387,256.26358,0.10276854,203.11304,216.57585,0.12359564,170.82607,260.29684,0.17944448,167.92918,268.50424,0.2055556,219.88406,207.68631,0.073958226,231.02136,389.17752,0.076637186,263.2491,270.94055,0.2660113,247.8027,261.18906,0.08257062,53.21412,388.11337,0.15160733,194.46971,355.1327,0.08217781
304,254.3835,252.97368,0.11149395,173.04324,256.6552,0.12130623,217.59007,387.20056,0.08725442,170.82568,262.02838,0.16459835,168.08961,269.7461,0.18456192,72.99649,380.76733,0.07566557,74.74045,406.76965,0.07986039,263.09772,271.68167,0.27982652,213.1244,213.48737,0.08523408,55.265476,389.1266,0.18781517,227.0897,272.8012,0.087907374
305,204.02582,283.71542,0.1476937,197.03023,281.3179,0.15444633,218.54317,385.86334,0.124798246,171.5049,264.10788,0.1408091,168.94572,271.41522,0.1727789,67.164406,389.7464,0.07673415,235.9512,406.18442,0.0981542,264.62265,279.43225,0.2892618,260.59143,264.86026,0.08424651,55.6006,390.74924,0.16699581,225.93764,271.46262,0.09792256
306,272.16068,279.1891,0.11324409,181.70464,262.51425,0.10454439,218.79755,213.35785,0.06882943,203.81093,134.30544,0.13564202,202.7062,141.65439,0.1706936,72.99203,395.03192,0.064407565,71.035416,405.884,0.08692605,265.16034,270.91794,0.26116115,230.08191,308.66858,0.0975901,60.8791,396.4488,0.17407294,242.54825,322.19992,0.08142843
307,123.800705,123.65034,0.107974336,124.45671,127.78462,0.09790746,325.91806,364.5512,0.03891416,59.63958,310.9971,0.095506854,58.323627,318.19794,0.10766917,70.25665,396.1065,0.083362,71.719826,407.49,0.08828288,275.7411,277.2055,0.20088014,262.68564,261.0865,0.08664752,62.77938,397.7536,0.21020278,277.03906,243.59212,0.075062156
308,271.9376,280.22803,0.101204924,246.33397,311.32086,0.09429097,219.15096,212.91624,0.04416938,219.00975,134.16953,0.10806285,265.01562,273.25482,0.12407852,71.53809,395.61493,0.07499271,186.2994,281.80402,0.07429538,279.7589,280.312,0.2449493,274.69595,264.93777,0.0749502,64.21839,397.56775,0.20183949,225.63507,322.44916,0.07057197
309,175.8402,252.42897,0.10374004,187.21916,256.33084,0.11214433,266.15668,267.58057,0.057808656,218.53462,133.4296,0.13324961,265.33624,273.65674,0.15485525,284.51505,279.84427,0.06493526,164.88815,322.66547,0.06408471,279.74942,281.22327,0.27552965,274.97852,264.49738,0.10890473,64.311966,396.9632,0.18057202,196.0903,239.68788,0.07872938
310,237.67017,300.17572,0.123012066,248.10587,311.361,0.11029258,233.99619,400.70847,0.10173574,234.19348,310.09244,0.15630473,231.85599,317.77393,0.2001976,286.56458,252.67578,0.071418844,84.27166,403.70416,0.059830673,280.03787,280.47092,0.25697088,275.57544,263.2488,0.0954196,261.04764,261.1066,0.12868486,243.32379,243.63074,0.072670385
311,236.39444,299.72595,0.16755046,237.42995,305.26346,0.14125438,235.71082,402.24606,0.09419478,234.57668,310.6545,0.16544122,231.53078,318.73682,0.2235919,235.24908,126.513954,0.069195405,92.04675,424.04688,0.07222578,282.44177,281.4568,0.21906985,246.6368,309.56342,0.09307515,71.89371,408.4006,0.13623397,242.01189,243.02348,0.08540565
312,251.35666,377.6188,0.1133514,253.50394,383.54034,0.11646677,236.81342,401.20572,0.09658579,77.15201,404.05554,0.11849954,75.81922,410.97385,0.12699911,244.81448,391.66797,0.084443234,250.52815,408.03076,0.11949096,284.7028,282.73407,0.13394125,276.08813,182.74046,0.07359688,75.60583,410.48663,0.14147203,210.56178,290.71863,0.07489106
313,238.91936,220.87497,0.09488311,247.28882,231.84174,0.08070264,281.5939,193.2674,0.051865708,123.30745,359.03302,0.14872393,121.39535,366.05774,0.14943765,222.66583,228.2655,0.062487356,85.70832,419.70325,0.08120017,296.48022,283.9682,0.18309614,227.57309,220.37009,0.081809334,75.36032,398.71906,0.13046491,253.92934,235.26443,0.0661776
314,239.3333,220.04889,0.15080747,248.0888,232.04483,0.11933799,247.17851,402.10254,0.1297715,123.50779,358.6786,0.13064425,137.17973,156.28336,0.14230296,223.1818,229.19563,0.07743144,86.09493,421.3077,0.07214651,295.32007,284.942,0.27986306,229.01837,220.30576,0.09051272,78.092606,411.7327,0.16455068,259.68878,288.31842,0.07417238
315,259.48175,222.70515,0.056131985,292.78778,279.10632,0.07866456,90.291534,444.3939,0.05536646,235.05534,231.3481,0.11486384,233.8169,238.8168,0.1468688,80.67175,405.82562,0.06541307,88.18528,421.17636,0.085657455,298.90338,285.87762,0.099690035,244.51662,228.98976,0.07220709,79.620575,410.68008,0.17698132,227.50595,162.25189,0.059246015
316,252.69102,221.06052,0.055067908,262.3844,327.92722,0.065269895,90.79995,444.2778,0.060171224,284.44894,279.6864,0.070140846,282.3962,285.5092,0.10477785,82.91838,417.011,0.06833402,278.69937,99.77561,0.09886895,296.49307,201.47943,0.11141374,292.89542,279.89713,0.06449734,83.84839,421.9486,0.20522347,259.06293,260.00452,0.061689634
317,254.76729,314.51144,0.14459592,264.45068,327.69568,0.10288485,89.67889,444.30185,0.058669195,203.09718,278.9813,0.1439508,202.18799,285.8626,0.17364918,239.83707,323.7046,0.07306018,324.26584,554.8665,0.086187504,298.297,286.62567,0.16573817,262.86307,324.68823,0.09970748,86.02776,423.2518,0.1458762,257.06805,321.6228,0.06922113
318,295.76822,109.11548,0.05451347,227.53278,151.0038,0.089733265,251.88863,418.63,0.09170517,153.98006,149.6454,0.11608621,153.35057,156.97008,0.12112345,331.7195,539.11743,0.071558185,310.3249,371.50504,0.08734909,285.3345,109.470604,0.12489172,262.50687,324.89325,0.07096722,87.61642,424.06854,0.14044787,146.80116,161.346,0.058662143
319,266.97394,435.90906,0.048292287,276.3275,118.27672,0.073188834,91.69483,443.08417,0.0589464,299.27203,279.75534,0.106722176,297.4684,287.53204,0.10780998,331.44626,552.344,0.11258188,332.42587,561.74896,0.10808942,312.53415,298.10922,0.18893608,338.1213,552.00793,0.06582553,88.623,423.54843,0.12165272,228.2264,307.90997,0.059107754
320,144.17543,362.58322,0.17401214,145.62715,368.32138,0.10157561,107.42682,460.51736,0.06223614,93.4388,419.15036,0.11520149,96.50478,427.77896,0.12768461,126.505615,373.97922,0.081147924,102.316216,435.25125,0.13663822,312.63065,297.6827,0.20594609,307.00812,280.0095,0.086432904,91.50184,427.46332,0.19434617,80.69091,425.53128,0.08607172
321,141.31126,363.53583,0.11070003,142.30464,368.00418,0.08421279,107.02755,460.3475,0.06445534,250.28264,149.9498,0.14128646,135.67638,381.51794,0.15334855,337.7136,552.8487,0.1448448,338.95682,563.48804,0.14063686,314.0626,297.5909,0.15200472,340.15762,554.4455,0.09583845,94.1661,425.93805,0.20578912,242.64824,161.9523,0.06604154
322,139.81859,362.9433,0.08489917,131.88602,374.43207,0.08390204,106.57905,460.31686,0.0611321,250.52367,149.62505,0.16593179,249.95901,157.5546,0.1935303,340.55466,553.98254,0.11500943,344.7852,567.5745,0.12568665,315.86557,299.69543,0.15742092,307.8666,278.17706,0.060684517,95.082405,427.57758,0.16375455,274.54788,259.3832,0.0697805
323,255.62807,317.04303,0.04991985,278.50745,326.69473,0.06780999,106.431915,460.6566,0.058531,298.5173,198.6631,0.091923624,250.95569,157.72844,0.11639301,346.915,554.06146,0.12376412,346.35306,569.12,0.1379484,316.99203,299.1167,0.19034255,355.24344,554.4008,0.07636562,96.18361,426.33234,0.17985879,313.6504,297.27316,0.055917416
324,270.21414,236.5381,0.11766418,277.523,246.94882,0.070621684,343.36002,556.96625,0.08123338,292.48004,435.43805,0.057694413,347.95074,561.2132,0.148112,350.66898,554.94495,0.18655019,346.3806,575.53986,0.20830281,324.63586,300.7582,0.12014052,354.77295,567.01465,0.12976465,101.04021,437.85965,0.16589803,258.31595,258.06027,0.05665088
325,271.159,236.27718,0.16533664,271.68448,241.62721,0.10073609,343.62762,557.3565,0.07195427,266.1683,246.47714,0.113293074,264.7179,253.72722,0.13863504,346.8525,568.2565,0.18507941,348.4592,577.7338,0.18927102,324.47818,302.06494,0.16219093,356.0125,567.324,0.14229363,97.01606,427.9231,0.11939257,275.4705,179.19485,0.050703358
326,269.61832,236.95226,0.086601846,294.9887,342.78156,0.0833478,264.50058,243.29317,0.10977504,266.65448,246.97713,0.11825047,350.33386,563.2236,0.13266897,350.97455,567.99963,0.20316441,350.40335,579.84454,0.21833242,330.84143,314.0311,0.14649595,360.85568,573.9999,0.16250326,102.52366,427.82297,0.117441624,283.5065,345.40555,0.05853484
327,300.48077,452.9782,0.043856718,292.40585,133.32732,0.05892821,345.37912,570.91394,0.0608106,170.38922,166.24867,0.08594372,350.64304,564.18384,0.10176312,352.38065,568.7878,0.17861494,354.43814,579.27374,0.18904011,314.5865,123.44787,0.18408991,361.03738,573.95264,0.16826192,260.39334,245.42062,0.07161741,162.96974,177.63025,0.048256833
328,285.1263,332.98975,0.08065667,295.3009,342.92038,0.10156831,344.97055,571.0164,0.046536673,170.77379,165.89151,0.12981413,170.05809,172.97186,0.15041116,354.66043,568.94183,0.12623039,356.44363,579.1644,0.14177682,297.52393,350.9793,0.10538491,360.7947,574.0459,0.103233255,261.66995,245.35039,0.07463871,163.45966,177.99384,0.061661247
329,300.45953,452.21124,0.04378375,277.6172,166.29051,0.06111653,283.27023,244.5287,0.051878575,267.2289,166.32027,0.120300755,266.74747,172.76543,0.16002063,357.46344,569.22894,0.118292496,362.51703,577.86707,0.12444539,317.2965,124.70437,0.077565,370.72308,566.7616,0.08807757,111.80208,442.35007,0.094376825,259.7775,178.22253,0.05267448
330,341.6805,325.02066,0.042608846,294.57968,264.01675,0.044335883,360.1719,571.42596,0.06274122,171.77719,167.1796,0.09700918,170.53926,174.67162,0.13768193,363.092,569.56464,0.1378453,364.35226,579.3997,0.14006709,345.38892,316.26022,0.17121284,378.8011,567.29987,0.111940116,308.5412,233.93588,0.055104047,259.7275,178.47145,0.052203797
331,314.9152,88.97719,0.044033214,294.22986,263.67627,0.06731872,359.61066,571.4855,0.07317162,283.01437,166.20076,0.13901252,267.34714,173.79604,0.14769575,362.66394,571.09094,0.15570612,362.32114,585.72284,0.17267624,345.09427,317.47107,0.20925821,363.7231,577.63055,0.13666745,118.167175,454.82126,0.06992287,348.23944,315.93936,0.058661636
332,307.42538,254.92976,0.053817745,329.96832,136.62134,0.067870334,360.55566,570.90894,0.07160176,316.40097,118.45251,0.13959694,312.42697,126.361664,0.1584449,364.21713,571.0181,0.15720673,370.02927,580.76483,0.15436925,329.65094,136.55342,0.23250829,377.57812,574.507,0.12430242,119.8329,454.8678,0.07902771,352.69614,139.66708,0.057288285
333,286.9701,252.11368,0.13162719,295.6177,263.7019,0.089254804,360.73276,571.65137,0.062884845,281.93365,262.89365,0.10898448,280.94922,269.85675,0.12215224,364.199,583.7964,0.1696014,370.98724,582.6916,0.1393098,347.0516,329.0418,0.1273033,370.89496,580.02014,0.14885794,109.466515,364.07498,0.08920579,300.23917,267.02377,0.065626286
334,307.64774,254.35236,0.053403787,340.31232,103.2131,0.06192352,366.465,579.56256,0.07703688,283.21655,263.07532,0.11668938,281.99146,270.1035,0.14656429,365.43567,584.78253,0.16270722,372.38727,587.1104,0.11464078,347.95953,329.19183,0.119386636,371.40848,580.9548,0.14281726,126.150604,456.49283,0.08558525,275.77777,178.45206,0.045828003
335,307.8545,254.35168,0.052427977,340.17694,103.1488,0.061870757,367.75497,579.0644,0.06592942,250.31992,309.38083,0.112252,283.03055,173.9793,0.1347358,367.11777,584.58026,0.108980894,377.32495,586.5093,0.10710095,348.3119,318.27914,0.104603074,376.98126,580.5474,0.10174042,126.840836,456.88242,0.08294973,250.41252,329.5316,0.041594747
336,263.78394,237.99611,0.055785514,273.21957,263.1145,0.06823392,135.15219,476.03195,0.04525356,250.82681,310.7252,0.092562556,282.82455,174.43925,0.11419524,269.98608,261.31082,0.052874032,230.10262,116.86324,0.066022664,361.80203,330.76276,0.102102615,27.73471,67.530716,0.092462234,126.958466,457.53073,0.09078241,259.76755,242.78618,0.04818334
337,331.01315,88.72347,0.041825946,310.71375,359.48672,0.07206043,381.13654,580.7694,0.0653879,250.41266,309.87308,0.12382904,250.15492,316.84665,0.13210446,374.7451,585.9432,0.11232375,368.63257,601.9606,0.09126113,368.3453,331.28314,0.06401598,27.694998,67.07326,0.09156253,90.74597,172.04541,0.09378467,242.30109,321.71167,0.04982434
338,330.83374,88.835205,0.04426997,307.89288,150.37212,0.036185123,345.3583,226.21567,0.06519883,347.22748,310.7547,0.106885195,381.85043,579.5953,0.11412784,380.14856,586.15936,0.14965203,381.3312,597.0907,0.09116385,346.031,138.94766,0.13596499,28.411543,83.366745,0.10254611,91.738335,172.31621,0.090656415,291.925,289.59064,0.049764458
339,382.7931,589.27637,0.061511006,356.2099,102.750206,0.04135525,380.7573,594.8515,0.08212875,347.0876,310.6288,0.087379724,379.599,592.3867,0.16731767,380.54214,586.53796,0.17617574,385.52124,597.22327,0.13649005,362.2449,330.88272,0.12977731,27.734285,83.38715,0.08106922,128.2064,457.16626,0.06481875,369.80978,586.35016,0.051789913
340,301.46384,253.33282,0.08183421,311.3339,263.35986,0.063730374,383.5003,579.8284,0.07507898,298.77768,263.1191,0.1310477,297.07263,271.1706,0.15914032,388.15076,585.4167,0.1032598,395.2173,594.7095,0.090841085,309.0661,276.76373,0.1018261,387.77164,583.2494,0.074381076,123.01363,349.3479,0.068408936,366.9228,139.6311,0.044225484
341,380.424,591.82965,0.05401698,290.6005,262.47958,0.061391946,391.66638,588.87714,0.08911299,299.40018,263.1368,0.090410724,383.46155,593.27625,0.10886682,389.3416,584.5517,0.14747538,395.1543,594.8207,0.12795748,363.27118,330.78928,0.075672254,27.502449,83.34716,0.055024087,347.2469,205.77274,0.06664526,366.67026,139.38347,0.045382097
342,347.12317,89.793335,0.046729878,356.5643,102.64493,0.053663958,407.29703,589.3662,0.055289555,332.6392,119.177826,0.08182234,330.84113,126.41913,0.11160622,310.04587,464.65414,0.051591054,396.00497,601.58374,0.06480241,363.36115,329.94418,0.13706101,27.955883,83.09056,0.0832508,297.7203,261.5902,0.05549952,291.3834,193.96136,0.03369091
343,347.33023,89.12532,0.03553627,356.40192,102.31295,0.049421776,345.06607,227.73784,0.03997398,181.08118,405.4335,0.07181276,298.71848,272.18082,0.07422607,341.6121,131.39749,0.058126967,342.2358,131.7536,0.096083,370.10992,331.86453,0.08192968,28.443897,83.21084,0.12199889,292.10944,261.689,0.07611775,266.5873,330.48044,0.038934246
344,348.8568,147.29541,0.035001565,212.55959,166.6801,0.034968827,201.2504,180.14488,0.056743313,340.83047,132.56137,0.060535893,299.1453,196.73637,0.053985648,26.838741,107.51738,0.06646142,342.02045,131.5013,0.08304907,365.29974,332.2804,0.0822201,29.53781,83.55698,0.18094242,138.24413,444.59222,0.08393244,292.75253,210.01994,0.038299195
345,206.71628,172.76877,0.06944249,214.51576,182.74832,0.048732802,199.53516,180.07391,0.06231836,201.86609,181.9181,0.14190032,200.85931,190.02458,0.14488083,25.802301,107.76365,0.079901345,342.40387,132.09102,0.084102266,465.6576,314.94345,0.04892377,30.595688,84.08182,0.19492728,196.33723,166.61937,0.047537033,194.92197,193.8176,0.042846862
346,348.96686,147.83286,0.0434666,310.18304,279.11197,0.04365493,345.76526,131.8716,0.04795895,340.973,132.8673,0.09414128,298.66156,188.69565,0.11485262,341.44412,147.46114,0.0895755,342.57278,132.54285,0.10957316,363.51163,248.59137,0.13090171,30.729336,84.52145,0.18853976,294.12878,262.2944,0.048005342,346.46036,233.82,0.056907266
347,345.7224,113.6951,0.031653944,198.72856,424.12387,0.055220563,201.01604,179.71297,0.03787742,299.0618,182.2316,0.12828496,298.43848,189.38457,0.16457266,25.033443,108.60474,0.09463776,342.4086,131.95387,0.06774228,368.8381,155.48795,0.091200106,31.115898,89.13869,0.21714662,298.3838,172.63913,0.05991075,291.66116,194.5434,0.053060014
348,345.72998,105.74493,0.05159517,199.06842,424.445,0.057109553,361.9822,242.96101,0.045601144,299.73395,182.1731,0.07426548,299.46094,189.08893,0.10250174,24.371773,109.4458,0.10496734,154.56416,472.16974,0.07492685,361.38168,154.81734,0.2017716,33.46766,95.11355,0.26215905,125.642685,380.49408,0.081702635,17.438612,84.87601,0.074494705
349,346.50443,105.203156,0.043267928,372.15137,118.54316,0.04903545,137.82758,373.3317,0.048768558,341.8901,132.78378,0.07534103,299.4634,189.91489,0.08858222,24.622702,109.51184,0.10580628,154.38539,472.16562,0.09326446,384.56726,348.1903,0.06618641,33.33964,94.82046,0.28332677,125.468056,380.4983,0.07452298,17.514988,84.886696,0.07475632
350,339.4953,133.62057,0.04944823,372.46793,118.231514,0.051174656,362.03662,243.23347,0.046252776,341.84174,132.8673,0.088362865,34.0616,94.80742,0.10377413,19.657509,107.669235,0.14561059,342.73233,147.79599,0.075335786,384.31238,348.1733,0.067730375,35.109303,95.206245,0.2862037,139.1641,364.53802,0.05162207,17.100334,84.16878,0.0908952
351,242.86923,125.938446,0.055254985,372.68713,117.83726,0.0470175,361.6698,243.7198,0.05483874,42.35848,105.45264,0.07785436,34.01593,94.44156,0.11706023,19.71513,108.0951,0.17112315,342.4547,147.85342,0.09142546,378.37457,348.4755,0.098235816,35.573116,95.36268,0.30971718,139.34894,461.17694,0.046030365,12.234212,80.02439,0.11032668
352,242.96123,134.05782,0.05308925,372.4991,118.0231,0.047136825,362.2508,243.75978,0.054340545,42.379864,105.45042,0.078787595,34.33436,94.507645,0.110634886,19.915367,107.96626,0.15692946,148.05687,482.77457,0.08169248,378.2194,349.34564,0.11440258,35.096912,95.53706,0.2886723,139.38646,461.06763,0.0537996,12.234137,80.2769,0.11492338
353,357.1334,164.05939,0.053201295,372.18307,118.31035,0.047124907,362.3175,243.31561,0.0564597,203.73332,197.37206,0.08608655,202.08817,204.24516,0.14034985,19.890053,107.81697,0.1534414,23.296186,113.10817,0.07648132,362.64282,155.39418,0.11967607,35.07479,95.093796,0.2923254,139.86308,461.07977,0.057979543,12.047285,79.85939,0.12894067
354,338.754,133.81766,0.06160379,372.35962,118.28865,0.047946993,361.64185,243.15764,0.0570306,203.18385,197.14714,0.11538714,201.33955,204.3375,0.16679494,19.937157,107.62302,0.15335493,23.242504,112.99671,0.07749269,384.4894,213.56895,0.05258423,34.87544,95.02231,0.2911097,139.871,460.94434,0.05116247,12.149593,79.99417,0.13841823
355,338.6979,133.63072,0.08301854,371.9917,118.68238,0.051569752,24.245516,114.19881,0.044316847,212.50415,195.91907,0.08695861,202.24146,204.34387,0.11752163,19.532522,107.85562,0.18273339,22.693123,113.52519,0.09787771,369.4156,155.88777,0.08064722,35.557777,95.24386,0.31076232,139.8565,460.8339,0.05021314,12.11782,79.2624,0.12490358
356,338.76178,133.68665,0.08063471,371.88315,118.55315,0.044314556,24.245804,114.245445,0.048205897,212.99973,196.27428,0.0748673,34.13214,93.73719,0.117605224,19.353561,107.50065,0.18536223,22.631538,113.335045,0.099605404,369.5012,156.0128,0.07790105,35.58008,94.63759,0.29760253,139.65663,461.0442,0.06189975,11.910449,78.67438,0.14580952
357,338.6489,133.59294,0.07601291,372.05295,118.449066,0.04114513,252.63249,130.78241,0.045984387,212.7953,196.2907,0.064983614,34.100357,93.876724,0.111001804,19.3997,107.3944,0.18567395,22.71589,113.22481,0.097787544,370.6327,170.44594,0.06560041,35.364395,94.80675,0.3059475,139.42682,460.99887,0.057733525,12.018149,78.8728,0.13405032
358,338.60092,133.5904,0.06749266,372.00293,118.4809,0.039182447,252.74144,130.71324,0.046282087,212.91109,212.06296,0.06749409,33.937027,93.51067,0.11890073,19.170052,107.5238,0.19465338,22.371956,113.72747,0.09923997,369.60306,156.07751,0.076753795,35.881542,95.056114,0.29919508,139.41689,461.1338,0.058927696,12.158271,78.69208,0.12903467
359,242.89629,134.3266,0.066008486,372.12265,118.383606,0.04320201,137.57877,491.8473,0.04043305,41.955235,104.55822,0.06796891,33.91713,93.45436,0.12857768,19.078018,107.48835,0.20231034,22.214369,114.02457,0.10672468,369.72928,156.20923,0.072480135,36.1084,95.29212,0.30424747,139.21825,461.0517,0.06033398,12.351005,78.49305,0.12795688
360,339.1188,133.91003,0.07897311,372.13678,118.89798,0.039548676,23.663921,114.4719,0.04826851,41.269157,104.55995,0.07144351,33.90282,93.47073,0.13713507,18.539541,107.6441,0.21711789,13.884653,108.10961,0.11418855,364.28214,156.007,0.108409636,36.667995,95.97815,0.26744977,139.63635,460.93192,0.053679142,11.653446,78.88883,0.10659323
361,338.89,133.70428,0.0831123,371.86206,118.72533,0.038532984,315.76422,180.42632,0.040407438,358.89456,134.2928,0.061800994,34.07331,93.33499,0.13197367,18.728373,106.928185,0.19857772,22.074589,113.697876,0.10947315,364.34534,155.93646,0.1149401,36.05297,95.217476,0.27357626,139.70204,460.773,0.051016778,11.899744,78.25798,0.10266241
362,338.883,133.94759,0.084327504,348.26688,171.87126,0.035425548,219.0545,180.6163,0.04100915,350.17316,134.80614,0.077197194,34.393494,93.8859,0.12179664,18.875736,106.78837,0.16498682,22.377298,112.977234,0.093786664,364.3623,155.70279,0.12377898,35.25588,95.15861,0.26137614,139.34773,460.62167,0.048495054,14.711802,79.68329,0.07619386
363,338.701,133.7906,0.08253348,371.57205,118.94424,0.037485152,219.0041,180.62408,0.038894907,350.13168,134.68733,0.07233489,33.917004,80.55851,0.11296155,19.109835,106.39055,0.15584645,22.606113,98.9834,0.09834418,369.43384,155.92093,0.103602566,34.92529,94.83203,0.250687,138.88583,460.46756,0.05377125,12.303746,75.23054,0.09628178
364,338.80832,133.73244,0.08694125,371.40372,119.25258,0.043388255,138.66547,372.43,0.041585222,186.60472,423.72803,0.07630547,346.57486,150.1306,0.10664007,23.596397,108.88414,0.13093314,22.77443,97.96779,0.08905708,365.03143,155.54156,0.113356546,34.075382,94.69955,0.23217164,172.16283,428.17966,0.0776252,7.336217,74.76304,0.083048806
365,338.54767,134.08182,0.08702397,371.15744,119.54623,0.050810207,316.0037,180.20438,0.044288643,357.21368,165.56805,0.07104627,346.70456,150.03264,0.096074395,23.732838,108.60658,0.11621441,22.731709,97.45178,0.0909764,370.00754,155.92921,0.111611545,32.600365,85.50934,0.24123318,138.82104,460.42834,0.049611997,7.3403378,74.392044,0.086533636
366,338.538,134.003,0.08582368,326.80478,407.07672,0.05876798,436.50742,461.10855,0.04946666,357.1988,165.67383,0.072742134,346.68213,149.85574,0.07481781,24.036882,108.581604,0.103262246,261.94565,147.4015,0.09379494,370.12247,156.02821,0.10937597,32.25054,85.43602,0.23523158,129.06548,473.6811,0.060078844,16.794588,84.05289,0.076922216
367,338.26016,134.26924,0.09500548,326.50064,406.90613,0.054888766,436.5111,461.43808,0.06090561,357.4233,165.63435,0.07330618,346.5705,150.08981,0.09413803,24.221478,108.22189,0.094733655,23.18116,96.2817,0.08212361,369.70837,156.05539,0.1262676,32.567974,94.326996,0.2225157,315.11655,381.0041,0.05948448,12.703102,74.61139,0.09744085
368,338.2904,133.81242,0.094176225,371.1451,119.425224,0.044986326,436.4879,461.5977,0.07328373,212.27527,195.40364,0.09427572,202.09787,203.92154,0.12685786,24.84023,107.934715,0.08345335,440.50092,466.8741,0.09500341,370.01135,156.46478,0.09376053,30.90344,84.265686,0.21000974,138.83917,460.80048,0.06767637,13.087264,74.403625,0.09502427
369,338.2451,133.93486,0.09330788,370.9615,119.32504,0.041277118,252.74138,130.75847,0.049620807,357.47244,165.17838,0.08447732,202.02798,204.4245,0.110561736,24.097881,108.4865,0.09085601,23.076565,95.75155,0.08264887,370.28284,156.91371,0.104557075,30.779106,87.986176,0.21250702,138.8827,460.98846,0.08177987,7.4920645,74.622536,0.07351544
370,338.35315,133.81252,0.090550415,196.9567,438.73578,0.0412898,443.86295,469.32758,0.042794116,357.85434,148.99135,0.07743706,34.134678,80.73116,0.07904154,23.40242,108.311104,0.10341828,22.908442,96.458084,0.10120246,370.42688,157.09004,0.08485691,33.015724,94.60485,0.21038485,139.22466,460.83054,0.05418181,12.580103,74.86174,0.10581733
371,338.34177,133.75766,0.070692085,196.97095,438.57144,0.048375946,22.187325,115.177956,0.040674467,357.5366,148.64497,0.081735946,202.31143,204.96065,0.11042606,17.7986,91.626465,0.09952765,19.21052,95.3069,0.109340526,370.1055,157.6,0.051841542,30.859022,87.22151,0.21846622,139.1177,461.46268,0.06779674,12.575779,74.64123,0.113545746
372,337.72443,127.57291,0.05276108,370.7918,135.09198,0.04456346,422.9319,476.89453,0.08203997,309.79465,197.13705,0.0975385,202.69978,204.90636,0.08907335,427.1036,473.93744,0.07262577,438.52936,482.8928,0.11156761,436.98328,478.00705,0.08818854,29.981125,83.51955,0.18110763,439.7981,479.94925,0.04346512,12.328615,79.80846,0.08830742
373,337.95682,134.29655,0.064092465,370.62674,135.30103,0.045038015,437.34457,482.89948,0.095226385,203.40556,198.8088,0.10562215,202.3369,205.60521,0.1350513,7.0246687,98.45003,0.08128367,440.2403,482.79578,0.14055298,441.52548,478.57715,0.09115975,31.109518,84.39006,0.18665145,138.87564,380.39044,0.0479007,11.671759,79.47695,0.11981725
374,337.93936,134.38213,0.07030615,370.4322,135.47263,0.049124494,436.63248,483.1377,0.12204583,309.7739,197.81616,0.0991372,313.88327,206.88762,0.105627306,438.73557,473.5774,0.09573654,440.45157,484.92285,0.18045552,443.10034,479.0162,0.08434548,31.167183,84.646194,0.17321517,138.77238,380.7351,0.06536338,11.881234,80.15939,0.13643311
375,337.8164,134.22847,0.07930233,370.1872,135.44087,0.045138896,437.4187,483.0267,0.1310261,309.7824,197.57338,0.08771811,202.9876,205.56688,0.08982405,7.350832,98.89113,0.10378054,441.74658,483.7868,0.1731673,442.42395,478.74603,0.09069192,31.257895,87.39745,0.19773374,33.31088,87.482605,0.049161613,11.51713,79.47804,0.15502082
376,337.75305,134.30974,0.084085174,388.27396,135.82527,0.039504968,442.1786,483.4679,0.15183866,203.67943,199.21625,0.09360771,202.87836,206.12749,0.124387495,7.3189335,99.04648,0.11178591,442.41696,484.94547,0.1779477,442.46338,479.13583,0.07997053,31.283752,87.26914,0.19552855,139.19627,380.35004,0.042442173,11.857868,79.88296,0.1622333
377,337.6579,134.11667,0.0795805,370.3607,135.12935,0.051780965,441.9641,483.98666,0.14332724,358.11356,148.97874,0.08428203,361.62845,165.77644,0.07301624,7.112651,98.95754,0.10492843,442.85388,489.4015,0.1856478,449.14548,491.92377,0.08774516,30.917341,87.36562,0.18270166,315.263,189.30737,0.041208044,12.27518,80.31072,0.14907499
378,337.79816,133.97601,0.07568701,370.30417,134.87694,0.05463644,437.4909,554.62646,0.13441548,340.35095,499.2159,0.07638976,36.258533,81.02332,0.07058653,7.3432636,98.95219,0.09469228,441.17548,567.23553,0.099000625,450.46472,493.4704,0.07289006,33.219296,94.62092,0.16034213,314.33206,293.32388,0.05619788,12.341183,80.13405,0.1670551
379,337.8866,133.84431,0.082376964,388.25275,135.1132,0.05169999,437.2662,556.12146,0.07763944,357.96777,149.072,0.06758142,154.40456,166.17387,0.08993972,24.8833,107.899895,0.07303642,441.2341,568.71893,0.09039108,378.00775,170.98306,0.092463925,29.78847,103.70648,0.1320069,314.74628,293.06464,0.061221752,13.367024,81.396,0.11485399
380,337.79657,133.85973,0.077626795,387.16528,119.11566,0.0483414,437.1856,556.3552,0.15041956,156.35426,151.54985,0.07464172,154.07823,166.22685,0.09083164,436.02213,551.83014,0.1086881,440.06747,567.9938,0.1532674,384.3679,171.42014,0.098724395,30.094048,103.69918,0.14657564,315.44928,188.78105,0.04955265,13.568462,81.50399,0.12320046
381,361.23453,129.90068,0.08508917,387.91623,134.99075,0.049109466,437.27115,556.6317,0.19736591,315.8496,198.72206,0.0766946,438.9781,563.6458,0.11917015,436.20505,552.0233,0.14392313,439.7818,567.65967,0.25176567,383.73175,171.31757,0.12470434,28.919643,104.28047,0.13107999,431.93024,507.20032,0.06957217,18.478642,83.471924,0.059402004
382,361.06186,130.17043,0.090492405,387.76306,135.2749,0.046274185,437.53513,556.01666,0.109591216,340.56842,499.50323,0.06973152,315.32184,204.94586,0.07125341,439.33762,551.1305,0.09327318,440.84692,567.6483,0.15571244,379.26974,170.66199,0.12273516,27.76767,104.09451,0.12125205,315.40097,188.58502,0.0437464,19.285923,83.59712,0.05636404
383,361.04337,129.96815,0.06607577,367.54034,129.03862,0.044983473,412.14645,147.10489,0.07662964,315.79782,198.02359,0.1083665,315.1315,205.49582,0.13847145,135.20648,91.52699,0.061908025,410.342,151.71266,0.08616472,379.15665,169.88376,0.1279222,27.918499,103.36435,0.1354617,315.3333,189.02333,0.055258524,19.600594,83.581245,0.064249024
384,361.10294,129.56184,0.054287888,387.02658,119.352776,0.043805603,455.01962,563.0406,0.11922687,340.9244,499.17905,0.06481745,315.72577,205.002,0.08097854,447.97736,551.49457,0.07607641,443.39682,567.36633,0.12700492,384.8389,170.0865,0.101058014,28.928596,103.937836,0.1386892,139.48154,380.93814,0.057876654,19.412792,83.323814,0.06698208
385,353.93372,134.3276,0.076059625,386.93213,119.59566,0.0460044,454.99295,563.14154,0.11387449,219.48306,197.98146,0.087090656,218.9368,205.7456,0.10008238,450.29654,551.93976,0.07276029,451.06934,568.79596,0.0985279,386.36417,169.91685,0.0722038,28.493292,103.51149,0.13668138,139.19925,381.33228,0.08191426,19.714638,83.08516,0.07483939
386,354.33417,133.942,0.06811112,387.39392,119.27638,0.044930615,454.83337,562.26825,0.12360951,316.63235,198.80655,0.092480704,315.36893,205.92657,0.123754576,21.114765,106.714775,0.084101245,452.27087,569.0052,0.10141355,530.1398,332.9918,0.0593847,35.799995,104.12546,0.12765843,139.56636,380.45288,0.05443649,20.257824,82.67395,0.08727579
387,353.5725,127.651215,0.070771776,387.04987,119.10754,0.044773843,451.81287,557.1931,0.16741444,213.69385,197.19273,0.08599034,454.57858,564.50006,0.11742093,451.41467,553.0453,0.14032932,452.88873,569.52655,0.1927705,385.242,156.64713,0.11717897,36.12689,104.37249,0.11506079,218.501,189.1952,0.046335768,20.397469,83.103294,0.09833963
388,354.45645,133.77837,0.059378687,386.70596,135.32817,0.044469483,452.67487,562.351,0.16503689,218.8625,198.05038,0.102541886,454.42932,564.5708,0.13666576,451.71335,553.7435,0.1467013,454.82562,569.01215,0.20314635,386.29477,157.29794,0.06935741,491.57248,146.33609,0.24052133,204.08624,203.81587,0.050146997,20.107008,83.68091,0.15766184
389,354.76212,133.71904,0.061904017,386.9235,118.688255,0.047997776,456.10837,562.9995,0.1256345,218.62927,198.22195,0.11521766,217.7273,205.56927,0.14522225,455.88007,552.00433,0.10475995,456.40594,568.985,0.17527305,536.5047,333.4167,0.062127717,497.32523,147.05415,0.22898674,204.34258,203.86958,0.053212415,20.829515,83.83181,0.15271384
390,354.64047,133.68475,0.06786827,386.49927,135.27385,0.050330285,457.88614,563.0963,0.13506547,219.0414,198.21971,0.120928966,218.08241,205.48624,0.15768506,457.84576,552.3119,0.09324465,458.2236,568.9706,0.16551527,387.0982,157.62994,0.059775554,498.35043,147.56212,0.13983661,204.76053,204.17569,0.04067206,26.380833,83.49449,0.17572281
391,354.58633,133.84618,0.068241715,386.24493,135.54799,0.051488105,468.9143,563.6838,0.1480377,325.5979,197.12724,0.08623784,219.10367,204.89339,0.08570391,469.22156,552.666,0.09935013,465.0275,570.24054,0.17397499,387.04175,157.37221,0.07486207,499.30826,147.11465,0.15367061,426.15842,508.00647,0.0611948,27.497145,82.86464,0.1992629
392,159.02563,91.05264,0.05170454,386.31073,135.49458,0.050077807,467.97742,556.5168,0.13497424,325.60184,196.68398,0.10298348,330.64267,205.8702,0.10412426,469.71854,551.7814,0.08275024,468.1592,569.67993,0.12896547,399.7208,171.0216,0.07606029,25.639534,112.24501,0.09207377,426.3738,508.25204,0.06373331,29.255974,83.024185,0.17010938
393,354.79443,133.92413,0.04798557,404.21396,119.221855,0.05862586,466.7849,563.7853,0.193472,471.1506,547.9057,0.11656612,469.6678,566.7116,0.13837186,466.09546,564.4182,0.20571639,471.62842,581.12476,0.2196392,387.20215,156.91917,0.09075961,475.70157,566.2209,0.08707272,345.41635,493.07556,0.044785503,30.766401,83.146935,0.090357274
394,258.33426,127.050095,0.050981227,404.39926,119.09623,0.06588018,469.49368,569.7604,0.17529589,472.21417,548.9877,0.111509934,134.66512,91.167496,0.14092542,467.5526,565.17065,0.17493328,474.22455,580.5701,0.267582,155.57318,92.50625,0.095843114,482.551,571.8398,0.12238418,129.06702,92.44141,0.04540288,31.095728,83.498795,0.12149054
395,258.78427,134.04317,0.060129356,404.16306,118.950516,0.069059916,470.65726,569.9597,0.11878008,147.48721,82.28525,0.08883152,473.0967,565.28357,0.0973071,477.3579,560.3737,0.13609089,479.41446,574.54785,0.18580252,400.1729,170.85826,0.10564234,481.9216,569.42615,0.092688,144.0707,107.077484,0.05681258,31.658028,83.43588,0.13613886
396,158.91911,91.94901,0.0498851,403.9283,119.257324,0.07195069,476.23843,563.64294,0.07861043,228.51033,196.88889,0.075556025,330.77374,205.25844,0.08471222,30.100628,119.759735,0.12825881,486.735,570.77576,0.11575221,400.4524,171.26695,0.114747524,529.16797,147.5617,0.25512347,143.97433,107.20174,0.04190272,31.573236,83.59712,0.21563782
397,370.0408,127.20234,0.047047302,403.9017,118.4051,0.06340317,485.8355,564.49854,0.14477968,442.8913,495.3967,0.07609489,330.94073,204.97421,0.09074689,30.64382,119.73973,0.12235034,455.2561,147.88503,0.1298213,148.38245,90.863525,0.078743465,529.9513,147.64027,0.1508849,155.32767,380.52252,0.064316034,32.911945,84.31741,0.16230027
398,370.51468,134.3911,0.060889468,404.07947,118.40757,0.053256027,483.44415,563.5803,0.17177327,149.11887,82.61391,0.07547595,331.30435,205.08653,0.09693441,34.242767,119.42258,0.12832522,485.32053,583.0378,0.14697585,401.34857,170.43661,0.08129105,531.01215,147.17729,0.22050555,144.22983,107.27354,0.04952466,35.558975,87.70374,0.1299913
399,370.1144,127.23776,0.057232335,403.74136,118.50677,0.05251546,483.19586,570.2747,0.17960735,487.98575,548.77985,0.07130072,483.43402,572.5499,0.09707856,481.8126,565.9837,0.1572732,487.1594,583.35474,0.17646918,450.11758,511.35095,0.06253367,532.51373,147.7146,0.21287814,54.317287,77.51689,0.06626456,36.442383,88.38764,0.18118486
400,369.55084,127.99545,0.05930287,403.19116,118.89126,0.054262564,484.2315,570.8328,0.18841204,229.80911,197.37062,0.08150173,461.61377,140.32129,0.11183774,482.72626,565.90063,0.14654171,487.87558,582.7766,0.21272062,402.70682,170.73085,0.079332456,532.2917,147.60039,0.14046022,54.829098,77.992294,0.056294363,37.22483,88.15502,0.21693984
401,369.76678,127.605965,0.042717267,419.9504,118.629654,0.043785214,485.72882,570.8437,0.1454058,235.29948,198.6146,0.08533633,460.66168,140.57802,0.13557605,459.03668,140.00615,0.13968064,456.71805,153.71393,0.217925,437.34036,523.13916,0.07149905,545.5687,147.63435,0.12766747,441.66196,510.7361,0.115577444,38.88787,89.6733,0.09005287
402,370.23743,134.12611,0.05050536,420.25314,118.66059,0.050133966,486.03806,570.57086,0.11605219,235.53828,199.33424,0.09247175,462.75046,140.07112,0.10827985,461.20697,139.88033,0.115901046,459.2147,153.52519,0.16234352,170.82352,92.18387,0.06641139,59.695457,123.44868,0.1280231,443.66547,509.5494,0.09239343,46.376892,82.855286,0.12322579
403,369.85175,127.63777,0.045945115,420.0888,118.82073,0.060956288,487.14804,570.19446,0.13006054,163.92271,82.15472,0.09180502,469.74118,140.53528,0.10756349,466.1813,138.82771,0.12766632,465.2017,153.04498,0.2327568,171.11201,92.45883,0.081630535,547.3496,147.35641,0.15325987,158.79243,395.15625,0.07375992,47.256916,82.76611,0.14680341
404,370.4475,133.76205,0.05676369,419.64746,118.94874,0.063746646,498.08105,571.03503,0.11934009,454.92804,509.0824,0.0976461,475.1403,139.85143,0.11837053,468.38885,139.54903,0.10568086,468.25745,153.80214,0.20125929,416.46848,171.46225,0.079322435,548.2913,147.24142,0.17042086,445.3974,510.14035,0.113505006,50.93945,85.04848,0.11931212
405,394.06296,128.9007,0.058933053,419.25513,118.55352,0.054774527,499.90002,564.8302,0.17655496,456.8883,508.47156,0.092834905,474.68732,140.49785,0.13732281,468.2989,148.58319,0.16094202,471.42218,153.91173,0.25789335,454.97714,523.9205,0.080247074,482.10687,149.58627,0.1292784,70.406456,77.399895,0.08356253,51.92095,88.89367,0.12532443
406,393.93698,128.71727,0.057994187,419.3924,118.66584,0.0532686,500.43167,570.911,0.1533589,457.84625,509.2304,0.08128365,475.00644,140.49455,0.12061173,469.5494,139.65091,0.14379525,471.75305,153.28471,0.24171549,455.0015,523.52716,0.06873856,482.27304,149.16658,0.139831,70.861115,77.592606,0.099779435,52.27297,88.99104,0.14292449
407,394.07962,128.02666,0.039197993,491.8523,574.60895,0.04852396,500.01846,558.0965,0.18187205,503.63483,548.41907,0.09809923,477.10974,139.71661,0.13092543,498.65234,565.51776,0.14666398,504.03714,583.27325,0.18291853,165.75629,91.26572,0.074390404,56.372234,127.137566,0.14043875,70.93776,77.47098,0.08795001,52.015636,88.08544,0.1825198
408,385.54703,127.85428,0.041913923,419.49393,135.26393,0.047134206,452.94482,516.413,0.09406569,466.2155,503.81976,0.084507674,455.83884,519.57465,0.12970562,456.47162,506.63782,0.1000329,464.83276,523.883,0.149736,451.01392,536.3531,0.0762118,76.86887,112.525116,0.130498,455.94073,513.58923,0.100845836,54.268368,88.83962,0.13769838
409,385.86652,127.41568,0.045692373,418.608,118.56985,0.03980382,474.14468,139.61687,0.11922396,472.76883,509.98935,0.094004616,484.4311,140.409,0.15007485,478.7719,139.70839,0.15197363,480.79718,151.98367,0.29692656,452.20996,537.0252,0.08030339,489.31567,148.21045,0.16737533,458.87155,512.5566,0.09427891,55.534546,89.33591,0.1425997
410,190.67104,84.13707,0.05611827,500.75046,573.14606,0.05061506,511.9598,559.25397,0.16563147,470.3795,509.5585,0.10070431,458.3648,518.3463,0.13256773,509.92484,564.98535,0.13744783,514.76587,577.19,0.21759062,185.17485,91.28873,0.08427525,74.969315,122.53786,0.18576701,458.65826,512.9188,0.12673159,56.311356,89.84283,0.13935648
411,174.6786,60.683617,0.06842798,436.29672,119.143616,0.059689607,168.12274,82.596985,0.17858005,168.91345,77.917816,0.09490579,163.87648,89.290535,0.15840076,485.32227,140.12732,0.11907588,487.26843,153.77971,0.18025497,186.05817,91.527054,0.13443947,504.8769,148.148,0.1690047,159.70503,79.6538,0.091145925,56.704952,90.95853,0.07785869
412,174.92383,60.951828,0.06310381,176.80493,86.38806,0.06799947,169.6936,82.6352,0.15453592,472.28763,509.4452,0.110100605,164.77118,87.75085,0.16276985,491.3354,141.13176,0.1164272,489.06787,154.2907,0.18424548,185.5729,91.23177,0.11734427,506.50558,149.09338,0.20408283,460.77008,511.0583,0.076489665,66.205956,87.646225,0.08714518
413,189.65015,83.92992,0.047139112,436.1779,118.5349,0.05663029,516.5247,557.4439,0.12608218,472.14722,508.93396,0.09908859,493.87314,139.43211,0.09679718,515.24554,566.43744,0.102879934,520.72394,583.9085,0.14477597,466.11005,536.7074,0.088355035,505.67212,148.20523,0.14101037,461.9308,510.5591,0.08614472,70.50922,75.63751,0.108201265
414,291.3551,133.62302,0.04708502,436.1361,117.82636,0.050494187,517.8902,570.41797,0.11129826,473.84943,508.60867,0.09599582,506.55734,138.92606,0.10251099,498.10587,140.21384,0.101730585,497.5968,153.20943,0.15961958,466.11642,537.9912,0.07424574,507.66626,149.18175,0.16255909,87.69834,62.229694,0.09233207,71.583565,75.14418,0.1085814
415,70.38242,132.1463,0.039456364,436.3393,118.14888,0.05406436,518.2467,564.0544,0.1483485,476.11108,497.8287,0.095481046,469.3679,518.57446,0.10404963,525.1736,565.61554,0.11278163,527.8411,576.9146,0.19355527,471.11993,524.1318,0.07963898,466.24292,528.8096,0.09851819,462.7922,508.27313,0.07757368,72.83469,75.565636,0.06404733
416,70.25406,132.54475,0.037448,436.28647,118.027336,0.04998595,521.9569,563.2572,0.13522464,475.28513,509.64734,0.08544416,471.82037,519.3733,0.08273569,526.1361,565.24274,0.10372661,529.1024,576.67926,0.16232927,466.73978,537.6138,0.07334384,462.98795,535.56964,0.08934292,94.898994,60.86411,0.057221986,70.91884,90.33057,0.04315107
417,205.80583,76.18296,0.04481026,260.7653,439.0152,0.060773954,532.4744,563.3508,0.1457952,475.43686,509.7894,0.08488741,471.78833,519.79767,0.10002485,500.81482,139.1065,0.0918319,532.71936,584.1723,0.1406077,471.55603,524.8049,0.078959204,468.14188,529.7788,0.12590954,95.276375,61.291233,0.05509284,81.17095,82.268,0.060145777
418,204.58913,84.147644,0.06298887,260.67657,438.65427,0.042634577,485.848,517.4727,0.094188295,487.2229,509.81778,0.0867119,472.7869,520.53784,0.115464106,472.92627,517.91565,0.07961197,486.76877,522.02856,0.14823602,468.04773,536.96716,0.08019021,469.17578,530.0159,0.12816875,473.51648,513.3266,0.098008774,72.03491,90.88335,0.054773603
419,205.28,83.30867,0.06270827,180.54457,62.10744,0.049310956,532.30457,556.4101,0.14951965,194.59926,66.84679,0.10077191,182.3297,81.22222,0.13653645,185.2345,74.04668,0.08671707,537.045,584.68787,0.112402506,201.73404,91.46098,0.097032964,90.17833,113.29663,0.10765122,186.65695,78.755035,0.068129286,73.03903,91.25934,0.07094021
420,204.79608,83.98462,0.055778243,452.65286,118.06003,0.04229234,532.2928,556.6506,0.14852995,195.91716,66.82409,0.09164627,474.80557,519.59015,0.102638535,531.49774,433.03,0.08674658,532.289,443.37994,0.13075837,481.69653,537.0679,0.087455325,479.57507,530.32556,0.10521091,102.39712,61.26618,0.06100338,86.0449,74.803535,0.055728797
421,204.58432,84.42189,0.054157935,452.51038,118.42994,0.051370125,532.69574,556.4245,0.14289185,537.6212,547.33636,0.07862617,535.7147,565.3099,0.09908453,534.93274,553.01526,0.079828784,539.87317,581.66693,0.1416504,482.18408,537.9374,0.08066264,105.487274,73.70957,0.12275095,103.23377,61.92519,0.075809285,86.94754,74.70937,0.10431448
422,204.40036,84.41648,0.045448024,261.62054,439.46,0.062705964,533.6451,563.7789,0.14828946,491.59454,510.57486,0.08800527,487.73727,519.76953,0.07965751,541.8669,561.275,0.08481698,540.1797,581.88196,0.15789746,482.9096,537.60675,0.0887881,480.4817,530.995,0.12591654,104.25382,61.76155,0.06482175,88.26417,75.091324,0.06931764
423,213.1859,84.91001,0.05188099,532.8718,572.92804,0.052175466,535.93335,569.5286,0.17656724,539.7304,549.3265,0.0930752,538.2791,567.5324,0.114168994,537.3495,566.0977,0.11585892,543.5902,578.2452,0.23897299,483.3951,537.9815,0.087335296,483.2828,533.7886,0.13130416,117.690834,60.276672,0.05447111,88.93709,75.09464,0.072701976
424,188.61195,62.863575,0.058124032,452.32974,117.77644,0.05072903,544.4881,556.6367,0.15660386,229.38686,135.20813,0.07594396,549.9617,567.6453,0.08128696,543.23145,566.53204,0.10654145,547.5677,584.0621,0.1982286,201.25601,90.59475,0.07037204,480.94434,536.4569,0.09182914,189.88885,76.58925,0.051552508,89.05178,75.47071,0.07065864
425,213.75444,84.06018,0.05370101,196.3143,45.135426,0.04734936,546.89087,556.02405,0.17302449,491.35535,509.02008,0.08121646,195.71696,70.045944,0.09159684,545.20905,566.36273,0.11009628,548.4418,584.74384,0.14741799,488.43948,525.3275,0.07957231,107.36853,113.75815,0.120047,95.734604,107.16118,0.05977502,96.758446,69.02753,0.11911401
426,214.16682,83.62284,0.056675058,197.13982,45.455887,0.03992387,547.67505,556.22797,0.15094222,209.55373,66.679085,0.07112405,196.25974,69.22457,0.09838782,546.26056,566.6688,0.09332698,551.55005,585.5655,0.11548095,498.0942,525.6181,0.085044205,107.928535,107.04519,0.12783091,96.78341,106.90448,0.06365958,97.27637,68.124886,0.07863576
427,213.53043,83.86061,0.055488814,467.7911,102.239296,0.048464376,546.5936,570.1352,0.16973516,491.93567,509.64215,0.09192143,487.86536,521.2247,0.10828355,545.7646,566.4874,0.13025829,550.69684,585.0485,0.14848734,489.12637,525.70825,0.06994461,106.62418,106.536064,0.113293536,118.53067,60.715927,0.051371347,97.8088,67.25565,0.053097405
428,222.8461,74.74089,0.044800933,467.82782,102.09317,0.047489956,547.55426,555.59845,0.17449622,210.57742,65.92581,0.07195114,197.16528,69.682724,0.09718284,546.2424,565.3901,0.10051054,551.89484,584.5803,0.15651722,484.42575,537.95874,0.07233478,485.14935,531.05115,0.14164603,118.68116,61.17628,0.061470203,101.66979,73.486275,0.0910687
429,205.54544,44.00045,0.052420665,277.11188,439.6702,0.050525077,548.82996,571.7721,0.1313017,210.40224,65.42388,0.08426102,197.26033,74.54391,0.10434771,547.54535,567.5207,0.104565084,552.3446,585.11694,0.17056991,497.18005,537.3956,0.07667909,121.20862,72.678795,0.10376487,119.30734,61.068977,0.08739024,102.78044,73.42899,0.092629924
430,188.25728,47.920673,0.04753314,550.3775,589.3518,0.049020715,549.3091,570.2801,0.14279443,507.11792,511.2321,0.069139466,197.75006,68.18374,0.08816886,547.80164,566.55164,0.09900405,553.3783,583.31995,0.18371493,497.6907,537.5743,0.0776379,121.97832,81.740265,0.08119794,119.93868,60.75719,0.08575187,103.48879,73.40654,0.081974894
431,221.28893,68.46496,0.030891238,276.95984,439.3193,0.038125463,549.8198,571.1926,0.096519336,452.69406,148.04263,0.06359814,110.02545,89.412994,0.04955819,560.047,563.31647,0.063935466,555.1883,584.39166,0.13178891,498.52405,538.1743,0.07552328,122.67076,82.56787,0.086103715,119.96352,61.07835,0.07274798,103.5713,73.23011,0.0973036
432,558.8481,580.65326,0.033709195,558.5351,590.17883,0.05769944,566.2038,577.05005,0.15497051,421.14172,515.33545,0.054250997,550.5359,571.66077,0.063340575,559.11145,563.18787,0.09505495,560.70483,583.78357,0.17103013,498.8228,538.87256,0.070452295,122.26791,81.58107,0.08665674,159.66032,32.089935,0.06203048,104.194824,72.68567,0.0867159
433,101.70422,132.42545,0.026700014,468.93997,118.08493,0.044637006,563.1304,570.94073,0.05646821,437.38068,132.25862,0.053562,463.20007,111.61984,0.045616582,453.6551,370.6642,0.039192304,197.87631,195.54689,0.08364264,498.79144,539.3793,0.06384073,123.06868,97.010376,0.06994135,187.21771,172.12825,0.04932535,104.48054,74.615295,0.033593986
434,458.63666,105.06873,0.03337055,277.7258,438.9066,0.04024767,564.04565,570.9807,0.06375857,276.6447,436.05603,0.05893607,234.42647,150.03993,0.070576236,563.9123,576.7731,0.041559543,564.67206,585.6847,0.10212051,499.21936,539.6998,0.055030733,123.15835,96.25185,0.07382758,160.12485,33.204548,0.067092516,112.93599,66.06733,0.040637817
435,452.23865,163.94171,0.03625061,468.13693,118.48658,0.042233843,119.088776,99.828026,0.060281944,452.98935,148.71883,0.057318468,126.665565,73.2766,0.046503417,104.128235,102.528,0.04002197,454.24817,147.9919,0.08123949,499.41788,539.1395,0.06404995,122.38115,106.02628,0.098711036,159.99045,33.128735,0.068339534,113.63116,65.99561,0.051647328
436,442.71777,112.28227,0.05326688,276.5986,438.19846,0.043159414,569.3586,579.56995,0.06711272,452.87903,148.49225,0.07049726,126.64462,73.11301,0.04523383,453.59003,370.73062,0.04261448,564.69824,587.145,0.09035123,499.91708,538.88477,0.07286858,122.32292,106.302124,0.10445661,159.68576,31.569706,0.0581778,113.33453,65.99679,0.05822962
437,442.21866,111.9948,0.046516735,276.72568,438.44592,0.053576604,562.7581,570.14825,0.1496886,567.5737,562.81946,0.073829405,566.65027,580.90326,0.08426666,562.2589,567.51447,0.11054131,567.13556,586.3343,0.15645391,499.963,538.87555,0.06385452,129.55455,71.56652,0.10531331,160.24852,32.88211,0.08315274,113.64065,65.85834,0.059348945
438,442.3657,111.57281,0.04141369,276.94025,438.80322,0.04398232,564.35864,571.05896,0.08804349,509.6534,511.74347,0.0696342,127.12043,72.94765,0.04723445,563.7556,576.4486,0.06652155,568.4716,586.19836,0.12177132,500.4657,538.76715,0.07422087,129.79797,71.80043,0.10681721,134.03894,60.983665,0.05550984,113.81276,66.3538,0.061045446
439,236.89201,60.228756,0.050887454,484.30542,102.10021,0.04096385,505.65814,518.0456,0.061997224,509.70178,511.45364,0.060512748,212.50273,67.32629,0.07293272,564.12994,577.83765,0.055421893,505.13443,529.3345,0.11232395,500.37473,538.91156,0.080506526,129.3487,71.82913,0.09415124,204.82938,380.09003,0.042412225,412.17667,202.95013,0.03187793
440,236.71262,60.500324,0.04446198,573.25494,589.41486,0.04827131,505.21933,517.87317,0.07905243,509.2931,511.3866,0.07808756,485.3382,104.31316,0.05629823,564.14435,576.46075,0.048496705,505.16498,528.9889,0.12728752,500.1836,538.69073,0.085506015,130.56496,71.3624,0.10426592,134.73727,61.136894,0.06849917,117.58514,71.39338,0.07705779
441,236.5406,60.414238,0.042807356,277.37628,438.77655,0.04009353,505.46054,518.0902,0.07305625,293.7941,181.15549,0.07817285,298.70923,197.33707,0.0582869,309.25653,307.06815,0.04685932,505.14062,529.2366,0.11400504,500.10315,538.81836,0.079429194,138.0386,80.623344,0.08776747,135.4892,60.695877,0.07749039,118.35237,71.52317,0.059364185
442,346.8881,110.96111,0.038090713,277.36957,438.9173,0.054200627,506.5013,517.7604,0.054034885,294.09366,181.34587,0.10393642,298.57986,189.7238,0.08193246,406.0837,306.13474,0.046083264,357.70676,131.37279,0.07949635,512.57446,525.0972,0.06929235,297.25296,182.89894,0.060019806,160.45331,30.98176,0.059752338,459.84402,250.44232,0.037488658
443,346.76813,110.877754,0.04962452,277.0267,438.84583,0.051699083,565.6507,570.82935,0.0811307,293.87436,181.07976,0.08689292,298.76425,189.11008,0.07721325,578.10425,575.76544,0.0578715,579.00476,584.50116,0.09909014,512.53876,525.3011,0.07242107,496.781,537.0382,0.06500312,160.82364,31.471724,0.06737286,460.0699,250.46465,0.03871328
444,346.6968,110.805275,0.04790872,466.81854,118.71629,0.04391017,522.4166,519.03235,0.0814416,299.15332,182.13872,0.08875418,298.52847,189.34904,0.09888755,406.1438,306.02148,0.045879133,505.84576,528.1129,0.14396329,503.9343,525.7183,0.09142559,297.68658,182.44756,0.06638475,218.92459,364.2708,0.054318387,459.96494,250.38748,0.03665958
445,346.7427,110.99854,0.04721473,277.52225,439.29044,0.047867607,505.9548,531.00104,0.059117347,299.09396,182.07707,0.1003912,298.5443,189.5381,0.12403995,469.20007,354.7561,0.04432875,505.93274,529.2057,0.120791376,480.8057,155.7352,0.09238739,297.75586,182.31982,0.06596162,218.95901,364.23688,0.0504203,494.0655,236.50104,0.033071693
446,346.7843,110.99517,0.046032857,483.84787,101.95749,0.044062518,522.48584,519.25745,0.07481656,299.71674,182.06013,0.058374535,299.29626,188.94829,0.079285674,453.0115,147.31638,0.04830484,506.12,529.744,0.14441676,513.1289,525.7067,0.07872838,501.50925,533.4054,0.09124889,222.20502,474.22845,0.055839296,494.2624,236.473,0.03755627
447,338.98785,117.90975,0.04632897,483.93976,101.68855,0.037387177,522.4168,519.3022,0.063256525,299.756,182.57253,0.07025613,299.34137,189.15031,0.076226324,505.1334,519.1694,0.05317673,506.60272,529.6852,0.12469299,513.67535,526.1275,0.07264366,501.6408,533.2699,0.05846303,222.2526,474.0932,0.04010083,493.96878,236.18803,0.038277008
448,338.95715,117.820854,0.04617019,484.17535,101.65686,0.03236345,506.67075,532.3577,0.052408684,299.97333,182.95581,0.06052081,299.22906,189.51285,0.072088294,580.06934,578.89746,0.059766628,506.9895,529.74854,0.09531036,513.9321,526.5328,0.066698864,501.76367,533.08435,0.06154018,174.61134,32.228737,0.046337076,494.16858,236.08937,0.039694734
449,339.10095,117.745056,0.04713864,292.88004,438.60535,0.032503676,182.92253,28.728855,0.05053998,300.1573,182.9572,0.055243656,299.13287,189.50688,0.07784602,325.29218,386.5885,0.05864137,453.46964,147.63025,0.0826894,512.57166,538.864,0.062856056,497.55847,537.71014,0.059043534,174.59926,31.720396,0.04738089,459.7835,250.41702,0.032997217
450,339.1082,117.88133,0.037753902,483.75436,102.247154,0.034822684,182.9388,29.52542,0.05298598,300.35434,182.71799,0.059912674,299.42917,189.54582,0.08163686,505.86966,520.3296,0.052847747,507.25378,530.0798,0.100397535,513.2636,538.3756,0.064383596,502.11356,533.3428,0.056758508,175.11084,32.6859,0.059038635,316.4647,203.049,0.028875278
451,346.80786,111.28259,0.04657828,292.7339,438.70636,0.033398148,182.8289,29.678478,0.05411225,300.2628,182.90547,0.069767654,299.236,189.85722,0.07976096,580.1604,578.84125,0.04416512,357.6505,131.70831,0.085950434,502.8299,539.5762,0.06574684,497.2299,538.0668,0.05520118,175.3085,32.75878,0.053874653,236.11372,394.83798,0.0308861
452,339.1475,117.73948,0.040732183,292.86993,438.70825,0.037698105,183.19168,29.74335,0.055758808,309.19254,181.26584,0.0922437,299.06647,189.94492,0.09424817,421.6112,418.69882,0.041926388,357.64975,131.64827,0.07641002,503.06186,539.82104,0.070142135,297.12598,182.44553,0.058275912,175.71436,32.903687,0.064261265,236.05452,394.661,0.032953657
453,339.3258,117.49604,0.0380389,293.43817,439.07428,0.042526104,521.2708,532.5514,0.080239885,308.87167,181.29973,0.079205096,506.4511,539.40344,0.05806591,507.24313,521.1402,0.059851486,520.34106,529.80304,0.106519915,502.53018,540.72504,0.09042111,502.94736,534.64014,0.08977818,223.93524,473.1757,0.057894956,214.23047,474.3751,0.031270955
454,339.48187,117.46047,0.031417698,293.38815,439.06647,0.040885266,508.52374,533.0823,0.08203754,309.28836,181.08647,0.061223306,180.94281,53.268387,0.06289006,507.513,521.32446,0.04843589,520.80255,529.5493,0.09539171,502.7442,540.6327,0.08295039,503.01547,533.9778,0.100047894,176.3782,32.731754,0.077867806,315.8637,202.78099,0.028108494
455,339.4321,117.46881,0.03125237,293.138,439.05878,0.039113835,509.0882,533.0928,0.07336971,309.4337,180.98265,0.0686402,180.77658,52.748966,0.052071407,579.3729,450.01904,0.055452913,521.22034,529.10767,0.08205481,502.99545,540.6963,0.07994748,502.94092,533.65344,0.07291155,176.71115,32.568726,0.085454606,354.77115,354.62515,0.030538887
456,458.3546,111.378105,0.031204637,293.06793,439.56018,0.03865967,509.0966,532.6969,0.07548561,261.2351,132.51602,0.09230047,251.28937,140.16895,0.09946093,469.63113,354.7463,0.045976177,520.7556,529.5419,0.096968524,502.66928,540.576,0.08180725,510.49103,537.2893,0.07961351,176.53616,32.370068,0.07067472,427.7203,410.34064,0.028762724
457,354.9396,118.13286,0.029538123,388.86792,454.73608,0.033064518,521.25323,532.4324,0.07807172,469.09113,149.16605,0.06649716,251.29436,140.27249,0.064569145,469.5391,370.44635,0.04313608,520.5549,529.9092,0.10188746,502.99112,540.59485,0.07863657,511.11133,537.14154,0.070182115,176.49396,32.044167,0.07650487,510.7192,349.1407,0.032528084
458,354.92212,118.13254,0.031034835,500.53357,101.74958,0.03122535,509.3247,532.90576,0.06840033,469.3325,149.08191,0.06119705,180.15901,51.816975,0.07195247,469.6963,370.55817,0.044420715,520.87854,530.1438,0.09180472,514.8641,540.4099,0.07147052,511.41434,537.2352,0.07058902,176.80573,32.166595,0.08536103,510.17917,236.51126,0.03245011
459,535.2628,548.5229,0.030338414,500.46533,102.43533,0.03635168,175.60963,48.557957,0.0729755,177.8853,39.034172,0.0679846,179.9714,51.489788,0.119657636,325.9974,402.1434,0.04443671,521.19006,530.65204,0.081427924,515.4068,540.51984,0.06915133,185.21703,62.813404,0.064090155,177.09006,33.211403,0.100974545,510.4409,221.07191,0.03186795
460,362.46353,111.345024,0.03127832,341.33316,486.68164,0.03864657,176.09319,48.214535,0.06325357,310.00244,180.94432,0.0784056,180.518,51.86519,0.11653608,421.8819,305.36658,0.04479538,184.54369,58.361023,0.08871003,515.3266,540.7276,0.072156794,184.96846,62.825226,0.05371554,177.23512,33.489365,0.11334425,428.36536,202.94592,0.03152559
461,362.64722,111.37329,0.031934094,342.07483,486.7839,0.04352444,191.31454,29.44783,0.05223922,309.7735,180.6578,0.07068931,180.95673,51.85584,0.086416066,325.9449,402.23712,0.042891398,373.7169,131.4416,0.09044316,515.17194,540.90405,0.059883498,313.1461,182.14842,0.055841874,177.23726,32.832848,0.08833043,510.10706,236.6234,0.035793085
462,534.40924,548.9816,0.030704137,500.38336,102.3132,0.043243196,191.18233,29.651627,0.050007395,309.89523,180.48248,0.08180097,315.10153,189.55507,0.074726276,325.84973,402.37335,0.039272368,373.72522,131.36447,0.08694722,515.61523,541.24713,0.061538756,313.06482,182.60605,0.056171987,177.36415,32.71169,0.08274812,428.2586,202.89395,0.040870637
463,362.79092,111.19316,0.035923917,500.32758,102.28556,0.043660637,197.42757,29.097538,0.05220072,309.90494,180.468,0.08472671,315.1514,189.562,0.07461672,579.88434,450.95062,0.040224522,373.88977,131.37779,0.085804015,515.43384,541.4486,0.061709493,512.4984,538.0284,0.061050724,177.16174,32.092697,0.07502138,510.19333,236.75133,0.041579567
464,362.6553,111.228745,0.040467467,500.25632,102.1651,0.044290174,204.7117,36.555447,0.05255487,309.94025,180.48093,0.087792456,314.72165,197.12364,0.084018975,437.453,417.99307,0.039042383,373.95816,131.34747,0.083263665,515.4146,541.41907,0.061264083,313.00815,182.87532,0.057501204,177.34825,32.4323,0.080226906,510.27853,236.84651,0.043970082
465,362.65158,111.17189,0.04510501,500.15457,102.10985,0.044583566,203.92119,36.69044,0.062917866,309.822,180.2357,0.08496832,314.88895,197.0437,0.08826677,579.8952,450.61526,0.044418693,186.07838,57.43477,0.09238463,194.77362,59.0466,0.060299475,313.3066,182.55487,0.057574548,177.27615,32.76161,0.08274184,510.20535,236.7645,0.046535194
466,362.73566,110.961136,0.034957834,500.14062,102.08653,0.045877524,176.8837,49.19119,0.05783831,309.89185,180.37239,0.08965017,314.65326,197.00218,0.09785912,325.85815,402.31766,0.041925203,373.87952,131.30714,0.07620349,515.3755,541.11725,0.055203225,313.3136,182.72728,0.05916579,177.2132,32.14181,0.07731879,510.28018,236.78342,0.047731653
467,355.18347,117.799515,0.03190982,500.23697,102.0679,0.04663501,176.8733,49.278088,0.0604199,309.72034,180.20555,0.074914984,314.90677,197.07777,0.07114773,580.1183,578.3797,0.05512673,187.31216,57.56884,0.0759347,515.43787,541.2412,0.061983574,313.56122,182.30452,0.058412783,177.23456,32.199207,0.0763561,510.3218,236.83109,0.04682137
468,355.2519,117.81042,0.036391776,500.1431,102.085686,0.047842845,204.01714,36.657772,0.056292627,189.36494,37.623135,0.06853833,181.85979,51.89371,0.087654814,580.1968,578.2943,0.061472118,186.47229,57.316334,0.111732185,195.05002,58.752716,0.06625845,183.61327,71.40316,0.071692504,177.4913,32.74346,0.08265579,510.26718,236.83073,0.042493574
469,207.85185,31.97265,0.034546472,500.35507,102.115776,0.04370923,580.1571,571.2458,0.082521826,188.6131,37.173134,0.0778955,181.72037,51.738567,0.11494659,579.94855,577.45667,0.059169594,185.87141,57.45414,0.12785761,195.10422,58.42561,0.06318263,184.93956,80.71075,0.07866594,177.37071,33.389618,0.09479413,510.25546,236.832,0.040244743
470,207.59799,31.773537,0.035787035,500.43283,101.92955,0.04435256,579.68787,571.1563,0.12078243,309.69598,180.07625,0.07708746,182.16623,51.787918,0.11207466,579.6708,576.9507,0.0732779,581.55963,586.85333,0.13180234,195.01099,58.5626,0.06346032,185.13223,80.70773,0.075735286,176.21982,45.041164,0.102628246,225.12624,474.2163,0.04126214
471,207.47276,31.769844,0.036883432,500.3754,101.95802,0.044637367,580.1323,571.2976,0.0809803,188.92001,37.809586,0.074596494,181.851,52.083332,0.11178808,580.08545,577.47754,0.06759559,186.12137,57.411297,0.11655634,194.88158,58.719673,0.067405336,185.07248,80.91367,0.07305666,176.18706,45.20282,0.09620189,225.62498,474.4565,0.035358567
472,208.05107,32.078663,0.042377498,500.32513,102.000275,0.042420764,177.5068,47.132263,0.067424655,187.30603,42.97835,0.082319856,181.59604,52.108562,0.13873765,580.2283,577.8633,0.07021819,185.36034,57.76243,0.13952522,194.96352,58.43179,0.069645,184.7768,80.44048,0.079042755,176.35045,45.703037,0.11764567,145.95914,51.63234,0.039791957
473,355.2269,117.84248,0.037836026,500.4818,102.38082,0.039094444,190.19643,30.795004,0.059220992,188.27869,37.714314,0.07368406,181.52255,51.984528,0.11269534,580.1741,577.84625,0.06918948,185.8122,57.52348,0.11785214,194.82236,58.71352,0.07012612,183.78978,71.66487,0.061364528,176.12665,45.150166,0.10190648,427.511,409.9718,0.03187293
474,207.86856,31.971163,0.04702049,436.74426,406.19568,0.039724115,177.31079,47.1772,0.07124105,188.06546,37.568413,0.08954671,181.31306,52.213943,0.15105374,580.1408,577.6497,0.063816436,185.06252,58.12657,0.13611695,194.73409,58.416134,0.07595494,184.66096,80.39761,0.07922019,176.27695,45.73887,0.1213724,145.9943,51.439014,0.039621428
475,207.82573,31.868656,0.04659443,276.77817,439.561,0.041625094,176.70836,47.23088,0.08771222,183.52078,37.960052,0.086977124,180.48846,52.384052,0.1665227,580.1326,578.0163,0.050900284,183.8936,58.457504,0.13454236,194.71956,58.629566,0.07465927,184.49307,62.615,0.08999418,175.68448,46.22618,0.116277546,146.02948,51.74668,0.043657582
476,207.87498,31.845469,0.043861296,277.0373,439.63733,0.045528788,177.02896,47.318745,0.096559115,183.68767,37.989285,0.09627317,180.62152,52.7551,0.18207966,189.19034,69.1038,0.056009002,184.0885,59.16796,0.13716072,195.20107,58.78623,0.07974835,184.04147,79.96304,0.08699826,176.10823,46.699055,0.123774774,146.05821,51.979538,0.04222418
477,194.10075,32.07881,0.042382866,277.39233,439.80933,0.043573838,176.72711,47.618694,0.09874285,186.34245,42.88202,0.09051926,180.50456,53.11116,0.16394646,176.54918,43.692345,0.05826668,184.15857,58.614838,0.13515711,194.78043,59.107998,0.072910525,184.03242,80.45767,0.08453491,175.82881,46.6847,0.12463774,145.92722,52.030285,0.036759637
478,206.00922,69.27318,0.04449448,294.73166,439.75977,0.042112663,176.3002,47.971424,0.09855228,187.22343,43.6886,0.08910205,180.25679,53.51849,0.14528333,276.45743,420.97092,0.053497363,184.36967,58.398247,0.12914883,194.17044,59.864525,0.06787293,183.99461,81.03587,0.06812195,175.6237,46.57664,0.108495384,510.33334,348.6409,0.031691715
479,206.12617,69.303345,0.041071538,277.05264,439.33896,0.046288475,176.13211,48.031567,0.103925906,187.59866,43.777447,0.08176026,180.14178,53.35611,0.13161846,580.1325,435.37912,0.045771703,184.3384,58.67293,0.10958238,503.54227,540.76263,0.06389666,502.60852,538.19653,0.06886327,176.8905,33.189926,0.08530249,403.80518,194.77058,0.030490551
480,458.52612,111.25273,0.046686493,293.74222,453.78766,0.03653739,176.83444,48.438408,0.08738468,309.23596,180.97949,0.08300093,180.45343,52.91227,0.12390555,292.4557,433.57733,0.043097254,585.22015,457.75372,0.087255314,502.97034,540.9522,0.07429195,510.39966,537.812,0.081043854,161.65239,60.438072,0.108752504,315.50052,202.52051,0.031011716
481,458.56213,111.832,0.036600586,483.85278,118.33239,0.042383038,176.90324,48.01585,0.10173852,252.8808,133.94337,0.08297123,180.15187,52.73262,0.1350465,580.1106,435.4872,0.054768372,584.86487,457.3191,0.09874339,503.43698,540.8767,0.067397736,502.71817,538.01935,0.07802658,161.80351,60.115276,0.10408857,380.30283,458.53568,0.030225998
482,207.18561,61.267235,0.0357205,484.13,118.28826,0.039104834,177.17073,47.844887,0.10342497,188.20969,43.770832,0.088834114,180.19928,53.83112,0.1358335,580.1981,435.5493,0.06528683,584.071,457.2474,0.11661813,503.17886,540.9552,0.06570087,510.46243,537.4811,0.08828253,162.20172,60.52542,0.108417444,144.08994,65.1152,0.04708494
483,208.20883,60.93319,0.043039367,484.0993,118.38684,0.0424401,177.73341,47.8016,0.093618765,187.2815,44.683105,0.12808117,180.07486,56.006477,0.15128593,580.43353,435.80176,0.074401155,188.43886,71.31607,0.13318853,503.26605,540.7587,0.065358825,183.75998,79.10756,0.090955794,176.32654,48.602856,0.15891805,144.53412,65.45614,0.06770459
484,458.68903,112.54626,0.035267167,293.33722,439.37,0.04622502,177.25557,47.75846,0.0996986,187.55296,44.36516,0.11021981,179.92374,55.561,0.15993078,177.8344,54.96414,0.06605038,188.82439,70.833145,0.13719913,513.35596,541.06494,0.06862499,503.30548,535.19324,0.11065049,176.13243,48.60232,0.15256232,144.37589,65.23109,0.065453306
485,207.40337,61.488785,0.030767892,293.51022,439.36957,0.05114811,177.3396,47.620834,0.10674378,179.15305,48.069946,0.102217235,179.87465,55.125584,0.1418106,292.24307,433.1712,0.05643455,189.53973,70.230064,0.12145051,502.96115,541.34875,0.065026425,503.59158,535.93335,0.13985921,162.5327,61.006977,0.15181075,144.01003,65.469345,0.084103405
486,206.38945,61.464886,0.032845955,276.5374,439.13376,0.052382465,177.6607,47.942806,0.0856354,179.28053,48.715954,0.08212357,180.48676,54.947502,0.10125889,291.66507,433.03738,0.06343397,520.1573,536.7657,0.10552593,503.0007,541.547,0.06733496,510.08517,538.28613,0.13277607,169.65065,59.42171,0.14895621,144.04543,65.47122,0.055896048
487,206.03424,61.42082,0.031774655,293.89978,439.9318,0.05357532,521.4538,533.59344,0.07219554,179.32445,48.781345,0.07031178,180.66365,54.352547,0.07932867,291.6608,432.88885,0.06757306,519.83014,536.85724,0.115352236,503.1334,541.6278,0.0645534,510.2877,538.4079,0.14132987,161.52425,60.732246,0.13387804,143.83362,65.72133,0.06627483
488,420.27145,531.48975,0.033296175,293.3959,439.4391,0.044750728,521.16876,533.4876,0.084757544,179.36177,49.170437,0.07375233,180.57433,54.761803,0.08959678,292.20026,433.47092,0.06354176,519.97186,537.2827,0.10342697,503.2917,541.79047,0.06492162,510.98523,538.69653,0.118807904,161.7005,60.668907,0.1402476,143.99454,65.73273,0.058366273
489,206.03319,70.11965,0.031216718,295.25397,455.31485,0.060059045,177.69434,48.00541,0.07474369,179.4007,49.56297,0.09282256,180.09537,56.034603,0.12183901,580.05347,450.122,0.065616235,580.4893,459.1016,0.10214062,513.2399,553.31433,0.064672075,511.117,538.87036,0.09489618,161.9902,61.245693,0.1424264,144.16528,66.1341,0.0660054
490,175.5172,64.43457,0.03629484,294.68454,455.27786,0.048464403,177.38907,48.480896,0.10293081,179.09825,49.819805,0.108485445,179.48439,65.275696,0.14974135,179.21802,69.96484,0.06535942,520.07336,537.7084,0.11951856,513.08514,552.6908,0.07188285,502.31128,545.39276,0.12634908,162.2366,61.873177,0.16551517,143.78918,66.86578,0.11983487
491,175.41167,64.33314,0.033717513,484.08804,117.75569,0.044495218,176.56383,63.19031,0.10349995,179.33618,49.82088,0.11103515,179.57758,65.42689,0.15957236,580.19617,577.3677,0.07731314,581.80304,586.367,0.109862365,513.1849,553.1475,0.069789685,510.95013,538.87427,0.114299,162.44249,61.687138,0.15800895,144.61487,67.06494,0.093128726
492,194.19008,47.003693,0.045247704,483.84583,117.880745,0.04588776,177.26993,63.178932,0.11410911,180.11488,50.842625,0.102536395,180.19632,66.824165,0.19931912,179.36987,70.77096,0.08385363,185.76291,74.68268,0.15111603,501.7725,553.7801,0.07747035,502.17734,546.53204,0.12439141,162.7107,62.758087,0.15460911,144.52084,68.01472,0.115326725
493,195.10912,46.112167,0.049564693,483.96008,134.7486,0.03952233,176.7085,62.84039,0.10903395,188.64796,48.188156,0.119480535,179.78743,66.671974,0.19526187,178.81316,69.62409,0.09150545,185.21301,74.01868,0.17958252,501.7936,554.40826,0.082933836,184.72237,77.75751,0.10617568,176.6876,49.51432,0.1550885,145.20479,67.43126,0.07856015
494,194.0293,47.671066,0.038302463,484.12283,135.11862,0.040416483,177.05019,62.794895,0.09762974,190.15631,49.29202,0.10818558,179.92496,67.80576,0.19044618,580.1101,577.82465,0.07134878,184.84691,74.402245,0.1541325,502.12393,554.87885,0.0915164,502.70578,547.58435,0.1268008,163.43214,62.899773,0.1602839,145.25845,68.119484,0.08783439
495,450.03043,127.53366,0.03776066,484.06784,135.23907,0.04019478,520.96954,547.3801,0.09044404,309.192,196.35445,0.082152486,180.0274,67.71783,0.13201295,580.0285,577.3114,0.073728934,581.8082,586.8977,0.13565637,502.3341,555.01117,0.08899601,502.7091,548.47205,0.11069973,177.67848,48.96216,0.15589362,144.96588,68.62232,0.07808589
496,205.69157,76.750374,0.03339336,483.6953,134.84851,0.041416667,176.6883,63.4676,0.06913792,309.12277,196.4375,0.102274984,179.79248,67.17284,0.09609972,580.1831,577.89575,0.07251693,581.6878,586.9631,0.11122426,503.02682,555.22815,0.078307435,297.8201,197.55803,0.058916602,177.66882,48.46646,0.14669225,144.87616,68.41653,0.052830245
497,458.5659,128.36453,0.02890156,483.83246,134.73785,0.044677667,581.58075,586.8278,0.07412768,253.26337,149.92061,0.100785166,250.7874,156.46239,0.14058837,580.1219,577.83673,0.07790453,581.73883,587.2231,0.12820856,502.7712,555.42554,0.08975239,583.63226,151.7657,0.16567656,177.73732,48.476353,0.1562355,315.82367,218.7043,0.034253657
498,468.08136,179.96057,0.032529995,483.95895,134.41658,0.041717283,521.54156,548.8196,0.09849524,309.33914,197.14922,0.06917931,180.14894,68.17254,0.09881524,579.188,582.939,0.08178996,581.73303,587.53204,0.12915194,502.92804,556.1502,0.093688406,583.8954,149.59833,0.19402657,177.8486,48.510025,0.16134678,135.71936,88.63289,0.037832335
499,592.72797,596.6726,0.03510637,484.0375,134.39674,0.045652185,581.1476,587.2404,0.10369991,189.70088,53.390667,0.07350648,180.21655,68.6036,0.11646818,579.2341,583.1701,0.090059705,575.0989,153.91782,0.17152503,503.09344,556.33746,0.07960002,584.0848,149.96506,0.19373591,178.18222,49.15902,0.14462188,143.2462,80.58956,0.074223995
500,574.0018,142.47389,0.03783155,293.69778,455.69608,0.045205254,580.15955,571.5598,0.092620715,179.7434,63.117393,0.0895506,180.46599,69.7126,0.13362148,565.368,150.96341,0.09451373,574.1376,153.91957,0.1850573,502.7692,556.6103,0.07239898,584.153,149.90857,0.21274777,176.94806,62.37427,0.14779313,144.07265,80.463715,0.086101286
501,592.4446,596.6773,0.031540733,292.64267,455.07718,0.046263933,580.0459,571.4448,0.11681231,180.10509,64.04598,0.0847548,180.62593,70.172516,0.095663026,578.83777,582.11957,0.08618654,581.8171,587.15826,0.1463657,502.93716,557.02325,0.07069045,583.46844,150.7549,0.21581231,162.60568,76.46164,0.15283625,144.3283,81.36452,0.091204084
502,592.6331,596.4268,0.037796594,483.50217,134.11658,0.04298263,580.10266,571.6151,0.11839403,179.99927,64.37519,0.0889897,180.39731,70.482666,0.108388305,578.6861,582.083,0.10513673,581.7098,587.56256,0.14532974,513.8139,557.4001,0.06688576,510.86615,554.64496,0.14744997,162.33672,76.881325,0.15196075,143.7253,81.909164,0.12882566
503,592.681,596.68915,0.033193678,294.88538,471.1001,0.04769933,580.5701,586.6746,0.10594486,179.98042,64.93482,0.09961022,180.04478,71.06193,0.12054502,578.72296,582.68384,0.10046403,581.1913,588.01575,0.13862202,513.0145,568.7178,0.0686683,510.4507,554.63477,0.13306239,162.0378,77.57746,0.15741552,143.28711,82.27354,0.14292549
504,205.82674,93.333466,0.028750349,294.98752,471.5019,0.04099701,156.02856,83.633484,0.08511134,180.32736,65.204544,0.10709916,179.83961,71.458786,0.132674,580.19257,578.2414,0.063428864,188.23854,87.45685,0.12666522,513.23224,569.2662,0.064052984,510.5912,554.63,0.100049086,162.02792,77.632324,0.15398063,143.48395,82.49037,0.12519686
505,450.2903,142.46547,0.048346754,483.65115,150.911,0.038302127,155.46936,83.59113,0.099166945,179.62859,65.37106,0.10080975,179.63988,71.07142,0.1216131,580.271,578.4983,0.058504052,187.10909,87.97855,0.12120732,514.19965,557.4891,0.06067014,152.71219,94.118164,0.09858609,161.33342,77.7465,0.13994284,143.31302,82.6654,0.12088183
506,450.0908,143.03307,0.04910676,293.78345,470.98688,0.037444558,176.21751,79.499146,0.102687486,179.62994,65.69085,0.10508647,179.39734,72.26598,0.13326815,580.04016,592.7259,0.057240967,186.21446,87.93506,0.14282961,482.8075,187.0451,0.064494625,576.9203,152.1254,0.09984414,176.64323,64.60206,0.15329334,144.21375,83.75691,0.11122601
507,206.7056,92.95275,0.035307627,131.17984,94.40945,0.039106697,176.12639,79.39343,0.10299531,180.26234,66.58064,0.10200269,178.96869,83.275764,0.14369644,580.2896,578.7327,0.06329998,185.37598,88.685974,0.14400208,514.14984,557.84863,0.07099761,183.84618,94.69055,0.0949411,162.72415,78.727905,0.14516751,144.73462,84.46052,0.103337
508,458.17,144.37422,0.045120526,483.99463,150.71068,0.046817303,176.47104,79.26339,0.093610056,309.26407,212.49057,0.10827696,179.23833,82.87145,0.105204925,580.1626,578.3465,0.08012246,186.22809,88.223526,0.1364143,501.97244,570.12274,0.08519574,502.04062,562.5408,0.1027909,177.51494,65.13925,0.14868441,145.00645,84.59155,0.07497979
509,458.32666,144.97803,0.04428696,483.90967,150.58737,0.043992892,176.60463,79.16364,0.09082567,178.4013,78.50521,0.090475135,179.4766,84.13894,0.121672295,580.1481,578.2539,0.08338522,581.09406,586.7969,0.13969398,501.8664,570.5629,0.09419149,502.34937,563.758,0.11931393,177.85397,64.73174,0.1478512,144.77448,85.24032,0.079415046
510,592.2607,596.92596,0.044454228,484.119,150.4328,0.04997775,580.0167,571.7513,0.08914601,178.26962,78.78983,0.091063276,179.52434,84.333145,0.11230492,579.8357,577.9142,0.07332603,581.16547,586.9262,0.13662861,502.0195,570.65234,0.093292326,502.46228,564.01404,0.09448597,177.6111,64.638824,0.15176035,138.13493,91.357254,0.05965222
511,592.0119,596.7874,0.045771725,484.02432,150.28572,0.04631049,579.5581,571.2448,0.12128738,178.32271,79.33587,0.08967021,179.81407,84.97721,0.10834856,579.4525,576.83636,0.07543005,581.0184,586.39197,0.143226,502.08224,571.0283,0.09382662,579.1616,584.23785,0.08742009,177.13144,64.819496,0.14093408,138.0906,91.746,0.048099265
512,592.22485,596.5934,0.0490271,483.9521,149.96356,0.044443607,579.1632,571.19543,0.13829462,178.27524,79.28747,0.08935992,179.579,85.27302,0.11464134,577.66223,581.404,0.08573503,580.3552,586.705,0.14978689,502.00623,571.4109,0.090468,579.4772,584.4604,0.092114516,177.28502,65.117355,0.13842174,141.97389,96.11957,0.053135186
513,592.13983,596.63306,0.044648506,483.8743,149.94733,0.050905,579.3235,571.3765,0.11781769,178.59332,79.70956,0.09211328,179.69054,85.3453,0.082696564,578.9949,576.8451,0.086349376,580.54254,586.4918,0.15374365,502.27005,571.78455,0.09058122,502.74786,566.16956,0.10037424,177.37898,65.45192,0.13202555,141.86168,96.27644,0.08180955
514,468.32712,196.01958,0.026402738,294.05948,472.21664,0.059996895,579.5562,571.429,0.09829286,179.09732,80.54735,0.09197978,180.11317,85.69188,0.063261844,579.26447,577.13904,0.06843335,580.2475,586.1198,0.13265356,502.37503,572.0218,0.08297895,502.67664,566.11127,0.0944135,160.41376,92.86748,0.13000247,142.28442,97.17455,0.0918404
515,451.17737,165.99933,0.031110426,293.27914,471.34756,0.044617057,521.9043,565.1712,0.0968118,179.19373,80.85955,0.0949682,179.6801,86.71265,0.103572085,579.11597,576.5587,0.055581603,580.62646,585.7096,0.11400576,502.49475,572.3047,0.07681438,503.11105,566.6067,0.12206935,160.719,92.98712,0.13604712,142.52338,97.90121,0.10683626
516,450.6694,158.04309,0.034508266,295.0303,487.06558,0.043669228,521.14075,565.2935,0.100850545,179.4177,80.55594,0.10743537,179.49945,87.51881,0.14187026,579.22534,577.7842,0.08402217,187.08684,104.20517,0.1433598,501.12146,584.7086,0.08095771,503.82812,567.47424,0.1372543,161.36238,93.041855,0.13972977,142.85011,97.562584,0.124202244
517,450.36136,158.66049,0.04448773,295.67004,487.87192,0.065394685,175.91345,95.68285,0.10739382,179.13144,81.75328,0.10280877,179.30455,97.48244,0.16647978,577.0136,576.09784,0.10077807,578.58234,586.5591,0.15303126,501.24805,584.53503,0.074831724,504.31198,568.09296,0.15036865,161.57784,93.78429,0.13305072,143.55272,98.11888,0.10089147
518,449.9586,159.41989,0.044225615,564.8768,589.85657,0.052948657,568.8071,586.3996,0.12292545,179.67143,82.03408,0.082598515,179.51299,98.00185,0.10913894,575.703,576.11035,0.11307906,564.45905,154.90526,0.16478942,501.95758,585.08923,0.06541605,577.2574,150.19519,0.14376491,161.31738,93.576225,0.12531194,143.1771,98.42187,0.10393159
519,592.62286,595.94434,0.033776432,565.0438,589.68616,0.049531672,568.6031,586.5153,0.12531015,309.33243,228.27155,0.087510414,179.00902,98.29042,0.099732056,575.5565,576.16003,0.11173221,577.1526,587.32446,0.14303857,584.173,586.92596,0.06648113,184.39716,111.46448,0.09713005,161.2042,93.75,0.11572896,143.03668,99.16189,0.10647401
520,458.04654,160.3644,0.052067954,484.28668,166.31746,0.04042946,154.34474,98.95658,0.10997094,177.18077,93.727806,0.08242888,178.9447,98.74633,0.09619259,576.19055,576.1533,0.10950596,578.3751,587.0328,0.13040486,584.08014,586.77783,0.072088644,153.74391,110.9111,0.10201888,161.1446,94.13791,0.12061991,142.72592,99.775894,0.12626766
521,458.44586,160.3965,0.06614326,484.33722,166.22112,0.04742542,566.8496,572.53033,0.123315044,309.4233,228.9906,0.102448456,299.04144,237.0256,0.10192135,574.57556,575.5626,0.11537643,576.5258,586.8949,0.13536797,501.28955,584.8732,0.084648214,502.12402,577.83765,0.10217443,176.93542,80.733406,0.12194336,143.98842,100.57249,0.097707
522,563.01526,556.3585,0.058693845,565.42316,589.14087,0.057861082,566.87354,572.50323,0.18641181,577.3977,565.7107,0.08891289,576.9967,594.23157,0.13619123,573.2787,576.8972,0.13833374,577.69354,593.52106,0.19982117,584.81354,586.5318,0.09553233,580.5311,586.7123,0.088258035,176.53207,80.80954,0.11630546,144.06651,100.56733,0.081038475
523,572.04486,556.15027,0.057070855,484.26907,166.293,0.054182697,566.5485,572.8401,0.14263229,309.33444,229.06778,0.071941055,566.61945,586.35126,0.0956614,573.72363,576.68365,0.13202216,577.0618,593.24664,0.1480916,501.8003,585.348,0.08467265,153.33083,112.7596,0.08821923,176.63234,79.884636,0.11391624,137.12798,105.783264,0.074509256
524,338.73877,165.90038,0.045398068,484.2846,166.13832,0.051018737,567.8874,587.52234,0.12661484,177.44104,95.25089,0.07192171,566.451,586.88385,0.08214836,574.27704,577.7254,0.12449007,584.24414,600.7953,0.13900156,501.6809,585.3879,0.08424427,153.09721,112.62315,0.092411235,176.52856,80.044365,0.107622564,136.98831,106.092636,0.06032944
525,338.4794,165.90054,0.038705412,484.24155,166.13693,0.047827482,567.4037,588.0203,0.10770205,291.45956,469.09833,0.06319586,299.67102,237.29051,0.07240782,574.8757,578.4201,0.105137855,579.9909,490.73422,0.11975378,513.5249,585.1894,0.07690964,153.30774,113.0807,0.08501265,176.31917,79.619446,0.092999555,136.89851,106.56974,0.06720123
526,338.59988,165.87953,0.030462438,484.2571,166.17844,0.04826214,567.4939,588.5179,0.094349466,177.09595,95.6565,0.0699025,299.4663,237.67834,0.068758264,576.41724,579.0342,0.08648161,580.3882,490.52237,0.1134816,502.14633,585.6937,0.080935664,153.57082,113.28245,0.08283251,176.41197,79.82719,0.09987885,136.7501,106.97509,0.071515284
527,338.46866,165.99721,0.029025482,484.39218,166.18343,0.04557849,153.29727,99.175064,0.073136784,177.30005,95.59666,0.06487072,299.47647,237.31128,0.056436837,231.05948,512.28485,0.06683361,580.2747,490.5038,0.118994415,513.803,585.24854,0.077305034,153.39551,113.27391,0.08626564,176.51666,79.69686,0.107445,136.86758,106.74532,0.06097436
528,509.21927,588.4759,0.033103246,484.5003,166.04114,0.04324903,510.44684,579.46826,0.08010733,177.55788,95.8643,0.07804657,145.80748,106.611565,0.05829888,564.71246,592.7489,0.054413192,522.8565,581.9111,0.086309604,513.50183,585.2996,0.09422897,155.20468,127.27625,0.101166,176.522,79.63445,0.09545897,136.65875,107.70107,0.073705584
529,509.29486,588.47284,0.03055362,276.7491,487.11313,0.043540023,152.52942,115.79433,0.07101231,177.52637,95.59494,0.08031431,145.91266,106.9442,0.052579235,413.95923,537.74115,0.05799195,521.36084,570.23737,0.08122288,513.2877,585.24994,0.085529484,510.9333,582.1607,0.10317398,153.27849,107.6091,0.10103151,136.9715,108.343796,0.05593026
530,509.0997,588.4942,0.027860863,295.38193,488.2093,0.05011132,152.43927,115.68456,0.07304899,291.2394,469.65115,0.07879397,146.04565,107.172,0.05036394,414.02884,537.7694,0.058696453,523.01526,581.65125,0.08769027,513.30664,585.1614,0.082712755,510.88467,582.1254,0.0932462,153.16158,107.78864,0.10673306,131.16151,112.81428,0.058171213
531,534.82587,597.5056,0.026167186,294.74658,487.85547,0.047399715,152.37932,115.566216,0.076533616,291.47437,469.38266,0.076596886,486.6598,152.46277,0.051739275,414.0011,537.58276,0.061697625,522.69965,581.83936,0.09098214,513.6281,585.3274,0.084513806,153.48149,114.03686,0.09223719,176.50934,79.85414,0.102947645,131.06427,112.80747,0.05266504
532,534.64124,597.7327,0.027557055,294.4426,487.70392,0.04532521,152.3723,115.6075,0.076332174,177.37534,95.64167,0.07565269,486.51843,152.47803,0.053533655,413.96072,537.8744,0.054592233,580.026,491.0268,0.07576411,513.57117,585.4797,0.084229715,153.6605,114.118164,0.09459681,176.46074,79.777695,0.10487372,131.0148,112.66497,0.057004873
533,534.80817,597.6102,0.027350686,294.50842,487.73685,0.04383595,175.94832,96.736145,0.1086659,177.72789,95.23864,0.09448531,179.45871,100.859146,0.08444735,564.5072,577.8674,0.051792305,184.66388,105.95747,0.090811655,513.4859,585.34094,0.08385541,155.01201,127.20817,0.10587102,176.39514,80.913574,0.12249472,131.1827,112.50363,0.059882823
534,509.16824,588.42645,0.030262979,484.86685,166.23003,0.040054504,175.99992,96.46745,0.098134376,177.7357,95.069595,0.09252502,179.49644,100.764694,0.08025861,564.63544,577.79706,0.05980754,523.16534,581.45233,0.09025675,513.4694,585.137,0.08945489,153.0149,113.26741,0.09287676,176.48068,80.81615,0.12847503,131.01746,112.49862,0.053430036
535,509.15848,588.39465,0.029223524,484.8502,166.35744,0.043652315,175.95505,96.5792,0.095549345,177.62863,95.18857,0.090368785,179.64334,100.79947,0.077185534,564.7165,577.33417,0.080166124,523.2765,581.4676,0.08624904,513.32526,584.9669,0.084637925,153.25584,118.54745,0.09670146,176.48792,80.79335,0.116735436,130.98068,112.45602,0.056957975
536,509.1688,588.65955,0.032853827,484.9739,166.31761,0.04090062,175.60057,96.60442,0.11966743,177.69989,94.60737,0.09339387,178.8678,100.9847,0.10435722,564.7561,576.5544,0.093046576,523.2524,581.3309,0.10668294,513.27356,584.83386,0.084039204,153.16035,117.99712,0.108496405,176.51593,81.48187,0.11617614,131.25658,112.14926,0.059461698
537,173.59966,111.16428,0.029498674,484.9652,166.34546,0.044289734,175.79929,96.446915,0.11987309,177.7438,94.64898,0.08970685,179.11574,101.130486,0.09864801,564.7613,575.95984,0.107943185,567.03687,585.4544,0.1125922,513.17206,584.9802,0.08415119,152.91426,118.18004,0.111530125,176.54263,81.37406,0.10762807,130.84128,112.34576,0.05190847
538,183.85858,108.495865,0.028090376,485.04123,166.45526,0.04580231,175.70287,96.45348,0.11195822,177.48952,94.84053,0.084606275,179.28148,101.29927,0.087413006,564.7528,576.64374,0.104392275,566.68726,585.70087,0.10259465,501.1112,585.58777,0.08150187,153.29869,118.57197,0.102172405,159.43327,108.29801,0.1021327,130.82765,112.355034,0.055416737
539,173.96283,111.328125,0.033210576,485.02362,166.48448,0.04887048,175.7791,96.1608,0.12155704,177.75208,94.68678,0.09112171,179.05637,101.70494,0.102789596,564.7293,576.7376,0.10782067,566.7386,585.75574,0.10906108,512.9392,584.8952,0.08387969,153.16139,118.23053,0.10646773,153.88644,107.49593,0.115728825,131.25615,112.21941,0.060610246
540,509.2674,588.8788,0.040293142,485.0674,166.58876,0.049520172,517.60736,578.90375,0.10401438,177.40613,95.35926,0.0771335,508.3008,571.57214,0.06803677,564.6355,576.9485,0.10817085,522.4576,581.1137,0.14768715,500.39697,585.4475,0.08063211,512.9181,580.192,0.11313127,152.95161,107.0246,0.109250315,130.61787,112.145805,0.04864699
541,509.85895,588.7817,0.042164873,484.8909,166.68436,0.0438619,517.51935,578.8342,0.100534834,177.64183,94.77575,0.079590626,508.243,571.4897,0.07838539,564.76514,576.67206,0.1037357,523.00964,581.1747,0.14516333,515.2213,573.16974,0.08184925,512.8335,580.1421,0.13955477,153.19765,107.06218,0.11346236,130.85649,112.04689,0.05528928
542,509.39493,588.8847,0.039072923,485.0272,166.51553,0.041206248,517.7839,578.7369,0.097835794,177.57494,95.139015,0.080730096,508.42944,571.53754,0.06689514,564.7026,577.1835,0.09581244,523.07947,581.0589,0.13706331,500.61124,585.33215,0.079909585,512.73865,579.9072,0.11518695,153.26884,107.30135,0.11938134,131.0432,111.707214,0.058685526
543,509.1212,588.8723,0.034805603,483.16367,150.44647,0.03881869,511.11212,578.9556,0.084916465,182.41185,98.359116,0.081718594,179.34358,101.70739,0.07560107,564.7128,577.35614,0.09470632,523.36145,581.1763,0.11437705,500.5971,585.3882,0.08192834,153.6433,126.54601,0.11578013,153.54831,107.49016,0.12337686,131.21179,111.7083,0.057503153
544,509.54623,588.607,0.036006805,483.18475,150.37437,0.041307844,510.63873,578.9682,0.08250689,182.01622,98.50084,0.08538387,173.46553,101.39362,0.072974384,564.7984,577.2077,0.09045791,521.0196,570.3895,0.10130547,500.87125,585.23315,0.08349529,153.86148,126.944466,0.121557266,153.36296,107.20064,0.1233845,131.06146,111.49184,0.05515062
545,510.06992,588.42444,0.0416076,483.39438,150.27692,0.03931156,510.48843,578.4731,0.098799646,182.01701,99.00922,0.07922946,507.87808,571.5943,0.073079884,564.6712,576.92834,0.097277,522.83026,581.4746,0.14217581,500.9647,585.02026,0.07720975,513.0117,579.8544,0.14107943,153.33263,107.082726,0.12986524,130.84804,111.48028,0.052391462
546,509.75253,588.5915,0.040092137,293.7091,487.70038,0.05459804,517.8544,579.199,0.09735285,181.86346,98.31311,0.08381958,173.18861,101.643486,0.08299796,564.6508,577.3196,0.09314765,523.0136,581.4095,0.13041002,500.86224,585.25024,0.076426744,512.81464,579.9189,0.12830865,153.29367,107.55901,0.12375226,132.2425,106.49943,0.054245006
547,509.44998,588.8042,0.038378783,293.74902,487.82333,0.05642512,511.0737,579.02264,0.09818502,177.13826,94.88733,0.07634151,347.08932,189.44582,0.09137532,564.61896,577.41724,0.079977915,522.9674,581.54144,0.13100798,513.68866,585.1062,0.083094314,154.05533,126.579765,0.11390165,153.27525,107.645966,0.12602778,132.34116,106.455414,0.05839357
548,509.63507,588.77765,0.04255442,293.38898,487.37308,0.05430847,517.5418,578.97174,0.10977165,181.93706,99.37399,0.07587527,173.2604,101.79721,0.06563633,564.343,577.14886,0.09420914,522.7123,581.5327,0.14781283,513.964,584.9252,0.08060948,513.4621,580.1408,0.13491024,153.77386,107.70982,0.14401138,131.20874,111.344284,0.060857672
549,509.11328,588.83685,0.04610149,293.22385,487.20917,0.050697815,517.4302,579.0145,0.116848804,181.61995,98.77451,0.08435034,173.00826,102.05904,0.09526384,564.1644,577.48517,0.081260845,522.4239,581.35736,0.1587965,514.1054,584.988,0.0886158,511.17773,580.6338,0.13059254,154.10966,108.0951,0.13500375,131.5611,111.43835,0.06550632
550,508.54404,588.7545,0.036417603,292.93414,487.0584,0.04773929,517.97504,579.6338,0.1034037,177.32596,95.560356,0.073762596,173.2493,102.03554,0.06331788,564.1928,577.3423,0.06982655,522.67346,581.28925,0.11570607,513.7408,585.2554,0.08667535,510.8599,580.93744,0.1160209,153.22763,108.251884,0.12789507,139.69777,114.1082,0.07595018
551,451.35654,181.89766,0.040246744,484.29208,166.71568,0.047259964,517.61475,579.6772,0.11192967,309.1929,260.28687,0.082062155,458.40314,197.93515,0.057445176,564.1387,577.2694,0.07206455,522.3123,581.83014,0.12698819,500.77576,585.6454,0.087894626,511.15253,581.00946,0.13425556,152.94952,108.534,0.122242495,139.59082,114.43552,0.08616152
552,451.24713,181.53339,0.03808664,484.29016,166.6235,0.048634805,153.26186,114.45347,0.09647158,177.11043,95.04772,0.086097196,172.41113,102.48454,0.09228264,563.8975,577.405,0.055279627,186.60016,119.81858,0.09965661,513.6522,585.5941,0.09020626,153.91922,126.81349,0.11242905,153.84132,108.2359,0.12173643,140.52997,114.644714,0.104429744
553,451.30768,181.8228,0.038198087,484.188,166.37195,0.042834103,153.18542,114.558105,0.09568259,309.3841,259.96884,0.08526972,172.35445,102.71519,0.08469564,564.0514,577.49725,0.06443423,186.78206,120.356125,0.084452234,501.6695,585.8723,0.08498952,154.08446,126.424706,0.10382475,153.72595,108.65839,0.13490254,139.8353,115.02435,0.12628998
554,451.1439,181.86017,0.039350923,294.52808,502.72702,0.042111017,153.23189,114.39823,0.10911796,309.5006,260.1866,0.0940593,172.16045,103.15683,0.09289598,564.02234,577.5939,0.06065748,173.88396,121.97982,0.101591244,501.6353,585.8608,0.083554946,153.96512,126.46421,0.10202182,153.90193,109.2239,0.15418518,139.58481,115.029816,0.1459958
555,450.31128,174.21022,0.039027356,295.20554,503.03116,0.05388115,152.69467,114.63624,0.09291354,309.42288,260.00977,0.09403915,178.65723,114.99946,0.06234466,563.94293,577.6355,0.067045264,564.5115,585.5829,0.0822752,475.30923,199.67326,0.10065368,154.54039,126.90175,0.088634156,153.65341,109.244644,0.14723006,139.42566,115.44518,0.13167927
556,339.32312,181.79773,0.04152306,295.69345,503.5654,0.063599244,175.12108,112.573944,0.09518665,309.24338,260.14026,0.09435123,411.46878,252.17487,0.07200248,563.97174,577.5031,0.09386621,564.7822,585.95416,0.097310446,501.73825,586.0663,0.07940455,511.24387,582.2461,0.08177761,153.70772,109.41358,0.15271012,139.51294,115.80782,0.1314749
557,339.34937,181.69493,0.035860915,295.72168,503.59402,0.058537316,152.79927,114.65874,0.09130323,309.29343,260.25204,0.09122352,411.4072,252.1557,0.081540145,564.14954,577.977,0.071863346,564.2894,586.13824,0.07828664,480.6315,204.29001,0.07889166,289.87363,477.35526,0.07401071,153.83087,109.16055,0.15481679,139.44211,115.62852,0.1360611
558,339.3343,181.63884,0.034985635,295.68628,503.58582,0.058960125,152.99042,114.727165,0.09082555,309.30414,260.25143,0.084352076,298.7086,251.93698,0.06320926,564.08374,577.9878,0.071472175,564.284,586.11676,0.08126019,481.93884,217.74051,0.08868819,511.41595,582.4658,0.077265374,153.93198,108.917534,0.16056846,139.76129,115.56672,0.12818988
559,339.40097,181.55363,0.033942264,295.01978,503.13977,0.048450414,152.67526,114.78383,0.09151172,309.25113,260.136,0.08311625,411.5452,252.1641,0.06653684,564.08966,578.5291,0.051218286,421.89975,354.8928,0.07466265,482.2463,218.00208,0.0764455,154.23344,127.43574,0.07806125,153.59053,108.61739,0.14512672,139.86101,115.45936,0.11662398
560,451.195,181.99876,0.035365928,483.8394,166.49269,0.04437358,152.36778,114.898056,0.095715865,309.3429,260.0494,0.08334262,411.3939,252.20886,0.078837894,563.9473,578.35944,0.051844377,186.94043,121.345245,0.07360397,513.935,585.80975,0.06334784,154.48451,127.39683,0.09422914,153.47041,109.05705,0.1411979,139.51646,115.620964,0.13296431
561,468.27686,212.02217,0.027446358,484.06772,166.08008,0.04110448,152.41794,115.14349,0.097727805,309.42194,260.0139,0.07301146,411.36865,252.23915,0.087005526,563.9813,578.513,0.047733612,187.18286,120.94782,0.07929379,513.70685,585.76404,0.06233742,154.69347,127.157745,0.114321426,153.35887,108.736115,0.13562371,139.48776,115.08651,0.11984998
562,468.73975,211.6811,0.031049564,484.04614,166.3045,0.04454328,152.80501,114.93998,0.10580347,177.78221,96.393486,0.07820773,411.13736,252.4071,0.116097376,563.81757,578.5574,0.04010919,187.20433,120.42326,0.08484322,513.41223,585.5867,0.06740347,154.46004,126.73479,0.119048715,153.60605,108.467834,0.13427025,139.84094,114.53093,0.11067283
563,469.19577,211.66238,0.034479145,483.95062,166.3037,0.04456036,152.23288,115.18145,0.09307847,246.70236,196.3151,0.088837616,410.98373,252.33673,0.118824,389.8726,514.6939,0.040195636,421.44846,258.24097,0.07355406,481.5673,204.30293,0.08617958,153.961,119.32268,0.10236243,152.76364,107.779526,0.12094755,131.14828,112.4851,0.061659515
564,468.14233,211.82153,0.023573782,484.25687,166.0624,0.042342372,152.66092,115.15108,0.0780441,246.40398,196.69632,0.07920934,410.91348,251.82225,0.070902035,413.87994,538.13446,0.054439627,187.61334,120.13365,0.082959615,516.54755,585.8356,0.061971396,153.00104,118.957466,0.109972976,153.359,106.972755,0.11841231,130.46037,112.05804,0.045844022
565,467.91666,211.65408,0.030661106,483.95645,166.46587,0.043420676,152.5199,115.28533,0.08609393,252.68872,184.89784,0.11425152,249.54044,198.55977,0.13161373,563.9066,578.1392,0.0611316,178.3471,107.72715,0.08261042,251.15585,191.59015,0.071082585,153.14865,118.79226,0.11953938,153.09415,107.237656,0.12733676,130.73038,111.84078,0.054816484
566,468.1155,211.93839,0.032118253,483.77393,166.67766,0.049306814,152.33249,115.5104,0.0782144,252.6647,183.91743,0.10832739,249.74918,198.7396,0.12905875,563.7789,577.879,0.06248099,214.10527,243.6593,0.08464959,501.23877,585.17957,0.056988176,153.21277,118.90123,0.124888696,152.69452,107.119026,0.10963578,130.50662,112.16165,0.048070867
567,468.1028,211.9948,0.03719143,483.8739,166.44592,0.04939582,175.71892,96.99781,0.0913305,177.2917,94.85502,0.088867955,179.60048,101.087234,0.06539296,563.68805,577.536,0.06587921,470.2782,195.85834,0.08070158,501.49854,585.126,0.06308581,153.19395,118.836754,0.12032678,176.28552,79.92053,0.099991046,131.55942,106.52579,0.043454364
568,458.22018,160.39803,0.059356876,483.5469,166.66602,0.04119067,153.05954,98.69165,0.08310014,468.86014,196.96138,0.07839255,299.56982,236.908,0.053531263,563.5952,577.07404,0.07612325,470.03156,195.91968,0.0878496,166.93346,93.544716,0.04786504,153.18166,119.28344,0.114389665,176.04147,79.66256,0.09378115,131.04752,99.46144,0.041532528
569,449.79483,159.21368,0.054470304,483.58136,167.00008,0.03979373,152.63364,99.03419,0.0898982,182.00339,99.14706,0.069823205,179.30908,100.03083,0.04657913,563.4868,576.3719,0.09385385,564.9418,585.5522,0.09230836,496.23544,268.85675,0.04714005,152.96454,112.79347,0.114823215,151.55777,106.35502,0.09057505,131.3154,99.34518,0.054383796
570,449.76996,159.37688,0.05878149,483.5937,167.04509,0.0349341,152.81778,98.95339,0.09039983,436.4701,547.0539,0.06515691,411.58997,236.70508,0.04971413,563.6838,576.6939,0.09111762,564.69977,585.629,0.088984676,568.9,602.3524,0.04533047,152.9919,112.29974,0.10584425,153.75987,92.55214,0.0856303,131.22046,98.45655,0.054037593
571,450.99942,165.81104,0.04691287,483.2208,150.18456,0.041377712,152.69824,98.958496,0.09508996,252.71751,182.31187,0.07656813,250.62755,188.72806,0.089086376,563.49384,576.4851,0.101924576,565.1367,585.67084,0.092673644,502.78915,571.4554,0.063556075,502.8345,568.26746,0.11430233,153.72672,92.90429,0.110262394,131.44173,98.31549,0.067346625
572,508.02176,588.40955,0.028194482,483.66946,149.73874,0.037164975,174.55663,97.08148,0.0934346,411.82983,229.67987,0.07573892,411.26495,236.63074,0.108315326,563.5368,576.25793,0.100726776,565.15674,585.6352,0.10343468,502.25546,570.725,0.08190467,502.2793,567.2455,0.13243154,153.69907,92.689026,0.11522814,131.03362,97.818306,0.059727255
573,354.90076,157.36842,0.034279488,483.77036,149.7991,0.037910555,174.66658,97.42059,0.082677536,411.61926,229.41344,0.084809996,411.0099,236.33926,0.122644775,563.8213,576.72675,0.08881503,565.5068,585.9824,0.097530216,483.20844,202.59552,0.051630866,153.10872,103.92645,0.09719039,153.22691,92.25809,0.09491418,130.72107,97.2953,0.05175471
574,574.9216,602.70355,0.031857494,483.85718,149.97745,0.04331699,174.6486,97.084785,0.09672081,411.685,229.69817,0.08130646,410.9655,236.46207,0.11850265,563.9218,576.97925,0.10093337,565.64075,586.18774,0.100335896,236.86266,428.51605,0.078514375,153.44954,111.37859,0.118372746,153.32784,92.28221,0.095689304,141.17302,98.634705,0.057632234
575,575.0008,602.6923,0.034787815,295.30594,486.90573,0.05410036,152.26161,99.25646,0.08959433,291.462,467.49005,0.064875305,179.37088,98.45971,0.056029942,564.12225,577.207,0.09901576,565.7986,586.30145,0.09569857,502.46176,569.5838,0.0635806,153.33841,103.1565,0.1276964,152.68147,92.115814,0.09155508,130.90526,96.83877,0.050551586
576,576.4436,595.9097,0.033876795,292.50247,470.79578,0.048364796,564.02246,572.6649,0.13835296,246.26611,165.73344,0.07119067,250.45016,182.28957,0.09313528,563.03064,575.66736,0.120833434,565.7678,586.23816,0.12543987,568.31696,586.9015,0.077851355,152.66057,102.220474,0.117257886,161.31908,78.18982,0.10262037,140.81377,97.661705,0.05369866
577,458.53104,144.43906,0.043147087,292.80698,470.63882,0.04529061,565.4965,587.7589,0.112248,181.71327,82.05,0.089670904,172.35599,84.778366,0.09955734,563.52246,576.90564,0.11339536,560.1219,153.86589,0.11440448,568.3739,601.9258,0.06019931,152.2903,101.91265,0.11282583,161.47098,77.95019,0.12539238,130.13936,96.363754,0.0368163
578,458.01144,143.89728,0.038047098,292.96298,470.62817,0.040380113,564.00385,572.65845,0.13587104,181.61513,82.635056,0.08386017,557.3964,139.36632,0.097734615,563.18054,576.1508,0.1187852,557.8445,154.05746,0.15324806,568.426,586.99396,0.07938082,568.8488,148.95268,0.17772436,160.58517,77.45739,0.11531045,243.58226,187.31285,0.039569214
579,450.17133,142.96454,0.048324015,483.74127,134.52985,0.039566133,564.1121,572.5759,0.1453253,299.86154,214.79958,0.11590955,298.78406,222.10472,0.14727347,563.3951,576.27124,0.12359266,566.1992,587.1168,0.12229316,568.5235,587.0153,0.09128738,152.0457,101.98188,0.11465393,160.4055,76.79113,0.1211835,494.52042,187.18521,0.034913965
580,339.0544,149.86375,0.051876616,484.1823,134.6025,0.03495609,564.1595,572.53955,0.1351615,299.99936,214.08453,0.10019557,298.75363,221.0236,0.12986803,563.40393,576.18835,0.12645818,560.4506,153.68764,0.12570903,568.4762,586.9699,0.08549597,569.46985,148.7648,0.12364285,160.12378,76.97151,0.11948516,494.24805,187.24184,0.036985
581,339.4762,149.50781,0.04952532,483.09946,118.16943,0.03934643,563.9289,572.24817,0.14785264,300.10254,213.45277,0.09149059,298.4263,220.62318,0.1425716,563.37195,576.18475,0.12057787,558.4539,153.38483,0.17007329,568.45605,586.86816,0.088802986,569.2705,149.07039,0.15563259,160.07623,76.799484,0.12970701,493.89355,187.281,0.03429675
582,575.953,596.246,0.029093819,308.71274,198.66827,0.037177663,564.3124,572.26953,0.120229356,411.56644,213.49358,0.07406127,298.2697,220.34613,0.11320623,563.777,576.4156,0.109601274,559.2309,152.77048,0.13899454,568.2873,586.97125,0.06447479,568.6321,148.74202,0.088971056,159.7568,75.87402,0.124985,403.84875,226.48872,0.033507284
583,575.7743,596.47046,0.027826823,485.05975,134.07587,0.035329472,564.7021,572.07715,0.09623913,172.92203,67.168015,0.07547253,170.79427,71.66901,0.10273987,564.2479,576.7408,0.09339083,557.775,152.61417,0.14990814,178.9706,89.92629,0.05768125,568.43207,148.86989,0.09783631,161.72089,64.169876,0.13205954,130.69058,81.64308,0.040239774
584,173.88242,93.787094,0.044671934,483.69528,118.18921,0.039850876,564.3863,571.7984,0.13665868,175.04457,63.635815,0.089674905,169.95302,72.001,0.13274948,171.22438,86.8085,0.13238096,173.43468,91.27842,0.14862593,568.2526,586.8856,0.06695062,169.35095,93.513504,0.084513254,161.70929,64.37714,0.146272,130.7405,81.75905,0.05219541
585,172.64317,93.7993,0.040788617,483.73547,117.89849,0.03943157,564.3723,571.6504,0.15181002,173.65884,62.026917,0.0908951,165.50905,70.80693,0.13045077,563.8926,575.6963,0.09371519,567.8716,586.9855,0.13038914,568.23566,586.7804,0.07343487,168.91649,94.22503,0.05408318,161.9521,63.09858,0.16797891,130.11395,81.244156,0.033761118
586,338.11578,127.55047,0.03461509,483.9123,117.79003,0.039388783,564.3732,571.6034,0.15533087,299.62903,199.219,0.09942996,164.73723,70.17814,0.15101382,563.91565,575.95746,0.094884396,548.03674,152.86366,0.14312145,481.61414,171.5626,0.082330726,502.49176,550.94916,0.07482001,160.84346,63.278282,0.1459801,130.02943,80.76717,0.04862544
587,172.96405,93.15978,0.03446142,484.1499,117.975975,0.042080045,564.44495,571.8203,0.1381589,173.34666,54.9423,0.09130956,164.24976,69.59619,0.18569426,563.968,576.5471,0.10122834,547.8114,153.04622,0.14482164,481.83524,171.83911,0.07461283,502.22275,546.9198,0.09751921,160.3526,63.501907,0.14594905,130.703,68.55969,0.04047749
588,339.01306,134.04749,0.042518936,484.43167,118.17974,0.042371467,160.61345,63.892654,0.08775228,299.3217,197.85864,0.093418844,164.16309,69.19095,0.16602734,172.27814,84.97299,0.080459364,173.99359,87.746864,0.11787068,481.10498,171.51239,0.0948723,502.46707,547.01886,0.09306509,159.92178,62.746464,0.12996973,494.19376,236.62106,0.04148711
589,339.09732,133.76955,0.043625504,483.4076,102.01652,0.038283587,565.0518,571.6717,0.09784799,299.39185,197.50299,0.085599326,298.76974,205.00536,0.12629385,564.3392,575.81055,0.071488224,569.0175,585.86237,0.11834025,481.43906,171.46275,0.07290124,502.32025,546.3421,0.14174296,159.73323,61.529224,0.09832849,493.87024,236.28415,0.039836448
590,339.399,133.71127,0.034823157,483.6118,102.2997,0.04368047,565.0343,571.7738,0.117713735,161.92671,54.029606,0.07558313,163.75984,67.5837,0.117172375,564.4143,575.57764,0.0856301,559.2078,152.98335,0.14385666,499.4249,541.11523,0.07642839,502.262,537.97766,0.20462383,161.55318,49.16069,0.11353473,129.97505,68.35017,0.035713278
591,460.29196,163.43665,0.029544163,483.77124,102.32135,0.04659812,564.6845,571.93243,0.14819421,405.81665,195.95474,0.1058567,163.44658,67.72468,0.1207387,564.07996,575.41797,0.10366673,566.6004,586.3597,0.1457776,568.2114,586.8046,0.062090553,502.03928,537.783,0.19434111,161.16472,49.37367,0.13674775,130.35004,68.41739,0.057639707
592,177.98633,48.54503,0.037684888,483.866,102.22168,0.047257252,564.53687,571.6829,0.15489988,161.39128,53.152493,0.092857756,162.94029,67.489815,0.14779155,564.08875,575.65216,0.091562346,567.80975,587.0783,0.1406967,301.3616,205.06401,0.07252189,502.34067,537.6524,0.1971452,160.84082,49.29879,0.1439302,130.13663,68.215164,0.06927368
593,458.31635,104.99168,0.028224574,483.71127,102.21151,0.053357948,564.4215,571.611,0.17173,161.6327,53.254093,0.07512296,163.7989,67.17033,0.10644152,564.07385,575.69116,0.08124493,567.68286,587.34827,0.14013538,564.83386,585.4719,0.06402094,502.20496,537.3056,0.18593618,161.1772,48.63729,0.14984912,355.2957,370.84595,0.031505194
594,178.02824,47.62643,0.045244403,483.67374,102.10239,0.049884062,564.59894,571.45496,0.15211897,174.24734,48.964897,0.09697097,163.81232,67.0527,0.14131857,564.0766,575.48895,0.07834442,567.9564,586.63727,0.13402368,178.60124,74.9672,0.066491455,502.28244,537.0677,0.17980424,160.77861,49.02911,0.14916801,129.75754,68.13002,0.0358951
595,178.57578,47.07707,0.056062046,483.85236,102.040375,0.04528182,564.1808,571.29474,0.16912428,173.34898,49.184044,0.11313205,163.97884,67.13587,0.15927313,563.1164,581.51044,0.083113946,169.09709,74.49184,0.15729074,179.27435,74.56413,0.05834474,502.6378,536.99585,0.18150207,160.88045,49.594997,0.15565047,129.95038,68.016495,0.048082314
596,178.44357,47.053032,0.05270308,484.09976,102.029335,0.045526717,564.04376,571.2768,0.1648287,173.20029,48.992966,0.10565566,163.16304,66.72314,0.14459983,563.84326,575.69574,0.08278152,168.4487,74.043884,0.15534967,151.10515,60.508404,0.061240725,503.58813,537.2577,0.119797304,160.29025,49.43249,0.13746205,129.68073,67.71611,0.04573853
597,179.00475,46.55892,0.04938282,555.8383,591.23346,0.047577847,563.59674,571.03143,0.18690693,172.47446,48.790382,0.11195576,162.8738,66.5871,0.16577855,563.08105,568.15936,0.09645441,168.89977,74.14344,0.16184725,568.3735,586.71136,0.06809172,503.84506,537.2677,0.10290663,160.04485,49.828293,0.13730279,129.46103,67.81302,0.06395303
598,159.81673,50.208397,0.03646576,556.10974,591.27795,0.048126288,563.43774,571.07306,0.1823987,163.74,50.411644,0.09786,163.29611,66.14529,0.14137499,562.9215,567.9839,0.10742076,567.3782,587.537,0.15103944,568.2792,586.5732,0.0692508,504.02625,537.18524,0.09462799,160.05888,49.31081,0.13979077,128.7636,67.79181,0.057751294
599,159.93935,50.301346,0.04163506,556.0296,591.42505,0.049587853,563.1901,570.66016,0.19014938,163.65259,51.03762,0.10265175,163.27493,66.30948,0.15771464,562.6757,567.61096,0.114900105,567.5646,587.1595,0.15312116,568.1366,586.4141,0.0661581,169.0702,78.03209,0.08081244,159.72849,49.373135,0.13138616,128.47408,68.286194,0.08313336
600,178.95541,46.332966,0.05462044,555.7069,591.0756,0.04686808,563.6815,570.70447,0.16030873,166.06139,51.217827,0.119903855,162.83536,66.73448,0.20553167,158.02238,72.337364,0.120292254,167.5472,74.777695,0.18764178,178.3909,74.65906,0.06585794,168.75386,78.04066,0.10282417,159.96602,49.43157,0.13017678,128.71555,68.96238,0.08646936
601,178.69746,46.664295,0.03375413,556.002,590.9689,0.04718321,563.52106,570.5833,0.17168063,160.22267,52.267597,0.10617201,162.54436,66.109604,0.16103134,156.91322,72.513016,0.09934895,167.63705,73.94795,0.1489453,466.6761,154.17032,0.06462513,169.37439,78.252594,0.112847954,159.35823,48.739315,0.12105802,128.30821,68.53977,0.0717717
602,434.15884,111.07769,0.034906734,556.1847,591.14294,0.048842996,563.4502,570.73615,0.1701696,160.9177,52.792305,0.09528242,163.40346,66.49166,0.14748825,563.1069,568.4262,0.09055736,566.9097,588.0091,0.13561177,151.02032,60.9335,0.060353648,169.24873,78.67978,0.08784582,159.75931,48.706543,0.12082949,128.37663,68.38709,0.0610457
603,178.31442,46.874928,0.043744497,556.6818,591.16156,0.052831247,562.70557,570.5952,0.18771407,160.64294,52.828747,0.097966485,163.27708,66.76024,0.14588323,562.55725,568.39545,0.122265466,564.9799,587.19214,0.1580921,150.81898,61.015114,0.060828198,168.73471,78.71881,0.0687015,146.19621,61.22962,0.12344692,128.2733,68.479,0.071853206
604,178.04929,47.237022,0.044848315,556.6706,591.17535,0.052669216,562.63116,570.584,0.1894742,161.10374,53.21618,0.09565239,163.50444,66.9769,0.14621344,562.5023,568.33167,0.12667204,565.11707,587.122,0.15888822,150.65947,60.98313,0.06097637,168.76909,78.77725,0.06279925,146.20825,61.588047,0.1352905,128.12192,68.684105,0.07446206
605,178.37961,47.215908,0.04650515,556.9588,591.137,0.051391087,562.4159,570.892,0.17979196,161.02994,52.91918,0.10412231,163.28015,67.14645,0.1612984,562.42816,568.9044,0.1333042,565.02655,587.59265,0.1656568,150.94186,61.114693,0.06434816,168.59029,78.45978,0.064515546,159.42592,49.238613,0.13324504,127.96605,68.55686,0.071590446
606,178.38536,47.55603,0.0428407,556.5533,591.14185,0.052282568,562.6236,570.7105,0.17635591,160.8165,53.180477,0.111327045,162.95552,67.39427,0.17118156,562.3734,568.26935,0.13489743,565.1972,586.72253,0.1708529,151.27502,61.620926,0.064053945,565.42175,571.09955,0.05769001,146.47589,61.829807,0.137253,127.245155,68.96874,0.08800314
607,179.12042,47.041344,0.04365827,556.3665,591.1129,0.05117922,562.9473,570.86414,0.16955273,160.36174,52.8385,0.12555765,162.39459,67.586464,0.19497485,562.54694,568.1498,0.123182364,565.42255,586.63477,0.15705325,151.58322,61.608837,0.063096985,169.32799,78.33241,0.06099262,146.98679,61.81379,0.15246095,127.0991,69.24992,0.10272153
608,179.00967,46.84339,0.052258562,556.7004,591.02673,0.04938051,562.78076,570.98,0.17514688,160.44217,53.000763,0.123195484,162.34694,68.01412,0.17752746,562.5581,568.6481,0.12775329,565.09,587.13684,0.17167471,151.22163,61.665947,0.0620482,565.38025,571.1735,0.05475103,158.6148,49.589794,0.15374407,127.295906,68.90021,0.09112065
609,178.90276,46.833565,0.05597431,556.49805,591.0438,0.048040453,563.16394,571.2007,0.17106302,160.20074,52.93441,0.12459034,162.12054,68.29884,0.17293827,562.8618,568.75793,0.11830388,167.8543,74.02325,0.15869452,151.31894,61.682964,0.062689595,402.25427,284.53033,0.055956744,158.36212,49.49241,0.1522654,126.92375,69.16648,0.09354288
610,178.9929,46.80409,0.054547105,556.35944,591.06555,0.04607241,563.3374,571.1886,0.16829725,159.6296,52.508232,0.1199232,161.74599,68.24266,0.17171414,158.28053,70.361465,0.12388257,160.81883,75.98875,0.1580215,164.29726,73.27136,0.05932702,168.66098,79.148254,0.061251868,146.99559,61.340992,0.14697947,126.61846,69.08483,0.09143149
611,178.85387,46.640816,0.055068653,556.25214,590.9402,0.047223136,563.3114,571.0077,0.17097831,159.28038,52.274906,0.11891569,161.3093,68.52231,0.17500843,157.83412,70.58992,0.13139082,160.43379,76.32852,0.16245863,164.51375,73.34246,0.062076118,168.79565,79.31536,0.06420696,157.30443,50.10239,0.14315712,126.80264,69.29046,0.086155735
612,177.60419,47.589317,0.04374637,555.50494,590.20734,0.036215413,563.8778,571.29236,0.12754196,159.41336,52.558216,0.10059981,161.72943,68.25394,0.13908902,157.42017,70.90764,0.10449008,159.44003,75.62898,0.13579047,465.58945,154.23898,0.06772258,497.77988,536.8491,0.053687207,145.39421,61.242527,0.121744685,126.08266,68.779564,0.043825127
613,322.47943,118.1122,0.037409484,555.6748,590.6247,0.040782794,563.8081,571.33606,0.14849418,159.46466,52.590565,0.09902228,161.80124,68.27048,0.12695189,157.2472,70.98205,0.08510952,567.31213,587.5226,0.1353799,465.46585,154.28319,0.07480116,502.08878,531.82104,0.047468558,145.27695,60.918644,0.12021246,125.94441,68.77742,0.038605902
614,322.50027,118.264595,0.037133273,555.4803,590.19324,0.038498797,564.03345,571.15405,0.13365099,159.3642,52.467285,0.09029025,161.97763,68.29961,0.12278468,157.57489,70.98341,0.074160896,567.5695,586.9714,0.12624942,465.79605,154.60745,0.064415,501.33435,531.40546,0.08691461,145.02809,60.529312,0.120453425,396.63034,187.1018,0.03177018
615,177.90526,47.139477,0.04032901,555.72656,590.61066,0.041625436,563.8471,571.24896,0.1461137,161.32642,48.95897,0.09992531,161.47688,68.07263,0.13908908,157.56543,70.49472,0.10958027,159.77357,75.10407,0.14124638,152.53125,61.264072,0.05717996,501.39734,531.0826,0.08146434,146.87819,47.79873,0.13132238,316.4753,394.93643,0.02827544
616,178.39957,46.65907,0.06310707,555.75085,590.4689,0.041798823,563.86707,571.30945,0.13991939,158.80426,51.27608,0.13275948,160.76907,69.02049,0.18793544,157.89728,70.43845,0.16471627,164.22086,75.76129,0.18471718,169.4519,75.284744,0.06209287,167.10718,83.47993,0.08111286,146.63387,60.424488,0.14643465,126.359276,68.675896,0.051723506
617,178.60107,45.901993,0.065816514,277.94232,453.94122,0.04020244,564.13275,571.21655,0.1315413,159.1388,48.284004,0.151152,160.1817,68.315956,0.18588321,157.43288,69.9167,0.17503487,160.62103,75.790276,0.18748409,169.33899,75.034004,0.063174136,168.69806,78.84933,0.077092044,146.35797,59.304234,0.1422223,126.317276,67.98978,0.053814992
618,178.71971,45.680145,0.07410072,276.55682,438.26477,0.03994201,563.9617,571.36536,0.13464825,158.19527,48.208496,0.16612655,159.5726,68.57945,0.1909301,157.21222,70.05294,0.1953511,160.90146,76.507805,0.20169832,169.75601,75.19011,0.06883846,501.91046,530.6158,0.10812436,146.69014,48.000774,0.1440593,126.210625,68.14648,0.05859823
619,178.61002,46.076263,0.06802893,468.48834,101.98537,0.035540376,563.8852,571.2521,0.13063464,158.16653,48.090164,0.16985838,155.7426,65.90024,0.20430225,156.53697,70.49434,0.21797533,160.39052,77.30151,0.2111484,170.00153,75.36385,0.06412811,501.70184,530.45935,0.13212983,146.48283,48.32844,0.14328326,126.11241,68.5266,0.06428673
620,178.313,46.480743,0.056878228,468.48877,101.88904,0.040836766,563.732,571.344,0.13719113,157.6477,47.75613,0.17139576,155.26256,65.86458,0.18653914,156.1809,69.74538,0.19481571,159.86295,76.28131,0.20631938,466.00464,154.67126,0.07001521,501.75647,530.376,0.12932639,145.92792,48.40853,0.1442643,143.255,70.81294,0.048840586
621,178.57681,45.99134,0.06464504,468.41156,101.799866,0.03964087,171.94136,48.292313,0.12538244,157.09421,47.510452,0.17696944,155.01984,65.34694,0.18615659,156.40051,68.355316,0.20793013,160.74911,75.57518,0.24750361,465.9321,154.4306,0.07742238,168.73584,95.39088,0.0784361,145.96808,48.699574,0.15338618,143.13538,70.06726,0.06518775
622,178.04256,46.37139,0.057098757,468.52466,101.91217,0.040836513,172.46838,48.000984,0.11914807,156.79819,47.290623,0.17344414,154.4894,65.46471,0.18204008,155.91331,69.09607,0.19044204,159.74878,75.706314,0.2201421,466.0702,154.4206,0.07788452,502.12424,530.4989,0.110857345,145.63422,48.704765,0.15482572,143.0614,70.489876,0.056463495
623,177.79031,46.54326,0.044113062,468.60416,101.69079,0.04045448,172.54109,47.66654,0.11700791,156.78415,46.71156,0.1631329,154.30078,65.27886,0.16374962,155.89958,68.9759,0.1641271,159.27113,74.69725,0.19942576,466.21707,154.68375,0.0700098,502.71857,523.16266,0.08365373,145.49507,48.647774,0.15554658,141.06007,58.51834,0.046205327
624,330.64273,110.87984,0.041364558,277.36462,438.43515,0.047579564,569.4912,451.71375,0.10911923,158.45433,46.617123,0.1309746,153.55644,56.4263,0.12923586,156.54642,68.49743,0.11022088,159.02847,72.992004,0.15892667,498.78375,525.50977,0.0674572,501.43243,529.5147,0.21800646,145.61552,48.251297,0.1572872,125.21044,67.77018,0.044751156
625,573.3592,430.4579,0.051166844,278.04062,438.91696,0.04173165,568.9898,451.73795,0.11737951,157.48927,46.488304,0.15367424,149.9501,56.99658,0.14694469,155.7745,69.43789,0.14685068,158.50687,74.45546,0.16184506,498.52884,525.0562,0.07726456,502.02765,522.7289,0.19448595,145.72366,48.581974,0.14963801,125.23533,68.30864,0.06761446
626,573.25806,430.31216,0.049727067,445.22592,155.7059,0.038326867,569.0161,451.72623,0.11794675,157.66118,46.350677,0.13539818,149.62964,56.30834,0.14548658,155.81349,69.24525,0.12737493,581.616,457.51666,0.15892151,464.23254,140.46898,0.09203695,501.96222,521.8069,0.22733228,145.2525,48.161854,0.13301156,124.7308,68.34803,0.052641798
627,573.22797,430.345,0.04850272,469.08792,102.27421,0.03749735,569.076,451.75436,0.11381527,156.73393,46.026073,0.14908232,149.07166,56.64959,0.1637977,155.41841,69.316025,0.14157261,158.115,74.32973,0.1639296,499.4909,524.25323,0.094892524,502.4884,521.7048,0.27256283,144.93188,48.612362,0.13823207,124.16708,68.05919,0.05623935
628,573.3314,430.36252,0.051317822,153.63448,46.879578,0.0384814,569.09314,451.6382,0.11638103,156.6441,45.564903,0.16097532,150.28949,65.24654,0.17041731,154.92342,67.65404,0.13981707,158.071,73.37628,0.21255845,500.51807,524.0511,0.08069738,502.91272,521.25757,0.29204336,145.13579,49.19044,0.15089072,123.53815,68.1004,0.058404293
629,573.30115,430.4755,0.052227866,573.0049,430.73398,0.037516844,569.2774,451.60092,0.10519735,156.6802,45.368427,0.16509609,151.01479,65.53493,0.1806577,155.29752,67.736885,0.12790194,161.1923,72.3897,0.20555535,168.9279,74.425896,0.077552795,504.27374,521.1603,0.32629645,145.43094,48.89475,0.15100825,123.86748,68.54299,0.045821052
630,573.17554,430.59,0.05092004,572.98444,430.70117,0.038974587,569.4758,451.35434,0.104053564,156.39194,45.610725,0.15971607,150.66101,65.87063,0.17709246,155.08847,67.79563,0.110167116,161.09059,72.40282,0.20614868,163.80652,72.95817,0.07601785,505.12775,520.70465,0.33467463,145.3112,49.022053,0.14334197,114.596436,66.119255,0.042021643
631,176.97089,47.10341,0.047757395,153.30632,47.14563,0.042646587,167.66109,66.10199,0.10365219,156.94902,45.99644,0.15394072,150.88982,66.2561,0.16142711,491.05215,523.64307,0.108176924,161.87944,72.29753,0.20831925,501.4247,523.20325,0.07040647,504.19507,519.9732,0.3288759,140.10435,61.217323,0.15743744,114.49711,66.1798,0.040967084
632,155.0844,46.45871,0.0498726,152.9486,47.34011,0.047663003,167.62367,65.93235,0.09824708,156.86206,46.186874,0.15296803,151.4022,66.26838,0.17228004,490.57996,524.1241,0.13358952,161.82167,72.12,0.21557033,500.74805,518.43475,0.07921046,504.5989,519.5718,0.32711533,146.26132,60.5182,0.15138626,114.30754,66.504196,0.04310162
633,155.34644,46.193535,0.053928737,153.14056,47.201862,0.049819153,167.70773,65.99967,0.09970227,156.48022,45.864082,0.16115318,151.06473,65.84506,0.19254616,165.18736,56.47367,0.09577267,161.92632,71.98814,0.21954592,163.65073,72.98654,0.07832147,503.0157,519.1569,0.2673942,140.54253,61.210426,0.15472496,142.57419,70.298035,0.055596545
634,155.38927,45.5415,0.05629677,153.09909,46.923016,0.04593832,168.16983,66.32427,0.104406215,155.87965,44.926754,0.15872939,150.3473,65.68924,0.18766297,490.31604,523.91595,0.10349934,161.26077,72.079666,0.19831821,501.80325,510.4953,0.084664054,503.054,519.086,0.29323792,144.67433,48.68524,0.1422292,143.04176,70.20318,0.043267615
635,155.70296,45.18596,0.05116701,153.28313,46.68544,0.039678063,169.09668,66.422745,0.096850276,155.01892,44.049328,0.14990705,148.277,55.7387,0.17038052,490.3094,523.8451,0.09057448,161.35033,71.40241,0.17729382,499.66666,522.7946,0.09108135,502.7055,519.34894,0.23876293,144.43332,47.901344,0.16051465,444.04688,234.38225,0.030432293
636,154.64403,46.881447,0.03297698,451.67905,102.04657,0.03669656,146.12135,48.235336,0.07545703,157.32013,45.141968,0.10903408,148.6711,55.358818,0.13563223,488.7137,526.3718,0.13737988,487.19925,536.8573,0.17841975,499.97595,523.48157,0.085264206,503.7262,520.26654,0.27256927,138.9378,59.890224,0.13910145,477.66043,220.27406,0.030802527
637,154.9671,46.466625,0.037974518,451.7442,102.21876,0.037558895,145.89612,48.45436,0.08163052,282.46042,181.68915,0.11347308,148.32513,55.311783,0.14235762,488.39587,526.2379,0.14714018,489.0074,533.8377,0.17706788,499.7981,522.8527,0.09524358,503.83478,519.7422,0.25803837,139.09364,60.15749,0.13907784,444.27548,234.65613,0.03155878
638,155.6749,45.738827,0.042523976,452.02646,102.25664,0.041738022,145.13867,48.43725,0.08187038,155.41568,44.605537,0.120895326,147.43819,55.576782,0.15015273,487.986,526.3033,0.16338073,488.67953,533.8744,0.1897503,497.33917,509.90784,0.097652,504.2586,519.6708,0.25832027,138.94742,60.199417,0.15342061,477.7254,220.15724,0.033252172
639,442.70474,89.02716,0.036071286,452.00494,102.20961,0.043118052,144.66872,48.565796,0.09319399,277.791,180.89197,0.09816078,147.5133,54.585712,0.12559745,488.28192,525.536,0.14386672,488.7715,532.9713,0.17133798,501.97382,510.098,0.10156818,500.9027,520.2947,0.23449045,137.97769,60.17115,0.14966896,396.08755,282.55167,0.035308514
640,495.5295,508.18997,0.045221295,451.97458,102.272156,0.046674114,144.56108,48.82575,0.0763176,277.69247,180.62897,0.10753372,147.25858,55.341846,0.12568496,487.05545,526.36316,0.16286808,487.63895,533.7875,0.20947906,497.8842,509.82846,0.09611138,501.63702,520.575,0.27362645,138.15851,60.59099,0.15474844,444.00626,234.57867,0.03321836
641,156.09845,45.982674,0.048679117,452.06055,102.422676,0.051636696,144.42531,48.68765,0.08157263,154.97069,45.198013,0.12706545,146.9175,56.06688,0.14666133,487.53616,525.6738,0.14580545,488.03506,533.0442,0.18669471,502.1257,509.97632,0.10186496,500.85254,520.51587,0.2470792,138.64986,60.977486,0.15790753,113.10353,66.04339,0.037986245
642,156.05573,46.11334,0.047537163,452.02124,102.5855,0.048934285,144.17923,48.856857,0.0863849,155.01321,45.06994,0.11905964,146.86545,55.787117,0.15117006,487.53256,525.32495,0.139597,487.97125,532.583,0.18017285,502.2214,509.89297,0.102021776,501.12445,520.23627,0.24667118,142.71252,49.728127,0.155622,113.14827,66.045044,0.036776442
643,156.54707,45.98342,0.050861422,294.94748,182.46976,0.057734173,145.5218,62.650536,0.09052208,146.30977,46.964657,0.12340552,146.762,56.29057,0.15118088,486.67245,526.1778,0.17509519,487.69693,533.63556,0.2230425,498.148,509.8055,0.09260158,504.82034,518.7625,0.26408634,142.57211,49.900185,0.16853958,112.984535,66.33658,0.04188242
644,162.89418,44.695236,0.0528731,294.75497,182.37427,0.057117894,145.51184,62.629333,0.08622959,282.48334,181.16704,0.12769212,147.6607,65.6168,0.14648332,486.77515,525.69714,0.16509846,487.80502,533.4096,0.2310757,502.15784,509.48822,0.09379745,500.91693,520.67596,0.21746743,142.70241,49.811092,0.1618303,112.74707,66.3684,0.039925076
645,145.79352,48.738342,0.053987153,295.05597,182.90993,0.056427125,138.58896,64.81309,0.08978162,145.6637,47.201603,0.13890281,280.68692,189.82445,0.14955838,486.21494,526.0473,0.17383984,487.46088,533.97015,0.24094707,497.3993,509.62335,0.08636801,500.95184,520.6839,0.2270263,141.70476,50.02032,0.15908371,130.00258,72.12612,0.04134677
646,146.15703,48.617096,0.053102482,294.20535,182.83878,0.04529628,138.71648,64.337555,0.08822256,145.54578,46.706707,0.14340775,146.88365,65.42066,0.14821133,485.93015,526.15204,0.19500783,487.8013,534.0114,0.2641539,486.23004,536.60596,0.07937542,504.6508,518.58417,0.22456373,141.56264,50.335293,0.1637842,129.94489,71.86081,0.04224827
647,495.78357,507.04752,0.054325134,294.93246,183.41193,0.047004376,138.70166,64.453835,0.09051825,145.3758,46.009644,0.14786433,146.63885,65.235886,0.16650617,480.4232,525.9651,0.19655365,487.16446,533.9132,0.28051454,486.13528,536.2891,0.08473982,504.0663,515.5565,0.21445961,132.10661,61.14815,0.16615494,129.56143,71.90831,0.04860006
648,496.60406,505.7467,0.06614519,452.43198,102.492714,0.036096208,477.24884,528.38837,0.1088635,145.32486,46.321342,0.1415754,141.64946,56.5541,0.14318198,480.60428,527.0005,0.25692597,484.4598,534.61633,0.32462096,498.345,509.90292,0.08643628,505.3804,516.2608,0.26293468,131.944,61.199726,0.15493278,478.59125,533.79016,0.055519495
649,496.62283,505.85095,0.06514229,452.4724,102.502815,0.035016336,477.69067,528.5537,0.10227662,145.52272,46.3252,0.12196388,482.34695,520.5232,0.13419321,480.99197,526.75555,0.25396547,487.62357,535.10974,0.3187085,498.68735,509.3825,0.09426296,505.803,516.13824,0.27601555,141.57738,49.677124,0.15021904,394.6573,186.43927,0.04597539
650,495.77106,506.83704,0.05925652,452.51376,102.54358,0.035822347,477.61844,528.8746,0.0991989,144.88371,45.38813,0.13705197,141.24257,55.615677,0.15544486,480.86423,526.18384,0.23332761,487.49194,534.4736,0.29721698,486.4033,536.04474,0.086255394,504.93222,516.1116,0.21799934,140.87387,50.28505,0.15863812,394.83487,186.55653,0.043632027
651,495.90298,506.452,0.060143966,452.4251,102.56314,0.037033413,477.81903,528.6329,0.11045721,144.98381,45.396988,0.14391623,141.37308,55.868156,0.15928407,481.44183,526.76624,0.2609732,484.87152,535.09705,0.30954713,498.39612,509.73212,0.09282274,505.4097,516.33057,0.2115681,140.84663,50.666832,0.17063363,478.624,534.3286,0.050330438
652,496.1306,505.8919,0.06437351,498.9403,508.3068,0.035827048,477.8055,528.37146,0.11386085,144.98697,45.632416,0.13687232,141.40195,55.92449,0.14719975,481.5007,527.03467,0.27478564,484.88632,535.0564,0.33723024,486.89032,535.8142,0.0917299,505.99832,516.2552,0.21980526,140.77776,50.49817,0.1640591,478.4004,534.3271,0.062289182
653,496.09628,506.113,0.06517771,452.47116,102.559814,0.03489246,477.4908,528.5825,0.1126785,144.88026,45.308224,0.13872382,141.30385,55.469704,0.14520659,481.23956,527.02936,0.27024055,484.671,535.25055,0.32447547,486.81158,535.9336,0.09569282,505.50146,516.25195,0.20835462,132.0112,60.227093,0.15908036,478.51462,534.3972,0.05999321
654,496.17053,506.05978,0.06032581,452.49414,102.45183,0.033411466,477.0782,528.6872,0.113872245,145.25964,46.24548,0.13569073,482.04153,521.04736,0.13592048,480.8523,527.2528,0.2721143,484.63977,535.63525,0.3293281,486.84076,536.10425,0.09924445,504.99878,516.1085,0.19665387,131.56732,60.93114,0.16373709,478.5724,534.1717,0.06376693
655,162.85608,45.37522,0.061056472,498.88193,508.4945,0.033118516,477.2911,528.5441,0.119011335,145.34435,46.01742,0.1403687,482.1368,521.15704,0.13858591,481.1035,527.3623,0.27807662,484.81534,535.8123,0.3348871,486.93243,536.0383,0.098102294,505.32394,516.20166,0.19446582,141.07735,50.506462,0.16912632,478.5331,534.2676,0.065752685
656,163.09192,44.91995,0.06214846,133.60658,32.736763,0.033477053,477.09982,528.74677,0.114111796,144.12697,45.139053,0.15038693,140.79955,55.500366,0.15550658,481.02176,527.1312,0.2667544,484.74823,535.7229,0.3225494,486.7211,536.0886,0.0999983,504.48367,516.05566,0.17119624,132.06374,60.507732,0.16560262,478.6079,534.34375,0.061313238
657,162.58797,45.349747,0.0597862,452.594,102.352066,0.031061638,477.00482,528.5261,0.12724848,144.35452,45.205536,0.13741551,140.95084,54.818443,0.13880613,480.79095,527.3993,0.2767694,484.4922,535.99146,0.3539296,486.91263,536.00616,0.1016398,504.4412,516.1793,0.17687124,140.16489,50.382187,0.15357748,478.20486,534.6248,0.07328722
658,162.8744,44.960472,0.059593666,172.56516,78.155975,0.031873487,476.77948,528.8149,0.12523392,144.09859,44.835014,0.145294,140.72018,54.764168,0.14647652,480.6894,527.35126,0.27432576,484.27808,536.1314,0.33788657,486.72864,536.2582,0.10268173,504.10138,516.25183,0.18526134,131.8553,59.962944,0.16557218,478.4303,534.4941,0.06829532
659,163.13757,44.817066,0.061439555,172.69466,78.25755,0.03457994,476.79886,528.6604,0.117910646,144.00879,45.110462,0.15422268,140.67224,55.433804,0.15074503,480.65768,527.22766,0.27887765,484.308,535.9176,0.34362164,486.67142,536.18494,0.1016432,504.53293,516.07135,0.20383754,139.80562,50.76837,0.16598056,478.44952,534.2879,0.06647729
660,162.43346,45.04585,0.06607154,452.58444,102.30819,0.03602933,477.16736,528.1132,0.13479172,144.88329,45.551834,0.14593977,481.9823,521.20654,0.1359293,480.86963,527.2632,0.28506547,484.4602,535.84216,0.37335926,487.08414,535.70447,0.100195564,504.753,515.9046,0.2050969,140.9355,50.21907,0.13637213,477.90353,534.34924,0.068577126
661,513.003,509.81732,0.054476287,452.62567,102.28608,0.032735743,476.89294,528.5428,0.1246062,143.845,40.13499,0.13342293,140.07358,54.466175,0.14091581,480.6376,526.6844,0.2555473,484.06418,535.5956,0.3341254,502.7301,508.99448,0.11468735,504.26926,515.22754,0.20613925,130.65,60.18539,0.12673077,478.3614,534.3067,0.05490546
662,512.89404,509.87415,0.05350184,452.57947,102.35828,0.037162006,477.17084,528.1773,0.12977217,144.32101,45.36384,0.12627496,482.05246,521.34265,0.12845398,480.85107,526.8086,0.27034324,484.18787,535.6164,0.37563905,502.5051,509.04874,0.11621674,504.12003,515.4204,0.17488724,130.4409,60.467484,0.12055817,477.8282,534.85693,0.063930206
663,512.98285,509.85983,0.055377975,452.51007,102.43494,0.038786847,477.33017,528.2291,0.12457553,144.26312,45.434296,0.11858612,482.02936,521.4158,0.12914842,481.00085,527.0461,0.26914448,484.46094,535.99786,0.36946687,502.39163,509.37912,0.11333741,504.3437,515.862,0.17247507,129.98248,60.753326,0.11606071,477.9604,534.7099,0.06376788
664,512.5704,509.89636,0.055287138,452.54587,102.34938,0.03961993,477.0803,528.722,0.12556581,144.4115,45.619892,0.11100277,482.00577,521.517,0.117994905,476.8781,529.3273,0.2466325,483.9758,536.6064,0.3509932,502.39328,509.12225,0.106834725,504.1794,515.633,0.15934141,129.63988,60.86599,0.109390706,477.93808,534.85846,0.0632802
665,496.11053,506.13812,0.059356816,452.51935,102.36762,0.042179633,477.24286,528.32697,0.12713335,144.2722,45.49377,0.11597848,481.99524,521.3728,0.1285831,480.98575,527.2117,0.26400477,484.3288,536.15045,0.35835555,486.96497,535.82654,0.097499706,505.01346,516.07806,0.19784424,129.91562,61.009777,0.11162956,478.15286,534.70325,0.06679812
666,496.2996,505.95715,0.06332159,452.5925,102.30771,0.043273885,477.2935,528.2523,0.12748586,144.41069,45.229088,0.11747906,481.89767,521.3931,0.12945515,480.9558,527.34686,0.27314833,484.39246,536.38434,0.3709148,502.64188,509.27597,0.099595435,505.0542,516.05585,0.20390233,130.7391,60.582607,0.12564982,478.06284,534.6672,0.06886344
667,495.86447,506.58643,0.059665345,452.57077,102.311005,0.042792533,476.98044,528.8319,0.12276165,144.29625,40.106445,0.10904823,484.14175,515.10046,0.11867657,480.90668,527.04596,0.24968089,483.8245,536.67834,0.34514537,502.55814,509.38425,0.11181945,504.45096,515.91187,0.18301027,130.3181,60.419373,0.11270605,478.1357,534.8173,0.06311594
668,495.54785,506.9092,0.05708915,452.5726,102.41982,0.04514351,476.6482,529.0057,0.1182975,143.98352,39.814754,0.1128595,484.1204,515.3258,0.11730012,476.32098,529.53314,0.24201359,483.42615,536.96985,0.33610988,502.4863,509.58304,0.11977611,501.03055,520.6276,0.17554502,130.41214,60.0803,0.113997996,478.11035,534.81366,0.057765786
669,496.00977,506.40906,0.061286278,452.5393,102.40297,0.04356801,476.72327,528.54224,0.12426258,144.05814,40.0984,0.12028878,481.8905,521.43854,0.12268375,476.52136,529.44324,0.2514267,483.6588,536.7327,0.3582015,502.3777,509.60284,0.11569454,501.36426,520.431,0.1952043,130.658,60.142654,0.12304655,478.05533,534.7545,0.061416164
670,495.90204,506.3932,0.057715632,452.4369,102.36612,0.041658856,476.93262,528.511,0.1257814,144.14111,40.277477,0.107478745,482.1605,521.98737,0.11828175,480.73083,526.9596,0.24385461,483.93472,536.31696,0.34603944,502.30298,509.79623,0.11243939,500.80426,520.6368,0.18814598,130.18828,60.241123,0.10847223,478.28757,535.08466,0.056846254
671,495.75543,506.4742,0.058460537,452.50012,102.34685,0.04086373,484.1739,534.8379,0.13182646,144.34026,40.199173,0.09670049,482.32657,522.4471,0.12231063,480.94196,527.16473,0.24909629,484.32758,536.80023,0.34504533,502.2728,510.14825,0.09520516,500.9806,520.8441,0.18834502,129.8622,60.224136,0.10701105,478.195,535.19196,0.065182194
672,495.66995,507.00482,0.051435877,452.42987,102.461525,0.045935307,476.21152,529.152,0.11839479,144.73979,45.64212,0.122162335,141.31403,54.64678,0.12903938,480.28046,526.536,0.2249219,482.83148,536.025,0.31311467,502.2228,509.72974,0.10834258,500.2188,521.0114,0.18627198,130.93819,60.07347,0.11383198,478.5929,534.6191,0.04872584
673,495.71448,506.69196,0.059239067,452.2552,102.45634,0.044068515,477.00888,528.8439,0.11749339,144.76894,45.61465,0.12649344,141.34628,54.795193,0.1303349,480.9745,526.9588,0.24636184,483.71234,536.12177,0.33485934,486.71912,536.2987,0.0965452,505.62717,519.51605,0.19154295,131.12563,60.127293,0.12692547,478.38196,534.847,0.060900025
674,495.90982,506.1634,0.062691934,452.17285,102.55102,0.04513589,477.80704,528.3892,0.11590831,145.20998,46.132347,0.13090539,482.6929,522.2147,0.12960887,481.55045,527.09015,0.2596392,484.8495,535.91766,0.33925328,486.95566,536.2036,0.09104451,506.52142,519.9699,0.19410297,131.42668,60.713863,0.12596536,478.48337,534.7588,0.06930466
675,162.96008,45.077347,0.06333603,452.23138,102.53809,0.042800926,478.04404,528.3638,0.11994643,144.01329,44.922794,0.15270837,140.58568,55.263596,0.15166496,481.7729,527.0375,0.25146973,484.8815,536.01276,0.32857066,487.09848,536.2493,0.09120056,506.7673,520.47034,0.18846673,132.20299,59.773342,0.15781385,478.31058,534.95776,0.06978354
676,495.35983,506.5611,0.05323232,452.23508,102.57023,0.038722597,485.2222,535.6686,0.114726745,143.8403,40.28864,0.15742694,140.22255,54.653732,0.15983218,486.3156,526.631,0.23732695,485.41507,536.10693,0.30225185,487.02228,536.55725,0.08993335,506.99695,520.8471,0.15230632,132.2097,59.33222,0.16796347,478.4686,535.0846,0.06091458
677,163.15562,45.262367,0.053945206,452.3775,102.58834,0.03450853,485.74365,535.9704,0.12847811,143.71022,40.212166,0.15595594,139.91411,54.647835,0.16099086,486.92377,526.3144,0.23966387,487.02176,535.57104,0.30962998,486.77234,536.61475,0.09541688,510.526,520.66003,0.15213376,132.2299,59.13489,0.15960449,478.94492,535.32355,0.05979689
678,495.31995,506.2888,0.05560587,389.51968,183.00938,0.037180454,485.7772,535.6614,0.1385498,143.10373,39.937233,0.14782834,139.08577,54.127357,0.14914027,486.84854,526.2198,0.24850681,487.3871,535.7485,0.33965936,486.73785,536.5206,0.09742361,510.69308,520.97943,0.16970882,131.19107,53.392857,0.15840076,478.39478,535.618,0.06254191
679,495.08255,506.4685,0.05685846,269.02878,173.75623,0.051129907,486.88214,535.6265,0.14099213,143.4417,44.811413,0.1457266,139.6896,54.7637,0.13806812,487.3662,526.4117,0.27185136,488.52545,535.7403,0.3707843,486.33755,536.3523,0.09445587,512.0609,520.79285,0.19799599,131.42755,59.66198,0.14526615,478.78043,535.3564,0.057203054
680,494.51578,506.92746,0.05070064,268.89398,173.08067,0.045672275,487.08917,535.6215,0.16345184,143.64992,45.74303,0.14347039,139.7833,55.307774,0.12508586,488.13303,526.1635,0.26006907,489.61685,536.4841,0.36694804,488.98648,537.6723,0.09702914,512.3171,521.7291,0.18152171,131.02739,60.710133,0.14195074,110.80832,67.52032,0.07281093
681,494.46268,506.90024,0.04823621,486.80032,542.8883,0.04847882,488.1445,536.02563,0.16691242,143.47087,46.53609,0.14279585,139.25328,56.550575,0.1154993,488.5445,525.9968,0.26750764,491.41562,536.1388,0.37977406,444.19366,136.98764,0.16548364,512.84357,521.9498,0.17881475,130.68825,60.997276,0.13792177,110.57822,67.87674,0.07359585
682,493.48895,507.80353,0.048129197,452.66824,85.834465,0.041570533,488.48984,537.1726,0.13949463,142.57294,46.909065,0.16717641,143.57228,67.35753,0.16012491,490.12943,525.5594,0.23938034,495.11096,535.407,0.33266962,487.6625,537.6657,0.09703587,513.3296,521.685,0.17254491,131.09073,61.717472,0.14189348,110.2215,68.70291,0.09352612
683,137.74127,48.60604,0.045822952,452.84427,85.9443,0.04038975,492.2186,529.77673,0.11418772,143.33691,47.69704,0.15437692,143.4858,67.967804,0.17568263,491.61844,525.1067,0.21168897,498.36148,535.97003,0.30002245,153.17934,74.9385,0.07629471,514.324,521.61926,0.14334545,131.03812,62.450928,0.13168961,109.56055,69.66515,0.110171765
684,512.4774,508.44104,0.06541554,295.90805,439.843,0.04389454,492.63596,529.22754,0.10448223,141.97101,57.3452,0.13803576,138.33679,67.10684,0.18334563,492.03796,525.3541,0.21804321,499.10593,536.16785,0.30182353,443.5902,137.10019,0.13956474,516.9931,520.65466,0.20426941,130.51628,63.230694,0.16053101,109.17035,71.348785,0.08993839
685,512.55566,507.7323,0.066612996,136.76675,47.155334,0.03722633,493.22214,528.9607,0.114713944,139.75768,56.474342,0.13381219,134.21147,66.84708,0.20350459,497.20166,526.01245,0.24332277,499.79446,535.19794,0.31095806,514.3378,517.9169,0.11846581,520.84644,517.358,0.2247993,130.3309,63.956745,0.16031031,114.10378,75.362625,0.10342406
686,512.5703,506.71243,0.06350829,407.0952,280.28214,0.033357978,494.47168,528.44543,0.10263552,132.25742,52.89924,0.11737234,132.35757,67.61665,0.2079888,498.06036,526.12335,0.2802316,504.72012,535.2745,0.31677535,516.6989,518.2267,0.10513699,528.9142,520.016,0.27348945,129.53798,64.426476,0.15204304,112.59475,76.349525,0.10755346
687,528.9361,509.823,0.054547966,492.0127,542.5809,0.03565159,502.8268,537.8808,0.11187167,267.1125,182.02605,0.12314415,266.47833,189.11783,0.17437504,503.4432,524.9444,0.20925222,505.96005,533.3079,0.25778398,516.2111,519.21655,0.089121275,529.0655,520.304,0.20653573,127.89453,63.02391,0.120111465,97.25999,68.25858,0.045817997
688,427.6188,72.71447,0.03867624,278.32254,182.16936,0.044077147,503.01407,538.9931,0.09340022,266.30597,181.7083,0.14720222,265.8129,189.14284,0.18336472,505.362,523.94385,0.19143224,507.7265,532.57733,0.2478207,527.3629,518.71375,0.094137505,529.43933,520.2454,0.16280946,126.56892,64.751205,0.13780704,96.04306,81.45119,0.052641653
689,270.3253,172.63098,0.068862475,536.0892,502.98288,0.05428172,508.0495,529.56274,0.093914084,265.8855,181.12881,0.20464942,265.4871,189.0788,0.247009,506.65167,523.37823,0.18512511,509.97607,532.1618,0.24622664,528.0475,519.297,0.09345493,530.3599,521.1926,0.10405704,114.00384,63.175484,0.11238082,95.26941,81.1134,0.058400813
690,232.56844,157.21236,0.038934104,279.09396,183.09637,0.058665197,122.670135,79.06599,0.088723406,266.2422,181.89932,0.15123145,265.8439,189.2187,0.17702007,126.93811,67.81234,0.12476716,130.34625,87.70055,0.19154625,528.5578,518.65753,0.08283559,532.9568,506.8227,0.11588057,124.35338,66.791336,0.12544009,95.61698,81.93499,0.050351277
691,270.5221,172.34398,0.104128614,279.88385,182.75694,0.06841598,514.45184,523.4598,0.10403461,265.84567,181.13861,0.18835366,265.1095,189.98418,0.22886334,513.3304,523.8854,0.18434583,520.53796,533.1771,0.24130037,529.902,519.24567,0.114440545,533.6926,506.0172,0.13751635,113.20085,63.855995,0.1017305,94.0417,82.55639,0.06599737
692,271.11853,171.99028,0.16401368,279.42798,182.45456,0.087645255,517.0213,523.67334,0.103667475,265.61417,181.4987,0.17190792,264.75208,190.7205,0.2058669,515.95685,522.78217,0.13548763,523.0219,532.1492,0.22504465,530.9556,518.9527,0.09294788,534.5353,505.8436,0.12916753,112.15182,64.171906,0.07396085,91.58926,83.1499,0.11327651
693,270.22168,172.245,0.07595238,278.23587,182.11876,0.05912244,106.89074,81.3749,0.09273963,266.5297,182.08846,0.10853703,265.44232,196.81726,0.12742418,521.8647,521.46155,0.09722558,525.1034,530.5301,0.17078784,475.90912,330.23462,0.072459914,536.16693,505.7299,0.12168284,155.92043,189.03273,0.073902056,89.86656,84.36406,0.16274238
694,250.19313,166.6958,0.100955956,224.87093,166.65912,0.07663217,106.07709,80.88473,0.11253855,362.57162,165.66953,0.13662577,250.87666,190.12474,0.16293931,529.006,522.2309,0.111238144,528.6655,530.65186,0.17964719,412.61188,120.87791,0.15313031,262.52097,180.37544,0.094741784,155.84433,188.93071,0.084045485,84.712234,83.62761,0.057551056
695,250.99194,166.26688,0.09815051,253.1321,175.74472,0.06601619,112.014786,79.6104,0.09656339,251.59283,182.80531,0.1519371,250.64932,189.4753,0.18604715,266.53345,173.17737,0.08919106,538.15,530.97296,0.11895272,412.192,120.889366,0.11514126,263.1605,180.2221,0.08931447,156.07187,188.4017,0.0616461,79.85631,83.479996,0.04254737
696,250.89384,166.3177,0.118101686,224.60458,167.40573,0.09399805,426.10516,212.25917,0.059534367,250.86436,182.25749,0.19439338,249.67174,190.07118,0.2563627,238.38066,182.20242,0.07842638,267.61127,201.1537,0.079250686,411.36713,115.93785,0.11634842,262.55978,180.63628,0.101755306,379.0306,261.58572,0.11147051,252.10194,210.28003,0.051888235
697,252.98187,172.47049,0.12259827,216.37222,167.99493,0.115159534,88.16524,99.14421,0.052369516,250.80905,182.35724,0.18055122,249.5109,190.39572,0.22778971,222.75513,180.37631,0.07990072,267.4036,201.60013,0.0572144,475.65375,328.79773,0.109546,261.2619,180.71214,0.09152157,378.9302,260.88495,0.10179076,356.54773,243.4694,0.047272522
698,254.7519,171.19292,0.15628193,223.91405,168.1545,0.11100919,357.24643,467.02792,0.056644436,249.51285,181.8129,0.18689108,248.3215,190.22218,0.25147653,366.70224,261.82834,0.08757379,391.58206,274.01846,0.069706015,474.71054,315.83893,0.12896493,246.23032,172.59175,0.094918065,238.00256,186.06032,0.11628784,267.99127,148.19682,0.046736762
699,254.98529,170.85321,0.17407179,210.00864,167.57516,0.12512521,379.098,257.13474,0.05175975,249.30624,181.90277,0.16457954,248.22797,189.72066,0.2056672,391.9466,253.13141,0.09207551,393.39914,267.82294,0.062268298,394.96155,105.968285,0.1147253,246.98907,172.14021,0.0995939,374.40137,247.5546,0.112323344,241.79832,194.34854,0.056043394
700,255.73831,170.46303,0.16258734,350.69284,249.25836,0.1750347,378.39346,257.02847,0.08844667,248.6146,181.57481,0.17526805,247.32196,190.80067,0.22346064,390.64105,252.87732,0.10748712,394.1149,267.18118,0.058071993,475.12408,312.82037,0.2204427,248.02429,172.84189,0.102860294,360.2074,244.79614,0.12922297,63.381424,100.798256,0.102597654
701,256.23654,168.87703,0.22388779,208.27226,169.35892,0.2068106,238.4971,187.98274,0.089755125,247.66267,182.13899,0.19368625,235.7895,189.5947,0.26088703,368.3778,259.40195,0.09080975,395.14395,267.14075,0.061862778,476.03052,312.4963,0.17506538,250.5829,178.12799,0.112299584,375.7826,257.29868,0.16903932,62.571022,101.089874,0.09395882
702,233.11626,166.57468,0.17460455,237.65372,176.91562,0.16807595,237.15529,187.22604,0.10895402,236.88455,183.29716,0.15245754,234.64883,190.21898,0.21829121,223.95732,183.95056,0.095793314,394.0851,265.76572,0.069194205,475.773,311.21268,0.22793293,249.64325,178.24985,0.12151504,229.87466,180.72096,0.14574845,61.8735,106.842476,0.18858027
703,235.58371,170.17064,0.23272406,289.9115,137.3514,0.20184796,324.94543,147.79448,0.11504575,235.98425,181.74623,0.1834518,234.47531,189.02591,0.25609455,223.17807,184.26363,0.0866241,347.19788,169.80135,0.058867674,376.22247,92.020065,0.23206185,250.0718,178.24294,0.11878439,323.39084,136.27429,0.14860313,61.22479,108.27438,0.24781574
704,237.15033,169.14012,0.2470114,197.0113,170.03055,0.24079257,377.6321,243.02539,0.12454036,329.73114,149.77348,0.148455,328.9821,158.26697,0.189004,214.26738,171.02014,0.1012813,251.13158,200.2539,0.07055228,417.54953,188.36168,0.21208994,73.06091,115.62008,0.09902647,396.1616,184.808,0.18639761,56.404495,109.82599,0.19661902
705,237.27052,169.61029,0.2051416,198.79329,169.08958,0.19283693,376.6774,241.8884,0.10957164,329.4355,148.17601,0.16564988,328.45526,156.82011,0.22995521,72.170876,110.9281,0.08991392,394.3337,253.25142,0.06499591,474.69327,295.22455,0.29621506,74.80685,115.26689,0.16356562,369.91418,247.88525,0.1438223,53.995365,113.3967,0.30835307
706,239.69203,170.1559,0.16675054,354.6078,168.30544,0.21038765,372.74042,242.28868,0.15676907,234.1429,183.13838,0.13337825,332.25888,77.938034,0.18982272,317.2767,139.06235,0.092587106,394.79535,252.20743,0.06906007,474.12335,292.27097,0.26607427,80.909035,119.02634,0.10496272,427.9043,345.16138,0.1347639,53.679012,115.92376,0.35457638
707,378.3016,218.55406,0.16117902,192.98907,181.87393,0.19191904,371.89474,241.26384,0.19493446,377.52658,231.38783,0.14365937,331.04877,77.18805,0.20723997,353.11124,246.08342,0.091313735,394.62582,250.84145,0.07509126,473.75998,289.58517,0.23868226,231.85933,173.94267,0.08896499,442.82092,281.4004,0.22233629,53.811,118.28606,0.33472157
708,379.1576,215.53606,0.1445612,192.9597,181.81323,0.1852976,372.04965,240.07413,0.1536824,335.08298,55.758896,0.12661119,330.67496,76.247154,0.18589102,76.683846,110.48498,0.12150097,78.95642,127.025375,0.10039221,471.7679,281.48282,0.24222544,232.38339,174.41833,0.10300406,440.45752,272.97705,0.19161743,57.073982,118.03866,0.3177744
709,332.88733,406.9839,0.1405424,335.0854,234.17033,0.1510134,434.76453,336.27728,0.12398882,377.6143,229.70213,0.1112436,330.44412,76.09915,0.16450785,351.63995,244.6931,0.10136779,460.30307,285.2401,0.096489534,472.32956,277.70175,0.29800144,506.836,434.59164,0.10010123,445.76675,272.9723,0.24966279,50.19003,121.24899,0.31008705
710,370.12122,430.51596,0.18662709,370.78928,441.55417,0.18660846,371.28323,229.28629,0.1842615,376.75616,222.5425,0.09570167,364.04825,236.33101,0.12677503,352.26108,243.33687,0.10258972,378.76993,249.34297,0.095154636,473.17233,274.73495,0.27373078,377.14905,223.54428,0.08988145,335.22876,432.7514,0.19691226,51.544117,123.545906,0.25463393
711,401.9093,238.67624,0.16958494,402.9781,250.36763,0.19976574,370.0189,228.19818,0.19346108,380.16718,217.32184,0.1117793,64.82695,118.56715,0.12261891,351.69098,232.61816,0.09571011,315.25684,153.38266,0.07511742,472.1528,273.55743,0.21672814,231.143,177.756,0.09102977,441.87302,265.47076,0.177867,47.44073,128.7869,0.31686872
712,375.4789,430.68347,0.15824825,403.26248,249.52307,0.18995123,433.76538,325.0314,0.18673624,377.34866,216.86324,0.12057599,364.005,222.3718,0.16744387,61.718227,125.502716,0.10789963,59.783066,138.35907,0.09988714,470.76865,261.17474,0.2087854,357.095,418.7438,0.08203911,433.46793,333.64725,0.1855416,46.518345,130.70682,0.37843224
713,249.80385,182.80522,0.17588896,256.52057,201.13402,0.2107757,434.364,321.0463,0.14343941,66.9544,109.05161,0.10888783,362.5137,220.9091,0.16221626,60.605423,126.322235,0.11003791,60.230766,138.35632,0.11481739,470.5912,259.7104,0.26618826,230.26851,179.12099,0.09233662,432.22525,323.30573,0.17881376,45.198215,132.50284,0.42792442
714,248.21762,189.74518,0.16466853,333.41202,219.70242,0.19495761,344.842,420.40106,0.12248714,303.0599,39.46315,0.13703386,300.41162,47.79798,0.1761991,56.044197,138.25407,0.18562444,58.698463,144.06038,0.18212016,471.8467,259.07755,0.20254534,276.84348,197.75922,0.096362725,433.144,322.70273,0.17684299,44.239666,134.31395,0.4548745
715,382.87912,429.89365,0.17247967,385.23526,441.06387,0.22374952,418.8286,439.629,0.14353095,63.752754,115.65993,0.1300985,56.423874,133.00888,0.17636402,54.63437,139.38425,0.20222679,56.182648,150.75359,0.15491837,470.73032,257.60297,0.21183003,59.96877,144.76979,0.10267127,433.68924,321.64822,0.17202291,41.00941,140.4907,0.44412625
716,384.39963,430.01633,0.13873214,386.58655,440.6014,0.20632173,505.44443,402.58112,0.15331522,289.15204,38.23019,0.17407112,285.85834,47.72164,0.25376981,56.758923,141.29112,0.18534394,58.11333,152.64372,0.18286447,463.2085,249.65405,0.106580056,214.34064,179.34373,0.078945555,439.3798,243.96342,0.12623201,41.13469,141.70488,0.42378122
717,386.518,429.49884,0.16574624,388.2594,440.02206,0.18350123,504.8348,401.81042,0.14609332,62.439957,123.199356,0.2037025,282.82117,47.72888,0.22583261,52.600933,152.9236,0.28247252,56.249237,160.77386,0.28751266,469.78403,248.4895,0.16655898,72.58861,142.53218,0.13184462,53.004272,131.3057,0.11632932,39.75613,147.07607,0.49056524
718,386.8449,414.71014,0.15139334,319.49588,219.01324,0.19332081,505.8902,399.5434,0.13901654,61.75572,124.382965,0.20462294,52.909904,146.67006,0.22988373,52.954395,150.36812,0.29934147,55.75975,161.66348,0.29759234,458.8683,242.30045,0.18276596,77.13831,141.28677,0.11300209,53.428055,147.05486,0.16000508,38.81448,151.33704,0.486562
719,389.02756,413.59152,0.14756604,319.52615,218.64513,0.16572501,507.40836,393.5532,0.13383293,59.851006,124.93817,0.2186224,50.66401,147.80254,0.27628195,51.94221,151.89247,0.322683,56.46484,164.86674,0.31857035,457.8019,241.50092,0.16892846,78.22294,144.50253,0.10774353,50.781128,146.9919,0.15733857,37.460506,154.15688,0.47495213
720,394.01852,420.46527,0.13675962,400.98734,438.71924,0.17834775,59.46484,178.14595,0.0953158,59.36163,123.822975,0.23628531,53.908146,145.50414,0.30303192,54.06156,155.44106,0.33872727,57.548073,167.93588,0.3469379,451.19272,234.0221,0.122681014,77.54367,150.26505,0.13263607,51.71283,130.21936,0.18566057,37.718204,153.84251,0.5506483
721,467.67072,301.9218,0.14611809,401.2772,438.11514,0.17695951,518.1238,385.24634,0.17788318,60.819324,127.22144,0.27768993,52.07271,149.27039,0.3598714,51.178185,165.26134,0.39145932,56.283062,176.04037,0.40448296,456.9654,232.5487,0.17952004,78.6711,152.67484,0.13701074,50.62196,130.99779,0.18037598,36.525887,158.79044,0.5663904
722,402.5155,415.00192,0.12682754,403.28592,425.04578,0.1503098,519.34436,382.80658,0.14803539,54.632904,138.36653,0.25895068,50.310894,151.13791,0.3352812,51.502346,169.3391,0.40659156,57.174026,177.06622,0.3905598,538.4487,386.18762,0.1307263,80.06732,158.28355,0.15299153,49.70244,147.82115,0.17049739,36.23861,160.59146,0.5961992
723,377.558,206.47777,0.1116313,384.4779,217.32204,0.1411148,517.67975,373.24,0.11512314,57.424545,139.38438,0.3200611,52.930763,153.54944,0.34206805,51.790375,168.6161,0.39310226,62.746914,174.43411,0.4122002,388.70862,419.91394,0.091295384,75.061134,159.04494,0.15550992,49.013176,148.98357,0.16193461,36.397697,162.63258,0.5617692
724,376.99066,206.41875,0.11594905,384.34238,217.45119,0.16215605,519.0863,370.16275,0.18355235,58.722458,140.81326,0.23780118,51.86721,152.78084,0.29154897,49.318462,169.41052,0.3864159,57.194794,182.72864,0.3759042,526.2904,377.7092,0.13680612,78.78015,160.60184,0.1363776,48.41786,148.33879,0.16136244,34.89802,166.48341,0.49492717
725,467.81714,286.47614,0.11310083,385.3012,215.9245,0.109284684,519.40894,367.42038,0.14149138,58.262455,141.80365,0.23672602,46.90432,161.29164,0.31836313,47.030746,179.10864,0.39745134,52.846848,189.06886,0.43464518,540.4595,370.68842,0.1419924,72.67365,160.01831,0.111549266,47.064713,147.5582,0.19365163,32.894375,163.80779,0.51042557
726,410.97137,413.67743,0.0868994,383.46915,216.03601,0.11308991,60.956276,211.66286,0.10680065,50.994,144.00336,0.19778794,46.986782,164.78577,0.28090024,48.245388,180.59193,0.34780893,53.908543,190.40897,0.37445784,393.70822,416.44412,0.0721041,72.770355,172.25174,0.13767879,47.137703,146.50752,0.18240923,34.218872,173.99557,0.42337903
727,417.32736,413.2752,0.08057128,289.21274,134.58311,0.093799874,519.6083,353.8607,0.22114758,52.169193,155.43105,0.17925563,50.2056,165.9903,0.29752955,47.868,182.92668,0.38749695,53.227085,193.4576,0.40350372,526.38745,361.49692,0.13967031,72.479126,173.5638,0.16273622,47.44958,147.34006,0.15732332,33.287384,173.78256,0.488411
728,421.9073,412.8809,0.082156,370.17706,201.04317,0.11156754,519.8353,351.42157,0.1418287,49.66945,156.7009,0.16863985,50.38778,167.053,0.22747846,47.059906,182.51411,0.39941394,53.06764,193.77124,0.4175044,525.30383,359.18713,0.09645075,72.86084,173.66235,0.14955948,46.480446,165.652,0.16121116,33.533936,174.54187,0.45727372
729,81.27162,157.11736,0.06991017,369.92303,200.48074,0.08663541,50.36068,175.59763,0.12238749,77.118645,159.15749,0.15233713,52.33115,177.01947,0.2137873,49.127617,187.11421,0.36301222,63.664005,196.32883,0.38848248,537.5957,360.45627,0.06711035,72.922226,186.61436,0.10425601,47.639698,165.54987,0.135267,34.287663,176.02005,0.45585543
730,81.64305,157.88051,0.062351555,523.9257,316.73123,0.071428984,519.7957,338.03268,0.19900371,77.93091,160.7736,0.16246824,53.001366,179.8942,0.23784068,50.34925,195.59279,0.35222626,63.43451,197.10443,0.4057333,544.9019,344.55167,0.12113041,577.7747,149.40904,0.13519703,49.06714,181.69412,0.14946312,34.52407,178.94199,0.42140317
731,80.64114,157.76051,0.074461915,369.1506,200.16159,0.07427885,60.928055,227.83508,0.12772126,52.93654,162.00444,0.14457971,51.930824,180.9046,0.21377715,48.68894,197.57126,0.3617682,54.729713,207.2137,0.40349686,541.6367,339.8235,0.07312621,73.059044,187.77142,0.16558981,39.997326,175.49329,0.12464056,33.80178,180.86435,0.40310004
732,82.079956,170.85507,0.08803327,344.13968,183.31354,0.08131912,51.635952,189.27127,0.12303203,80.1969,162.5151,0.13753752,53.360672,190.84833,0.19308273,51.291412,199.6908,0.34437138,62.931282,206.31625,0.40461978,17.857098,176.08899,0.063033335,73.26288,189.57878,0.14019723,75.87401,161.58713,0.14180233,35.143787,189.00519,0.38798413
733,341.62518,174.5874,0.09054264,342.94803,183.68484,0.083924815,50.619865,190.65613,0.12701039,51.21578,174.93423,0.14458343,52.846447,192.27306,0.18684314,48.71033,199.43533,0.38648358,62.655315,210.34723,0.4230196,17.809397,175.89574,0.08151181,83.7933,186.69713,0.13375337,47.827324,180.6677,0.14771155,34.47077,189.63336,0.3659379
734,340.94754,175.2734,0.09434237,341.92996,183.28069,0.07694776,50.3898,191.55368,0.15132828,51.64919,176.75616,0.15908435,53.499744,195.00455,0.2174803,51.51299,204.13803,0.3557362,62.808838,214.457,0.4542284,542.9922,327.47665,0.11246489,84.99999,187.48204,0.1210901,40.61072,182.01405,0.13948005,34.312275,191.77423,0.37183437
735,340.3939,175.45993,0.07851076,341.6084,183.23007,0.053419832,49.430817,190.08806,0.12460191,52.20305,176.58037,0.15860958,51.739277,192.30142,0.20736088,47.853558,211.61064,0.4017871,53.55025,222.18063,0.39870042,16.8988,189.8658,0.08209892,86.646545,186.2707,0.20846468,39.812683,183.00682,0.13735469,33.129433,191.76328,0.3974607
736,77.09724,173.19986,0.07509172,440.09802,436.38394,0.07528002,51.689644,190.61353,0.13165615,65.88098,174.71123,0.15595509,67.06667,182.5019,0.26071173,48.052944,212.05528,0.472691,54.44929,223.09763,0.4562072,16.425684,190.60925,0.0943163,86.99397,194.61829,0.28453776,62.364662,179.57777,0.16332099,33.595604,193.44958,0.38869193
737,338.31516,176.3289,0.10927341,339.03546,184.20389,0.097578116,54.993343,188.90509,0.16465226,66.770256,174.41907,0.22288789,66.84055,185.40923,0.29677728,53.382694,216.40022,0.4904764,64.64905,226.95795,0.49999693,16.595303,191.46991,0.08755383,88.23401,196.10915,0.24814615,61.96907,180.78934,0.15755211,33.972137,195.07527,0.40668276
738,406.46558,160.30585,0.08940198,338.36002,184.72307,0.07205956,58.25432,242.34079,0.12933744,66.72108,176.53949,0.17682062,66.759964,186.47241,0.2317588,48.968655,215.53552,0.46406993,53.076286,228.85345,0.4563644,537.18854,313.4509,0.120762154,85.75691,202.83594,0.26807782,61.92265,179.67172,0.14304994,32.99092,197.47969,0.3507656
739,436.13544,222.32948,0.067505,552.16345,293.45914,0.058221567,52.11778,204.7968,0.13771461,75.21208,177.28337,0.17658705,65.1199,195.50214,0.29469094,50.079468,218.49219,0.47891092,61.324913,230.90074,0.47568285,455.67804,459.26892,0.10532058,85.88258,203.90663,0.2819351,62.36468,179.85005,0.1399506,34.229446,208.56332,0.37417203
740,436.19162,222.55902,0.049211193,445.80493,460.62012,0.04486871,53.532463,205.4821,0.11552981,65.22586,186.73299,0.13983831,65.35265,197.29314,0.30113092,49.47425,227.82281,0.47353035,62.971626,240.00545,0.45187226,457.73795,457.60974,0.15006512,82.50631,204.89626,0.2572079,62.57083,194.80017,0.15189336,32.43275,209.11862,0.39206746
741,77.7356,189.64723,0.05476058,455.8298,421.04083,0.05955407,59.09142,259.6998,0.122063555,65.80751,190.2552,0.17253418,65.71021,199.97145,0.26262182,49.855106,228.07187,0.42795494,63.275322,241.14096,0.46282947,536.88416,298.6529,0.08958874,85.25423,212.58311,0.2509707,61.4659,196.17107,0.15721613,34.943527,215.57452,0.3207601
742,64.6894,205.36061,0.058745947,456.31836,420.63364,0.069832824,92.68689,207.33865,0.13928771,65.29103,191.01447,0.18821187,63.663914,208.44789,0.26339495,51.207188,229.37552,0.46969265,62.70864,242.77597,0.4785327,465.54166,443.61487,0.07386545,84.24631,217.92513,0.23903714,60.65155,196.50838,0.17458849,33.961876,215.99918,0.30710703
743,64.55375,205.71059,0.049818236,93.89784,222.51167,0.061161052,52.744064,220.60605,0.11394416,64.51013,192.0119,0.14342828,64.37586,209.3859,0.25230297,51.682358,233.60573,0.39265987,62.9014,247.09384,0.42097795,471.92197,444.11658,0.06160267,82.60131,218.6161,0.23583306,51.00915,194.11942,0.1460341,31.456598,209.36722,0.31152892
744,381.06967,143.84172,0.050063435,54.071926,270.1731,0.03742596,55.33502,220.05014,0.11927552,65.02994,192.17812,0.13114917,64.94609,210.9924,0.29271019,53.204906,233.64552,0.48091802,58.681213,251.50317,0.4592662,473.12842,443.57697,0.15860471,82.77097,219.39574,0.24352722,51.109245,194.23222,0.13865614,31.803959,210.87788,0.30374306
745,374.01505,143.02554,0.0617467,54.320602,270.2568,0.03984178,554.9497,322.21747,0.13887098,63.31598,192.5655,0.14545524,63.28318,212.56833,0.2778079,52.14001,234.79866,0.50881416,57.900867,252.85144,0.50845814,536.12976,283.26532,0.075467885,82.17624,221.04143,0.2406108,50.468002,194.80396,0.1330819,31.188347,212.27788,0.38784382
746,64.67999,217.90335,0.043877568,558.2739,333.22763,0.040073935,71.503555,275.38998,0.11326727,60.41992,201.532,0.11920974,63.162346,213.62323,0.22624631,52.500324,235.44705,0.4542168,63.649376,258.29788,0.45772323,535.34424,268.10208,0.15501301,84.099594,228.62839,0.1851139,40.613277,207.39862,0.13812532,29.44807,214.6115,0.3774056
747,65.232,218.76202,0.040099673,531.64124,366.23505,0.049299117,551.13403,315.0926,0.13895462,60.717316,203.43762,0.1376858,63.45555,215.13948,0.22300088,53.23633,236.20164,0.4677791,56.455956,253.4983,0.4479527,534.6033,268.24774,0.09053292,83.226906,234.02258,0.19026309,40.342175,208.45834,0.14539868,29.499765,216.39885,0.37280968
748,65.70854,220.56064,0.034532662,531.94086,365.42978,0.04925462,556.26984,307.1965,0.18874702,62.24809,206.0671,0.12951745,63.406143,224.45146,0.21328172,55.10851,236.15018,0.45197487,57.951656,251.90506,0.4649936,488.1777,428.55295,0.12676495,83.20993,234.83342,0.16851678,50.148705,210.80849,0.1604795,29.686726,218.17587,0.27606884
749,541.559,352.52536,0.05850432,533.19794,364.2221,0.081473894,534.09686,362.7522,0.23737857,62.082912,205.90862,0.12416436,63.569626,225.16676,0.22336777,56.242233,241.14664,0.47981635,60.307808,253.30415,0.45284736,488.2131,428.071,0.14439082,83.906494,236.10283,0.19335833,39.744396,209.45633,0.14072102,31.951014,225.93814,0.2795362
750,540.90625,353.7477,0.05244715,542.96356,364.35388,0.07035806,536.20544,349.26004,0.17119625,60.681896,206.18082,0.13488562,62.172897,225.51567,0.20816901,55.69389,241.26294,0.4973788,61.883545,254.28325,0.48270026,489.09607,427.05328,0.11805389,82.492226,236.7022,0.15792027,40.97965,220.83504,0.13929291,30.850811,223.41736,0.33426085
751,539.2098,341.0222,0.043545283,560.3571,315.56848,0.057311784,542.80804,340.34012,0.1989307,62.80323,208.13577,0.108035415,63.643497,227.78207,0.21348011,56.64156,246.01018,0.4688182,61.461075,258.28564,0.46778628,67.17239,210.89178,0.08266775,85.49943,244.5108,0.16962765,40.648354,222.25377,0.14864722,30.320793,226.30846,0.34038448
752,541.0715,338.80743,0.062992774,533.2791,349.10556,0.0646689,539.1949,339.59998,0.29641366,63.393627,208.78726,0.09179218,65.16574,228.92882,0.2039789,59.163044,247.8663,0.37697083,62.584755,259.94598,0.380759,554.7775,302.37616,0.086729646,85.28324,249.27145,0.14932773,40.356968,223.18674,0.14118531,30.560604,228.39557,0.30533552
753,543.54456,344.06128,0.04485823,533.4191,348.92166,0.062780745,538.69617,338.87167,0.25733012,61.865246,220.0187,0.096695654,65.23326,229.96704,0.19264828,59.456047,248.75919,0.33730403,64.098465,262.1154,0.36902115,529.0584,251.08102,0.09938554,84.39993,249.43558,0.17965092,40.135445,223.95667,0.14013967,30.408588,229.68324,0.30964833
754,348.09863,135.17755,0.03688774,533.5582,349.22562,0.05214697,534.42816,348.308,0.17366996,52.01314,209.35654,0.09302728,64.449005,229.10254,0.1851988,63.122746,256.3213,0.33593985,70.11024,265.4017,0.345838,69.35578,225.53313,0.07362941,85.2257,249.55554,0.19857454,39.84147,224.0933,0.13827315,29.833483,230.08302,0.32163298
755,543.4135,331.2916,0.040660944,341.0675,150.5212,0.04395174,533.445,348.01392,0.22016233,62.409756,220.61415,0.08249521,65.91211,230.12895,0.15743187,64.87667,256.98816,0.31692836,72.21443,266.51852,0.32243493,89.03821,269.7079,0.07657884,85.00718,250.70694,0.14207429,39.30734,224.24728,0.1221488,30.154003,231.27965,0.25645477
756,340.86914,126.964485,0.080290675,341.6313,150.55038,0.050804343,537.0829,332.22675,0.12402995,340.81973,132.8932,0.08932075,67.03014,239.69553,0.13512479,63.840946,257.19095,0.30467427,70.5623,266.145,0.3152052,535.202,347.53302,0.08482276,84.408295,251.5304,0.1875634,39.94165,235.36842,0.13228203,31.944643,241.71767,0.18342862
757,543.0217,329.62943,0.052614104,533.6855,333.27725,0.055529874,536.3533,330.93805,0.23589493,62.767567,222.35236,0.082754806,537.39264,340.46252,0.13743375,60.15594,255.17253,0.25099164,63.983105,264.80066,0.29021737,536.6019,348.4809,0.09539816,83.01084,251.61485,0.2011813,40.186646,235.85991,0.14013664,31.652725,238.61066,0.21354763
758,55.518387,278.9376,0.04149599,532.0592,334.45932,0.051397976,543.2073,320.6692,0.16500232,436.77417,340.19153,0.08237647,66.79956,242.43816,0.16734655,59.746784,256.73773,0.26084754,63.651203,266.3925,0.29737568,521.4446,235.14088,0.10448292,85.71176,258.2108,0.17969264,39.9536,237.17204,0.13680571,31.750507,240.96649,0.25172997
759,55.395767,278.8225,0.04178704,533.5821,334.23712,0.050933674,541.0729,321.0492,0.20394471,51.314507,223.47429,0.08668488,540.61505,325.67813,0.15726094,57.991642,251.40628,0.2110757,62.846348,264.63815,0.2549451,519.5544,220.4836,0.15765122,84.598755,258.2562,0.15593106,39.909035,237.28526,0.13595662,31.640293,241.09009,0.2568548
760,543.72437,316.39154,0.06945047,543.31824,309.971,0.06452632,535.3697,330.6532,0.25416163,548.80634,306.40134,0.12975886,538.3326,326.55157,0.20137085,59.872383,257.0337,0.23185308,63.675934,266.2896,0.26625225,520.22534,220.26842,0.099990845,84.435974,258.58972,0.17182346,39.873768,238.29651,0.14543772,31.511295,242.43546,0.2905554
761,543.43286,316.22018,0.06729068,543.2918,310.0492,0.06154377,539.16876,315.48984,0.2348204,548.6603,305.7931,0.12943678,544.5861,323.36426,0.18663871,64.834305,258.52686,0.21115929,70.816086,266.95673,0.2605235,536.942,348.24747,0.08629386,81.64197,252.98087,0.12085423,39.87902,238.17601,0.12758003,32.090027,243.44887,0.24396247
762,541.38324,318.16138,0.04699275,540.93616,295.3342,0.048290957,550.6795,302.1596,0.17886007,550.50684,296.1383,0.11799873,550.1391,308.70673,0.18616521,72.97154,262.95584,0.26898134,79.59223,272.91306,0.31776723,88.724464,270.30594,0.07377052,572.668,319.37827,0.13051772,39.48649,239.0284,0.10335591,32.852943,244.86702,0.21394345
763,542.025,317.15546,0.04570724,324.08688,134.61812,0.058558363,549.19574,302.47018,0.17847697,549.84607,295.86472,0.09807672,548.7754,308.86887,0.14740457,75.410126,268.1023,0.19126907,80.68287,276.40656,0.2704096,533.491,331.79114,0.081833355,81.14815,253.23923,0.081996664,39.0039,239.48866,0.09659487,32.951283,246.7611,0.15360177
764,543.9876,314.38367,0.060924944,324.06604,134.42424,0.052725215,536.6248,313.92838,0.23127504,548.3853,296.61926,0.09058472,537.1749,324.23547,0.16741613,65.643654,263.84543,0.18352328,79.136604,276.16022,0.2675669,536.18225,332.55423,0.09830447,83.75465,266.70496,0.10747453,50.96035,253.83113,0.08558088,33.35817,253.826,0.15585026
765,543.9055,314.24976,0.046556883,533.97577,318.35092,0.054614864,535.80994,314.18463,0.21806744,49.96773,230.14273,0.09994515,536.7962,324.88617,0.14080846,64.14081,264.3615,0.17223683,62.898266,273.29187,0.2584138,536.686,333.22183,0.10861359,85.14417,272.67935,0.11178893,65.392006,78.17775,0.10359396,33.532322,254.39629,0.2032755
766,543.52374,300.9106,0.06465489,534.20154,318.52457,0.065261096,540.22473,304.59995,0.23091303,49.788532,230.2894,0.09828663,538.78577,310.48123,0.16308102,59.672672,263.50882,0.19646066,62.153793,274.9726,0.25476757,536.09235,332.81317,0.09576697,85.41227,273.143,0.116250165,40.418972,251.79997,0.094028585,34.034607,255.7298,0.22674473
767,543.6607,301.89017,0.06938659,534.46875,318.4014,0.0692928,548.2795,153.83156,0.25007236,552.2384,134.75435,0.10298881,539.98004,308.66434,0.19070628,60.040035,264.67316,0.20330048,62.261326,276.3533,0.24374145,536.0643,332.61316,0.09439742,574.1503,305.61618,0.1798132,40.412285,253.0134,0.089730635,34.6462,258.05807,0.23481682
768,544.33154,301.8022,0.07142665,543.9273,295.30206,0.04800285,535.0428,314.84518,0.16354951,60.399178,236.95688,0.12054531,539.1577,310.4985,0.1974094,60.872547,270.7026,0.26361975,64.473,281.9092,0.31773055,536.3752,332.06442,0.090062186,572.70776,300.85025,0.17056827,40.44761,252.95757,0.10784449,34.82863,259.0272,0.23612472
769,546.61597,299.66556,0.08376718,545.5698,294.13583,0.057297077,538.1568,300.6767,0.20816016,540.4187,294.34384,0.17650877,535.87134,310.86545,0.255628,532.62195,328.4005,0.29879475,65.13138,283.33426,0.32201684,538.47473,332.18423,0.10013188,574.02386,300.437,0.20259525,49.908733,255.3961,0.13477466,525.18945,320.43652,0.23223506
770,547.53284,298.76782,0.08413742,546.94147,292.864,0.07530745,537.36835,299.1941,0.26335892,538.7614,293.4958,0.22039625,534.75543,310.7565,0.28305292,534.06635,317.67752,0.29600438,64.406204,283.31955,0.3107539,538.40454,331.3329,0.09865198,574.0668,299.24,0.165111,50.064034,255.2347,0.16128583,524.22723,319.7009,0.26591095
771,545.60114,299.00046,0.08865069,547.4983,301.59024,0.06382517,538.4225,298.34457,0.2584874,548.53723,280.02188,0.14953223,536.9487,307.26498,0.2501307,535.45087,316.28796,0.32099983,63.79297,284.26068,0.2984582,536.65857,330.1715,0.07753763,567.9202,297.83878,0.17499024,50.34957,255.24129,0.1626624,38.026257,253.7646,0.26813358
772,543.9985,294.63913,0.10397257,545.4347,278.232,0.07830751,541.0653,288.3216,0.30093613,542.37244,278.23422,0.23397236,538.8243,296.1606,0.31251496,536.1984,316.84552,0.36544746,62.576485,284.51245,0.2837217,539.94507,316.63275,0.088101596,566.3016,296.7507,0.17413485,50.270733,255.63754,0.16100717,525.4517,309.01892,0.28364056
773,544.8124,293.5276,0.11122856,546.1929,278.04883,0.08024361,539.67957,288.6158,0.31715515,541.21735,278.15924,0.2430877,537.3816,296.01566,0.33533534,536.48694,316.14627,0.3718956,56.679214,284.1726,0.27790067,503.90515,202.7247,0.18418929,577.1374,290.89087,0.18115164,50.238438,240.12604,0.13989952,525.24365,307.8719,0.2766748
774,544.85406,292.1223,0.11305514,547.08813,277.26093,0.088151015,539.20935,287.32245,0.34504697,539.75696,277.4412,0.26221466,536.6969,295.16748,0.33980054,537.13684,314.80557,0.36433205,544.9,324.46747,0.28757456,512.58527,314.89655,0.09700752,581.6689,289.96582,0.19215569,50.882225,255.50658,0.13181476,525.26355,306.30078,0.27681765
775,543.40466,293.05286,0.10473996,547.67017,292.88687,0.08223118,540.23376,287.56677,0.3155532,541.9444,277.22394,0.19844307,538.48645,293.98926,0.28959328,537.666,314.08023,0.30367446,64.84405,295.26587,0.280775,560.4667,286.52637,0.07886609,589.36487,289.52408,0.21729194,50.823223,255.11624,0.15375945,529.2087,298.41248,0.29584643
776,543.2246,293.37067,0.10272206,547.0497,293.35837,0.08876345,540.50854,287.54437,0.2786157,542.7286,277.8226,0.16275804,542.69946,291.05426,0.26571196,540.2222,321.17117,0.304718,64.22097,296.29578,0.28585497,67.23868,248.32039,0.080392696,576.2159,285.781,0.20941448,50.537098,255.20003,0.158053,529.369,298.09756,0.28528547
777,543.83624,291.89062,0.11024873,548.0803,292.97827,0.093051,539.61145,286.95007,0.26953664,541.46045,277.63315,0.16760229,541.05396,291.1531,0.27306688,539.9842,321.38464,0.3733552,547.0324,327.26514,0.28379592,539.76324,299.37845,0.08276436,575.7181,285.44708,0.21573037,50.967037,255.00809,0.176766,528.11633,297.55713,0.27866063
778,543.19543,291.4801,0.10146682,547.97015,293.2447,0.09049156,539.6501,285.72873,0.25803548,541.4743,276.5139,0.14456716,541.29095,289.64087,0.25796896,541.40643,312.92007,0.32841024,64.815186,298.40808,0.28663158,512.0724,301.743,0.09391202,582.91595,285.35806,0.21265033,51.150486,255.32912,0.17241694,528.951,295.42838,0.30196893
779,543.35504,291.06287,0.096500404,546.9332,279.12616,0.08626548,539.2222,282.45142,0.26012835,551.2704,270.6555,0.15634948,545.1781,280.30823,0.24274729,542.44916,312.65063,0.33198223,548.6141,326.0273,0.27499506,511.71683,301.33163,0.10466245,583.22156,283.89975,0.21988493,51.070034,255.35812,0.14832394,529.1415,294.7582,0.29015347
780,544.02374,281.07275,0.09346028,547.12665,278.93823,0.07593257,539.6398,281.33224,0.24339727,550.79517,270.4565,0.1749042,545.18896,280.40204,0.27558777,543.99835,311.06024,0.3558237,549.6583,325.14856,0.29930356,511.49396,300.16776,0.12165964,584.36066,283.4508,0.19690505,51.11636,255.33508,0.15128227,529.20056,293.28146,0.3000179
781,542.5775,291.32782,0.1016403,547.71295,293.11096,0.08641292,540.0392,281.72797,0.24835548,543.10706,273.17554,0.16031018,545.00824,279.3809,0.25232035,542.61743,312.41907,0.33804995,548.97437,326.5029,0.30269805,511.86572,301.21323,0.107210144,583.23987,282.41812,0.18197596,51.238106,255.5323,0.16048783,40.539803,267.9939,0.26125306
782,543.3401,283.0532,0.08608969,545.43866,292.55206,0.06619712,543.1442,274.18497,0.25211918,545.13055,263.7458,0.13759445,545.64825,276.7221,0.2996155,545.27075,310.86517,0.34303716,550.3539,325.11343,0.30035052,511.71533,300.5463,0.09710599,584.60455,281.62347,0.1938633,50.780296,255.49208,0.15270522,530.5509,283.23102,0.35419732
783,543.4123,282.2729,0.08543803,545.50525,291.8685,0.06294005,542.3861,274.31934,0.22574767,544.64594,263.16895,0.15317461,544.93304,276.12796,0.29752362,545.94055,307.19434,0.37476784,550.3357,323.5552,0.2979833,489.74832,186.42714,0.109057456,583.67615,281.36008,0.18626352,51.240345,255.35042,0.14999084,530.10223,281.63477,0.41196114
784,544.1754,280.945,0.093159996,546.4567,290.84586,0.06291196,539.6027,281.3191,0.21409826,542.9671,262.41666,0.1779483,543.3218,275.8001,0.29448494,543.1507,306.66653,0.4666933,548.8696,322.42816,0.3900464,489.49612,186.58386,0.12087697,584.3708,280.53546,0.17809825,51.658844,256.18597,0.15796523,528.51416,280.4271,0.42795786
785,543.86145,281.36722,0.08279233,546.49866,264.1642,0.055923507,540.0797,281.45398,0.17747174,543.427,261.7071,0.15620682,543.6181,274.914,0.26913202,542.6373,306.9901,0.4412976,548.7,322.98367,0.36292616,489.62213,187.07207,0.119856276,585.3144,279.84814,0.20703302,51.49513,256.91116,0.15919748,528.844,279.718,0.4425909
786,540.3504,291.95718,0.070757575,533.7025,256.71915,0.05347476,540.712,270.45956,0.18541323,542.87146,262.46054,0.14703374,543.9719,275.06128,0.22803421,543.4546,306.19196,0.46473622,549.65753,318.54837,0.37734103,488.78452,187.13272,0.12385001,593.3877,275.92963,0.2382548,52.477024,269.46338,0.16406031,528.9928,279.90417,0.37535882
787,545.66064,280.51456,0.072047085,533.7688,256.36777,0.04918166,539.4521,276.87848,0.1907558,541.31573,263.16675,0.17910458,542.33813,286.53656,0.25696653,542.1677,306.8958,0.48700693,550.5429,321.3309,0.3918225,532.34906,312.59714,0.101317644,592.9214,275.66736,0.22578408,52.540947,269.5086,0.1518126,528.33356,280.4984,0.31444582
788,545.5873,280.8432,0.07039054,547.4864,291.78094,0.05686272,539.572,281.60263,0.17680137,540.4487,269.94083,0.15279508,542.6689,287.76907,0.27693984,541.3048,302.9737,0.49966413,548.51044,318.8023,0.41314024,531.9506,311.4405,0.094628625,594.2476,275.5401,0.22827946,52.62007,269.28625,0.15045184,532.02234,291.47095,0.28872517
789,541.3649,292.83698,0.06512904,547.21716,292.49625,0.0601582,540.19,282.19894,0.16180724,541.7957,271.1578,0.1628667,543.2765,288.48813,0.31259438,542.5043,303.2504,0.47055352,551.62695,318.3406,0.42118508,511.06616,301.09323,0.088076666,593.0108,275.41583,0.19920456,52.367447,269.72186,0.14735134,532.59503,291.82394,0.36135808
790,544.94073,281.51096,0.06430899,547.1143,292.03546,0.048597116,539.4958,282.0954,0.15107898,541.17834,269.03586,0.14441176,543.0101,286.28467,0.28810856,541.9097,301.95667,0.4433673,548.0725,314.41855,0.37530592,488.56177,185.88148,0.08224447,592.8574,274.78943,0.22603726,52.402367,269.7708,0.15761083,531.5259,290.1056,0.36707786
791,545.2037,281.60077,0.0630005,509.9674,395.59216,0.057501547,539.58716,281.91196,0.14592738,543.32776,264.71805,0.1517125,543.14923,286.5807,0.26158515,541.9677,300.1572,0.43794605,547.9292,312.5915,0.4007812,530.8269,310.83994,0.08915545,586.2725,269.70123,0.22214164,52.329308,269.67935,0.15297635,531.896,291.11102,0.30431032
792,536.61725,269.83292,0.066034704,546.85565,292.4212,0.052816562,539.6747,281.50424,0.1653852,541.40686,262.945,0.16610734,538.64667,276.72946,0.22089306,543.27344,296.94214,0.4072223,548.55164,308.2871,0.39612633,511.3107,298.67917,0.08475445,591.3947,268.23184,0.2115094,52.26376,269.70605,0.14083363,529.39746,277.99362,0.3161206
793,572.2027,112.57301,0.0654102,571.9248,112.85683,0.049687423,540.91327,281.25388,0.15076947,576.1108,114.58079,0.12265144,544.45734,274.77423,0.19343613,543.0295,292.95688,0.3545957,549.6626,306.9309,0.3617451,532.67163,295.87372,0.08459186,596.68304,265.80954,0.22978628,52.362907,269.37088,0.1418473,531.724,278.21558,0.28099528
794,542.16675,277.7597,0.062070116,572.59863,112.34351,0.051763844,540.0933,268.05902,0.15443559,539.8973,267.29022,0.12344952,543.86523,273.6373,0.21015555,542.9929,292.26355,0.37848908,549.7964,306.291,0.3731709,511.82996,285.839,0.110904545,596.14844,264.65656,0.19381584,52.335323,269.65536,0.14969456,531.47095,277.35184,0.2902355
795,542.791,276.4228,0.060508057,547.894,276.19913,0.046456672,538.8343,267.53287,0.15885954,538.33386,266.32065,0.12092019,542.9135,273.0061,0.20670731,541.7569,291.2572,0.39069527,548.9657,305.2962,0.37531364,511.60498,285.09293,0.0921008,595.5823,263.57565,0.20261292,52.427612,269.92642,0.14083534,530.3217,276.97,0.25109836
796,543.0149,275.94473,0.06661913,547.80115,275.85602,0.04965459,538.36926,267.20035,0.1461727,537.6175,266.34628,0.1069303,542.8156,272.8755,0.20834237,540.4519,288.10413,0.40039757,548.81213,304.59546,0.3786409,532.9279,295.79697,0.095115274,592.0637,260.55936,0.23671478,52.519024,269.9206,0.14485408,530.2274,277.0047,0.22802766
797,542.5832,275.735,0.059997015,545.024,247.60472,0.049092323,539.7628,275.31622,0.13709506,585.50195,103.31495,0.09921778,542.90985,271.9925,0.20899093,541.1736,287.71964,0.3928069,546.45013,302.71634,0.36134726,532.9058,295.79663,0.093643755,592.503,259.81818,0.25096488,53.749504,282.77197,0.14516576,530.1565,276.6801,0.21335709
798,542.1822,275.55875,0.06348998,545.4406,246.75726,0.04975125,539.8888,275.41864,0.14899299,584.6904,103.67936,0.12717097,542.75323,271.63516,0.21303883,541.38354,288.03928,0.4083662,549.9198,304.631,0.37173086,511.46124,284.35165,0.09183604,592.57526,259.7657,0.24599226,52.763145,270.37833,0.1599888,529.7893,276.08127,0.25256196
799,575.03973,111.15777,0.06048819,574.6771,111.24561,0.053553976,539.84485,275.51416,0.14253467,581.73944,104.275604,0.15561622,574.202,122.24392,0.22279468,542.74316,292.07175,0.36880243,549.5862,302.64023,0.34472835,532.7463,295.57977,0.09131174,583.74585,256.2825,0.19837667,52.59489,270.291,0.16513894,530.1361,276.50287,0.24426824
800,542.22614,275.7881,0.0596521,545.8742,246.50163,0.054535832,538.01044,266.50607,0.1489217,576.18823,103.46428,0.17370662,573.44183,118.70096,0.20962127,541.43567,288.16537,0.36672172,549.10944,305.0592,0.33491424,532.6051,295.6071,0.090572394,583.09265,256.18634,0.19970664,52.613235,270.3596,0.1682613,530.01215,276.09515,0.23895572
801,542.4645,275.39963,0.06549413,546.30725,245.90082,0.05673992,539.6618,275.61862,0.15079045,575.8031,103.4557,0.1771045,542.33655,271.519,0.20837238,540.7692,287.89166,0.38751715,548.881,304.3448,0.36221078,532.812,295.38214,0.08764423,591.69617,259.67633,0.2141882,52.589474,270.3651,0.16813715,529.59845,276.26608,0.22719996
802,542.6835,275.12134,0.061960228,546.46826,246.35231,0.058639076,539.5898,275.29016,0.14858456,575.55524,103.083664,0.17828201,572.4283,118.637726,0.20459759,540.8334,287.37738,0.3948848,548.7858,301.37213,0.36454737,532.5075,295.43536,0.0884546,584.02875,256.0803,0.2033532,52.58139,270.25613,0.16910803,42.582005,281.85556,0.20839924
803,542.5728,275.12747,0.063719764,546.55664,246.38751,0.058476996,537.9509,266.41092,0.16135386,575.35706,103.97998,0.1798612,542.2253,271.8026,0.21310587,541.8586,291.54453,0.4000824,549.62775,304.80743,0.37549487,511.43842,283.45557,0.08944959,591.5799,259.8153,0.20598322,52.835,270.62912,0.17358619,529.5409,276.0108,0.23771739
804,541.8866,276.79733,0.054427017,545.9665,245.74953,0.053860903,538.79425,266.66757,0.16118702,575.3403,103.96324,0.17525022,542.97076,271.36673,0.24328159,544.5681,294.03793,0.39068618,551.873,303.76468,0.36435676,511.2361,284.4692,0.112229414,591.8883,259.76355,0.25889808,51.55695,269.13882,0.14014424,532.5901,288.1154,0.32383806
805,542.0464,276.8659,0.054349538,545.9425,246.03246,0.05118033,540.61633,275.67572,0.15320142,575.6043,103.852005,0.17227863,542.996,271.66736,0.25162196,547.78656,297.6997,0.40602535,551.44904,304.679,0.37316045,511.32053,284.63956,0.111389756,591.7655,259.91296,0.25464064,51.80034,269.03064,0.15714496,532.43835,287.5843,0.35900608
806,542.4132,276.7849,0.05558068,545.9323,246.13982,0.050335642,540.2624,275.94943,0.15476961,575.31854,104.01525,0.19704956,542.58136,272.10742,0.24584278,547.8291,297.85287,0.3932654,551.5883,304.67648,0.36324295,511.6445,284.789,0.11969287,591.2857,259.74637,0.2385995,51.745724,269.076,0.15650752,529.6054,282.04477,0.3773846
807,542.5718,276.38202,0.05841276,546.48413,245.40276,0.05144523,539.853,276.20276,0.15891658,575.74243,104.15221,0.17774762,542.2991,272.31625,0.24444823,543.9298,295.36304,0.3901981,550.5497,304.6928,0.35662788,511.85825,284.65747,0.10887486,591.01874,259.8654,0.23563237,51.76302,269.39212,0.15686248,531.95984,287.93008,0.36754933
808,542.61786,276.43256,0.056576077,546.35266,245.7248,0.049199097,539.5363,276.3637,0.15095995,575.8257,104.07594,0.17248778,542.41156,271.89514,0.23576584,542.65,295.06168,0.37217122,550.5051,307.78928,0.34632245,512.04706,284.89468,0.08576216,591.1684,260.28647,0.22874218,51.831394,269.44785,0.15686932,532.0628,288.25934,0.36181387
809,542.8689,275.87555,0.056144737,546.2515,245.66692,0.049036365,539.04663,276.427,0.1500914,575.73083,105.153946,0.18543585,572.05634,122.835304,0.24270892,541.12286,294.04913,0.36370936,549.2196,307.60934,0.34484017,533.2977,295.01813,0.08426822,591.4061,260.15125,0.2510522,51.919224,269.71,0.16275099,532.1386,289.09006,0.33920154
810,545.0544,280.81857,0.053293016,546.79004,290.41406,0.051138565,538.7245,277.07382,0.13706985,575.84235,105.13708,0.17173268,572.3737,122.81169,0.2452743,540.7427,295.5004,0.37085736,548.9764,308.32843,0.3397177,533.4351,295.0658,0.08664971,590.9434,260.58795,0.24923119,51.845253,269.61285,0.16516075,531.5763,288.3221,0.37664717
811,576.48895,125.58482,0.051093828,546.66956,290.84143,0.04650893,538.6565,276.8634,0.14054112,572.58575,111.99249,0.15420295,572.2628,123.4532,0.23033653,542.9508,298.31827,0.3296917,548.2501,309.22482,0.310157,512.2895,298.39102,0.083791785,585.75903,264.4946,0.23627077,51.65634,269.704,0.1666198,531.65735,288.4767,0.3557376
812,576.54065,111.03976,0.05840987,546.73914,291.16687,0.046499252,538.8083,277.03043,0.13404134,572.6063,112.61893,0.16191085,572.2717,123.729515,0.22496963,542.73315,297.69012,0.32182226,548.2437,308.68225,0.3118298,512.7742,285.64294,0.077281155,585.95685,265.0125,0.2284784,51.729126,269.867,0.16850844,531.5878,288.46902,0.34651247
813,576.3349,111.55193,0.061780464,534.44196,301.34494,0.04357686,55.71874,284.46912,0.11575553,573.16785,113.33591,0.1657937,572.70905,124.05415,0.21248113,542.82904,296.70288,0.3080399,547.7391,307.7907,0.30485314,66.89001,264.06628,0.06826692,586.02936,265.96164,0.22142886,51.296406,269.69614,0.16999191,528.7945,277.3569,0.2692201
814,575.92816,111.89632,0.0642018,534.3115,301.52295,0.05128048,539.61725,282.0115,0.115375794,573.6069,113.510216,0.17578691,572.6684,124.461395,0.22727536,542.7168,297.71268,0.29853824,547.695,309.27396,0.30090505,66.84281,263.90442,0.066413544,585.7959,266.7121,0.20620432,51.17218,269.40808,0.16724215,532.8596,289.44812,0.26352957
815,575.103,112.33602,0.05064703,535.0775,301.34866,0.05101115,538.1539,282.46954,0.12341851,574.0093,114.380196,0.14033747,573.18085,124.3316,0.17938921,540.2247,297.95908,0.28960815,545.73315,309.9035,0.29555547,66.99719,263.96588,0.06799779,584.7851,267.61014,0.20584445,51.28641,269.44067,0.16432498,531.59,289.8808,0.2776568
816,59.108597,268.5718,0.051671844,534.54767,301.22665,0.053910706,56.437717,284.11035,0.121987574,574.10547,114.94143,0.13279419,55.84215,276.07172,0.16510342,540.6028,299.252,0.27203208,64.538445,305.38214,0.30587074,67.551765,264.755,0.081117325,586.7476,268.4116,0.24176542,52.004692,269.79416,0.16206188,528.15314,278.08762,0.24823359
817,574.4066,112.41076,0.05465833,534.37476,301.45255,0.055146072,56.472614,284.7515,0.12352712,574.4107,114.46173,0.14604829,572.9243,124.90669,0.18197381,540.68805,298.9623,0.28626618,64.31363,305.17426,0.2998963,66.88587,264.48633,0.07731548,586.6175,268.8283,0.2516367,51.896206,269.65015,0.15627745,527.6368,277.5577,0.24874838
818,573.7586,112.400154,0.06290223,534.466,301.46307,0.053606074,56.347954,284.39136,0.12522799,574.2807,114.909996,0.15844856,572.3208,125.278175,0.19902988,540.8145,299.36774,0.2773683,64.37443,305.40674,0.303726,67.305626,264.43848,0.08200524,591.93036,268.49982,0.26993793,51.946026,269.60925,0.16250241,527.6227,277.61203,0.2624846
819,572.4368,112.81403,0.05564757,572.1741,113.51168,0.05310604,56.394497,284.81247,0.122031644,574.8127,115.63201,0.12500295,543.0642,284.74603,0.18356402,540.664,301.19125,0.28798294,63.599274,305.1772,0.28574687,66.61616,263.9225,0.07658009,586.50464,270.7114,0.23656924,51.48789,269.0928,0.15714966,526.9623,277.9554,0.29145145
820,572.4733,112.66222,0.06585758,572.23303,113.44856,0.060613766,56.47499,284.7126,0.12451471,574.91016,115.57983,0.140212,542.27313,284.97427,0.1949499,540.3288,306.92188,0.30052793,542.4795,318.27322,0.297072,66.90595,263.93344,0.07620396,584.27386,271.56323,0.23174952,51.65102,269.241,0.15288888,526.5498,278.10376,0.30476528
821,572.5113,112.7085,0.062153228,572.3487,113.565254,0.059104864,56.060886,284.6899,0.12970875,575.0361,115.85596,0.13314421,542.7798,285.43127,0.18861823,540.52966,306.9936,0.2986381,63.349148,305.19894,0.3054686,67.33265,264.16495,0.08175661,584.84625,272.10266,0.22927748,51.731766,269.52136,0.14909247,527.7216,279.00732,0.2716419
822,572.6643,112.73562,0.067381665,572.55927,113.491,0.055209313,56.536068,284.6093,0.13517356,574.8896,116.2031,0.14679728,543.703,285.99612,0.19366236,540.7644,304.2414,0.31708705,548.42676,323.48688,0.30229992,67.40831,264.23624,0.08030006,593.43207,275.42642,0.2111429,51.91789,269.33612,0.14854367,528.7824,280.27356,0.24531561
823,572.58704,113.0501,0.056592215,546.70135,300.12,0.05185535,56.711285,284.6812,0.13822147,574.8346,117.22512,0.17471008,542.8835,287.08337,0.20576821,539.4486,304.6139,0.33660245,547.568,323.22443,0.32687628,67.54108,264.48865,0.07849811,593.2597,275.78638,0.22833471,52.170605,269.58984,0.15161438,42.432686,281.4356,0.232191
824,544.0402,297.28775,0.057504814,572.1586,113.573845,0.045364723,538.1829,283.28522,0.1355529,575.3345,117.466095,0.14509848,542.7249,287.7619,0.21408327,540.97986,309.4265,0.35054818,548.64795,323.24612,0.3383732,67.778534,264.62878,0.07895934,584.683,272.11996,0.21520099,52.25712,269.871,0.15564996,532.63477,305.23236,0.23963594
825,543.4902,290.8044,0.059880305,545.99286,262.85254,0.04524771,538.99054,297.1139,0.1645476,540.7675,269.17758,0.11609503,541.83685,288.47018,0.21371262,542.756,313.48578,0.38120636,549.1299,324.12997,0.3642878,534.0295,311.1751,0.08714876,592.67126,275.77676,0.22576806,52.634808,270.00482,0.15064973,531.78766,305.8115,0.2594471
826,543.1275,291.065,0.0583931,545.88885,262.7881,0.044521287,538.4729,292.35983,0.15858288,575.4223,118.41382,0.12101406,542.06134,287.99374,0.22173664,543.341,313.61517,0.37687653,549.16486,324.19333,0.3619154,533.54376,311.14032,0.086481966,593.392,275.6933,0.24683468,52.513737,270.16827,0.14759082,532.126,305.3602,0.26775146
827,542.77,291.56253,0.052284528,545.8655,262.6972,0.046250593,538.9575,292.44064,0.16210161,542.3546,263.9796,0.108890995,542.6348,288.5146,0.21407714,542.86816,315.5513,0.38033688,549.1348,327.4735,0.34082583,67.74268,265.181,0.07591327,592.846,276.06412,0.22333066,52.444023,270.17523,0.14339258,532.3584,306.835,0.27951562
828,545.049,296.7421,0.0699293,546.4988,305.89655,0.0489794,538.7146,292.7084,0.17989814,540.58826,269.79324,0.15410906,541.6519,289.0376,0.25346965,544.15234,315.1999,0.40915018,550.6708,325.97467,0.36675656,533.88995,310.63846,0.095079064,597.05524,279.41364,0.26670992,54.19113,281.9889,0.14766528,531.2177,304.68436,0.3943769
829,543.72534,292.0577,0.06741176,546.6296,306.2885,0.05142739,538.5602,292.68427,0.17239632,541.9234,270.06787,0.12501508,541.8545,288.86758,0.24038227,543.1338,314.37988,0.38932416,549.63367,325.4442,0.36276624,534.21625,311.225,0.0970081,597.1408,279.23993,0.2775364,52.38745,270.25473,0.14965835,531.42865,305.4139,0.3714722
830,543.6999,291.62918,0.06629009,546.3056,306.32565,0.0478347,538.4687,292.23117,0.17291367,540.9182,270.1165,0.13868466,541.6558,288.75052,0.2344669,543.4874,313.67825,0.39779568,549.83887,324.8583,0.36558205,533.9655,311.126,0.09923788,597.1713,278.97296,0.2868986,52.499798,270.4123,0.15690735,531.65393,305.38135,0.35692033
831,544.8962,296.9296,0.062536374,545.96063,262.83215,0.04897515,538.12964,282.9204,0.17274001,541.1444,269.99826,0.13048534,541.8569,288.4347,0.22869457,543.16266,312.8005,0.39722037,549.90656,324.0462,0.3721553,533.7484,311.23157,0.09118354,596.80035,279.1273,0.27382782,52.480095,270.2171,0.15585183,531.91956,305.72287,0.33209154
832,544.92285,296.7865,0.05958295,546.12616,262.67966,0.049429245,537.86896,282.5977,0.17238238,540.62976,269.83432,0.1350782,541.7407,288.51093,0.22768,543.4787,312.8836,0.3965249,550.2403,324.4366,0.3655984,533.6846,311.15652,0.0880503,597.16266,279.43982,0.27366394,54.02249,282.44278,0.15312286,531.7964,305.70706,0.33274975
833,544.50336,296.68945,0.054839052,546.6691,262.4819,0.054228026,538.4234,277.33582,0.17003742,539.73804,269.1722,0.15568623,541.62726,288.12637,0.23403639,543.8134,313.22543,0.40461916,550.2176,324.87497,0.3678672,511.79214,300.63846,0.097931825,597.45166,279.41483,0.27665824,52.5406,270.062,0.15300828,531.9076,305.123,0.3344147
834,58.82244,269.3032,0.05432485,546.34283,262.4188,0.05168575,538.3469,277.4815,0.16455889,540.41986,268.899,0.133754,542.0151,288.0767,0.21723768,543.0488,313.78137,0.3861853,549.5263,325.8371,0.35019875,511.92612,300.82657,0.09369467,596.12286,280.21957,0.23454493,52.665005,270.33188,0.16257928,531.91943,305.93933,0.33071265
835,59.01864,269.2492,0.054144926,515.1736,272.6144,0.04894409,538.4606,282.87857,0.16224323,59.065285,268.57312,0.1333298,542.6343,287.46368,0.21551152,544.05865,314.2773,0.38421002,64.64578,305.1432,0.35801226,511.82474,301.03674,0.10064495,596.1856,280.12766,0.26554242,52.59134,270.4546,0.16588557,532.1258,305.324,0.34882623
836,58.78467,269.48636,0.05228515,514.9843,272.68793,0.04919106,538.91907,282.899,0.17652564,542.94116,263.2409,0.13761124,543.2818,287.1165,0.21587361,544.3511,314.1048,0.40887484,550.7053,326.57034,0.3502443,511.68024,300.99823,0.08986915,595.6105,281.03006,0.213016,54.285362,283.0349,0.1527403,532.42285,305.4511,0.34309325
837,58.90438,269.2445,0.05199835,514.96545,272.51785,0.04955536,538.8801,282.78116,0.1721383,542.8603,263.36197,0.14654782,543.49536,286.6703,0.2169353,545.066,314.52148,0.40291905,550.75446,326.97437,0.34419876,511.6974,300.86798,0.078281134,595.6173,281.12155,0.20995916,52.265694,270.33954,0.15280113,528.0223,292.3902,0.3543865
838,58.701847,269.59412,0.0503163,515.0842,272.66245,0.047069438,538.9226,283.3586,0.17126656,541.79517,269.06442,0.14003623,543.2699,287.1863,0.21876247,544.2658,315.12836,0.39575392,550.1144,327.8487,0.3324466,511.81287,300.78198,0.087328434,596.19196,281.2275,0.22344306,53.996204,283.27515,0.15353408,527.57275,292.57504,0.354151
839,58.755478,269.45193,0.054654606,515.223,272.64594,0.047471784,539.2594,283.41458,0.1732735,543.0496,263.66354,0.13063802,543.7043,287.33215,0.21772793,544.0554,315.33023,0.39639902,549.9086,328.0617,0.33454752,511.78696,301.08264,0.088282764,596.3478,281.1101,0.23220165,54.085545,283.31747,0.15583847,528.2973,292.59225,0.3619852
840,59.13781,268.52164,0.053886034,534.53766,317.67755,0.038164865,541.2114,298.23608,0.13939178,57.837414,268.2761,0.13471502,545.4441,288.03458,0.18897629,544.3105,313.95273,0.36780307,549.6607,325.93152,0.36064732,68.35757,265.93323,0.07943215,596.8814,281.53937,0.27238622,51.83719,270.7346,0.15856515,529.6807,294.01047,0.32721794
841,59.17459,268.58148,0.051371146,534.48883,317.92017,0.04075739,540.7694,298.73633,0.14117219,58.01271,268.43082,0.12643972,545.37805,288.769,0.17353207,542.7396,313.93723,0.34867316,62.419235,303.7548,0.34470895,67.95269,265.89117,0.07790382,596.64935,281.45615,0.2567482,51.834473,270.57712,0.16229835,533.7823,305.8724,0.28481624
842,59.252033,268.85165,0.053799197,534.4175,317.72974,0.040313315,540.9414,298.61124,0.13697183,58.361374,268.6958,0.12876073,545.5054,289.14417,0.18956402,543.3374,314.9705,0.3720875,62.828957,303.56573,0.34692925,530.7037,327.96548,0.08440094,596.9583,281.73132,0.27318066,52.040997,270.79446,0.1638702,533.661,305.97498,0.32200482
843,59.24174,268.8857,0.05282449,533.9008,317.8112,0.040873382,541.84595,298.6035,0.13911735,58.526043,268.7528,0.1272737,546.5301,288.4314,0.1730497,544.2085,315.18497,0.3489964,62.873177,303.4602,0.33847576,530.7836,328.48993,0.07906806,596.1694,282.20526,0.24446623,51.975433,270.7642,0.16105266,531.081,294.67484,0.2993925
844,59.350433,268.5347,0.055754185,533.88293,317.84204,0.04154892,541.7117,298.73657,0.13368516,57.965218,268.57504,0.12971579,545.7105,301.1595,0.1739296,544.43536,314.93423,0.35911605,63.236828,303.984,0.3216852,530.4672,328.35043,0.08057947,596.1122,282.29742,0.23093964,52.086452,270.6996,0.16570601,531.2452,294.8668,0.30380484
845,59.492973,268.78595,0.05842902,533.8132,317.7065,0.044380303,55.775005,283.3976,0.13298747,58.080917,268.9538,0.13740636,545.6599,301.32556,0.18024676,544.4246,315.05435,0.35002947,64.17971,303.7119,0.34303644,68.355484,266.8409,0.07973867,596.6146,282.6555,0.23859787,53.80835,283.2376,0.16370802,534.4994,306.517,0.31882817
846,59.26971,269.14877,0.055878844,534.0513,317.96875,0.043471403,541.12006,299.10083,0.13884181,58.851646,269.00757,0.12856223,545.31195,302.17023,0.1798621,543.9493,314.71417,0.36421034,64.015594,304.28018,0.3340736,530.5377,328.11948,0.079365246,596.89636,282.64536,0.23031555,53.920807,283.3883,0.15884851,534.36676,306.9329,0.2960329
847,59.062256,269.4715,0.05651061,534.8869,318.1201,0.045574207,540.36554,299.3699,0.15572639,59.528797,269.06943,0.12388254,543.93744,302.8803,0.18820216,541.6866,314.58942,0.37600055,547.9874,327.55417,0.3459948,515.2011,393.81778,0.08366677,597.0233,282.65662,0.23934491,54.057663,283.47626,0.15770176,533.4253,306.86984,0.3064561
848,58.885807,269.67685,0.056876242,534.84607,318.16293,0.04872638,540.2618,299.47192,0.15662014,59.917477,269.19577,0.12759991,543.84424,303.07034,0.18588492,541.23944,314.7398,0.37068447,547.7225,327.59354,0.34835523,588.1711,285.5712,0.07587261,596.9259,282.88943,0.2235626,54.10382,283.44846,0.16010174,533.49695,307.01834,0.29479477
849,545.2019,297.42038,0.059233826,535.12744,317.95563,0.05001507,539.666,299.03995,0.1528136,59.773357,269.22702,0.12998156,543.02325,302.74387,0.20174713,540.9805,314.95074,0.40472937,547.8779,327.8433,0.37028247,512.073,315.43167,0.078783914,596.702,283.19022,0.20543908,54.187473,283.4144,0.16176033,532.7058,306.2988,0.32285622
850,58.69343,269.75098,0.057541575,535.0151,317.9245,0.04969718,539.8687,298.8847,0.15477023,60.17145,269.3078,0.12912513,543.04846,303.1094,0.18747999,540.88074,314.67157,0.38270226,547.64844,327.99286,0.35510808,512.12244,315.28632,0.08058227,596.7026,283.39688,0.19833826,54.44817,283.19315,0.15558091,529.22314,293.9765,0.277738
851,59.068214,269.39365,0.057740618,534.9183,317.9447,0.053179834,539.77374,298.98352,0.15828109,59.248814,269.0826,0.13665283,543.27264,302.51843,0.18659748,541.0153,314.6464,0.3903394,547.3936,327.78717,0.36352876,512.2359,315.29962,0.081848174,596.58264,283.39172,0.21394739,54.08671,283.4227,0.16033198,529.22406,294.01202,0.2956378
852,58.25339,270.38248,0.057782218,535.37836,317.4956,0.043767504,539.5962,285.07465,0.16539644,541.00104,277.16684,0.13182546,543.2983,300.94604,0.22783108,542.86084,315.43808,0.418981,549.02026,327.96115,0.35548028,511.5148,314.99057,0.09112513,596.43823,283.93353,0.2532906,54.180115,284.28964,0.15857059,531.9545,304.971,0.38044187
853,542.5098,313.70697,0.061212417,547.5097,307.44116,0.0456215,539.5803,285.3035,0.16693781,541.1137,277.3217,0.14311886,542.5305,301.192,0.2385187,541.7593,315.6102,0.43637544,548.61456,328.17004,0.3791369,511.25516,314.682,0.09371558,591.5836,284.45377,0.23160535,54.19279,284.15363,0.16957076,531.515,304.6721,0.40749955
854,58.362427,270.34735,0.057342585,535.43115,317.70328,0.04446347,539.5593,285.0857,0.16373493,61.00703,270.05,0.13398942,543.17957,289.33374,0.2308165,542.19135,314.85022,0.43885815,548.61816,327.21875,0.38202685,511.33716,314.65988,0.08819469,591.90234,284.12863,0.2187229,54.108356,283.76456,0.16098185,531.7902,304.69513,0.38858038
855,58.317516,270.5216,0.05581337,535.2985,317.62094,0.044145077,539.55853,285.3247,0.16299134,541.6993,277.41174,0.14108913,543.1505,289.7776,0.23085855,542.6486,314.86676,0.43878892,548.85986,327.15683,0.37563524,511.2767,314.66202,0.08758881,591.6281,284.32913,0.2179517,54.33534,283.50702,0.16177993,531.86456,304.5226,0.38190216
856,58.255013,270.46658,0.055156652,535.28235,317.80334,0.042234,540.08997,285.6068,0.15340522,61.1632,269.95502,0.13204902,543.7981,289.35144,0.23018517,542.7523,315.10797,0.43943906,549.0359,327.80832,0.3676014,511.41547,315.09116,0.08670555,596.644,283.54068,0.24281807,54.163635,283.69666,0.1615862,528.50793,293.2996,0.3744574
857,58.21531,270.40326,0.056418434,535.3994,317.93024,0.044847816,540.3428,285.56006,0.15419127,61.05806,269.94006,0.12874134,543.9909,288.92303,0.23547487,542.3433,315.06064,0.44106138,548.66425,327.84122,0.37678385,511.36572,315.2034,0.083829366,596.76746,283.3821,0.25816652,54.124786,283.59836,0.16096106,528.52747,293.01562,0.37375578
858,58.203396,270.55545,0.056333147,535.2639,317.3286,0.043196067,540.6024,285.60492,0.14763594,61.22407,270.19455,0.13634676,544.33936,289.11258,0.23138785,544.2957,315.86304,0.43920457,65.3783,306.02014,0.36074963,511.19403,315.24466,0.08981095,596.6022,283.61978,0.25156647,54.482224,283.6748,0.16379301,528.6636,293.7157,0.40509695
859,58.57418,270.20142,0.058245014,547.18866,307.88525,0.03899963,540.2641,285.69516,0.14544617,60.470917,270.0427,0.1468779,543.8816,289.10355,0.23628773,545.11224,315.7027,0.44328186,64.768265,305.7124,0.3787851,510.89185,314.7966,0.09617257,596.60706,283.61093,0.24922186,54.215996,283.8418,0.17147145,529.4984,297.97266,0.41183433
860,58.693512,270.05432,0.06016735,547.3418,279.16498,0.040100493,540.0435,285.57178,0.15353912,542.63367,277.13107,0.15055506,543.6192,289.06635,0.23843808,544.3906,315.916,0.45064738,64.885574,304.96423,0.37883118,510.73425,314.9299,0.10022727,596.5305,283.49197,0.24921256,54.258766,283.50284,0.164612,528.3793,293.62296,0.41341218
861,58.28225,270.35278,0.05538329,535.1295,317.39957,0.04288564,540.24554,285.40625,0.1487046,542.6485,276.981,0.15189366,543.62823,288.9732,0.24215224,544.18695,315.45212,0.44230467,65.17019,305.1288,0.37092185,512.39685,302.2326,0.090759344,591.9603,284.00327,0.23965344,54.330475,283.46497,0.15548986,528.7157,293.4838,0.40909135
862,543.2874,295.0377,0.057592127,546.9465,308.15875,0.045706533,540.3954,297.5482,0.15079026,542.53064,277.37833,0.15650825,543.50684,289.13382,0.24206415,543.99805,315.26428,0.4368843,549.88586,327.06973,0.36722034,511.05536,315.01846,0.09176114,591.8077,284.14563,0.23589005,54.466602,283.38443,0.15596528,528.8006,293.94543,0.39631307
863,544.6313,297.67776,0.056511275,535.1605,317.8138,0.042020522,540.2884,297.62292,0.15028657,542.59796,277.31796,0.14166881,543.54694,288.96924,0.23061503,543.62476,314.86792,0.43054086,65.539276,305.41837,0.37617913,511.24646,315.17572,0.08901975,586.73883,284.9751,0.22979555,54.55384,283.49857,0.15771796,528.94824,293.67596,0.38210532
864,544.7192,298.17325,0.063929126,547.321,308.54782,0.04663637,540.23303,298.0817,0.15047547,544.10675,278.4695,0.11573506,543.4625,301.62375,0.23670612,542.52814,315.8394,0.4368638,548.97345,328.3705,0.38171825,511.4399,315.77722,0.095591314,587.28503,285.3178,0.22756597,54.610683,284.04877,0.1410009,532.3862,306.10342,0.33748317
865,544.2658,298.2132,0.05917128,508.56876,411.80908,0.042587344,58.47915,283.95142,0.15533762,62.766666,270.61093,0.1160655,543.9977,301.42355,0.2209905,542.3872,315.99307,0.43607804,548.4565,328.56107,0.38995674,511.54858,315.99554,0.08951763,594.0958,288.34647,0.23270269,54.70091,284.0805,0.14702085,529.4892,294.78662,0.33198127
866,544.37726,297.70206,0.059781425,508.6373,411.84207,0.04319578,58.18299,283.63724,0.15371871,62.595627,270.49707,0.120588034,543.68585,301.962,0.22121696,541.9224,315.58838,0.45314825,548.3699,328.6769,0.4084196,511.31073,315.6798,0.08993307,591.8974,284.93295,0.24236488,54.717445,284.04767,0.14944696,529.1692,294.37238,0.32783678
867,544.2892,297.43185,0.058604904,508.78015,411.83923,0.04503451,58.522114,283.8962,0.14771597,542.6993,277.7641,0.11578194,543.5693,301.94495,0.21783721,541.8245,315.31284,0.45745537,548.2474,328.34113,0.41745797,511.3151,315.58487,0.089598946,587.1951,285.50348,0.24748488,54.562122,283.96338,0.14829966,529.0391,294.00815,0.3210687
868,544.552,297.26843,0.058116887,508.97873,411.779,0.048374802,58.633045,283.78867,0.15583998,542.28625,277.99982,0.12242884,543.10406,301.68683,0.2102847,541.38763,314.1702,0.46635693,547.99445,327.01025,0.44508934,511.22418,315.42557,0.08624397,591.6993,284.61737,0.25873628,54.737778,283.962,0.14737059,528.80835,293.83493,0.31607676
869,544.5499,297.54172,0.05404604,508.91837,411.7609,0.04707735,58.39416,283.6968,0.15546426,543.04626,277.8996,0.12025013,543.4678,301.78928,0.23039538,542.1419,315.96484,0.44931826,548.95935,329.03082,0.38523397,511.17328,316.10126,0.090630904,591.8789,284.76193,0.26442698,54.803375,284.013,0.15288877,528.8223,294.2274,0.32746482
870,57.979393,270.81393,0.052090764,509.34195,411.63535,0.05566222,539.8646,298.25693,0.15929323,61.781513,270.16782,0.12116125,543.4707,302.01407,0.23142816,542.3188,316.6483,0.44269425,549.0731,329.70142,0.3782957,511.14185,316.19012,0.09360544,591.68787,285.00275,0.2658594,54.698864,284.02585,0.15545538,528.6955,294.95633,0.32077715
871,58.014225,270.80585,0.052873585,509.7883,411.50507,0.060899366,541.26526,306.06058,0.1581901,61.72351,270.18256,0.12241264,543.7138,302.22318,0.23101896,542.28235,317.19345,0.4294973,548.7418,330.13077,0.3600089,511.43692,316.2923,0.091242865,593.67725,288.77155,0.24304177,54.711575,284.07104,0.15381096,528.61743,295.6859,0.3150403
872,542.49396,314.62357,0.05501065,510.30682,411.3999,0.06563082,540.9797,306.31216,0.16498409,542.8772,279.36658,0.13060272,543.3384,302.10504,0.24677324,541.98804,318.063,0.44425914,551.5765,337.46442,0.3778471,511.20126,316.19827,0.09523588,593.88513,289.15622,0.26916814,54.88982,284.13422,0.15668704,531.17596,306.77176,0.34701398
873,541.3187,308.19867,0.057833016,509.6742,411.7231,0.054005962,540.5292,306.20505,0.17583726,541.801,279.02252,0.13405243,542.7952,302.08838,0.25531054,542.04297,318.14545,0.4374156,551.93713,337.80438,0.37373164,511.0241,315.7928,0.10079887,593.76587,289.2683,0.25446215,54.80274,284.00165,0.16284399,530.2933,306.556,0.37578118
874,541.4574,308.26544,0.061108947,509.7413,411.6983,0.054225303,540.37024,306.44434,0.18006481,61.482647,270.23193,0.12757485,542.7027,302.08652,0.25639808,542.0598,318.28625,0.44295833,551.98334,337.73886,0.37596336,511.217,315.9559,0.09807165,593.7953,289.45557,0.27483553,54.69136,284.1233,0.16405918,529.8514,306.96408,0.360897
875,58.39551,270.549,0.055447493,509.37753,411.8367,0.043710884,540.75214,306.5598,0.16482142,60.94674,270.31305,0.13579302,543.343,301.60776,0.24164812,542.63904,318.75323,0.41449714,551.84393,338.43015,0.3671673,511.2211,316.1912,0.098126866,593.2764,290.18973,0.25084475,54.516563,284.12817,0.1677975,530.3663,306.6899,0.34907883
876,595.7029,292.68405,0.04997884,55.059917,302.72354,0.04290909,57.67641,283.60132,0.14453658,62.266006,270.8542,0.1200819,543.1318,301.88034,0.2117938,541.5367,317.6764,0.34539792,65.573204,306.25674,0.3280742,511.38898,315.70303,0.075949095,584.5605,287.7047,0.21503793,54.19605,283.9625,0.15576783,526.9138,294.26794,0.309981
877,595.5266,292.6685,0.04927141,54.976727,302.73624,0.043134987,540.1606,306.83813,0.1460183,62.149273,270.70145,0.11769417,543.21094,301.70883,0.21399586,542.9085,324.2849,0.3530084,65.26512,305.9538,0.3301711,54.919113,299.2427,0.07366787,584.1771,287.805,0.21696664,54.148335,283.96545,0.15584409,526.57104,294.2925,0.3169678
878,56.99793,286.05603,0.044295345,55.051792,302.67682,0.040781215,57.38393,283.82837,0.14382851,61.573235,270.2842,0.11582709,543.2227,301.78485,0.21486984,542.6602,325.79895,0.34554836,550.16516,339.28177,0.32924363,67.90724,267.39178,0.07406965,584.01935,287.84528,0.21304153,53.911728,283.9007,0.15507439,526.83966,294.9573,0.30736595
879,57.17407,286.04892,0.04486276,55.128014,302.748,0.04215291,539.7205,307.51743,0.14582945,61.64252,270.61737,0.11667425,543.04034,301.76727,0.21395288,542.09,325.3096,0.34429628,549.2456,338.91656,0.33506238,511.8032,316.38675,0.07470845,584.1063,287.92664,0.21898463,53.778965,284.08054,0.15874358,527.2366,295.0823,0.3028171
880,57.559296,285.73364,0.045449667,55.336723,302.73062,0.043749064,56.73214,284.1551,0.1467972,61.095135,270.58176,0.12311173,543.22955,301.4971,0.21440925,541.3373,319.67664,0.346904,64.40475,306.46997,0.33318672,68.05629,267.57214,0.07415349,584.85974,288.10297,0.22763412,53.767513,284.37527,0.16452459,527.42676,295.00693,0.30208105
881,57.896217,284.9035,0.04910696,55.6041,302.6963,0.0417689,56.101017,283.72412,0.1460769,60.031765,270.19577,0.14093325,543.39923,301.7816,0.20513609,541.9696,324.74783,0.33973375,63.843067,306.00662,0.35573342,68.79476,268.17236,0.083401285,584.81335,288.15347,0.2231703,53.750763,284.41943,0.17098525,527.78815,295.2168,0.29527402
882,58.52834,270.24106,0.050029945,55.585484,302.69104,0.041802373,56.3912,283.7274,0.1473739,60.418392,270.37814,0.13643539,543.66003,301.69962,0.20395423,541.0767,318.64847,0.35305113,64.388855,306.4724,0.34594524,588.7593,286.73996,0.08221759,593.6754,291.07678,0.26803774,53.855053,284.41153,0.1659218,528.2,295.28256,0.26855594
883,58.586655,270.10742,0.05294,55.5308,302.59015,0.040696062,56.240562,283.8855,0.14811037,60.3294,270.37283,0.13012972,543.4785,302.0127,0.20234394,540.933,318.74512,0.3659781,64.1543,305.99905,0.353237,589.02655,286.6229,0.08769854,594.01544,290.87997,0.27020693,53.73063,284.2242,0.1672325,528.01984,295.3893,0.26957795
884,58.65987,270.33557,0.0524534,55.62603,302.63962,0.041493643,56.42297,283.83566,0.14660744,60.514053,270.66998,0.13557084,543.19025,302.44595,0.20036268,541.4536,324.31097,0.34868526,64.53992,306.16434,0.34574172,68.50044,268.26627,0.0762676,593.34326,291.2351,0.24074215,54.01489,284.33047,0.17073679,527.8772,296.0509,0.23879315
885,542.0713,308.34412,0.05114777,534.50366,333.41385,0.042610794,56.237663,283.82764,0.14466685,60.193993,270.42798,0.12963122,543.2457,302.92664,0.23879471,544.32227,329.81732,0.3712931,64.265045,305.42984,0.34324715,589.21,286.58432,0.082108624,594.3701,291.29214,0.27238327,53.937836,284.25858,0.17340827,532.07715,320.3364,0.294341
886,58.091747,284.7549,0.051750623,534.79755,333.2404,0.03964642,539.01483,308.42868,0.14463049,59.96643,270.3568,0.1328427,542.72253,303.10815,0.22510742,543.5366,330.18597,0.38928849,549.6705,340.82846,0.35172838,588.9678,286.6706,0.0830815,594.05347,291.51984,0.278918,53.75709,284.45184,0.17505722,531.69806,320.5279,0.28743666
887,58.83411,270.29257,0.052840117,55.71907,302.63586,0.04133849,56.006634,283.84866,0.14134331,60.32802,270.8384,0.13559853,542.75793,303.15335,0.21472766,543.257,330.51352,0.38339695,549.1862,341.29587,0.34667996,68.44666,268.60388,0.0781123,593.61414,291.6748,0.2654944,53.872253,284.87277,0.18017843,531.7865,320.63458,0.28623307
888,57.971592,270.76428,0.05019063,55.616974,302.53076,0.03828996,56.18402,284.46555,0.12671366,61.943363,270.9456,0.11870474,543.4418,302.468,0.23055011,544.7626,330.82483,0.38164467,549.6645,341.2952,0.35928202,482.38315,200.69362,0.07241986,592.43256,291.44226,0.2799917,53.328037,284.56818,0.17166236,529.1809,312.9587,0.3060461
889,58.362003,270.48602,0.052863166,55.73845,302.41742,0.03804196,539.13104,309.34854,0.1372786,61.318405,270.82846,0.11936935,542.45184,303.01758,0.270352,544.13556,331.23676,0.40815523,549.61096,341.14282,0.3848207,511.95178,316.95132,0.06748739,593.1526,291.21555,0.27376124,53.28587,284.7411,0.17943916,528.6006,312.89175,0.34942046
890,542.3807,307.7363,0.056552105,55.64184,302.42438,0.0387089,538.4997,309.4193,0.14635018,542.45044,283.31207,0.1231148,541.7152,302.8826,0.27524433,543.7067,331.37634,0.40586954,548.95935,341.67944,0.3812987,589.02795,286.8409,0.07436983,593.8045,291.26004,0.28046632,53.21897,284.61047,0.18242936,527.73145,313.00894,0.3488567
891,58.937294,270.16937,0.05591078,55.8693,302.40482,0.037795436,538.2456,309.5642,0.14317307,541.6934,283.1481,0.13123608,541.16376,303.01373,0.2709252,543.0279,331.08145,0.41590276,548.5452,341.2141,0.38807866,588.95795,286.87186,0.07479174,593.78516,291.28778,0.2826362,53.444504,284.76678,0.18622702,527.4501,313.3188,0.34106556
892,59.105404,269.8591,0.056771774,55.843563,302.33704,0.03768156,538.2311,309.65265,0.14042525,59.971325,270.4018,0.12552468,541.38354,302.58914,0.26166958,542.36475,330.7531,0.39369756,547.8315,340.7294,0.3878645,588.9386,286.92792,0.079380594,593.75745,291.36096,0.28984916,53.213852,284.49103,0.18472889,527.2707,313.20496,0.31853095
893,58.877697,270.02567,0.054945953,55.842262,302.35812,0.03683526,537.8789,309.88278,0.14654095,60.279377,270.41815,0.12449944,541.28015,302.66077,0.24373953,539.14734,326.98688,0.37706658,547.2417,339.921,0.36950168,588.7573,286.97464,0.08077404,593.89014,291.26566,0.3112352,53.19613,284.81644,0.17852125,526.9937,313.8863,0.28214848
894,58.77234,270.25055,0.05536432,55.71344,302.44632,0.03961475,537.4135,310.06635,0.13624075,60.45606,270.9977,0.12342741,541.21576,302.76938,0.23759261,538.98016,326.64148,0.3614179,542.43195,337.603,0.34259978,588.6705,286.83054,0.068565056,593.22833,291.45212,0.27568504,53.378197,284.7868,0.17956364,527.0768,313.55502,0.2876832
895,58.978893,269.97678,0.053917445,55.74399,302.47684,0.03810444,537.4139,310.01007,0.13898657,59.872932,270.7054,0.12512484,541.03534,302.94836,0.23828572,539.06085,326.78284,0.35152975,547.3447,339.00757,0.33322734,588.97974,286.86267,0.08490689,593.893,291.4047,0.28741634,53.264706,284.9191,0.18124324,527.0759,313.72043,0.27950194
896,58.896545,269.9504,0.056146715,55.674038,302.45776,0.03765821,537.2496,309.9283,0.14603771,59.881905,270.58615,0.12501113,540.7926,303.20953,0.2443842,539.31555,327.09427,0.35742363,547.7465,339.4935,0.3405843,588.7518,286.9846,0.08122029,593.3976,291.34946,0.28196746,53.303764,285.0085,0.17988484,526.82324,313.99402,0.29062706
897,59.517063,269.49008,0.05617959,55.754986,302.29254,0.03881276,537.2475,309.72696,0.13664691,571.8631,131.24568,0.14714497,540.6573,302.88272,0.24395028,539.6407,326.94543,0.36705175,547.90936,339.0178,0.3311651,588.6395,287.02133,0.07857079,593.2436,291.40408,0.28283435,53.0215,284.80414,0.18193033,526.5323,313.76453,0.29597592
898,59.727776,269.47778,0.05940767,55.89616,302.3714,0.039256465,537.0066,309.7708,0.14927864,571.9474,131.13055,0.14353606,540.2667,303.26978,0.24139924,539.3221,327.25903,0.36036408,547.56714,339.7963,0.33656925,588.64874,286.9395,0.08217814,593.64386,290.98077,0.28324997,53.09928,284.89563,0.1857775,526.27155,314.22345,0.30567873
899,59.537514,269.5869,0.058271125,55.772686,302.3979,0.037889946,537.0583,309.71506,0.15013571,572.1006,131.52344,0.13366242,540.3724,303.42184,0.24121287,539.1304,327.03073,0.3548298,547.4584,339.7417,0.33638087,588.7765,287.0736,0.08458559,593.42145,291.04468,0.27720374,53.105698,284.75995,0.1821527,526.42426,314.5004,0.29114982
900,544.2274,305.9444,0.0526198,548.7658,314.53256,0.051386576,536.21674,313.79852,0.16243686,571.91174,131.7718,0.114558905,535.16595,313.99762,0.20827946,535.8859,319.06088,0.35229114,539.5939,335.52823,0.3680432,535.67,326.70627,0.09445977,592.8245,291.8474,0.2901701,52.846146,283.35867,0.15420513,528.1955,320.5864,0.19870134
901,57.5117,284.23706,0.056387264,548.6968,314.8789,0.044838898,536.84863,313.74258,0.1542767,59.98204,269.84085,0.11315564,541.0728,303.6938,0.21578062,537.93665,324.8466,0.34542125,541.05414,336.22366,0.35864648,534.839,326.12717,0.089505695,593.7437,291.49695,0.29576874,53.011696,284.2905,0.1746781,526.87384,315.14084,0.23979792
902,57.2688,284.21558,0.0566763,548.32306,314.8171,0.04362311,537.00946,313.98016,0.15033133,60.4235,269.81363,0.11047294,541.2638,303.87735,0.2068962,537.95166,325.08505,0.35302508,541.08,336.62454,0.35680065,534.93335,326.63187,0.09391355,593.25,291.4406,0.27844962,53.154427,284.179,0.17425518,526.81714,314.96432,0.22653002
903,56.97886,284.1758,0.053902134,55.668095,302.19315,0.03851088,537.4648,313.8424,0.15040824,61.345074,270.0894,0.109494224,536.3373,312.86948,0.20868541,538.4607,324.45294,0.362442,547.19696,337.5238,0.36226082,534.46564,326.33475,0.09062796,593.92267,291.11353,0.28386492,53.241875,284.5602,0.17975062,525.4957,303.77313,0.21822195
904,57.21816,284.59448,0.05375694,55.50827,302.3937,0.039582055,537.33575,309.89236,0.14523803,571.2725,131.40404,0.12701379,540.9608,303.17944,0.22508277,539.04004,326.3511,0.35603365,547.3184,339.65936,0.36309123,534.44324,326.01456,0.07791746,592.4803,291.16376,0.25960392,53.36076,284.58246,0.18145865,524.99225,303.6945,0.26505136
905,57.273495,284.69843,0.053297233,548.3066,306.91074,0.04186491,537.22595,309.61462,0.15321478,570.9807,131.48022,0.14087361,540.93115,302.92694,0.22167316,539.29095,325.4912,0.34053567,547.37427,339.1703,0.33920997,588.03894,287.16098,0.07532416,592.112,290.93088,0.26418963,53.44164,284.3434,0.17401186,525.12744,303.80304,0.23584652
906,57.337612,284.80783,0.052740254,540.3632,349.7557,0.04517989,537.14056,309.678,0.14561346,570.9981,131.73825,0.12968536,538.0178,304.77728,0.2187298,538.59503,324.92682,0.32273257,541.0394,335.86713,0.32001892,534.4763,326.3883,0.07383797,591.4947,290.56543,0.22982065,53.151745,284.3265,0.16835664,525.71466,295.25293,0.24033901
907,57.459805,285.45966,0.053283494,547.7621,306.80264,0.045001395,537.32526,309.50458,0.13912863,570.3736,131.4506,0.14120571,537.80804,304.4956,0.20565628,538.5849,323.87833,0.31548974,541.08325,335.15784,0.31605816,534.2358,326.41632,0.0771799,591.70197,290.87155,0.24070647,53.22043,284.6608,0.1625847,525.25183,302.1988,0.24654943
908,57.23574,285.63995,0.052891333,536.54456,316.43768,0.04964852,56.859768,285.32993,0.13850038,572.4439,127.253365,0.10429865,541.1947,302.58844,0.19253664,538.34485,323.3626,0.28651208,540.4811,334.5839,0.2983943,507.83615,396.5297,0.077025965,592.43805,290.44482,0.23079772,53.248993,284.5507,0.15519693,526.057,294.59753,0.21481904
909,57.197254,285.97574,0.050333038,536.6191,316.67538,0.04351177,57.808815,292.02188,0.13957189,569.39856,130.87444,0.14636317,537.5317,303.23654,0.20280422,538.7757,322.3698,0.3002365,540.99884,333.6178,0.3054416,507.95068,396.41986,0.07192435,592.75073,289.54123,0.22783464,53.787796,285.03134,0.15852834,524.69824,300.70123,0.27469525
910,56.89048,286.6415,0.047001805,536.1416,316.7114,0.046372924,538.1352,308.15457,0.1372734,568.8663,130.73112,0.15100907,541.2556,301.78644,0.19958085,539.2117,317.03702,0.30649084,69.30242,314.38928,0.3186525,588.3625,286.56967,0.072287254,595.33734,285.2465,0.282335,60.095615,290.35025,0.17099923,525.3383,294.05612,0.25155404
911,56.679966,286.5443,0.045122806,536.12244,316.7204,0.049805783,537.60095,307.8611,0.1643971,568.56805,130.47243,0.1552449,537.17126,303.95462,0.20386717,539.932,322.03455,0.30097014,69.50827,313.96112,0.31609797,507.8998,396.28735,0.102863796,595.5901,284.05472,0.2709567,60.296013,290.262,0.17213172,525.27484,301.12558,0.24349727
912,56.72716,286.44812,0.045164112,509.90137,412.08243,0.0454106,537.50024,307.08807,0.14901796,568.96185,130.82147,0.11349439,537.0301,303.45935,0.19871801,537.2963,314.89938,0.2925015,70.037094,313.94427,0.30895957,508.09875,396.20667,0.11316265,595.33606,284.03122,0.26095212,60.06152,290.10385,0.15726458,525.2972,293.76202,0.21484815
913,56.90637,286.12726,0.047591925,509.63275,411.88873,0.043957505,536.358,288.1461,0.14367692,568.1804,130.36192,0.13343158,536.4054,303.14966,0.22481401,537.1564,315.28104,0.32487112,69.63579,313.38098,0.30157873,508.58084,395.97427,0.09770368,585.3675,284.84778,0.23627341,59.734608,290.09775,0.16812965,524.69464,300.28668,0.25992924
914,56.70261,286.40768,0.04546251,509.38486,411.7315,0.04466712,537.01056,307.0464,0.15068565,568.13086,130.52226,0.14871062,536.3997,303.88522,0.21395624,537.31616,316.01224,0.3004416,69.46302,313.81757,0.30403054,474.4285,201.02533,0.10285632,595.18335,282.46594,0.23532462,60.101555,290.49646,0.17089109,524.94904,300.8663,0.26258036
915,543.8926,112.001236,0.047816698,508.77594,411.6804,0.04223806,537.3115,299.19037,0.14571676,567.6304,130.3407,0.16798055,65.626465,293.91336,0.18736224,536.71094,315.6395,0.29047075,69.22335,314.31085,0.29326275,469.44147,188.3544,0.079761155,594.831,281.13586,0.2517003,61.1913,290.33972,0.17733389,525.8053,300.2581,0.24479885
916,501.98563,403.33395,0.04787353,536.04236,316.4516,0.04399553,537.05817,298.73416,0.13567638,567.5923,130.32935,0.14138627,561.29,139.0293,0.18602706,536.843,316.0409,0.2927031,69.36836,315.37335,0.27737036,469.8463,187.21779,0.09706146,595.2083,280.44614,0.22253811,61.48932,290.2972,0.18125646,525.5146,300.0204,0.24913472
917,543.7464,112.688446,0.049652047,535.7556,316.1001,0.045012716,538.4332,306.4339,0.13590018,566.61804,126.661026,0.16037588,560.895,139.09932,0.22977018,541.35657,322.2202,0.3017521,69.9415,314.68005,0.30653027,469.6466,186.11768,0.104477204,584.7456,281.70908,0.20496753,61.164566,290.80096,0.18660182,524.7734,298.76804,0.2615889
918,543.8334,112.81618,0.04911963,536.19214,315.80807,0.038509928,538.62085,305.79807,0.13866645,562.4329,127.47353,0.17486757,560.28613,144.99248,0.2560366,538.39264,316.80786,0.31021148,69.82583,316.21762,0.28841856,472.48148,186.98901,0.10845796,586.6205,279.5229,0.2608976,60.437523,290.85922,0.20814662,528.6521,305.6064,0.23941915
919,544.0004,113.028656,0.045286275,536.30493,316.199,0.037765585,539.0999,305.34772,0.14161186,562.0078,126.77829,0.16276339,559.9737,139.57141,0.23215339,537.9114,310.47906,0.326171,546.0871,324.83124,0.2917299,542.71826,274.8409,0.07340074,586.3292,279.4249,0.20408666,60.508564,290.8279,0.20652433,52.784634,297.24075,0.22067331
920,557.6376,143.2001,0.056913935,526.58795,294.71603,0.047027107,536.3532,273.55206,0.15596558,561.40674,125.7016,0.18783888,559.45844,139.19733,0.24345882,538.3293,309.71268,0.36342984,542.4711,321.37427,0.3212271,543.6805,274.45105,0.08206028,590.43866,275.55124,0.21171692,60.46149,291.3513,0.20648944,521.9573,288.28778,0.24241237
921,558.56537,142.69304,0.06010234,558.9383,142.91768,0.043956313,538.4261,297.7655,0.14903326,560.6443,124.305855,0.21036956,558.0348,135.25153,0.26350164,538.75586,308.3634,0.34635115,542.366,320.1857,0.32109845,542.3603,274.68674,0.07832755,591.0417,274.9353,0.23167537,60.962593,291.25256,0.18886723,525.3113,286.89648,0.23126192
922,560.0109,142.07892,0.07154964,559.20764,157.73914,0.0493939,537.7491,293.67383,0.15763858,559.596,124.39005,0.24914524,556.2231,144.22275,0.30510882,537.7984,301.64258,0.30190784,561.3168,153.41399,0.29587483,541.9915,274.77902,0.08803631,590.77783,273.86505,0.23997906,62.68026,290.84155,0.1728179,525.8669,286.71484,0.19309618
923,560.77075,140.694,0.057019684,525.12823,294.291,0.04527168,537.42865,293.02383,0.17313258,559.21783,118.22351,0.25256774,554.8683,135.23586,0.28010345,535.8874,300.4727,0.31555092,540.87854,316.2692,0.30965093,542.0673,274.4092,0.08018755,584.2826,268.93076,0.23164447,64.04509,303.1029,0.18939288,522.7108,287.87103,0.18023935
924,558.95306,112.489426,0.0457534,533.89856,301.7851,0.04685224,539.7293,291.0898,0.13258721,558.84937,117.84439,0.24453795,554.9214,134.57973,0.2817829,539.0295,297.87732,0.21396297,77.96794,327.21558,0.27386832,470.89404,178.9401,0.07591597,559.70074,301.38467,0.24065301,64.94473,303.75977,0.21305515,54.921284,300.9942,0.14887533
925,527.81226,113.233154,0.04832367,535.0285,301.5922,0.04818449,539.7582,289.87595,0.1465464,557.40155,116.33318,0.28110152,554.06335,133.66373,0.28529963,538.832,297.66348,0.29036608,77.7259,326.73093,0.29837364,542.5661,259.58392,0.075610854,558.50964,300.81277,0.22870718,65.64871,304.14343,0.21947432,525.3377,276.27597,0.23256676
926,527.87476,113.40157,0.050627697,534.7988,300.95853,0.051964153,539.6617,289.72702,0.14138246,556.18097,115.63652,0.29150942,553.38763,133.3586,0.2995353,538.62164,288.36475,0.24503897,77.6574,327.24924,0.29982403,459.33664,184.9043,0.08195014,585.7493,263.7476,0.22984646,66.504974,304.6195,0.22637634,526.69855,265.3927,0.19776309
927,527.91943,113.377785,0.048387717,534.82184,301.1944,0.058602557,538.98175,283.1243,0.15556261,555.0166,114.56827,0.30826655,552.6713,133.01596,0.33055285,536.06866,286.51813,0.27544773,76.96309,327.11703,0.31727374,519.96765,380.65887,0.14327551,558.09753,294.1344,0.20115349,66.83378,305.23843,0.24417934,526.3837,270.3559,0.20884001
928,77.57365,300.40976,0.04704944,535.6066,284.92896,0.056341514,540.16974,282.50076,0.1356688,553.5393,114.19242,0.30607745,551.5006,128.83366,0.3201649,537.977,286.41373,0.29642335,76.82786,327.16006,0.2973528,458.94165,168.83679,0.12993957,562.6404,288.91595,0.23348683,66.70527,305.47815,0.24409333,526.21893,263.42874,0.24027102
929,528.2069,96.62026,0.04571608,535.47736,285.50745,0.04803424,538.97186,276.65308,0.14231247,552.42126,114.1225,0.26808563,550.76447,128.63577,0.2770242,538.83264,284.42062,0.3100298,76.72823,328.41638,0.2837816,459.12558,169.05635,0.13535441,560.60583,287.78958,0.2536564,67.21176,304.58264,0.22358291,526.2149,262.2432,0.26020607
930,463.42697,170.5208,0.04658888,534.3101,285.17242,0.05057819,539.37067,275.68787,0.16657238,551.6929,114.450775,0.24084656,551.30865,132.42659,0.2570942,539.38367,284.26837,0.27990258,556.5543,136.15056,0.29679635,458.38885,163.91722,0.13171765,561.41864,287.33038,0.25211594,67.294136,304.25226,0.22126903,525.8544,261.36096,0.21831232
931,463.93854,170.69315,0.05165957,258.74475,214.26329,0.04337938,540.5353,273.70877,0.13548873,552.27203,107.19102,0.2165301,550.9208,131.36775,0.25069824,540.72034,281.3669,0.21778266,555.5468,134.47865,0.30328918,457.51196,162.81606,0.18805544,558.40405,284.61133,0.20558956,67.442696,304.57587,0.21262428,527.23553,260.39728,0.15725063
932,76.02415,302.30222,0.04667926,530.62305,127.54436,0.04498142,541.22504,272.37296,0.12084326,552.28503,107.147766,0.19611935,549.50104,125.26274,0.20480935,542.14264,277.2989,0.23310634,554.7094,133.05263,0.317168,458.01297,163.75244,0.1371799,585.308,247.72568,0.24326928,67.952324,304.45023,0.18503751,528.096,259.84055,0.16750658
933,463.81335,170.45229,0.06247016,515.06604,256.00607,0.056148786,535.7888,242.76767,0.16489343,551.1697,110.0155,0.17439081,545.33344,118.33474,0.18864535,539.19324,277.68198,0.29758948,553.44446,133.20052,0.3255264,457.7939,167.41188,0.18404935,560.3174,278.3632,0.25465277,67.90948,304.4605,0.14867432,525.7403,252.83035,0.2432433
934,463.4276,170.65115,0.057084095,539.7676,128.00345,0.058259062,535.33673,242.96559,0.15282312,551.3546,106.90051,0.16214225,544.6969,117.94681,0.19213964,538.6088,269.08002,0.24970214,552.6335,131.77747,0.31135416,457.0776,161.14224,0.19183709,561.0604,272.7862,0.23629862,77.23464,321.61032,0.11915136,526.8473,246.71399,0.22559135
935,334.43912,155.93663,0.081009805,257.29266,214.4687,0.06209826,535.83417,242.7087,0.115249336,550.0985,106.59075,0.18305758,544.0118,118.04459,0.22989734,540.1536,266.7981,0.27395707,552.25793,132.70409,0.37640062,524.07654,363.44034,0.16771312,558.8791,270.6163,0.2572297,544.2745,112.00619,0.19151342,527.2432,245.48122,0.26461503
936,288.2255,141.65077,0.066413976,138.88779,191.1513,0.0743214,535.4737,242.28262,0.14961289,545.1877,101.51693,0.12063666,537.61786,241.71295,0.14905335,539.3759,267.3281,0.27478743,552.085,120.89273,0.2694371,450.32034,152.51334,0.12579958,559.3258,270.8431,0.28631514,544.0321,111.94376,0.20541005,526.65594,244.44197,0.25097087
937,137.48822,187.5712,0.076769926,139.6486,191.02005,0.086380795,539.9612,257.86133,0.13230342,543.1582,99.930084,0.14132386,541.59863,111.36414,0.18043381,545.2734,109.04029,0.22580454,549.9281,120.579315,0.3107379,454.99152,153.16856,0.123030424,557.6063,267.62802,0.23196003,541.7297,111.76085,0.23207681,527.10657,244.00961,0.21701269
938,353.8582,174.55711,0.07511098,354.76773,189.22583,0.111528724,541.28485,256.4922,0.117917806,542.42334,96.02626,0.1518577,540.2719,110.18188,0.16506246,543.63715,262.79932,0.2277358,545.5973,119.76219,0.2943156,529.669,360.34625,0.13067614,585.9899,231.11247,0.27115613,540.4219,110.689766,0.20001987,527.5707,243.29382,0.2108015
939,315.36697,156.3068,0.10764912,354.23703,185.314,0.1282715,541.5812,256.20905,0.12009257,540.3787,93.75539,0.19332144,538.5267,110.30734,0.22196645,541.7381,256.0047,0.26282218,543.82367,120.34594,0.29576537,443.03006,149.47742,0.13897102,585.6523,230.8482,0.26088846,538.47174,110.98431,0.182923,527.9295,243.35136,0.2384576
940,256.08972,206.17342,0.107785694,257.02298,215.56908,0.14258695,541.7598,255.63434,0.1310213,538.8709,92.750534,0.190516,537.13385,109.61276,0.20381087,541.3881,260.37918,0.24807234,541.45087,120.596985,0.28408363,443.47086,145.6749,0.14482556,557.5035,260.9755,0.23326151,377.22888,197.39313,0.13148245,525.86163,232.47177,0.22757092
941,316.1378,155.53537,0.13307092,278.9504,152.09103,0.118791044,536.4892,227.53986,0.13514982,537.1957,91.64987,0.21988556,535.1354,109.89115,0.19136463,544.2539,255.85973,0.30130973,551.3049,269.75714,0.31132755,442.2395,144.561,0.16789395,583.5312,221.90273,0.25666672,377.21832,197.12375,0.13872172,525.7275,231.61403,0.2769986
942,316.90204,155.74628,0.12080127,279.1194,151.81934,0.09823637,536.49493,226.33937,0.1218623,536.72107,95.21918,0.19400127,530.77167,103.77021,0.19824508,543.8066,252.15038,0.26185143,540.8024,121.207855,0.28760386,441.60764,144.13034,0.19665551,582.84094,219.4949,0.27064198,285.1913,234.84956,0.13654695,526.36194,229.76251,0.30949146
943,372.02908,335.19098,0.12623893,274.8761,152.00446,0.12324796,536.25165,225.67853,0.1311759,535.86383,94.262566,0.18959592,529.90906,103.39716,0.20902878,543.19745,252.12776,0.2284923,539.49927,120.47615,0.3007601,441.36185,144.04866,0.18820491,584.081,216.94017,0.2636362,530.1882,96.81738,0.17786025,526.37683,228.0073,0.26254857
944,272.99448,142.50165,0.13070045,274.49817,152.44836,0.16783765,536.44403,223.8209,0.11503431,535.93756,92.45314,0.1541884,244.7127,149.0212,0.17879282,544.5836,249.75342,0.26231676,538.3944,117.760765,0.25051153,438.6697,139.23318,0.19453019,590.59955,211.39401,0.3689685,529.36096,97.04748,0.22781034,526.1268,228.51457,0.25498712
945,350.36884,175.10382,0.10798219,274.75015,152.29874,0.12428289,538.7717,228.19907,0.094064064,250.99023,133.93793,0.14548898,235.98592,142.25572,0.19980773,544.1747,246.54166,0.22952366,534.75446,105.37167,0.28633314,437.9289,138.27512,0.21884727,590.02966,210.95448,0.34031695,526.5438,96.99558,0.2510386,525.23224,222.70917,0.19957396
946,318.69107,155.0758,0.13395931,191.4422,198.77693,0.16127862,539.7788,228.94246,0.10223658,526.27264,83.25077,0.2009757,524.2266,96.57312,0.22647507,543.5001,246.2316,0.31933638,531.5534,106.28284,0.2948432,538.8332,341.41382,0.20624644,585.8906,206.12479,0.3230909,523.7538,97.2538,0.24606319,523.3132,216.12726,0.24190757
947,255.36224,221.97386,0.13567731,272.41797,153.71854,0.17287745,535.7329,211.95789,0.1244969,524.01636,82.838486,0.20837747,521.67255,97.42599,0.25278986,546.07434,246.25713,0.2956835,527.35596,107.19168,0.29406846,539.43195,340.62335,0.18958011,585.36725,202.2415,0.34021154,521.1904,97.639725,0.19602373,525.5328,216.08058,0.279867
948,449.3372,281.67426,0.19546743,271.30414,164.91414,0.20292892,535.30035,210.49594,0.12624457,521.999,82.30338,0.16260839,440.0367,300.93973,0.21153224,546.9372,240.05457,0.28815624,524.2649,105.19075,0.2301538,540.0091,339.23425,0.21236718,588.8889,197.12608,0.35870045,433.2074,303.26962,0.19314547,524.41876,214.9463,0.31032816
949,449.36414,280.8518,0.20126021,271.2169,165.85362,0.17848194,138.79944,242.9914,0.1331151,518.17035,80.05597,0.19667868,440.3967,300.70602,0.25864655,547.4272,238.98347,0.2533147,525.0002,105.80249,0.2659078,422.83728,127.83327,0.24239749,584.828,198.67355,0.2971006,404.12442,128.0187,0.17230909,524.4084,212.50587,0.27867618
950,449.60675,282.19943,0.17882916,384.7049,345.70612,0.1949771,535.18243,217.02905,0.11996324,516.1763,81.53268,0.17343754,440.8753,300.07867,0.24994808,551.82416,238.90178,0.2534201,523.25977,104.58214,0.3011068,539.7185,331.9956,0.21475515,588.58276,194.7174,0.2521206,439.1413,303.9432,0.1925368,522.36206,208.13144,0.22352074
951,385.23013,335.0632,0.15645836,255.86432,234.1218,0.19672053,379.25403,193.9381,0.10538928,514.07135,72.21517,0.19071418,440.94922,300.2016,0.21737999,518.6865,113.529526,0.2687097,520.69446,104.90922,0.29743898,424.29587,130.32173,0.21785489,582.31915,188.76958,0.22270922,509.80182,83.524864,0.24473645,523.22327,200.7827,0.20833102
952,386.31503,335.18686,0.18134697,386.82077,345.63855,0.19382319,202.36017,339.6586,0.11328483,510.92288,71.32717,0.1806003,508.08365,93.37642,0.2549844,546.68463,231.18826,0.24578999,517.1313,103.529106,0.2718336,540.4919,324.24557,0.2147016,581.70245,185.94502,0.2512935,506.90356,83.43199,0.22321515,524.13995,201.13368,0.2381833
953,387.3601,335.20255,0.163538,178.2304,279.94022,0.17790139,145.98979,258.66476,0.14621465,443.08478,277.5189,0.14986554,504.87045,93.035416,0.21098955,545.18317,230.98218,0.28742257,549.00916,241.11964,0.226497,551.7687,324.72595,0.23572041,582.3223,183.4274,0.27904084,501.08932,84.45164,0.1970938,523.1931,199.75766,0.21133928
954,388.13306,335.1021,0.16364904,336.20114,187.03969,0.21442351,210.95073,352.37726,0.10872508,234.47485,148.89014,0.13423774,442.01794,285.21722,0.20451123,546.4744,223.41994,0.24156502,511.4783,102.86814,0.22635089,552.2382,323.9846,0.15420854,577.72363,181.45705,0.23984142,500.5987,78.78161,0.25096163,516.2003,202.71342,0.2639589
955,388.81058,334.3466,0.17748736,336.16483,187.20332,0.22698317,434.07648,354.25055,0.10306155,445.08936,276.4294,0.1620826,442.44424,284.37067,0.25895116,548.34863,220.75874,0.2486499,512.049,121.051506,0.25789282,552.4874,321.7851,0.22314468,580.33105,173.071,0.23284702,500.015,79.67403,0.29174107,513.7809,195.03232,0.21736076
956,328.03513,174.86942,0.15072168,335.12457,188.0524,0.2544745,372.2671,193.26985,0.12565853,495.66904,67.13069,0.17197576,495.94278,87.52446,0.21650127,548.85315,215.15213,0.22361493,503.57812,92.346245,0.306028,550.38574,315.92264,0.20718387,584.6012,217.34183,0.23620164,494.56406,80.61293,0.2958624,513.85767,189.7824,0.19348854
957,392.94427,334.7078,0.17173606,400.41653,346.6143,0.2272823,488.98795,55.86032,0.10453273,490.96042,60.37245,0.19841757,490.04666,80.36307,0.24129887,546.137,215.04318,0.24541248,498.57834,92.4516,0.28021806,552.4784,309.49487,0.31587932,590.515,208.46939,0.23897241,489.821,81.13907,0.19901814,514.13403,187.94505,0.24407615
958,404.108,190.81306,0.15235883,401.16434,345.95987,0.2044076,223.71149,362.97272,0.14255106,489.60593,66.907646,0.18049455,487.43713,80.477974,0.22750539,490.14896,79.802055,0.19074644,494.773,91.58501,0.2646219,553.02606,307.88855,0.27692425,592.7793,204.00641,0.23587614,482.9345,74.07196,0.15871873,525.6482,183.93549,0.15003622
959,403.37753,190.6078,0.15179075,400.58276,345.7414,0.22622983,371.3539,192.50037,0.07128079,489.44742,62.64367,0.15479623,487.7134,90.95164,0.19537622,494.50073,99.3622,0.22847983,498.30365,112.94183,0.24230547,552.4265,306.05612,0.22802989,588.9253,199.22035,0.26801348,484.33246,75.03315,0.27263543,512.7967,179.23781,0.19793986
960,247.6386,173.8702,0.15824519,401.39853,345.97696,0.22379035,369.61212,191.75691,0.10587066,490.17236,61.83205,0.13020055,218.52959,174.16917,0.13854173,481.38403,67.20586,0.22066894,487.89813,80.97203,0.22169504,550.3955,298.77078,0.25149152,591.08014,195.11319,0.36228293,479.62714,67.209755,0.23735185,515.3414,173.24864,0.123780064
961,401.1398,335.34006,0.1349055,402.65195,345.1108,0.2020978,229.59444,370.1398,0.09476304,479.6161,59.876892,0.13023995,475.13797,75.30699,0.14023267,478.69037,66.892845,0.19864665,483.31888,81.591446,0.24518885,552.7858,293.75342,0.28086385,589.8971,191.28151,0.26793298,476.03967,66.59425,0.16382456,514.0883,172.13539,0.14892928
962,179.40694,238.90945,0.14883444,179.1898,248.80801,0.19319224,538.82605,293.89532,0.060822584,476.2662,60.30262,0.135711,454.24033,348.46967,0.117333695,472.39612,66.58603,0.17429644,479.05353,85.0527,0.21991514,553.0774,292.21317,0.26801002,588.3614,184.56389,0.27653295,469.14178,63.625957,0.1884374,513.5048,165.62387,0.10854992
963,403.3547,335.02814,0.1725749,404.44543,344.25156,0.21876355,240.0747,375.14255,0.089323126,473.98227,61.046772,0.14869669,465.24753,70.80358,0.118090585,468.80173,65.48177,0.2688266,474.66644,76.37968,0.24982195,551.84985,290.23566,0.25782168,582.9148,182.61285,0.32922423,466.91614,63.52612,0.2425576,513.7224,165.09738,0.08573177
964,403.5967,335.08923,0.13183816,404.43475,343.67206,0.1646058,452.84622,338.6939,0.1151349,463.0451,59.11224,0.1132298,452.95578,71.010994,0.09473041,464.12732,66.595406,0.25541764,471.28586,82.117645,0.30777913,471.52277,346.31497,0.21457487,586.8972,177.06007,0.27591664,459.6397,64.89372,0.20481105,447.1589,60.41471,0.12113574
965,408.4736,334.5778,0.12260227,404.8257,343.58173,0.14927715,453.15488,338.4938,0.12156959,456.96548,45.353634,0.18356791,452.56705,69.39205,0.1687475,457.51202,65.19555,0.22238186,466.99054,83.78874,0.27583,548.0561,283.01944,0.18662734,579.6958,173.42023,0.19127788,453.4269,60.255424,0.14509702,443.30887,60.012665,0.15861171
966,408.63553,334.25375,0.12493277,405.2828,343.3236,0.1428842,453.57568,337.61087,0.11328413,457.34766,59.51778,0.15990771,450.55515,54.72406,0.12012427,464.0203,81.30299,0.22229241,468.6963,101.303444,0.27098486,548.5762,279.40576,0.2185493,579.9371,170.41145,0.20452008,450.08972,62.16446,0.22478579,435.1816,60.777416,0.12869135
967,409.88983,334.0689,0.07580842,416.91928,344.0294,0.09599405,453.29123,337.28195,0.12620103,442.60068,46.436882,0.2063355,440.57098,61.881866,0.16294166,457.06516,81.702225,0.2586222,465.1668,101.80836,0.4169398,472.81198,345.5821,0.19227818,579.0805,167.58717,0.16200177,441.3615,65.64116,0.1440756,430.07675,59.2135,0.14143886
968,409.84747,334.19153,0.09630295,406.01608,343.1054,0.108019255,453.59525,337.16162,0.10349644,442.0714,58.78864,0.17291598,436.4416,57.79032,0.14408891,449.00012,80.42999,0.28097773,458.63327,100.608635,0.3580596,469.55038,344.2028,0.20844562,567.51465,168.53891,0.19728021,435.93616,62.85466,0.19104493,422.62433,62.334312,0.12705573
969,245.53409,204.7414,0.06038515,305.74048,199.6672,0.08073752,430.44742,48.228737,0.14658612,429.9634,46.653152,0.15022738,431.54303,56.713604,0.15935646,445.6044,79.930824,0.30170745,448.5029,86.789406,0.35264924,469.59918,345.37946,0.19983906,447.96527,53.189102,0.1583604,428.70978,65.25503,0.21296409,416.68588,59.94773,0.1414034
970,487.4618,269.1896,0.08174363,384.87537,199.76111,0.067433335,424.87997,47.821823,0.13649969,427.69443,58.263878,0.10327073,423.0016,60.630947,0.14285323,446.41968,79.33094,0.26238108,447.8103,86.32911,0.3162876,470.49246,344.59802,0.21463831,561.5779,162.27844,0.15339462,426.07758,68.45786,0.13627785,414.27423,56.312946,0.12635112
971,232.43315,206.44049,0.07520678,417.75607,343.5114,0.088823736,430.54428,46.676632,0.19138989,424.95993,58.106216,0.14357048,420.0865,62.095898,0.15070277,433.6867,77.79204,0.26536354,442.51517,87.97504,0.27539533,471.32117,342.41666,0.22239733,465.78702,52.272057,0.3410594,417.8578,69.21705,0.16371621,412.56628,63.207684,0.09420316
972,308.19604,204.6733,0.07613133,304.3688,214.63159,0.07914359,417.90393,50.962624,0.19582182,416.16824,58.973633,0.11832343,413.1344,62.329247,0.19368999,412.09164,66.56848,0.25689802,416.26114,77.04178,0.35958418,470.02774,343.42773,0.19652587,461.13245,52.345158,0.3276166,143.294,282.11197,0.10399346,401.9981,66.49215,0.11663927
973,410.269,334.46158,0.07261021,416.99506,343.53784,0.09418421,416.9573,49.889256,0.1938207,408.4509,61.728573,0.10200265,406.19302,63.723484,0.14555706,407.90457,68.77139,0.23263857,411.7056,76.03322,0.2596058,469.9517,343.49722,0.16553742,455.1659,53.72321,0.44305652,452.12143,311.2947,0.08679727,399.96048,63.974236,0.07646779
974,459.1134,309.46417,0.081252,416.8256,343.2986,0.08889716,416.06042,49.69229,0.20625257,406.3538,61.644657,0.102657735,403.01797,63.981255,0.14481385,404.60443,70.02934,0.2220027,407.54852,82.08936,0.27516,469.6729,342.8721,0.16100702,448.1973,53.11457,0.32105413,110.47696,350.1001,0.1140423,390.89026,63.160202,0.07456406
975,338.70874,127.31989,0.08349598,465.99393,316.7349,0.079695344,404.0817,51.3865,0.16457465,409.15656,45.70617,0.09607653,398.97836,61.043976,0.16209844,397.02148,67.70753,0.21865425,400.5941,77.56204,0.27647972,468.32257,343.2526,0.12868717,442.20016,54.988457,0.2918578,144.535,296.34375,0.17144953,387.776,69.575325,0.10087732
976,355.38016,191.63025,0.09153892,180.87918,296.9198,0.06811538,402.7725,51.93117,0.1600397,408.866,45.2357,0.09133567,397.88693,60.867096,0.14136492,415.1985,78.4336,0.1299101,397.0019,76.88225,0.2086692,477.5434,332.84335,0.119941056,432.9483,56.98378,0.2875611,149.40685,297.73047,0.16072112,386.0616,65.71997,0.080979645
977,324.28757,127.11317,0.0950945,459.2523,300.78473,0.07151926,401.20218,50.933064,0.12651928,222.02249,132.93585,0.0977835,220.45306,140.46413,0.15028661,386.7917,68.833305,0.14817941,392.58878,75.76371,0.2161988,472.1078,343.75085,0.118008934,427.7944,54.423004,0.17276756,209.67677,142.50034,0.11782918,435.05542,289.48047,0.06947741
978,322.68668,128.45616,0.09138568,379.3594,95.17676,0.050199408,379.30414,60.90068,0.12564571,394.47842,47.528008,0.1079842,384.48666,63.438915,0.15083382,382.00555,67.86422,0.19053386,385.15808,78.83012,0.26446086,472.62787,344.05606,0.10424111,420.6378,56.98767,0.2385573,208.22021,154.56776,0.12288003,434.78998,289.291,0.06878978
979,453.04727,254.61292,0.060236406,341.6302,199.99806,0.04267443,378.38043,63.37316,0.15063564,392.89288,46.95302,0.13820934,375.6455,73.80901,0.16774951,377.47928,68.00927,0.16649522,381.0516,78.47531,0.2553821,474.7951,332.76236,0.12517062,416.77878,57.31556,0.26868334,176.77335,235.88396,0.09222427,370.15863,71.63702,0.0738513
980,307.41522,127.42761,0.08506613,322.17657,136.0069,0.045446105,375.61475,66.043205,0.12896708,435.4185,258.8376,0.07368745,373.2807,74.17604,0.18951294,374.52875,72.217735,0.1491028,379.5088,83.61581,0.19264597,475.0721,332.23367,0.14562307,414.12482,58.00368,0.16563845,176.18504,236.67873,0.117344014,417.60284,272.5055,0.06354128
981,299.58044,126.272766,0.054066047,460.68054,301.1047,0.05533082,372.5399,66.639046,0.13314329,379.924,48.49289,0.09528954,369.88687,73.165,0.16237232,371.66077,71.59721,0.16344298,373.88187,77.859024,0.21181618,474.57617,331.3188,0.20029305,405.47018,58.045643,0.20231616,175.71846,236.92537,0.13350956,435.05957,289.61758,0.06522855
982,298.99237,127.614655,0.073846735,452.2587,308.89816,0.036901943,361.43558,61.584614,0.15660113,377.57822,47.552536,0.10068681,367.51968,63.383434,0.12033617,363.78036,67.86166,0.17236294,367.63638,79.76231,0.24513671,474.273,331.3034,0.17487253,401.37152,56.67129,0.25622886,363.93268,76.09547,0.08849968,435.31595,289.64563,0.06288151
983,298.25845,128.36076,0.06279854,450.77545,295.61978,0.043160666,360.42426,67.20336,0.15023324,205.57954,149.33183,0.074269466,358.5141,74.55605,0.15272465,358.85498,72.67964,0.11249359,363.1221,81.99849,0.17797492,474.37082,331.0856,0.17561412,396.18085,58.64465,0.17401987,407.315,266.45056,0.077953294,435.32498,289.78937,0.0673496
984,289.60446,128.5688,0.07774996,454.3213,308.4576,0.07033965,357.63898,67.78094,0.14698482,293.92224,134.14062,0.07065172,355.9879,75.48172,0.12709467,484.08594,140.95859,0.12512532,361.3524,85.92043,0.15133058,473.9381,330.05252,0.1702872,548.945,106.06743,0.25182882,142.19823,395.6328,0.086586274,435.85306,289.354,0.053414334
985,289.1971,128.8726,0.07036376,464.11658,301.46368,0.058998644,354.04398,68.51593,0.11559004,446.62274,309.11414,0.061706975,351.62985,76.41113,0.12761404,477.69836,136.64261,0.10828835,348.44055,82.20513,0.18666336,473.00513,329.6776,0.14585106,547.3902,104.12624,0.22587265,190.15227,171.63652,0.096290976,475.60526,327.827,0.04795221
986,282.79602,128.6576,0.0971492,325.935,215.70863,0.037481155,344.06506,67.411865,0.07880486,421.28165,244.75229,0.0811952,438.8224,316.0941,0.081109144,477.06522,137.67784,0.087379344,347.6238,80.62557,0.103824385,472.10654,330.0396,0.12829629,540.1524,103.33576,0.21221323,158.59378,331.77094,0.09660268,418.56158,273.1782,0.04794184
987,282.11707,128.16087,0.06018721,246.86964,470.05417,0.034897026,341.64984,68.29627,0.115460105,453.4043,308.46564,0.074349076,437.74847,316.0975,0.091719225,346.9735,61.898853,0.063952446,344.32465,81.83171,0.10216389,504.02957,238.38567,0.10009859,533.4291,103.562546,0.15776075,158.9819,331.29532,0.103969224,291.6822,178.16074,0.046853263
988,470.1446,301.75415,0.06394905,422.2719,262.72952,0.045601062,427.2809,138.41089,0.062074576,452.49387,307.34314,0.08039916,363.0794,187.56198,0.114154525,229.18387,473.72842,0.08963193,232.72707,483.20483,0.10239062,499.13257,236.97229,0.078034595,537.6851,97.719734,0.14959149,159.49709,332.08804,0.12625697,402.00192,257.07303,0.04626005
989,465.05164,298.61978,0.0900609,466.38693,301.7135,0.048090868,458.3339,155.26443,0.05551141,451.32056,306.2718,0.0962946,438.40024,314.63263,0.17144404,197.65372,273.75723,0.0729267,457.63348,328.50745,0.0830847,470.90106,317.5705,0.10213706,531.7862,90.46861,0.2742842,159.17589,331.83032,0.10864514,401.66943,257.4026,0.045474313
990,470.66943,301.54175,0.060109507,422.72153,262.62006,0.0408281,423.2154,112.48338,0.0644974,405.8883,243.96716,0.083952844,438.19916,314.26874,0.122673124,182.4703,273.18155,0.074012406,278.20935,147.01672,0.07336674,493.15714,235.2895,0.12229298,525.1675,88.68514,0.22616366,173.52637,252.23157,0.083230376,401.29944,257.22287,0.043160964
991,267.22937,127.00745,0.061889216,404.80908,469.88812,0.05072452,412.1665,138.59239,0.06827765,405.7523,243.974,0.07469428,441.50504,312.64908,0.12292241,409.5908,106.15432,0.12895316,410.60956,114.66296,0.1255808,492.48712,230.70386,0.11832714,524.48706,86.89951,0.22496408,172.89908,251.95883,0.05253815,419.6507,273.55054,0.040660303
992,473.69952,192.97466,0.042386964,311.0533,215.61084,0.05900405,411.87726,138.70627,0.07859839,451.67038,293.401,0.07809486,441.2525,312.2597,0.11511254,404.36325,100.14019,0.13621277,405.8195,109.536545,0.15410307,491.57523,228.86339,0.13563502,516.8894,87.49906,0.14650738,174.22188,171.70128,0.048969872,496.08102,300.7817,0.042562086
993,406.0833,116.87354,0.046030767,499.42767,198.8557,0.035921615,399.08466,98.96597,0.059467394,357.4241,180.07219,0.08120907,436.69086,301.6319,0.09437984,475.946,123.023674,0.10811337,405.4443,107.232445,0.094522424,464.14517,314.59137,0.074106716,516.37427,82.45508,0.15477067,174.15565,172.0602,0.059442285,419.9507,274.05533,0.043308254
994,258.7205,126.5963,0.038501807,326.81107,439.21167,0.039159067,442.8309,139.16779,0.0581393,404.60107,244.54256,0.077485435,436.3315,301.1705,0.06137217,473.82407,122.32682,0.121137396,461.014,128.11125,0.08855951,488.66376,220.5062,0.14783336,514.73224,74.16264,0.18560903,159.08124,411.05408,0.124579355,174.00616,85.58728,0.038668316
995,469.21542,133.62788,0.03530323,229.08124,407.07474,0.046735913,442.9366,139.02464,0.06791684,405.06137,244.5346,0.089552924,436.36606,301.22592,0.09090699,459.1494,121.49956,0.11776301,460.27588,123.1062,0.11408203,484.0243,220.4764,0.11696628,508.68872,72.5355,0.19562721,158.49493,411.89133,0.071842104,434.29745,305.05807,0.03959593
996,454.65027,284.6902,0.056021504,436.0671,294.66095,0.04968813,455.8733,122.76715,0.058594145,441.19577,292.43918,0.08657643,440.61505,300.2269,0.114333354,458.88995,121.884346,0.105194606,261.6972,147.08797,0.08113365,465.07053,313.8261,0.08419465,508.1367,70.99505,0.17786615,159.76677,411.59494,0.10340894,429.2456,259.54333,0.03630627
997,464.44193,285.62634,0.08206353,326.52966,439.4724,0.048094407,455.30975,122.57706,0.064054824,440.7546,292.43155,0.10446042,440.41525,300.07178,0.12455356,389.74994,92.17116,0.09874328,261.97394,147.18173,0.0808839,458.93018,312.15204,0.13931346,501.50952,70.98367,0.17850196,171.96071,172.09775,0.055326026,386.81433,241.96407,0.04581117
998,336.74258,143.95258,0.04277892,436.02798,310.51236,0.047704134,394.78604,123.15057,0.05794354,437.63498,292.2604,0.07884611,261.316,467.71344,0.054302193,387.4746,91.36012,0.088709615,246.42184,147.35289,0.072975166,480.46762,206.45981,0.081199646,499.80646,70.4526,0.12483447,235.01035,395.59177,0.04895566,187.78581,187.02455,0.039033353
999,454.45035,284.5275,0.06649498,436.23367,310.34637,0.047245592,393.79083,123.61003,0.051442053,389.90326,228.32431,0.10212822,261.88577,467.2198,0.07015714,264.16653,490.0542,0.08349059,264.8605,498.35895,0.10009158,459.56146,299.55554,0.12696551,494.0643,66.29513,0.14570475,235.17761,395.7681,0.046033207,480.2869,299.2995,0.047989383
1000,336.8234,143.86813,0.051406283,421.03827,470.06656,0.04543208,379.32596,123.11259,0.060685378,292.5481,196.68306,0.098866925,263.03464,471.97632,0.08574651,260.65198,488.96973,0.14628698,264.88574,498.1841,0.1504227,474.42532,204.39641,0.12908022,492.817,58.068287,0.1372517,234.12053,396.31058,0.06046525,338.19763,177.84233,0.042363938
1001,469.8016,212.04608,0.043459743,182.45796,439.2929,0.043381486,367.9549,83.66064,0.072832175,389.99,227.70671,0.09341849,274.28726,471.4199,0.08187055,372.79724,91.14946,0.1287755,246.08266,147.16997,0.09679713,473.9357,203.98131,0.18789281,492.12885,57.0271,0.17469665,174.75732,426.3076,0.08456214,475.8691,201.89488,0.04638464
1002,344.5643,144.93655,0.047624063,246.35233,423.0996,0.045255795,366.84766,83.601654,0.07223554,341.68176,164.6712,0.081758656,372.2734,88.88361,0.0553188,372.15564,89.65994,0.086980805,246.2434,147.06284,0.08490339,468.96362,204.37689,0.10487168,485.99142,56.922997,0.19731393,174.8304,426.25113,0.05741139,235.68475,250.19104,0.04249978
1003,375.27972,99.965096,0.041912496,437.05124,469.58057,0.040641207,366.97977,97.82816,0.07754525,341.38324,164.81068,0.09747856,365.44394,90.025215,0.09332063,364.91376,90.69884,0.11120785,246.15868,146.9769,0.086697005,458.19513,297.7355,0.093651116,484.94217,55.627567,0.2037201,174.99149,427.03833,0.0522981,235.4993,250.31406,0.039013315
1004,373.47803,100.93495,0.04755725,245.0942,247.21451,0.044118878,180.4836,356.90643,0.054139458,438.57587,277.09515,0.08775688,277.50632,467.9592,0.07067468,379.58786,76.53761,0.08539947,246.3104,147.10945,0.091162026,458.45026,298.15396,0.10095963,483.54724,54.686684,0.1428834,176.33582,361.50125,0.08806646,235.5031,250.29306,0.041637294
1005,373.76407,100.97523,0.0350052,244.85693,247.04861,0.045938447,352.1455,82.71186,0.055889126,438.53302,276.84192,0.100298576,441.59497,284.94302,0.07423208,364.07614,89.54332,0.087771446,245.9786,147.13231,0.0827681,458.87448,297.3269,0.118573025,478.3852,51.48082,0.16608337,158.6268,187.50356,0.06890586,235.62347,250.33264,0.043579105
1006,452.6524,196.51857,0.03878009,436.4486,453.71902,0.049989935,352.23575,82.51051,0.0572048,341.48856,164.82977,0.08550212,359.29102,83.45478,0.073698364,370.75742,75.079994,0.07982448,245.63786,147.11607,0.07989415,459.47287,284.79504,0.07900829,476.817,50.3063,0.10701731,188.51895,428.1688,0.0502069,235.69641,250.45467,0.044246405
1007,453.2862,269.13376,0.045289736,341.87164,359.07803,0.043332074,364.7197,68.3125,0.058129393,452.34467,292.57822,0.10051618,359.40048,82.91733,0.100015745,363.61194,75.8951,0.09304,379.20648,87.37672,0.071728006,459.68372,284.05508,0.11862462,475.97992,42.105804,0.08303381,173.86424,282.20663,0.052739464,235.2023,250.32861,0.048763435
1008,452.83078,195.9103,0.04816204,244.66176,247.04369,0.038294643,364.93457,68.43535,0.057437796,278.01508,196.99823,0.07526404,363.69946,75.38885,0.06841162,363.84665,74.85568,0.105514675,342.2522,163.43956,0.09264021,467.4144,187.8211,0.100931294,469.31613,42.548252,0.1053147,174.66965,282.2187,0.067034245,235.31876,250.19719,0.046836138
1009,452.742,196.12178,0.046198886,244.53488,247.10265,0.040756237,410.107,107.24984,0.061941586,452.17416,276.5004,0.07367189,363.33255,75.37381,0.07461419,363.66064,74.381775,0.12851433,341.77765,163.27734,0.10008046,358.88312,90.71299,0.06523299,468.93134,41.870556,0.15730585,174.22037,282.07446,0.065243,235.46724,250.20158,0.04104924
1010,363.67932,92.14412,0.05001378,465.0209,143.4437,0.035981968,297.1047,91.12424,0.05347054,389.9038,212.8425,0.09812431,394.3044,220.61938,0.07324538,363.7395,73.76645,0.08828303,342.10437,163.21799,0.08761262,467.11737,187.26047,0.07240861,468.42505,41.06143,0.14624757,170.95917,172.05742,0.059059005,386.53806,225.4092,0.039858468
1011,364.96164,91.649994,0.05333647,355.7075,94.37462,0.044694398,362.99493,68.372154,0.05397725,362.78247,66.36597,0.07795441,360.6587,75.11433,0.062323634,358.30502,72.996086,0.106613316,376.99768,74.425835,0.08251011,467.10965,186.89069,0.121091165,467.96368,40.583447,0.089512944,186.7335,269.0678,0.08333351,235.6724,250.21745,0.037179023
1012,365.32263,92.00858,0.04854084,454.70123,278.18344,0.05128573,362.99072,107.72403,0.058484655,442.5386,261.61853,0.10324544,441.96927,269.22302,0.1125309,357.9686,73.46409,0.10120643,376.76846,74.35772,0.08715569,359.51895,90.1621,0.100571245,462.01337,36.697845,0.10760115,186.5798,269.71176,0.10898435,462.48608,156.25014,0.037568722
1013,306.20255,134.08794,0.056390937,373.60834,438.79773,0.04901337,346.86853,107.194984,0.05246405,389.33966,212.4503,0.080279164,442.41498,269.0582,0.07358281,357.4015,73.76343,0.10193133,412.36942,75.75708,0.08488872,359.722,90.25518,0.08509026,462.59872,36.210598,0.15830205,186.77373,268.56488,0.0707338,235.48792,250.1689,0.035923027
1014,305.31815,126.633026,0.05887364,374.37534,438.689,0.05403031,352.19247,66.729,0.073114194,452.76508,260.97702,0.09122116,442.92767,268.6543,0.09791227,356.29132,73.52072,0.12013428,412.2635,75.63266,0.09466653,460.8928,172.5046,0.0945477,462.21613,35.490814,0.17997803,186.84732,269.5134,0.08163977,458.7796,170.01324,0.034445085
1015,304.61554,127.0842,0.06581851,277.7396,423.9799,0.05476202,351.97202,67.11459,0.08439567,389.3821,212.11981,0.089596905,355.43518,73.75381,0.0897427,355.7828,73.37667,0.12712485,412.43585,75.33546,0.10771433,461.18137,172.5537,0.12337818,461.56354,34.84131,0.17969272,187.37834,269.38528,0.064154856,235.23117,249.86037,0.036438145
1016,306.07596,134.12254,0.058153022,277.78146,424.23965,0.06408766,351.48044,67.33416,0.09485183,357.97876,65.4437,0.07930575,354.39105,73.65787,0.11316079,362.54935,61.523846,0.12618974,413.44135,74.398476,0.08631114,461.39758,171.9022,0.09449126,460.9293,34.28646,0.16537467,203.4228,269.57123,0.062083915,235.0266,249.60315,0.034611218
1017,306.16367,134.00044,0.053765316,276.94385,423.04984,0.06566247,351.14203,67.363464,0.09700017,357.59714,65.08034,0.08643025,350.06155,74.45804,0.12719248,361.98376,61.55285,0.12572028,362.49164,87.77373,0.07777985,466.25092,270.3026,0.099673,461.41513,33.833946,0.16743939,203.07066,271.27448,0.0711433,478.2726,267.43823,0.036239356
1018,306.34244,133.88594,0.05697187,375.18393,439.14062,0.057670683,350.74017,67.34519,0.09750154,357.58698,65.76658,0.09572517,349.61563,74.95283,0.120283484,361.9084,61.529945,0.10931779,362.56152,87.52116,0.085077934,356.06726,90.2262,0.093173526,461.55298,33.308094,0.19073915,188.45541,269.51053,0.06208934,235.4527,249.88074,0.03475861
1019,211.011,133.5558,0.052357372,373.7695,438.9555,0.048686508,295.25803,83.07444,0.090779915,453.38763,260.3013,0.09015463,456.83383,268.54388,0.09687655,426.9324,75.49095,0.09032749,341.91824,163.17769,0.076239266,466.81686,268.76294,0.110946305,461.2632,32.418797,0.16798343,188.91869,269.97708,0.07433563,470.3334,148.10687,0.040009096
1020,210.9941,133.41324,0.055153307,276.82568,423.06177,0.04498644,294.71497,83.27475,0.08756775,358.36185,66.620804,0.068588436,437.56195,21.040844,0.058239147,425.8774,75.70326,0.106894135,230.50693,147.7952,0.085485995,355.54782,90.29276,0.08514169,461.05136,32.460674,0.16577406,188.87497,270.18958,0.08383731,251.8602,250.39459,0.039872523
1021,306.28806,133.86441,0.04788503,390.18832,438.5527,0.051655706,350.27576,68.0296,0.066615455,357.887,66.35404,0.080202274,348.8175,75.0059,0.063395165,425.86926,75.308266,0.108148225,412.47623,69.04777,0.08899637,355.64432,90.24469,0.098066695,461.27768,32.15517,0.15834391,195.6481,277.68933,0.09745787,251.79565,250.25854,0.039872553
1022,364.99023,92.78975,0.048386704,391.12463,439.01126,0.056779638,349.46503,67.96164,0.07611811,357.1416,65.4776,0.10173403,348.37817,74.73262,0.12507671,348.94,74.610535,0.11706293,414.13797,74.35807,0.09759388,468.91202,267.77563,0.11571278,461.61325,31.24264,0.16703674,195.6276,277.07574,0.08903569,251.88792,250.31679,0.040841214
1023,305.76837,134.15176,0.051699672,391.34763,439.6511,0.050100926,349.32336,68.05061,0.07686357,283.88336,199.0723,0.11475146,348.28558,74.68669,0.15656239,348.93726,74.60222,0.12333597,414.15076,74.387024,0.10056766,355.9874,90.18692,0.111341864,456.09988,27.97495,0.1777052,275.52515,201.57935,0.081710346,251.4337,250.28409,0.035654847
1024,365.25507,92.718735,0.04931087,392.21164,440.40402,0.04673413,294.66827,82.94386,0.085935794,356.99838,64.80376,0.11262741,348.2981,74.70074,0.16623463,348.89545,74.74583,0.12906888,412.88077,69.01435,0.08580456,356.18118,90.24459,0.10686356,455.68457,27.644693,0.17070004,321.822,154.55022,0.09461184,251.76051,250.22333,0.040492065
1025,365.25464,92.76944,0.051403493,344.43527,167.61711,0.04706883,294.7214,82.88632,0.08834155,284.2225,199.3098,0.11802919,348.55652,74.86287,0.1602117,418.09308,74.06322,0.12178759,414.02142,74.53583,0.10588251,356.1609,90.34915,0.10680573,455.7249,27.662458,0.17915198,321.74863,154.6066,0.105178855,251.7569,250.24666,0.04114941
1026,365.02585,92.98834,0.05172539,392.24258,440.12628,0.05177374,294.4056,82.85493,0.1069489,284.72513,200.02657,0.11901146,283.085,206.87279,0.15527935,418.26376,74.14172,0.121092334,293.99136,91.08145,0.109872304,356.07483,90.45971,0.09991073,455.58975,27.471298,0.17480834,276.09085,202.47227,0.09150408,290.49658,210.63383,0.039985508
1027,365.21588,93.06052,0.051296387,357.3972,95.34129,0.03894413,297.84244,82.85678,0.11552174,284.63962,200.05687,0.10983472,348.9671,74.75809,0.15567781,418.67474,74.27611,0.11943786,293.82385,91.31728,0.11561903,356.09033,90.1525,0.10073646,455.80698,27.095928,0.18744539,276.28595,202.27689,0.10847351,284.0327,224.38358,0.04596358
1028,349.1444,78.37029,0.05372113,358.01056,95.37063,0.04109157,350.15686,67.49597,0.09595322,284.31644,200.1373,0.1318877,349.18137,75.101425,0.18869014,349.80948,74.38294,0.11013966,362.47897,87.90316,0.09738498,356.1868,89.92709,0.099016145,455.77872,27.007801,0.18331216,276.58923,197.60419,0.10670464,283.37558,224.49373,0.048171554
1029,349.5248,78.36914,0.06366667,358.15607,95.2199,0.03924771,350.03882,67.06951,0.107420504,350.0873,65.42788,0.12898912,349.14203,75.04983,0.21439783,349.8752,74.3855,0.106457695,345.64825,514.4828,0.11546504,356.37747,89.82627,0.09427792,455.5678,27.004208,0.17827836,203.59587,285.27133,0.08331172,462.9831,141.18845,0.032264896
1030,349.69504,78.3113,0.06690699,343.32614,166.2081,0.037728433,350.0418,67.24934,0.121141724,356.64764,64.486,0.12483407,349.1756,74.933685,0.21221858,349.8884,74.82342,0.111489296,361.91492,87.940895,0.10266735,356.7728,89.73628,0.09192933,455.5605,27.001822,0.17392123,204.02077,285.58084,0.08569312,251.55412,265.60287,0.035409372
1031,350.26996,78.35094,0.07291807,343.47174,166.41782,0.053126354,349.86337,67.2061,0.12418775,356.48804,64.17896,0.14348252,349.1166,74.68165,0.2496373,349.7979,75.97966,0.117977716,361.3243,88.2758,0.09767421,360.9916,90.78219,0.09240043,455.58047,27.346075,0.1673287,203.71068,285.78473,0.11158454,340.94916,86.7584,0.039430603
1032,350.04547,78.46338,0.06683531,343.38324,166.09506,0.053604744,349.97467,67.33904,0.10937173,350.38245,65.490974,0.117410116,349.34958,74.75809,0.20647474,349.6979,75.45925,0.11432187,361.67236,88.01555,0.09830356,356.61816,89.47791,0.087778576,456.1727,27.38813,0.18075302,203.76778,285.57516,0.0889276,340.7856,86.24948,0.03535319
1033,350.25745,78.46881,0.06747994,406.18277,438.75687,0.0505781,349.941,66.891014,0.11802547,357.40475,60.532104,0.1513709,349.48383,74.57612,0.24549244,360.79095,62.124935,0.12551118,361.0292,88.163895,0.09359531,360.42206,90.79561,0.09262187,455.96173,27.633837,0.17055124,322.8332,155.04865,0.07905002,340.6858,86.01599,0.05095062
1034,350.34286,78.4281,0.06609922,310.63434,439.3556,0.042337943,349.6953,66.84766,0.110968664,357.10178,60.60499,0.1422353,349.28876,74.80706,0.23745938,425.7708,75.388626,0.12752412,414.2004,73.59102,0.094219655,360.4542,90.692535,0.0916226,455.74426,27.779636,0.15176441,203.68602,284.96677,0.07079044,340.40088,86.27811,0.041439034
1035,350.56354,78.3818,0.060297564,309.87607,438.63318,0.033429895,349.56708,67.00971,0.11397308,350.1305,65.54057,0.13764775,349.22543,75.20577,0.23132867,426.2173,75.608215,0.11737812,361.3291,88.75604,0.09244451,360.76932,90.50383,0.10064218,455.37845,27.680477,0.1376652,219.12534,285.87152,0.09996599,340.2156,86.57357,0.045766473
1036,350.23642,78.42046,0.050068818,468.24396,134.20425,0.03255465,349.73242,67.530426,0.09258383,356.91272,65.46633,0.12272382,348.46832,81.386246,0.18745643,426.4735,75.75856,0.108448066,361.3306,89.42816,0.08140108,361.10385,90.53308,0.094497815,455.34714,27.897543,0.13403718,219.19533,285.85443,0.10207612,142.6125,133.19194,0.039133973
1037,350.3223,78.36125,0.047983218,405.61118,438.32132,0.036545094,349.62335,67.23194,0.09052249,356.70792,65.482185,0.12576663,348.82324,75.8091,0.18353897,426.43915,75.793015,0.10072393,361.49973,89.34965,0.08215149,361.29865,90.19539,0.09116295,454.80896,27.758272,0.1175267,219.3815,286.45105,0.08697727,142.72015,133.12695,0.035901174
1038,302.5423,129.44922,0.058365773,406.0805,438.98566,0.044070438,349.89093,67.32564,0.08472145,357.2148,65.99723,0.122743785,348.9565,76.06005,0.16234276,426.24365,75.47802,0.099211216,361.68762,89.36736,0.08598828,361.4653,90.068886,0.08989673,454.71844,27.801888,0.117509514,219.29726,286.11316,0.08962279,330.79004,178.4996,0.03798856
1039,324.14713,149.89256,0.050980963,406.2982,439.0294,0.04184927,349.78046,67.36558,0.086820476,350.32108,66.92266,0.12868427,348.9499,75.92865,0.18110639,354.2075,506.92093,0.10395163,348.79034,514.5807,0.098235846,361.46732,90.2788,0.08951166,454.70282,27.94324,0.13150913,205.43231,286.93005,0.091546595,142.69731,133.09897,0.03405685
1040,324.14374,150.06198,0.0599815,342.89276,167.17554,0.05121208,349.5806,67.29211,0.08857057,350.32068,66.57984,0.14555791,348.88962,75.85939,0.21071935,354.30356,507.13223,0.10857557,348.95248,514.673,0.10359486,361.44852,90.14971,0.10122984,455.1361,28.129112,0.15606223,211.35463,294.287,0.09703359,309.46014,177.88506,0.0396363
1041,324.47934,150.04181,0.06037382,343.01892,167.19197,0.052636273,338.06927,82.62675,0.07987839,350.2551,66.93243,0.14790434,348.7306,75.93926,0.20131844,348.77798,506.70163,0.11817569,348.91794,514.80676,0.10811457,361.589,90.3827,0.09786105,461.02646,32.150215,0.16283071,211.41139,294.09167,0.08186935,309.497,177.75603,0.040040933
1042,351.36768,77.92623,0.05101491,342.2521,166.7457,0.041073963,338.17355,82.5601,0.08460406,350.09354,66.65016,0.17392373,348.43277,76.06325,0.23168032,353.9893,507.44455,0.1321892,349.09848,514.82513,0.122228935,361.6727,90.26288,0.09369268,454.44052,28.085075,0.1382878,205.41978,287.167,0.0915488,309.3347,177.99884,0.039065555
1043,351.58713,77.85841,0.054429457,405.90115,438.9158,0.04700624,338.0189,82.51711,0.08970688,349.86026,66.08265,0.173452,348.32355,75.45797,0.23991036,336.94458,89.4806,0.13111955,349.96075,91.56224,0.10461477,445.33362,36.50939,0.07454835,362.34167,95.787315,0.13030784,211.46356,294.2656,0.09274934,309.14932,178.03171,0.04322233
1044,288.19748,121.74569,0.05138221,406.159,439.26242,0.048801906,338.12677,82.82363,0.09001198,349.98633,65.965,0.13627866,348.7136,75.40308,0.20069177,336.93073,89.27487,0.12516047,350.1706,90.47444,0.098539494,477.95404,267.3548,0.10335122,362.07086,95.88203,0.13919672,220.2146,286.56235,0.079289295,251.38335,266.27597,0.03379311
1045,288.3461,121.878746,0.04775401,406.2069,439.07855,0.049331304,337.68344,83.11934,0.09977168,349.82892,66.18833,0.14162415,348.33624,75.53382,0.19919401,336.6338,89.70071,0.13299213,410.6299,74.005554,0.13299128,477.96997,267.37314,0.0845175,347.16177,93.44746,0.13859473,204.99786,286.4822,0.07130817,251.5578,266.35696,0.03131899
1046,367.87186,484.92767,0.050411146,406.49408,439.47815,0.04608723,337.4459,83.109245,0.09815327,349.52493,65.95059,0.14644738,348.15216,75.330925,0.20254107,336.32953,89.98748,0.13215575,410.7426,73.96053,0.13736725,444.5432,36.197086,0.0713184,346.97116,93.21612,0.14110169,204.55385,286.1402,0.071832746,300.12738,426.59006,0.031708512
1047,367.55496,485.13763,0.04236576,406.45486,439.68655,0.042802293,337.27237,82.98871,0.09209149,349.36673,66.414795,0.15936002,347.71533,75.61879,0.19198008,336.3199,89.859535,0.14359167,410.74805,74.04052,0.12870185,444.25543,36.099167,0.0765756,347.33746,93.55498,0.14152068,204.56052,286.6149,0.0796222,469.61667,148.03009,0.03156484
1048,210.89432,149.57678,0.051688574,405.69687,438.98917,0.03947395,336.2547,82.86975,0.09066862,348.42453,66.06137,0.15772761,345.61765,80.97376,0.16963105,335.82535,90.58514,0.16974099,410.7544,74.39703,0.11933761,443.98297,35.821243,0.07095996,348.14935,93.86822,0.1591368,235.03415,380.22055,0.08176181,291.94507,442.06662,0.03180585
1049,347.11002,110.06896,0.050205823,359.49222,487.41135,0.040005468,335.34164,82.88381,0.10002255,347.54907,66.76112,0.16288759,341.08148,82.93289,0.17880945,335.0541,91.03104,0.18113333,410.54004,75.054474,0.11789082,345.59354,90.365074,0.07328823,348.39795,94.43875,0.15881848,235.10097,379.97858,0.061292104,412.647,442.11243,0.029180331
1050,346.55695,110.994156,0.048044443,147.58376,126.043846,0.032633126,363.48477,80.42159,0.10702801,347.82135,66.56079,0.16771272,341.18484,82.68954,0.1718448,335.76544,90.340546,0.16525163,410.58655,75.11668,0.10435066,354.82162,89.37064,0.081355125,347.56387,93.991875,0.15115893,196.54045,292.50967,0.08337128,252.03546,266.6516,0.0344662
1051,353.15524,49.29357,0.059573706,350.1712,492.63257,0.035493255,335.41287,82.516,0.08526819,343.48083,67.698555,0.11666327,340.42383,76.487724,0.116224095,335.22928,89.24115,0.14927211,410.97757,76.387985,0.09754564,468.79562,268.4512,0.10051194,448.0436,33.877293,0.16081944,196.30159,292.41095,0.078534536,251.73569,266.51382,0.027110793
1052,280.10428,128.71707,0.05368856,294.7371,215.89157,0.043206014,398.53204,52.643677,0.06377261,346.54636,468.14407,0.114948414,340.4107,482.95438,0.13838619,334.91684,89.0777,0.13344824,340.852,90.94767,0.095001414,407.39548,60.573307,0.08008347,447.13995,33.620293,0.17975795,196.24178,292.7719,0.1046529,300.59525,442.22342,0.034228005
1053,210.95148,150.13751,0.058715325,391.22363,439.42188,0.041544266,331.63507,105.375885,0.071594186,342.3247,67.53959,0.12459487,333.05948,86.71417,0.16471444,332.85068,91.326515,0.1600095,338.70044,93.082924,0.105125375,462.3258,268.11865,0.10921923,446.2898,33.29866,0.1784595,195.49945,292.56427,0.06825166,300.66196,442.54703,0.02837115
1054,339.4237,62.990242,0.066652395,444.5397,284.80826,0.051358923,333.16632,96.56342,0.084801026,334.8531,68.46658,0.18198133,331.5144,83.626015,0.22588946,334.3486,106.78224,0.16162477,337.33746,93.84673,0.10963374,461.9634,267.52896,0.11959963,444.80237,32.94008,0.1386679,195.13785,293.40088,0.084680386,235.67651,266.5464,0.03321299
1055,339.54807,62.8311,0.0672217,390.53912,439.79544,0.044321068,328.62305,97.986244,0.0801052,334.5587,68.28618,0.18859656,330.50058,83.18541,0.21440892,333.85168,106.4984,0.1454994,335.92188,92.665436,0.09736336,460.66064,268.736,0.09495307,437.08148,28.992859,0.15807298,188.97697,286.19617,0.07422505,126.71439,133.66202,0.03192842
1056,340.15906,61.60996,0.0825884,323.47235,64.12621,0.04576057,326.13956,97.451775,0.096303284,333.2897,68.3841,0.25624314,325.4445,86.04006,0.25463477,320.11966,106.716064,0.15708834,321.34103,109.365005,0.076122075,444.89554,170.22726,0.13080107,335.2052,97.072754,0.15637451,188.60368,286.75043,0.08468842,234.16116,265.18893,0.04552952
1057,339.31036,61.51974,0.06706175,323.18262,64.108765,0.042358804,318.51224,83.39048,0.108071454,330.54532,73.13131,0.17955768,323.87338,85.109886,0.19445783,318.29477,92.83511,0.1475981,324.55136,94.26155,0.08448065,443.16586,171.56226,0.2112458,432.4176,34.259613,0.15779933,187.72227,285.83325,0.08357265,235.1348,266.0971,0.036535747
1058,264.70117,128.32892,0.064310886,274.0913,142.39854,0.037009485,317.32367,83.82923,0.08818016,330.6403,468.11072,0.095026545,317.64056,89.46368,0.13461857,317.4112,91.7299,0.11015266,329.02444,492.25983,0.077965535,436.85382,171.52196,0.14382614,431.99728,34.410534,0.18866214,187.7237,285.61777,0.06975216,275.78125,307.15848,0.036001746
1059,321.78323,64.050476,0.12683335,374.23175,439.72476,0.052218225,315.96136,97.38845,0.09493667,325.9131,69.23466,0.15804419,315.1975,88.3518,0.20228048,317.6793,107.37837,0.16068202,324.7134,74.59685,0.08047887,445.35196,268.4701,0.13879716,429.16647,33.864143,0.14282884,297.83438,157.67285,0.068262674,305.22955,103.38928,0.0343589
1060,321.98502,62.430584,0.13143054,326.46277,70.33355,0.065098085,314.43854,95.19408,0.102863476,318.15762,69.02626,0.23262109,310.194,88.728195,0.25072175,317.22778,107.28857,0.16710697,324.4207,76.102806,0.08377023,442.94223,268.5248,0.13111646,420.5032,28.683367,0.1292183,172.88934,286.52286,0.09467325,303.814,102.4349,0.05284237
1061,322.95914,62.536057,0.09820901,307.10916,64.566605,0.053136077,303.43146,82.87083,0.12461715,314.6249,73.40574,0.2226808,308.71423,86.04434,0.23289694,304.91055,107.154976,0.14988866,260.5667,226.4108,0.07751831,435.6813,269.46616,0.117800586,417.39374,34.309776,0.17427234,172.39723,286.39764,0.091112465,283.7284,178.53368,0.03624263
1062,305.72894,65.021065,0.076363556,261.30493,215.30313,0.04255555,302.3631,98.02678,0.11929533,311.12085,70.47706,0.123772174,301.38083,89.070694,0.16910778,392.46524,70.77662,0.12831342,394.34497,78.89137,0.08880411,413.56082,171.61945,0.1019604,415.81305,34.206215,0.22456169,171.91226,285.97867,0.08463645,283.50583,178.34853,0.04012223
1063,305.52603,63.772076,0.14074007,276.05695,181.68463,0.055634636,299.26056,96.73603,0.13364485,301.4733,75.76189,0.22674128,297.31305,88.996025,0.23206994,301.2735,107.48134,0.15905038,308.5487,75.666824,0.08332455,412.59903,172.1519,0.1490104,404.9408,29.034538,0.12694298,274.9596,166.0529,0.10096502,288.94415,103.60701,0.06637212
1064,305.96475,63.935,0.12593566,262.66815,439.65536,0.04126327,288.12314,97.04391,0.13881958,299.89044,74.54351,0.2185052,291.38705,88.62997,0.2511809,288.00867,107.19722,0.14062738,306.21387,74.487274,0.09113669,410.30862,172.3186,0.18524556,401.95203,35.097702,0.17527978,171.69272,285.47433,0.07264202,353.63052,51.022266,0.04250773
1065,289.09808,65.943634,0.05556785,247.83304,216.83662,0.050204825,285.99844,98.59802,0.10214515,298.14194,76.3211,0.15777798,393.49683,270.25964,0.16092914,376.83112,71.46237,0.12233046,298.43936,105.52071,0.078025594,397.75192,172.41852,0.11326137,398.54135,35.302425,0.19084461,229.07364,198.58675,0.06563378,251.87312,218.00986,0.039993104
1066,289.2298,64.30711,0.120948255,279.0116,168.37077,0.060340997,281.99078,97.35757,0.12603672,285.07147,76.981865,0.22260517,279.5985,91.32972,0.1915875,283.94058,105.91777,0.1256843,535.9226,329.74667,0.116850525,394.00214,172.67892,0.28152066,386.32852,36.73712,0.15464804,253.5365,168.97426,0.06945203,394.93744,169.6238,0.051961552
1067,289.20697,65.14274,0.07063529,246.55615,439.89917,0.053793583,271.09613,99.12706,0.12989175,283.55902,77.370094,0.19783224,276.18427,88.20782,0.15988906,511.9423,330.39594,0.14469537,519.5041,345.5256,0.119723044,382.0762,172.46875,0.1179904,385.23926,36.57546,0.17916219,155.84206,286.02225,0.07152699,338.17328,50.97996,0.03783521
1068,382.42053,254.29256,0.10687934,382.18317,257.18387,0.063277654,267.8601,99.30933,0.10296437,270.01276,82.95474,0.21895587,267.64734,97.9615,0.21787101,485.81122,360.70435,0.13820343,281.3877,105.6474,0.12030897,379.17703,173.2997,0.26808366,376.73773,39.243122,0.1979269,371.06787,278.71957,0.06725147,378.40384,169.6765,0.06606096
1069,273.15622,65.1097,0.056528293,260.7481,167.96875,0.03960888,256.29593,98.96988,0.08756783,270.09946,79.31853,0.1204189,376.88696,277.14005,0.116324045,346.66315,77.989914,0.14123295,503.16776,347.63864,0.1057916,393.3132,282.092,0.17179526,372.69186,38.721916,0.23311312,139.8008,285.1611,0.059819337,322.04178,51.888412,0.04276453
1070,260.98166,77.792816,0.07540061,357.46924,168.87839,0.04850587,252.66133,123.74554,0.077574365,267.2421,78.90841,0.17528322,252.40897,98.37802,0.17695253,346.26685,77.47545,0.15523072,265.8532,105.76774,0.109963804,365.36417,180.07433,0.19311015,361.8978,40.101486,0.21212909,139.41414,286.8706,0.08040089,362.917,170.56017,0.042619657
1071,240.42473,157.15735,0.09928513,248.2034,170.2535,0.069299206,240.3401,98.50914,0.11550346,254.13408,79.10029,0.2063223,232.49698,175.17734,0.19612654,468.97372,362.74582,0.18264957,488.31,363.09827,0.10383736,247.45352,177.57353,0.12296519,355.67633,40.031574,0.20899318,226.33095,167.15927,0.17204934,240.34895,177.48087,0.062245786
1072,352.8563,184.49773,0.08255633,335.1389,189.29623,0.057684563,469.7634,350.45865,0.09571829,346.86038,263.36743,0.11298417,237.2537,99.34047,0.14810288,464.49066,363.84634,0.20237848,469.57162,379.80078,0.14274578,347.3047,182.7079,0.20775856,350.61328,47.4248,0.19051602,323.8457,182.35564,0.070093885,447.73608,377.8248,0.04972661
1073,236.97165,81.039566,0.07331037,223.95045,187.882,0.07198645,485.23883,318.0395,0.11508564,237.62515,83.657906,0.19191329,230.08232,100.24332,0.18639988,450.85706,377.53693,0.24646594,452.94717,389.32495,0.15395881,231.27759,178.84697,0.12647013,339.46317,40.79117,0.1903932,210.67725,169.14182,0.16254123,439.53836,376.92892,0.0808149
1074,227.63354,81.178375,0.06967335,332.3365,256.40613,0.053205892,488.8787,310.1782,0.1047479,330.81754,263.59064,0.13346429,328.92722,270.9349,0.15815298,447.58035,377.9912,0.23381607,449.6904,390.3333,0.16016951,332.69968,185.44829,0.14484657,333.28503,47.615067,0.17122468,100.44478,292.48944,0.08540233,437.08603,376.20657,0.05070996
1075,229.24931,78.64554,0.07944803,185.11308,231.81465,0.07379579,439.86816,366.9454,0.10497893,222.28328,84.412094,0.20441815,218.03421,99.36387,0.20799536,434.6576,391.23996,0.23908792,438.68417,396.9248,0.17438656,233.02989,107.14775,0.108616225,322.68134,41.522125,0.21351926,194.77032,169.82446,0.15445572,424.0709,391.78647,0.08969002
1076,428.99924,396.4795,0.057020903,451.936,317.63364,0.04307156,438.20908,366.9389,0.10750211,300.98007,166.25691,0.12316005,297.64896,174.80159,0.14723681,427.66592,392.57108,0.24777366,432.80753,402.16733,0.16965932,316.0257,184.85263,0.19216257,309.8494,42.907375,0.19181429,250.70073,213.15717,0.07156827,416.4187,394.2622,0.065401934
1077,212.05722,79.571976,0.08206674,204.02512,82.27449,0.064669535,424.43265,379.96893,0.12418306,213.66194,83.82685,0.13392156,595.01086,356.61365,0.16747558,430.123,379.23294,0.25629008,433.41327,391.73553,0.2134228,301.7806,184.49193,0.18294881,556.3521,194.21082,0.5097695,250.59622,205.98833,0.11023026,415.32144,371.94525,0.07648453
1078,195.13908,82.06395,0.06815608,195.47935,81.89762,0.04388456,423.3121,367.56314,0.13051894,597.6116,338.3562,0.11944568,592.0141,353.629,0.23489992,416.84528,392.16394,0.2568692,419.2665,403.7133,0.18195145,299.40366,186.27821,0.16457725,550.2582,195.16148,0.4698975,228.8051,212.87297,0.07329142,579.74524,352.01074,0.08771823
1079,196.21762,80.50546,0.06314428,188.23561,82.12132,0.05136214,587.16534,353.4421,0.12660943,594.4894,333.55176,0.21690501,587.84674,348.56308,0.22543904,409.18094,394.55743,0.28571594,588.29065,364.21997,0.193902,285.27277,186.15282,0.15550222,544.2722,194.7602,0.4552779,169.13597,172.67145,0.08434776,577.4783,359.26202,0.11061953
1080,289.8858,279.48022,0.064117305,275.66443,293.67902,0.060465742,407.5305,381.89578,0.09933867,594.0625,334.393,0.21666302,583.23126,349.2264,0.21076511,404.05942,392.86563,0.18559301,582.09467,362.29327,0.2320167,298.18942,282.4383,0.21052514,534.99774,195.4278,0.5165608,274.6318,263.60422,0.09681126,565.35364,352.16196,0.07916895
1081,172.52827,97.15226,0.059591945,167.51314,183.95802,0.04317444,570.4798,353.03745,0.14605911,591.8607,334.40817,0.17737865,572.4705,348.60217,0.19486636,395.67914,394.5286,0.20935173,572.4737,363.33884,0.26133427,267.98508,189.14606,0.20381702,527.3053,194.90318,0.46772707,149.31586,167.64064,0.12780493,575.4272,342.5472,0.07099379
1082,350.75464,12.821405,0.04875557,213.4317,231.18486,0.050525904,568.99756,354.18585,0.11423385,576.37506,332.53928,0.16524209,563.24445,350.3188,0.20533285,233.66193,94.26935,0.20655058,567.8098,363.071,0.2593714,260.4495,188.99321,0.16833209,516.6131,195.47595,0.3882254,139.62236,173.33237,0.09737153,549.7673,352.6291,0.07801867
1083,263.25388,203.40607,0.0662309,263.1065,295.37,0.05467367,554.8094,353.064,0.1702552,574.3625,332.97427,0.17670023,557.29315,349.05408,0.26451063,217.44861,105.68529,0.2558852,558.2917,364.5132,0.2950349,252.37971,195.9999,0.18284726,510.7588,195.40778,0.3536006,245.71425,261.8415,0.080515735,545.52124,362.47174,0.10650563
1084,175.76079,107.00876,0.06585192,197.15239,230.79124,0.0482051,552.31335,356.59195,0.13314165,171.05606,94.938126,0.16019784,547.75653,351.0188,0.20358731,167.43388,107.41297,0.22081129,553.82056,363.1861,0.3000709,265.34546,297.3411,0.121168755,502.5053,196.56079,0.33398953,124.66921,173.83391,0.07535292,533.84845,353.06485,0.07388219
1085,263.38892,299.76773,0.07171069,236.50496,273.5653,0.07716764,189.97926,77.84481,0.17751393,558.65186,332.53046,0.17284039,542.2586,349.60095,0.31222513,199.13403,110.11132,0.30672774,164.29251,120.72428,0.2995696,235.555,201.5246,0.1629068,495.4112,197.1333,0.39718354,116.36264,180.09523,0.09877093,529.7211,363.31873,0.11040011
1086,142.49226,96.48591,0.06633795,181.74234,231.22388,0.06319804,535.635,356.7337,0.16279688,155.28409,96.33481,0.25723493,156.56259,109.491615,0.23721935,152.69858,114.54813,0.30655876,157.75958,126.3015,0.36369327,221.51944,201.90475,0.17385593,492.38757,197.97751,0.33084363,26.983507,300.9233,0.11015105,527.01843,361.86877,0.1009694
1087,142.70316,124.71628,0.07401738,115.152466,97.39546,0.056778222,135.88354,111.31867,0.18464804,528.72974,337.5109,0.22774543,524.9815,356.01538,0.35612342,144.08817,122.67074,0.30969554,147.72908,129.61784,0.3165911,216.99988,203.85939,0.27654234,480.56262,199.79382,0.35685316,211.15529,268.92993,0.08614139,129.68137,116.738625,0.20654304
1088,130.89903,112.78673,0.05981125,166.41447,248.51656,0.06559203,154.76399,93.571846,0.2152438,142.82278,106.72615,0.19358632,515.4089,356.866,0.26862863,150.18462,126.02303,0.34318012,143.22672,134.19458,0.356099,203.45865,205.64351,0.19159952,465.95175,199.25877,0.32008556,129.50414,127.06811,0.14923997,501.6871,364.7268,0.11778081
1089,513.5468,364.44452,0.083578214,167.3292,456.75793,0.05174769,141.65335,97.02212,0.21843156,129.55537,110.35036,0.24857524,508.96002,356.52676,0.3657232,128.84332,128.26141,0.37565997,134.42033,138.24002,0.41039696,213.17747,299.77737,0.18641955,457.368,202.93115,0.29139313,127.799164,135.91486,0.11064092,111.75221,121.77185,0.19859925
1090,190.05798,283.53513,0.116019174,149.41595,248.22205,0.07824004,115.74369,112.6861,0.19107881,505.2971,339.49808,0.16487262,498.9479,357.1687,0.29236123,135.52193,128.40755,0.36348888,119.99582,137.30566,0.38527566,186.37552,215.3169,0.24773793,454.09814,203.88847,0.25936514,182.28645,278.98062,0.1315888,99.744446,122.24169,0.19352067
1091,184.61821,218.0235,0.1066017,152.59245,456.47177,0.07114734,120.995,110.972435,0.14948586,496.0125,339.29565,0.2753674,490.8496,357.69916,0.38991845,120.135086,138.8505,0.34769607,495.0269,376.1321,0.3197777,172.9214,215.37813,0.2708124,439.6375,203.99368,0.23166232,351.13748,92.74197,0.1383638,97.62457,131.10376,0.17315334
1092,175.46364,283.19827,0.24836583,175.94702,292.51196,0.17907156,105.58138,113.69871,0.2269895,169.40326,296.45782,0.23114268,482.66266,356.99194,0.2902454,96.60082,140.89388,0.35272416,103.1162,149.55447,0.40192866,169.09715,219.36845,0.36486962,437.08688,205.05034,0.2620411,338.95892,94.56856,0.2358016,81.578354,136.30942,0.26672044
1093,184.60744,314.92282,0.076609,197.00012,469.97742,0.05568164,91.71642,114.442406,0.18372792,481.3019,338.05725,0.1814865,477.46323,354.20087,0.30679962,102.20521,142.62102,0.3429475,95.702805,153.63582,0.32338253,156.9198,220.46521,0.17765605,419.10825,207.44214,0.2823115,27.769499,236.78566,0.14940046,76.738464,134.87634,0.1749392
1094,161.25137,311.24948,0.07295642,118.48081,264.86966,0.08788833,71.318344,128.63052,0.18387814,466.89124,344.14478,0.23014124,464.2977,358.16684,0.34849408,75.913475,141.85567,0.34246433,94.686325,150.8686,0.3469842,158.45909,313.75574,0.2253191,403.92807,206.93303,0.24404873,147.69455,294.07452,0.15610708,449.73886,364.7715,0.15025957
1095,152.72633,234.70975,0.11250908,105.83976,240.96233,0.08269883,72.88933,128.03128,0.18283388,460.44165,344.23654,0.2965967,454.96686,357.7381,0.3321633,64.15968,153.11533,0.28632364,71.37949,159.78561,0.29916292,139.19566,231.57324,0.23343049,401.95862,209.07445,0.28603148,304.99216,106.86562,0.19681074,49.846733,149.15793,0.18227331
1096,144.90523,300.46588,0.118191056,328.1859,124.02415,0.07719797,54.57923,132.02008,0.11627152,448.2083,344.19434,0.34134182,444.92227,358.37628,0.41772968,54.225117,150.01868,0.26816624,446.4906,383.2837,0.31134617,152.54347,317.05023,0.17651728,386.20926,209.13184,0.24976917,293.87878,114.12512,0.16043276,430.97305,370.83286,0.2104307
1097,76.12569,251.51903,0.1394305,77.33582,257.62692,0.12703422,428.5603,366.765,0.121695034,443.8755,344.6594,0.29870307,430.79846,362.13815,0.34407496,434.24484,377.58157,0.22635387,433.63696,384.09933,0.29623502,122.55742,235.94377,0.28080925,361.8921,485.03522,0.23891154,285.1287,110.078186,0.20818214,417.82178,375.58368,0.20881183
1098,434.14215,360.38824,0.073432386,127.826866,306.5567,0.0783978,39.077126,142.7321,0.1176184,429.6549,344.0457,0.30122083,417.27634,362.4707,0.36157188,40.73395,154.71072,0.22982289,426.5392,386.17163,0.2542782,110.36803,237.29189,0.19761044,340.63596,207.9057,0.23686813,272.4431,110.8718,0.21008286,403.64023,377.28027,0.21288888
1099,416.9707,364.10925,0.068575606,109.9705,306.90384,0.08001344,440.51996,356.5693,0.11448566,417.28745,346.21167,0.33326977,413.96857,359.31717,0.3770937,416.7088,379.41263,0.2298264,415.58444,385.6861,0.31255743,122.06381,329.2784,0.1868304,324.63083,208.68147,0.24033615,262.25467,117.48998,0.22827706,399.06375,371.28253,0.18749775
1100,104.67785,250.27213,0.089437544,281.24646,139.35777,0.09599437,422.72687,355.72122,0.14539813,412.7221,344.3244,0.34600773,403.12616,360.4825,0.3559839,405.47998,383.07135,0.32826552,406.6579,387.845,0.31123123,109.85084,329.5255,0.24465422,450.28513,355.1859,0.24793978,247.67487,118.79321,0.32665867,385.76874,376.3619,0.24262139
1101,400.96768,361.14975,0.07689567,265.4269,139.33086,0.082311794,407.52313,356.8715,0.12300191,398.636,345.77002,0.3614143,389.6918,367.31134,0.41850367,402.26175,387.74673,0.31834987,399.182,391.33896,0.31696978,93.903175,332.18372,0.22450471,577.13904,91.79914,0.4510251,241.09846,130.89146,0.21437228,375.13382,378.53784,0.25786468
1102,80.61761,314.2041,0.13785075,246.59415,154.68599,0.08404737,395.47592,362.65793,0.19588406,391.3675,345.43585,0.3546162,380.7557,366.90976,0.3577268,391.5702,384.26898,0.34568417,385.3141,390.03156,0.3017295,89.61812,333.64798,0.25051343,565.12256,92.26212,0.5921784,225.72363,131.27501,0.3178414,366.46735,367.33228,0.19178604
1103,370.39294,379.50763,0.10933301,30.578064,274.29932,0.104583785,380.5008,363.2985,0.13746814,381.16406,347.02884,0.38644287,365.77347,371.2433,0.5105469,373.73758,392.54166,0.4928265,379.22855,401.56564,0.39787516,258.50436,137.9202,0.21533825,553.6788,97.44123,0.617346,211.25807,132.46385,0.36130083,351.6332,378.98615,0.2662515
1104,67.209785,314.46954,0.15650706,67.791306,323.62744,0.14110492,378.58463,362.3532,0.18807405,365.1482,352.33356,0.46796164,354.34186,372.22443,0.561312,363.5889,394.0477,0.50241184,367.7918,401.2892,0.43873313,244.79189,140.26271,0.17754193,542.631,100.41988,0.67388135,195.09877,130.44699,0.30594462,338.31146,381.16885,0.32191938
1105,27.8257,347.7811,0.13231143,217.08998,154.43967,0.09293492,260.7759,487.40182,0.20601638,353.445,351.79645,0.4252666,347.1327,369.6868,0.48037216,354.86966,396.52963,0.5234013,360.05298,405.21454,0.40411606,520.9405,105.55318,0.19520944,526.0515,98.437996,0.6912341,183.12321,136.45407,0.27605015,253.61812,482.88174,0.27097666
1106,337.36322,379.4179,0.09382,202.7717,153.45198,0.07720748,348.83527,363.36942,0.17615892,337.00424,357.74207,0.3743642,333.7134,371.90918,0.46136335,339.5367,393.925,0.32832265,336.8082,398.27838,0.2967075,45.404274,347.15393,0.24152862,513.62195,101.49317,0.6359183,176.7003,147.0433,0.33578113,243.97734,488.2677,0.20504244
1107,37.164696,330.11133,0.23900281,20.98932,372.8918,0.12464805,235.8371,486.94983,0.19411787,322.24054,359.8942,0.41651037,319.82272,374.76953,0.47275752,328.4046,395.7352,0.31374025,247.80008,500.7412,0.31787294,29.892899,349.1772,0.3470116,499.205,103.86357,0.59686625,160.2981,147.33833,0.45637867,229.4123,489.13464,0.29119956
1108,15.647268,332.05038,0.13571161,166.99585,170.48363,0.08301786,326.2949,369.19824,0.20391327,319.69037,354.20117,0.40957808,311.3122,371.53674,0.4132506,326.66544,399.8143,0.34301323,227.56934,412.664,0.2918028,194.16934,151.19945,0.21522465,484.3699,106.583,0.62701136,147.02693,147.22333,0.35588646,187.18045,207.53687,0.36348042
1109,206.75221,401.7727,0.096275784,152.8582,169.6288,0.10315984,430.05106,94.62091,0.20459862,302.901,360.39124,0.44577247,294.14243,376.15753,0.45251945,309.20016,404.20584,0.3865046,315.19492,412.44937,0.28287423,14.882816,359.69467,0.2638361,470.79715,107.84828,0.6088035,132.72948,150.21498,0.33524323,276.14752,388.224,0.32124355
1110,290.7913,379.0674,0.08388339,154.07304,169.62851,0.08654966,400.61755,109.93173,0.23254885,288.49405,361.19382,0.46424893,283.91937,374.71674,0.4675252,295.8851,405.55844,0.3692822,306.57437,416.90097,0.30845106,169.50665,161.92032,0.23316643,455.9895,113.59889,0.6102416,128.92792,163.0027,0.2843178,263.71405,387.91718,0.29166898
1111,200.36143,379.87088,0.08697532,440.65198,478.5814,0.0858393,378.05118,103.94249,0.23511194,273.9025,363.35245,0.47449422,267.23804,382.1466,0.5157542,285.79514,409.90802,0.39063188,194.99948,434.53137,0.3627054,158.8074,163.15907,0.2476521,439.97546,115.10284,0.60488874,114.019325,162.89401,0.23946656,253.79858,389.3862,0.34303534
1112,207.69484,394.37604,0.13674426,123.61546,168.95044,0.112195835,424.40018,538.4553,0.2901492,267.53278,362.84387,0.4443553,256.80624,376.1598,0.3985148,274.42938,408.65665,0.39652523,279.5944,417.89282,0.2667536,146.29214,163.43745,0.39659044,424.8286,116.15896,0.6876739,97.26359,161.69473,0.4513079,167.54507,488.72092,0.2674907
1113,179.977,382.57208,0.11658161,181.41289,393.832,0.09840876,263.21487,366.91434,0.29015017,256.64197,355.38028,0.3359097,249.68095,370.3803,0.33018333,265.85068,400.6849,0.32624725,178.66489,498.9194,0.28441104,131.52467,165.62509,0.34581897,408.57843,117.19692,0.67726874,83.34363,162.77295,0.31169274,157.17993,483.69513,0.22965227
1114,337.53622,104.65559,0.104417264,404.3956,481.04294,0.085689895,397.0816,531.58466,0.33541128,239.98772,361.43295,0.22582726,327.1956,98.094315,0.35646307,255.54645,413.95535,0.39614177,159.7258,418.16492,0.36540854,117.21703,172.3663,0.32856137,393.6974,118.36066,0.6439067,145.26587,402.84256,0.35736507,315.07187,91.21642,0.2794101
1115,150.25261,379.57913,0.1566435,150.80972,387.4353,0.14838454,383.84143,528.7841,0.41282246,224.83862,362.5514,0.21706396,380.89526,505.40524,0.36063114,242.67097,411.8822,0.37097904,150.65132,435.6075,0.4429851,103.14437,173.64127,0.3287572,377.7385,119.45207,0.6201369,134.61264,400.60062,0.39078325,122.8078,411.59998,0.31741974
1116,149.39717,390.41818,0.14426005,134.92494,404.50183,0.12923113,368.28583,527.4154,0.3570792,209.73466,363.3951,0.3371437,362.70392,506.7115,0.40504175,223.60881,415.69144,0.45532843,229.48273,424.0033,0.33443964,89.58958,178.40627,0.25964218,359.49747,122.65564,0.6471446,118.15752,408.08044,0.33134642,289.98544,99.37752,0.21135378
1117,307.47955,104.64324,0.09091872,66.58591,184.24536,0.11277232,353.2495,536.9916,0.30594227,351.72455,483.51987,0.30491868,349.0109,505.20688,0.4482401,209.4671,414.0619,0.37573034,108.43791,401.52716,0.26904893,69.93859,173.1028,0.65812325,343.70355,124.68721,0.5805651,29.321472,169.14755,0.422841,275.73734,102.468376,0.3404568
1118,40.461754,176.08156,0.23617508,45.156086,185.0747,0.18933362,333.4946,486.75867,0.29687735,334.7279,483.80164,0.34811512,331.22995,505.8828,0.49952582,276.96503,142.47734,0.33504274,353.76093,605.222,0.2960892,52.500427,172.17949,0.8854269,330.61774,127.884056,0.63541454,30.185871,163.2816,0.38024613,258.29224,103.11776,0.3754571
1119,46.571815,158.40196,0.23532815,60.478428,162.35344,0.12330251,326.5712,470.07526,0.2986368,321.02408,485.1617,0.33958334,321.04535,506.6507,0.47709182,261.32666,142.99243,0.36660433,158.97325,391.64066,0.2784035,59.81539,165.12991,0.5728637,312.84854,128.45222,0.6506779,26.113432,163.27988,0.7207979,242.71536,104.35723,0.33594176
1120,315.51953,463.74948,0.10843002,303.3512,468.82068,0.12178478,170.33319,367.55453,0.37295663,253.3986,90.50685,0.4175566,243.66496,105.689224,0.50820833,245.48383,144.23917,0.3740723,318.7629,603.9501,0.26801395,45.380184,168.59303,0.4378357,297.38232,128.52399,0.62351096,24.391657,149.92702,0.28520682,227.34103,104.90241,0.5099569
1121,300.81195,463.30096,0.12231412,287.78876,469.20917,0.10406279,295.8411,537.07965,0.38735583,238.74458,91.04835,0.36943623,231.6461,105.290436,0.44218376,146.44258,412.35846,0.42891192,310.559,605.7596,0.27603555,278.2868,134.42831,0.2500191,281.58392,128.1912,0.5958155,288.90167,488.41153,0.24777606,216.85832,104.63482,0.40245086
1122,170.66939,374.3545,0.14170885,171.8332,381.65857,0.10978066,279.07025,524.6661,0.48432633,223.19878,92.60419,0.37106794,217.55571,108.052864,0.44084913,218.48402,142.38454,0.43293327,116.98839,394.64883,0.32418644,262.23172,133.15793,0.25373232,266.40247,128.31897,0.6027901,279.5859,530.79724,0.2273942,200.71368,107.42917,0.436945
1123,156.94939,372.052,0.18619916,150.76126,372.60513,0.14862643,259.79147,527.00977,0.49011695,260.35672,490.06152,0.44511953,261.64398,511.8276,0.4746072,206.44312,141.85368,0.4464509,274.37057,598.84296,0.3125015,247.84688,133.34871,0.20896545,253.46773,128.02954,0.63444483,201.54366,116.87512,0.22527422,186.10924,106.8193,0.45915955
1124,137.27109,374.487,0.12264814,154.9007,375.98486,0.088509396,251.27177,524.0873,0.42273927,244.30104,523.2017,0.42813808,182.86545,111.33385,0.46652997,190.67177,141.5222,0.41633016,84.59823,394.0738,0.4122408,232.05609,133.54259,0.23069659,237.92682,127.651505,0.7439166,185.83604,117.114685,0.253165,169.61444,107.79544,0.543259
1125,231.26825,134.8259,0.10871306,238.39308,465.08023,0.09351115,236.9889,523.2008,0.50664127,229.8598,487.74908,0.4340513,230.98601,511.17358,0.4858605,176.76558,138.24214,0.39868557,74.384056,388.07913,0.40413415,215.343,132.80505,0.24884957,221.34712,127.49303,0.6849757,170.25655,117.27882,0.31150416,154.37791,109.63499,0.58563995
1126,125.97763,364.51596,0.17197306,118.638054,374.29776,0.16276352,218.28539,512.90656,0.6504587,215.95172,489.7291,0.49241814,216.93214,512.78577,0.5384432,55.648808,378.7268,0.37867314,59.01881,389.39255,0.43345574,202.20811,134.11505,0.26934636,208.71771,126.60116,0.6592127,155.4274,115.02646,0.2703212,140.32205,102.90136,0.56330365
1127,131.86061,363.8525,0.14434804,101.11855,370.39908,0.09703435,204.17278,514.5917,0.56964797,205.09392,566.91223,0.45848638,200.7882,590.8644,0.5774131,147.24031,136.39941,0.37808236,104.43787,389.97067,0.45074183,186.40018,133.51938,0.27300602,192.61414,127.10772,0.6334231,140.24632,115.73892,0.33473796,124.978836,106.43917,0.5783032
1128,98.73971,367.56885,0.12050205,98.25998,372.6978,0.09342048,190.60675,522.1987,0.62950057,189.51495,565.825,0.5113679,186.82764,584.81744,0.6858159,132.07509,136.45767,0.35323378,200.11801,609.0227,0.32211694,171.87183,134.70418,0.33639956,174.79129,132.7321,0.6211248,124.068474,114.450645,0.3164547,110.9375,103.34323,0.506753
1129,176.07726,588.588,0.10071624,181.17677,516.1585,0.08229497,177.00716,514.5672,0.71563756,172.55821,553.2195,0.48976624,174.81773,574.917,0.63485384,122.43109,139.83325,0.3715942,256.99207,232.93234,0.31671274,158.38916,132.6149,0.33230087,162.38379,130.4086,0.59961015,111.19934,118.88098,0.28317076,101.11711,107.21081,0.4636046
1130,162.24129,511.71664,0.109835126,164.82574,516.2504,0.12638357,163.44568,505.71255,0.7662778,159.64485,550.1181,0.50498694,161.76137,573.64813,0.6429359,100.58612,130.96205,0.3282717,249.09177,231.02017,0.37617773,147.33464,136.65425,0.28455308,149.21341,129.7874,0.7258077,94.03189,109.28916,0.272305,86.32602,106.341446,0.54072225
1131,143.95453,589.6697,0.10606311,147.22105,516.0637,0.10435745,149.34285,507.6528,0.596488,143.16188,562.8107,0.41847935,141.89398,582.9289,0.68478346,96.59094,137.56558,0.3272904,68.03344,388.74155,0.45350793,132.93785,137.0509,0.12755029,136.9048,128.60876,0.76355165,54.50994,368.65137,0.32862917,73.5427,105.17019,0.58687055
1132,69.20188,349.8336,0.112675704,155.34088,584.17426,0.074039266,133.93007,493.44424,0.46189508,131.54163,537.80347,0.5777293,131.21481,572.2428,0.7224756,50.178284,369.871,0.36367768,52.432095,383.6555,0.467171,114.65519,136.01857,0.22834139,114.97457,129.00641,0.53153867,69.01716,103.51615,0.31592762,61.476433,101.84343,0.43106824
1133,135.73944,455.10242,0.11150477,140.11798,584.49274,0.094934516,119.56733,492.8762,0.59110504,115.82487,534.77313,0.49179718,114.51411,574.5612,0.580537,64.91126,136.5715,0.32464284,203.68546,219.9682,0.31318155,141.02022,38.819187,0.20190714,102.7339,128.9607,0.6834945,53.77591,103.091736,0.2644464,45.06048,101.39458,0.47424275
1134,121.159225,482.14594,0.102652565,109.555626,495.27515,0.10192869,104.48464,513.03827,0.7141967,100.13774,536.4622,0.71605194,98.45365,559.3229,0.9142414,99.98321,567.7603,0.4142821,110.18131,580.2048,0.45286247,140.21324,26.263649,0.21218915,85.49916,125.58583,0.593354,39.995747,104.00745,0.2201032,31.392454,98.99408,0.49502757
1135,106.57923,483.19086,0.13656677,107.71278,492.5685,0.10524097,89.08057,505.25168,0.6319278,80.66722,501.61768,0.38701853,82.56939,531.78845,0.39986598,44.73494,138.9006,0.40060878,88.45817,539.26227,0.43811664,131.55536,25.2028,0.415141,77.143265,125.19001,0.60611147,83.36724,517.54004,0.30141392,20.08512,96.01419,0.49188423
1136,85.4095,477.26538,0.13112606,90.33811,495.87613,0.11027327,70.92825,499.50055,0.7164766,68.27398,502.85452,0.4541092,19.709887,105.04522,0.3226352,39.287094,144.30559,0.32181644,77.71369,539.6157,0.31249523,117.191475,23.89099,0.39381087,58.281696,122.795296,0.61688477,70.801895,511.3687,0.27774754,6.9759088,102.12976,0.19479139
1137,67.604996,476.302,0.114722714,68.53262,480.3355,0.09662225,55.659977,498.0059,0.47266814,54.983727,498.3415,0.28341076,54.120758,520.7644,0.38390052,69.625305,550.86896,0.35051244,142.51299,215.94801,0.4483293,92.67856,20.981457,0.38572207,45.51149,117.9319,0.50390154,56.474613,505.71274,0.31513646,45.567005,527.40686,0.11685584
1138,25.315964,113.71306,0.10718332,49.178932,451.07446,0.10840736,47.09827,475.80884,0.34549606,12.028248,98.81022,0.25741187,2.7431316,114.094185,0.3089017,11.218822,139.20616,0.38314113,53.675232,508.09027,0.40326294,229.60518,521.507,0.30619192,34.15866,114.93548,0.45566806,45.631626,479.26044,0.28893176,34.134235,487.76102,0.13363962
1139,26.036385,114.26712,0.13137873,232.2031,530.84485,0.10304666,2.0456922,110.41892,0.33900943,9.528172,98.07198,0.22383009,3.5333774,121.607994,0.21415268,7.004391,128.67024,0.22120646,6.2390776,130.53954,0.3044017,215.61641,521.44293,0.498006,78.041756,14.201255,0.37365994,29.217022,496.17365,0.29575092,3.3908987,114.57837,0.2760375
1140,16.06085,476.50568,0.1556441,20.111471,497.67462,0.18785247,15.800821,487.44464,0.47724715,13.653014,504.60223,0.3744854,5.542754,519.0023,0.32318637,6.3077636,517.25635,0.19015951,18.315968,521.4881,0.32085574,200.69174,518.69507,0.45812002,211.03078,510.58813,0.29926023,6.139175,494.77338,0.24588315,35.299515,21.382175,0.10549595
1141,199.29965,521.7548,0.116601095,199.5106,530.0298,0.11370862,206.38345,502.1783,0.2079953,204.2759,495.0733,0.13774848,181.63344,511.25302,0.18151252,13.0466795,39.27794,0.11490162,526.75616,347.1962,0.20316595,185.554,520.5463,0.5150244,49.574497,13.109888,0.336149,185.6051,496.20615,0.17447664,22.603985,17.624117,0.2280914
1142,209.30804,504.45483,0.13485649,186.90506,527.7593,0.12910955,183.96051,497.56274,0.20093656,180.61076,494.56107,0.1485453,165.40242,507.90933,0.31400323,168.2078,517.8197,0.23150441,199.99443,507.50198,0.2592652,181.40102,515.7053,0.5742747,187.2554,501.28937,0.5617299,172.53726,517.20593,0.16666868,25.733414,19.011791,0.23572251
1143,194.1139,503.1958,0.13884145,170.13803,527.7834,0.12205797,164.94945,496.60333,0.20765232,163.02945,494.15298,0.16851677,154.05939,504.51398,0.3572767,152.26468,516.6571,0.25785646,186.13652,508.2298,0.3749299,173.13551,507.53125,0.64961153,175.43056,496.86945,0.6202086,155.42921,515.0361,0.1804986,163.05023,500.03116,0.13605127
1144,187.64096,506.50504,0.17292511,174.14719,513.8872,0.08845901,156.45992,497.44656,0.23417105,158.26385,498.8721,0.1482028,148.6594,506.4516,0.2473773,153.28285,504.10715,0.14416766,172.67151,503.52164,0.25352252,155.65459,507.3991,0.7334606,160.35516,498.35458,0.4600979,157.4025,498.8782,0.1149628,153.86038,502.7134,0.16419803
1145,163.79788,507.54327,0.115833625,164.46576,514.0208,0.09063663,531.0689,345.4862,0.1886795,129.92911,576.24677,0.11549963,129.44145,582.88904,0.19712736,126.97326,590.2975,0.11873662,529.59033,353.10397,0.18212284,147.23233,506.96533,0.3973235,146.63055,500.3595,0.1808102,140.55238,522.32434,0.11950274,155.04544,503.65063,0.06515174
1146,596.4312,598.5442,0.040605597,125.96606,589.8641,0.061124075,531.85767,339.5139,0.066959225,173.18875,420.79395,0.06721598,168.38889,437.08264,0.1296101,156.8916,440.33527,0.11952803,166.40158,448.3953,0.1557812,165.3918,429.97064,0.109119006,139.82944,581.56696,0.091635555,155.68575,430.07294,0.104095675,165.95906,438.69247,0.05320707
1147,126.240486,580.7194,0.043584906,117.074356,589.3389,0.054092493,159.85193,414.52893,0.09360554,167.95091,434.46655,0.10728455,152.22731,438.23953,0.2402471,153.25783,442.41278,0.27923945,164.41591,449.0055,0.3062365,165.64331,442.30563,0.16757895,167.7316,438.33118,0.16719733,150.51266,432.57416,0.1629076,149.32549,437.09735,0.06137822
1148,166.36626,442.0913,0.05585892,142.54118,446.4419,0.06317637,292.74533,203.07002,0.09067301,156.71985,422.7379,0.08028284,152.03421,438.6446,0.16621487,152.34772,433.52716,0.073396266,163.88591,436.41037,0.16315967,160.14807,442.13464,0.22350919,159.37567,437.5568,0.13572712,147.75174,429.6613,0.13255942,167.76328,438.21835,0.06818826
1149,163.11415,451.2769,0.058979303,12.937281,589.2108,0.05842948,144.25879,413.7884,0.075706385,152.35286,433.792,0.12017641,145.15082,441.59668,0.24336927,139.59338,440.34506,0.2775749,152.26442,447.70453,0.2857338,151.63994,442.71045,0.19635884,156.3924,436.96002,0.21775056,137.12276,432.62802,0.19043854,146.9527,435.50555,0.0973939
1150,596.4124,598.5775,0.047817912,146.29843,446.77475,0.06569857,614.10736,604.16437,0.053383954,155.55392,421.03796,0.089692794,150.19046,436.9301,0.16395563,139.45389,439.86145,0.10027955,141.7854,440.57925,0.17593181,151.22499,442.5816,0.20607235,152.21785,434.25647,0.12615238,92.687675,603.5982,0.11430243,149.56772,436.9889,0.053913236
1151,167.89012,441.89398,0.057137646,108.933815,589.27246,0.055885617,137.67253,435.85855,0.11411979,139.20477,422.13434,0.1204288,134.72282,437.63736,0.23757815,137.42,441.30524,0.12714608,148.74207,446.83835,0.21938284,145.74992,441.70282,0.22788303,146.66188,436.77634,0.26835623,134.00198,433.82288,0.11436548,134.37436,437.44968,0.07659292
1152,156.61938,440.47095,0.05927935,134.44827,448.1651,0.0873563,129.49295,414.02966,0.08992989,137.5141,422.9345,0.15325686,127.39098,440.82553,0.290559,123.71188,441.6246,0.2834534,129.40887,445.0364,0.29779118,135.55035,442.8339,0.29716954,140.3578,436.39783,0.33315653,121.60074,433.93277,0.25385815,131.2186,435.65863,0.1763494
1153,153.65569,440.52582,0.06586578,135.11201,448.54504,0.11377289,128.28218,414.13495,0.082868405,138.19675,435.84012,0.10193028,121.170395,436.533,0.23766339,122.0657,435.7913,0.19844195,128.4369,444.59027,0.2767842,133.25713,441.3923,0.29183787,136.92479,436.0158,0.31062824,119.50637,433.02866,0.18187535,117.761635,437.7802,0.11866913
1154,136.04468,440.98938,0.09299403,137.63057,449.67984,0.083045505,122.82919,433.90012,0.08434614,123.60815,422.75482,0.13781907,117.452965,437.38043,0.2715027,121.21248,435.78308,0.16247007,132.59172,442.0645,0.29372174,128.4801,441.9365,0.29844433,129.29688,435.7543,0.31868634,114.161354,431.9065,0.1533901,117.66461,437.83084,0.17104124
1155,132.57387,443.6992,0.07233306,109.43229,589.50867,0.074895665,144.50038,441.50424,0.11154976,131.87215,453.66794,0.066568546,121.377335,437.79187,0.12046262,11.76008,28.147165,0.06771133,118.710106,442.27258,0.13714138,126.55973,442.9262,0.1842441,125.83669,437.55396,0.13074827,91.79685,603.8219,0.09573793,118.36995,440.05072,0.05140568
1156,109.006935,580.65466,0.04051594,109.175865,589.24713,0.07278119,125.80774,441.0413,0.13044159,116.26194,436.05594,0.06445081,122.25905,438.90695,0.0762192,107.616806,597.1863,0.06285174,108.47625,442.25272,0.11754649,119.63241,444.30545,0.19549924,114.76816,439.50385,0.09482533,108.32956,603.52094,0.099074766,119.89364,457.0798,0.047759652
1157,596.4897,597.8124,0.045231003,110.63595,590.8283,0.06856979,127.062805,443.2486,0.06780596,99.66635,579.79034,0.07599817,20.00444,37.006058,0.072089605,92.51716,587.6144,0.06549208,532.45215,323.8509,0.11955283,113.62963,443.93253,0.1385404,113.40037,440.31006,0.05835434,92.55733,588.05383,0.102896884,573.5418,379.88638,0.037872855
1158,117.23298,458.44342,0.1212454,98.061646,463.4419,0.0665132,129.21968,441.77356,0.1628723,108.03001,437.19608,0.08885826,97.996704,445.01907,0.14734085,91.07211,452.16748,0.12660342,105.93404,451.62738,0.16773069,102.75974,456.8269,0.4391419,108.061356,440.76672,0.13727269,30.402431,603.9284,0.10868295,111.347755,455.01126,0.090144224
1159,112.66184,459.59103,0.05362313,13.556145,590.76514,0.07146813,110.86895,442.24637,0.08985139,100.2019,452.1739,0.07939266,12.351999,596.1894,0.07410256,460.17767,597.36536,0.08566166,102.52308,450.36752,0.112653546,103.03745,445.02402,0.23053962,444.10776,584.71515,0.08107101,459.4599,588.7285,0.11809986,104.53709,456.9669,0.03636413
1160,98.82934,458.75873,0.10412168,13.54183,590.62897,0.07537529,112.46791,442.82397,0.13371,100.266174,451.93152,0.11421054,90.37848,444.95413,0.110430546,12.766266,596.2596,0.07007165,88.6182,451.60962,0.12508333,87.684395,457.67322,0.34346768,89.812355,449.5997,0.10318028,13.43782,603.67883,0.09856398,95.45893,455.713,0.08134691
1161,98.45501,458.76862,0.09149684,13.269181,590.30054,0.073811606,96.12659,456.727,0.10317036,92.47126,471.39047,0.07228211,74.87512,444.75882,0.099729344,74.49441,451.43008,0.06973444,87.09853,451.08026,0.112505265,85.71819,457.73187,0.29007465,82.435684,451.49698,0.10181693,76.28244,603.52094,0.0964136,96.87326,455.77292,0.060880467
1162,81.17307,459.26617,0.086258985,82.08031,463.8983,0.07488898,77.43068,442.36945,0.08667345,84.19802,452.21487,0.08984078,74.64216,452.51312,0.09893802,11.769179,28.145412,0.06190202,71.655106,457.70425,0.116127744,73.81977,445.05023,0.21470594,79.44484,452.2102,0.090321586,108.88101,603.5693,0.08736554,79.765884,456.81894,0.06579723
1163,84.29414,459.25223,0.07385369,12.7802725,589.6201,0.05767391,79.8505,456.20886,0.1039177,76.61663,470.43408,0.059114452,58.929634,451.2976,0.13706109,57.334236,451.8061,0.090666786,60.430065,458.24814,0.16595691,69.05317,458.16455,0.22983636,70.56921,451.97174,0.18953586,117.15253,596.0101,0.088692315,20.969368,490.13965,0.062168226
1164,476.46997,588.1851,0.043894324,12.923479,589.69446,0.057370495,61.97412,451.50055,0.05912852,52.046535,20.547262,0.06781932,43.669254,20.743626,0.069736585,26.976288,20.341171,0.063034154,61.183796,457.9069,0.09941256,64.84048,459.1631,0.104745455,460.36545,585.1959,0.07407072,428.0887,596.1914,0.088343695,556.40594,403.59595,0.03267042
1165,12.419285,36.280865,0.035088714,12.76428,589.5742,0.06762274,532.2298,339.4489,0.05847052,52.03441,20.54278,0.06239285,11.659424,500.25677,0.072448745,12.075485,500.7542,0.07152244,532.3785,340.07523,0.12370309,578.39996,13.154571,0.041886296,523.9983,571.8567,0.0425939,524.59686,603.45325,0.09275102,21.825792,380.13153,0.034394525
1166,596.58795,597.88873,0.03807451,12.930508,589.5919,0.06880123,613.64374,604.34656,0.044490278,52.034214,20.568426,0.061470486,19.976427,37.18156,0.06951514,11.742811,28.172218,0.06155331,532.5315,339.96616,0.097354345,593.4624,460.281,0.039938595,428.60742,585.21173,0.051292885,60.376556,603.4976,0.09409828,606.19604,611.28015,0.038232327
1167,477.05478,164.04512,0.047676057,468.83908,172.40273,0.06987261,468.59128,171.34479,0.09020256,468.37555,180.171,0.060637433,19.955969,37.115356,0.069031514,482.51022,171.82018,0.084203854,468.22083,179.3746,0.09520875,578.6757,292.7041,0.040213633,428.48264,585.0604,0.059796788,540.72504,603.56415,0.0930769,467.9962,171.9289,0.037270013
1168,12.423374,36.30608,0.04043786,13.055178,589.6884,0.06851752,244.15833,427.6242,0.07653993,244.59883,436.20035,0.07317991,236.31976,436.59183,0.071932405,11.789604,28.201454,0.06595486,243.60167,434.32913,0.09997533,578.3303,293.28104,0.051880352,187.49786,584.8958,0.05221241,333.0793,603.27155,0.099905185,598.29144,76.95416,0.032230664
1169,596.52405,598.2315,0.046671342,12.965219,589.5442,0.06708511,613.72675,604.28015,0.05040762,52.012825,20.647963,0.06252558,19.99387,37.042995,0.07270583,26.94228,20.552296,0.067786574,516.32043,355.88007,0.08556971,578.3383,309.03827,0.044606894,444.40982,585.5116,0.05874058,76.46191,603.2964,0.09579044,590.07465,611.32935,0.03642599
1170,12.535802,36.319614,0.04302979,12.958354,589.44824,0.07234299,613.32623,460.43246,0.04322559,51.981644,20.544655,0.063798964,36.0605,36.494503,0.07189798,11.800325,28.199404,0.06763069,36.24746,19.691366,0.07790904,578.2663,340.9947,0.05149957,524.259,585.1072,0.037945017,76.67196,603.03156,0.09796991,35.670345,27.26849,0.033262033
1171,36.91944,580.45465,0.041398328,13.097203,589.53644,0.0700228,613.5403,604.13525,0.03721687,51.98382,20.527239,0.060292676,20.009104,37.05702,0.06686553,26.972399,20.376776,0.06532685,36.27057,19.72693,0.079841405,578.5015,277.1167,0.04360532,508.43103,585.29895,0.0568943,76.756996,602.9189,0.09653129,590.1117,611.2753,0.035705604
1172,596.4936,597.9923,0.043496802,13.369053,589.75793,0.07656241,613.64215,604.29736,0.039940298,52.00477,20.570522,0.061812315,36.009277,36.486355,0.065965794,11.648048,28.183369,0.064082004,52.034996,19.284714,0.07538126,578.087,340.94687,0.0449591,332.38333,585.32806,0.048627123,76.8403,602.97626,0.09877701,605.90625,611.3516,0.03232303
1173,596.3958,598.1052,0.046831377,13.254671,589.70996,0.07242241,613.7184,604.32874,0.047155373,52.035892,20.561686,0.06062137,36.010212,36.4846,0.06511153,12.08863,596.22394,0.066812314,532.2678,339.92557,0.096191294,578.4114,309.31476,0.046319786,444.09598,584.92487,0.06445655,333.05988,603.31555,0.10534804,606.03845,611.12286,0.041392393
1174,596.56415,598.189,0.040001404,13.063391,589.66565,0.071549535,613.1931,92.34294,0.037127044,51.98587,20.524797,0.059054542,43.755524,20.90903,0.06361124,11.918972,596.1305,0.06690877,582.67126,292.74097,0.07285842,577.8808,325.51877,0.05537864,444.17084,584.53894,0.07867547,92.655785,603.49445,0.09658773,605.92847,611.483,0.03887825
1175,596.49365,597.935,0.049607567,13.1174345,589.7345,0.071645305,532.52734,339.4755,0.049404133,51.965275,20.517448,0.057859115,43.716442,20.86454,0.059399564,27.021856,20.307022,0.06459776,532.3322,339.84592,0.11362803,578.166,309.19083,0.04480192,492.7775,585.4221,0.05424057,76.80464,603.24713,0.0893285,606.1116,611.0136,0.03957596
1176,557.8399,587.7768,0.06796864,558.0886,590.2898,0.06982454,599.6907,604.0535,0.0437257,340.40125,372.15027,0.06011455,43.81701,20.738016,0.060701165,555.603,587.224,0.08165721,339.60995,371.2145,0.09085946,578.43414,308.94742,0.047896534,491.50598,583.98157,0.12118369,492.13605,603.2849,0.11911689,565.7762,601.1182,0.053338442
1177,596.4661,598.3062,0.036182057,13.065097,589.73065,0.0724271,613.39215,44.29741,0.045275327,52.036594,20.66094,0.049029104,35.872784,36.619865,0.05955239,11.861839,28.165312,0.06878851,532.1685,324.02563,0.073923185,577.97644,13.289391,0.04429058,476.48114,585.1654,0.03921524,220.74194,603.58905,0.09496845,605.9989,611.3763,0.037038635
1178,356.80508,580.67664,0.055366684,349.32684,589.41284,0.07600676,613.671,604.2264,0.039983336,52.06418,20.663328,0.05134826,347.7562,580.2723,0.06281006,347.79495,597.2706,0.07621421,36.317093,19.644922,0.08018409,578.45764,261.3224,0.05309244,485.39487,585.74536,0.040337127,347.24182,588.4552,0.10465683,605.987,611.359,0.043631457
1179,492.76913,588.25287,0.03736924,13.009203,589.6552,0.0701229,613.1536,44.199722,0.037120678,52.089115,20.56973,0.057800442,43.745026,20.821558,0.064845234,364.3882,597.3839,0.08492928,532.28284,371.7893,0.09553081,577.59686,293.5258,0.053432457,364.38724,584.61926,0.06394731,349.06308,603.30316,0.097301096,573.6035,380.07996,0.03322677
1180,596.436,597.7894,0.042061757,13.031463,589.621,0.06999993,613.549,604.3125,0.04272978,52.067215,20.632528,0.06262561,35.981716,36.475742,0.06833622,11.659297,28.133747,0.065298125,52.038166,19.29161,0.080067456,578.01074,261.41394,0.05140176,515.888,291.8374,0.02632568,76.768936,603.37445,0.093199715,605.85834,611.1809,0.03731918
1181,596.415,598.1439,0.046195306,13.050879,589.564,0.06759398,613.014,412.3694,0.03682649,51.97984,20.567049,0.06807487,36.034492,36.41541,0.07538007,43.085094,20.383783,0.06500357,52.025158,19.29013,0.08215714,577.7098,229.50044,0.05363758,540.2322,584.9943,0.045280963,76.670425,603.24884,0.09552657,605.82294,611.5157,0.03637748
1182,596.3262,598.3108,0.044347245,13.019447,589.4977,0.06836908,613.85065,604.2131,0.04560067,52.0036,20.561117,0.060617585,43.666695,20.928295,0.066007555,11.808869,28.207317,0.06364077,52.058674,19.327106,0.07498755,578.00055,261.43927,0.0588643,547.9918,211.98463,0.03377951,76.891075,603.16907,0.09604173,606.04596,611.1853,0.04261976
1183,596.10657,598.0426,0.03679288,13.04463,589.59265,0.06990772,564.7953,274.61285,0.03901399,52.00027,20.619081,0.062267493,43.668835,20.919912,0.06670651,11.829062,28.199657,0.06489172,52.103966,19.310684,0.07732832,577.8635,261.53784,0.057784945,540.53864,585.10596,0.044685695,76.62948,603.35333,0.08506006,606.0809,611.49316,0.040907882
1184,596.41266,597.7599,0.037458032,13.046415,589.58057,0.0691953,467.8181,259.79602,0.045649916,52.024734,20.652945,0.066168785,43.60929,20.915354,0.07072263,11.720114,28.133814,0.06789561,468.05423,259.90887,0.102532506,577.4505,245.64122,0.061786573,572.1797,584.2596,0.050339535,76.51633,603.3922,0.09544855,605.8883,611.28455,0.03738596
1185,540.81305,588.50195,0.042095546,13.036371,589.6165,0.0694974,613.174,412.4539,0.03952891,52.01606,20.66704,0.06719427,43.609802,20.89907,0.07127543,11.729026,28.144215,0.06888378,598.3243,228.84752,0.08319155,577.5498,245.77394,0.06531034,556.8081,584.37103,0.04797318,556.9454,603.7051,0.10029985,606.07263,611.41547,0.04730136
1186,364.4664,403.49374,0.044092614,356.6525,412.1448,0.07079007,356.5227,411.2411,0.10938043,52.045723,20.640087,0.060467515,43.6883,20.85308,0.06553351,370.68768,411.80078,0.07342592,355.8513,419.36057,0.0800982,577.61365,245.84482,0.05827626,356.91528,410.86096,0.04400481,124.386894,603.6128,0.083870225,605.95844,611.4774,0.03777157
1187,596.40344,598.28033,0.042238798,13.049446,589.56683,0.067696795,308.7134,315.63116,0.04422741,52.064503,20.63027,0.057343274,43.681374,20.823816,0.06206315,11.754808,28.11989,0.066237725,548.0906,339.50848,0.09636695,577.7151,277.61136,0.05904298,324.03,315.3181,0.036434185,76.413536,603.38873,0.085778564,605.9292,611.5753,0.03801536
1188,551.3746,338.15988,0.2181664,535.573,350.55103,0.24839576,518.1651,334.92664,0.50036263,525.69867,339.06573,0.12014458,517.49133,349.08997,0.22719933,526.81104,329.75354,0.17932329,527.6756,348.19897,0.32148474,522.7657,342.72772,0.6010349,533.1919,343.65942,0.1654674,503.50195,328.26028,0.094444856,539.0322,346.62277,0.11336355
1189,596.2866,598.8052,0.035636153,12.939033,589.4652,0.06482289,613.85956,604.2013,0.048484445,20.173298,228.71939,0.04678094,516.5414,308.25266,0.064452276,11.822232,28.140518,0.06237479,516.337,307.6239,0.11415031,577.7979,309.5136,0.05900805,570.61127,260.54303,0.028707512,236.42819,603.81024,0.08504312,606.1574,611.4693,0.042639952
1190,596.3951,598.9005,0.042163633,12.966102,589.4085,0.06672993,613.97284,604.13416,0.048303694,84.26158,579.7341,0.041126676,20.074226,37.129936,0.053316657,11.739617,28.129313,0.061630838,532.20636,307.60233,0.08572363,577.65283,309.57904,0.06196173,570.64355,260.56674,0.027926816,236.27998,603.7267,0.08507412,606.14655,611.4197,0.04243911
1191,596.354,598.69696,0.041547477,13.077444,589.4799,0.0677493,613.9098,604.20593,0.04672489,51.969334,20.536774,0.04523151,516.5376,308.36002,0.05694232,11.729986,28.130602,0.061843313,516.30707,307.6068,0.096034005,578.35767,229.23097,0.05236717,563.3415,244.29552,0.030245887,252.74237,603.54236,0.080323674,606.16034,611.4767,0.04018354
1192,596.59625,598.2895,0.039943993,13.059172,589.4434,0.06532416,613.68066,604.3062,0.049365427,51.93134,20.515078,0.04771096,484.59586,292.39044,0.05733281,11.728154,28.114828,0.061267048,484.14752,291.4999,0.09851305,577.7046,325.20724,0.05540265,563.2242,244.40594,0.028819667,236.41524,603.79456,0.07861091,605.9831,611.3384,0.0358663
1193,596.1477,598.67346,0.039742664,13.04966,589.564,0.065998,614.004,604.1842,0.044865176,52.041866,20.496262,0.05424268,484.57898,308.1784,0.059664108,11.861406,28.08134,0.0592251,500.21414,307.42764,0.08618871,577.7912,261.75403,0.056160517,587.48926,585.2795,0.02948049,268.57578,603.62067,0.07911912,605.98865,611.3854,0.036007073
1194,596.4248,598.0092,0.03534068,13.046783,589.5064,0.06594915,564.8548,322.69107,0.04504681,52.004196,20.56992,0.053750653,43.735306,20.878675,0.05945929,11.855523,28.081303,0.060999636,500.14572,307.32425,0.07846408,578.0387,309.51953,0.060049918,524.5374,585.3135,0.036282085,523.4874,588.49426,0.08652679,605.84393,611.4203,0.032760207
1195,596.72705,598.188,0.04118911,13.002942,589.47284,0.066478096,564.87616,322.39426,0.04275974,52.016495,20.599947,0.052064717,43.72794,20.902105,0.058781084,11.894287,28.082937,0.061736856,532.1348,323.32904,0.097443365,578.1548,261.4189,0.057816695,428.5601,585.4671,0.033220906,140.45448,603.6603,0.07814818,590.4018,341.7929,0.032797925
1196,596.48895,598.194,0.037478436,12.979416,589.44666,0.065501325,613.7855,604.2066,0.043561116,52.02192,20.575966,0.050909206,43.724728,20.938087,0.057479315,11.889317,28.111397,0.06270114,468.16492,339.5836,0.09275403,577.7899,309.373,0.05717175,547.7326,227.79077,0.03446209,156.4309,603.5813,0.07929303,605.9909,611.4716,0.036387064
1197,596.45764,598.12634,0.040256392,12.975406,589.3743,0.06332535,484.6306,339.56873,0.06066994,52.000652,20.573086,0.05332828,484.5294,356.21255,0.07417096,11.828614,28.141731,0.06789314,484.09637,355.3318,0.1460735,577.8439,309.33575,0.059750814,570.29346,244.4506,0.02813632,172.75302,603.545,0.07962071,605.9101,611.3996,0.034898676
1198,596.5619,597.8516,0.03787491,13.068001,589.51056,0.06531649,564.9162,338.5476,0.03736577,52.035713,20.562744,0.055794086,36.076096,36.454037,0.06150622,11.851617,28.14799,0.06714179,532.0584,339.6545,0.09727296,577.6783,341.30118,0.057940017,563.1466,260.43063,0.032284178,172.61464,603.56866,0.07827967,590.7279,286.43738,0.03112146
1199,332.54587,587.7665,0.03736259,332.99445,589.436,0.06773783,613.7259,604.2658,0.04067172,51.98654,20.448296,0.054715946,532.5375,340.16046,0.06102962,11.833476,28.15413,0.06565561,532.39655,339.72742,0.10237425,577.6254,309.49628,0.056016963,563.1407,260.346,0.028844355,347.69955,588.3311,0.08297641,573.04803,411.93604,0.03112825
1200,493.6093,587.5909,0.058098957,485.26053,588.7073,0.07654771,613.49805,604.08276,0.033684473,52.085594,20.528513,0.048165083,516.44525,324.20438,0.05784875,555.7287,587.49567,0.08089253,532.17505,323.61395,0.08658718,515.421,340.1438,0.04739386,555.15845,584.21,0.07853155,491.56888,588.04535,0.10769743,565.7659,602.03894,0.039916318
1201,596.50055,598.21295,0.040527094,12.96789,589.34973,0.062000573,613.66156,604.233,0.04474795,52.001366,20.49651,0.044375088,36.002697,36.561966,0.055831954,11.845088,28.114107,0.06568587,452.06198,307.4206,0.10704214,578.335,261.48645,0.0542484,340.24686,35.799885,0.027535297,172.61404,603.54004,0.08484361,605.87024,611.5358,0.03645447
1202,596.4959,598.1201,0.0397074,13.013659,589.554,0.06495446,613.74896,604.29315,0.041551203,51.95355,20.443075,0.044539664,532.5846,308.24548,0.062362615,11.925693,28.128433,0.06317662,452.1082,307.3282,0.10776227,578.25946,261.56894,0.055064455,569.98676,435.90512,0.02980858,349.01157,603.175,0.080983095,605.9867,611.4953,0.03375128
1203,596.4814,597.8669,0.043279395,349.49643,589.5713,0.069739126,532.27155,323.57483,0.06082164,51.96698,20.48113,0.04146518,532.4499,324.41315,0.072820395,11.957929,28.131063,0.06257191,532.1817,323.67667,0.1476177,577.9751,309.35687,0.05540063,468.215,276.41217,0.027324222,332.17007,603.8666,0.09467489,590.55286,286.19305,0.033076897
1204,596.21265,597.9515,0.037446216,349.1723,589.43494,0.06534153,548.6453,339.27924,0.0508293,51.996033,20.504093,0.043946553,532.46716,356.04547,0.06557752,331.98206,588.10724,0.0623032,532.28955,339.57803,0.1223517,577.98914,341.04736,0.05231906,524.2661,585.17224,0.0391997,524.2061,603.5582,0.09861867,590.72375,286.07907,0.033766568
1205,510.8348,588.1154,0.04672659,511.2419,590.6689,0.060042813,532.29785,339.68777,0.066624,540.816,348.37137,0.050836485,532.3769,356.05023,0.068782024,523.97076,586.7762,0.078314215,532.0815,355.40674,0.13768901,578.5244,245.26573,0.054273482,507.3015,582.4233,0.108388096,491.1728,587.8175,0.115551375,517.5462,600.8357,0.04386837
1206,596.51697,597.8432,0.043888807,557.28723,589.47375,0.06196717,532.431,339.62497,0.057187453,51.934795,20.459091,0.043244693,532.4324,355.92966,0.068822846,556.1312,587.90454,0.065245055,532.1211,339.58228,0.12953772,577.8329,293.72018,0.053195216,547.9162,243.6763,0.030338228,539.7513,588.19995,0.0886138,491.35394,355.89575,0.0313505
1207,542.4316,587.8802,0.04927807,542.21643,590.04095,0.06739679,404.04904,484.27353,0.09758011,420.08374,484.56702,0.05997328,532.4018,356.12164,0.06466892,539.31287,586.5037,0.081275664,532.4342,355.77603,0.098560125,577.7125,373.1148,0.051202673,539.3279,583.6137,0.084200785,523.60333,588.195,0.1204328,550.1336,601.16705,0.044170942
1208,413.17154,484.4768,0.04001113,12.981605,589.4046,0.06260992,404.0551,484.32358,0.08656309,420.3405,484.5929,0.0582306,532.40204,356.07315,0.06481871,11.778605,28.133083,0.06210964,532.40643,355.8029,0.10131676,577.72327,373.15875,0.054172352,412.433,485.1837,0.03725521,172.56583,603.5298,0.08084676,36.95082,236.29198,0.03115252
1209,525.75366,588.2233,0.041791026,12.903839,589.34595,0.06081415,532.5657,339.40775,0.04317317,51.988903,20.483322,0.052426267,532.40894,340.15262,0.057784326,540.0613,596.8705,0.07602365,532.4079,355.85855,0.089069,578.1937,309.27197,0.05379001,523.95703,584.055,0.08991489,524.46643,603.402,0.112602524,549.8146,601.289,0.039255194
1210,557.51324,587.79987,0.04199798,557.55865,589.73,0.063354515,613.4955,604.197,0.038485046,51.98359,20.510485,0.05621985,43.724358,20.816717,0.05901402,508.0679,597.4544,0.08505441,436.39075,355.73074,0.084974654,577.91125,341.23563,0.05281038,507.65775,583.3656,0.0899335,524.181,603.1778,0.1145921,549.7126,601.3627,0.04214987
1211,477.38037,588.02924,0.04877164,13.012107,589.44836,0.061594218,403.86002,491.23502,0.07454963,51.947044,20.612865,0.052095838,485.01807,292.56943,0.05990838,459.80057,597.2849,0.07702058,484.64655,291.8921,0.10539015,578.16864,309.34778,0.05735061,475.18018,583.83813,0.09327783,460.46893,603.2904,0.104882054,404.48505,492.13474,0.039568473
1212,461.44653,587.9449,0.06408136,13.04288,589.5528,0.06465432,452.1282,339.53064,0.039999567,52.105793,20.522972,0.052221376,43.732124,20.732214,0.06122359,459.97382,587.7813,0.08143018,452.28894,339.81104,0.10998293,578.2265,277.12637,0.052856937,459.6717,584.9343,0.059019998,459.40994,588.434,0.117702395,469.61267,601.7771,0.04511721
1213,596.7854,598.1343,0.039011817,13.085084,589.68884,0.06695358,613.6391,604.3202,0.041298468,52.07179,20.651426,0.049254138,35.99326,36.627037,0.06378564,11.744847,28.162155,0.06742165,436.1606,323.6724,0.10675042,577.84125,309.59995,0.053054996,563.19196,292.4405,0.027706033,523.7836,596.4755,0.08269442,605.9766,611.4819,0.032373752
1214,596.72974,598.2088,0.04380835,13.116551,589.7223,0.066777945,613.1303,444.3721,0.04558654,52.03827,20.613632,0.050437856,35.99139,36.603947,0.063614324,11.740262,28.19965,0.06799707,420.14563,323.61972,0.10480484,577.892,309.609,0.05878459,348.87335,585.2635,0.032819174,348.28552,603.6495,0.08038097,590.20276,611.4453,0.033738654
1215,596.8337,598.2968,0.03571119,13.050516,589.6218,0.06660628,613.0921,460.27673,0.040523175,51.998062,20.549267,0.056193385,36.025772,36.569496,0.066602044,11.700685,28.196863,0.067311086,467.99152,371.48087,0.09650074,578.0193,309.37067,0.061157305,468.00955,276.18826,0.028133562,523.86707,596.702,0.078804135,606.1095,611.45703,0.039467804
1216,596.4905,598.01654,0.039247874,13.018126,589.55524,0.06523958,565.0807,338.79797,0.041731827,51.984035,20.538355,0.05889307,36.096867,36.425804,0.06287305,11.661535,28.169508,0.067396946,436.21008,323.5371,0.10207323,577.9993,309.25034,0.053989984,492.20615,585.04315,0.034818854,491.50644,588.5268,0.101222254,605.8044,611.5234,0.03197385
1217,526.1727,587.79443,0.051227257,13.018386,589.466,0.064396866,565.10223,338.70474,0.036763124,51.984684,20.491371,0.053002767,468.30704,372.1246,0.05862495,523.5222,586.87274,0.08097091,467.95047,387.48434,0.09748087,577.7529,309.30072,0.05460835,523.2997,582.9988,0.12391275,507.57208,588.30084,0.11108577,606.0303,611.60425,0.037714448
1218,596.3664,598.0456,0.037934683,557.1946,589.12024,0.064261794,613.4805,604.1226,0.03885883,52.00981,20.465176,0.055007473,43.762875,20.848297,0.059201583,556.00165,596.9437,0.06836164,436.3358,323.63388,0.08413177,578.0969,309.3568,0.054644268,531.80316,372.03815,0.03188309,555.60187,587.7632,0.09588202,605.4931,611.5124,0.035771973
1219,543.5114,587.7219,0.07992969,543.92096,591.1587,0.07382639,526.7993,605.11035,0.050633945,52.016872,20.452312,0.056195777,36.16824,36.447517,0.060649846,539.01666,597.6716,0.09745424,516.01184,323.47806,0.10507035,531.45886,587.69525,0.107724644,538.374,581.6484,0.19206384,507.32776,588.49396,0.13234736,533.3608,599.87067,0.054754227
1220,596.27655,598.021,0.044436265,12.996212,589.532,0.064788364,613.639,604.1964,0.04351022,52.001698,20.489828,0.054163508,36.156937,36.471115,0.060225718,508.04376,597.4239,0.089066684,500.4393,355.58246,0.08895621,578.2178,293.29663,0.053467494,523.3981,583.57623,0.09073349,507.4488,588.3059,0.12288721,533.66876,600.7726,0.0382148
1221,596.21576,598.16284,0.040736496,12.938703,589.4907,0.06300696,613.12146,460.24792,0.04090451,52.019558,20.470734,0.05331896,36.1324,36.464813,0.059033524,492.18405,597.17035,0.065865576,436.30267,371.68488,0.09172672,578.30676,341.0174,0.06323868,492.32306,584.1734,0.04530572,491.67596,587.92615,0.10056498,605.6896,611.3876,0.03647536
1222,596.3338,598.0114,0.04820052,13.016395,589.54913,0.0656092,613.61523,604.15814,0.03979888,51.97433,20.446716,0.053860664,500.50235,324.3553,0.061888225,11.790533,28.085316,0.06500234,500.21255,323.70013,0.10932345,577.8806,341.0693,0.064009175,547.83057,291.90414,0.03529575,443.28894,588.4534,0.0922496,605.7567,611.4092,0.037437573
1223,596.2862,597.957,0.047530796,541.3147,589.468,0.06366126,613.54425,604.1765,0.036709543,51.9812,20.515274,0.05370711,36.12988,36.47575,0.060860768,11.846402,28.102865,0.06508287,468.1241,339.595,0.088084295,577.95245,341.2613,0.057173166,547.4076,355.97305,0.029791808,555.8168,587.688,0.08946081,565.6388,601.758,0.03803761
1224,460.81732,587.6986,0.045509644,13.274085,589.82416,0.0638071,239.2953,604.3448,0.04709288,52.061073,20.416721,0.050054733,43.791435,20.761574,0.056057647,459.6948,596.7888,0.066504724,597.9033,244.49503,0.071705125,578.09924,373.12558,0.05286473,250.21492,582.78796,0.12572703,539.6295,604.102,0.099175625,582.4233,603.2884,0.028859852
1225,493.2557,587.76373,0.04587956,13.131249,589.59076,0.0677264,613.0006,444.35034,0.036470197,52.011627,20.580173,0.048279516,43.79334,20.91035,0.05560001,507.76566,597.29877,0.07966458,436.0729,323.90164,0.109198,577.9946,325.42657,0.063533016,499.9791,308.17432,0.029909648,507.25305,588.2303,0.09674782,21.736874,476.52606,0.031279262
1226,596.5276,597.9374,0.041459467,13.12192,589.62805,0.06825095,613.4936,588.5663,0.041863777,51.99359,20.481964,0.053691976,35.986702,36.610226,0.06063148,27.049212,20.34231,0.06437864,515.9944,371.49182,0.09256429,578.5034,293.25125,0.056019615,460.6651,585.1008,0.031142473,459.302,588.30304,0.08984082,565.3008,275.51273,0.03165403
1227,596.4752,597.67145,0.04656049,13.090132,589.59045,0.06673332,613.2216,460.38095,0.042137578,51.99524,20.499273,0.05283818,36.010227,36.547237,0.058400646,555.7794,596.56396,0.07090583,500.2838,371.66153,0.0803539,578.4657,293.10898,0.05199757,540.1888,584.23285,0.07748972,539.42444,588.14935,0.10390574,566.005,601.6131,0.04522368
1228,381.20914,588.47797,0.0517284,349.4238,589.91644,0.07031932,613.1464,412.2577,0.041473173,51.97552,20.521496,0.05733815,43.72624,20.9554,0.063708425,363.75366,597.39594,0.076685846,484.2853,355.88794,0.07907847,577.9111,357.57248,0.056239266,364.30518,584.873,0.054645326,379.88132,589.02466,0.11059384,565.9308,601.7147,0.03861596
1229,557.4303,587.7008,0.03951913,13.003943,589.51483,0.065314144,532.44196,355.43655,0.0352018,52.04356,20.618673,0.058008622,36.130276,36.399895,0.06722217,539.9467,597.07446,0.07619727,548.44586,339.84586,0.08923758,578.2499,309.34933,0.056064144,555.9208,583.4711,0.056784853,555.60675,587.9658,0.09974829,565.8463,601.67993,0.041122276
1230,596.33954,597.7355,0.044866618,12.951275,589.4833,0.06401618,532.4527,355.73322,0.04339234,51.980877,20.467789,0.05180752,36.022564,36.412426,0.05983424,26.963726,20.263044,0.06457225,532.9271,355.8371,0.104780555,578.14075,293.41107,0.055645313,540.0651,356.0237,0.032664675,443.2975,588.4927,0.090149716,21.860043,132.5621,0.030260473
1231,364.91727,588.1227,0.041264635,13.033146,589.57587,0.067307636,532.2522,356.10312,0.07289066,51.98625,20.5082,0.05345712,36.00845,36.45476,0.061192483,26.946201,20.328146,0.06625105,533.0268,355.62735,0.14447023,578.02747,293.28717,0.059921734,540.434,356.59747,0.042757764,363.36902,588.454,0.08845022,605.75,611.57825,0.034657277
1232,596.08307,598.1541,0.03829263,12.992542,589.56384,0.06616484,613.0177,444.30273,0.041731644,51.97027,20.477522,0.055189703,36.09091,36.431362,0.061433315,26.996428,20.261925,0.065086976,532.92737,356.04202,0.10644863,578.38776,293.00287,0.059364073,380.3605,585.4193,0.031053923,156.60175,603.4866,0.08385555,590.3318,373.575,0.034283653
1233,596.20636,598.179,0.045043632,13.019125,589.5768,0.06575228,387.98715,523.5975,0.054355495,51.95358,20.485424,0.05629099,36.07043,36.45854,0.06385753,27.024252,20.269648,0.06606289,436.3104,371.81,0.108415805,577.9409,373.1324,0.051302683,444.35782,372.35605,0.0340514,540.1133,595.8186,0.088348426,605.8035,611.4008,0.03608002
1234,596.54614,598.2726,0.0452083,13.114797,589.63104,0.066981494,613.772,604.18787,0.045885757,51.91264,20.500488,0.06421635,436.4379,340.24936,0.066681094,27.03742,20.290663,0.06797111,436.43158,339.7862,0.10743572,578.088,293.43066,0.05577656,547.84924,292.0052,0.033950947,363.5462,588.22595,0.07867901,605.9427,611.2927,0.038353033
1235,596.60004,597.66693,0.04144295,364.9355,589.1754,0.07308685,613.645,604.3115,0.040260077,52.02278,20.551802,0.05293048,36.078873,36.43662,0.06176197,363.5704,597.1098,0.07249332,500.12753,355.58673,0.096730575,578.1509,341.12372,0.060123373,444.37936,585.3947,0.051379234,412.01657,595.8256,0.08480951,590.63055,302.05798,0.037035517
1236,476.83084,588.0897,0.051215503,13.390671,590.4437,0.075730875,28.688774,564.47784,0.050876375,52.040623,20.412403,0.052012634,43.79052,20.801235,0.059845127,507.81784,597.0342,0.07093779,532.2475,355.62335,0.096052945,578.2002,325.1462,0.060393356,26.849495,583.5164,0.054607812,507.23672,596.325,0.1069444,582.456,603.36993,0.031846214
1237,596.3265,598.54944,0.04515743,12.972549,589.4414,0.06596906,613.6609,604.14844,0.042739447,52.04788,20.523363,0.048101563,36.024723,36.539265,0.06277071,475.9621,596.92566,0.06977696,484.37766,307.74667,0.095452756,578.584,245.32513,0.053781405,460.5874,585.0572,0.031033088,475.3388,588.20355,0.104220375,605.9054,611.2246,0.040796794
1238,596.7367,598.10455,0.040856957,13.041239,589.49725,0.06612301,613.8207,604.2724,0.038534664,52.051434,20.52193,0.04964048,36.009533,36.534508,0.062851354,364.3166,597.3125,0.07012978,500.09445,307.57867,0.09675711,578.3232,309.0714,0.05546177,460.34857,585.10675,0.054794017,364.95642,603.17035,0.11179001,606.13715,611.2985,0.041717343
1239,596.7014,598.0158,0.048255928,13.088215,589.5487,0.0662982,613.0518,428.31274,0.04205349,52.030308,20.502335,0.05437461,36.018642,36.48743,0.06480353,26.981339,20.297028,0.06815948,532.1166,339.7636,0.1236871,578.38586,309.26428,0.056468487,348.61743,584.7424,0.07449784,348.80734,603.4158,0.10009558,605.81964,611.35034,0.037241045
1240,596.5978,597.8285,0.045304354,13.065831,589.58356,0.06663916,564.6447,323.08624,0.04274441,51.963455,20.506763,0.05518183,36.03992,36.480934,0.062616415,26.973223,20.289522,0.06858513,548.39624,339.9681,0.09488818,577.9494,309.1866,0.061075766,562.94183,324.25314,0.03152501,363.83994,588.27203,0.08451206,590.3449,318.13354,0.034628484
1241,364.62625,587.90125,0.053716715,13.12262,589.5661,0.06614258,564.73584,307.11896,0.042910893,51.96436,20.505379,0.055438776,532.5766,340.20325,0.0654263,363.96927,597.3503,0.07403708,548.2444,339.8239,0.10280525,578.0909,309.37463,0.05837173,364.4385,585.00336,0.058434762,363.56104,588.4588,0.10550697,573.56506,380.22037,0.033137016
1242,558.25525,587.6554,0.0597109,558.4208,590.0107,0.071747266,558.2429,605.06335,0.049335893,51.988228,20.470118,0.05260823,436.63437,324.49216,0.069411896,555.1902,597.3459,0.07717447,451.94064,323.60162,0.13242795,577.5426,325.9575,0.067138575,556.5336,593.1952,0.054142322,555.7544,602.9657,0.104999706,582.479,601.97076,0.063978106
1243,596.53424,598.1268,0.041251026,13.076995,589.5621,0.06550601,612.98126,412.2731,0.036837492,51.98297,20.466785,0.05781291,19.995375,36.96219,0.067092605,27.023214,20.373058,0.07150992,36.22128,19.729097,0.08186936,577.73584,325.62738,0.06808142,547.9486,259.85883,0.042701963,555.56445,587.76294,0.08700671,582.4257,602.50653,0.039150834
1244,12.340114,36.366463,0.039035264,381.69684,29.068245,0.06512515,613.0094,204.19542,0.038479935,52.011284,20.494005,0.052855745,20.051872,37.03327,0.06619856,27.023817,20.367836,0.068415515,420.20032,371.79593,0.1026103,577.53876,341.26904,0.056576908,547.81134,260.01572,0.03534852,539.4799,588.0409,0.08454712,605.91174,611.4076,0.03761825
1245,12.360431,36.35365,0.04047562,13.167782,589.57886,0.067073025,403.97058,371.5076,0.09144748,52.05862,20.559435,0.05617908,411.39975,372.77716,0.079563096,26.975716,20.435793,0.06969805,419.57434,371.60236,0.15780753,577.63336,325.7786,0.056658063,412.58026,372.12985,0.060901083,331.27853,588.54584,0.093226574,573.57776,364.26382,0.0349187
1246,596.3532,598.3779,0.04512795,13.123616,589.55664,0.066074856,613.8146,604.20435,0.03862098,52.03963,20.51059,0.055077303,20.034817,37.025333,0.066423625,27.014898,20.43168,0.069142975,36.32479,19.70897,0.082095265,577.72095,326.06354,0.058429006,556.17926,584.5633,0.04494176,540.2992,595.83746,0.09103569,605.9838,611.40875,0.033008922
1247,596.562,598.0519,0.04140237,13.110014,589.59033,0.06554965,548.42316,338.86972,0.04655939,52.0153,20.425003,0.05130414,532.6049,356.0668,0.06409985,26.973461,20.331083,0.067952365,531.79767,339.66418,0.15180105,577.76556,293.54187,0.062485665,547.83466,276.02087,0.03870447,491.3089,588.3509,0.0853297,606.033,611.40594,0.033104006
1248,557.15656,587.7288,0.05879079,13.061165,589.57086,0.065888785,484.0807,523.1607,0.06153517,51.97078,20.423954,0.055011276,36.12414,36.395615,0.05798239,539.4907,597.09845,0.07197083,484.41913,355.57217,0.07533605,578.35974,341.15875,0.0515848,555.7067,584.76874,0.035416156,539.77826,603.3963,0.11159734,549.72614,601.8567,0.04128944
1249,494.5858,588.66833,0.06705266,494.6289,590.7623,0.06947529,613.5575,588.56647,0.038087193,51.990704,20.553844,0.049732987,36.008514,36.497486,0.05683451,491.8639,597.451,0.10473152,436.20578,323.59116,0.07890823,482.9771,587.8024,0.073213324,491.23795,583.8272,0.106405154,507.8069,588.3357,0.12109204,501.8025,600.7611,0.042575613
1250,596.53876,598.41895,0.04241643,13.095928,589.5909,0.067324884,613.76245,588.5001,0.04371207,51.944225,20.526672,0.05591502,43.720997,20.920254,0.05831448,11.877526,28.131205,0.06726434,500.12552,307.68082,0.08272092,577.68964,373.08444,0.05776233,443.8748,571.9951,0.052417565,252.63031,603.44855,0.09078405,606.05884,611.4251,0.04508166
1251,580.18945,596.96454,0.04411845,13.054577,589.5733,0.0659734,613.5519,588.4462,0.04191717,51.926315,20.533165,0.057926655,43.687027,20.919651,0.059956882,26.998789,20.28836,0.06693819,582.8729,308.65125,0.085601464,578.0438,325.4272,0.06163356,555.54535,291.75995,0.039683234,252.6416,603.49115,0.08944974,605.8918,611.4009,0.03967557
1252,596.56995,598.4069,0.04893176,13.099754,589.5794,0.0671734,613.8305,604.1263,0.041022796,51.94476,20.537266,0.059542578,36.05549,36.420654,0.06275242,26.984406,20.287422,0.069801144,36.24088,19.712168,0.07908188,577.65546,325.6636,0.06080181,548.10205,292.037,0.032084882,524.0351,596.0888,0.07884117,605.9102,611.49426,0.040683918
1253,596.3718,597.8113,0.036729936,13.121494,589.55304,0.06737399,532.0705,339.3365,0.10451693,548.8696,348.79834,0.0758453,547.7585,340.78934,0.07971458,26.972183,20.3237,0.07077944,531.71045,354.39133,0.20622231,577.8226,293.6741,0.06414951,540.03546,342.15256,0.042026766,539.9284,595.93274,0.07942486,547.8471,348.6204,0.04107477
1254,596.56244,598.0263,0.047690485,13.036853,589.5291,0.06452664,613.6137,604.225,0.042076793,51.972782,20.434555,0.05815168,43.679375,20.93473,0.060477942,27.01395,20.28651,0.06580988,532.59845,324.10175,0.09253841,578.07635,325.41754,0.054218527,547.8594,275.84143,0.032370962,459.3323,588.4709,0.076757744,573.12305,396.20535,0.03789653
1255,596.55646,598.14966,0.04979843,333.573,589.8437,0.06361217,613.1934,380.19998,0.042312965,51.994682,20.50127,0.05499478,20.064754,37.00069,0.061066844,27.008026,20.362793,0.070884556,36.29405,19.70651,0.08134863,577.7189,341.5192,0.061711725,332.7469,585.1587,0.03874197,332.69315,603.5286,0.09947714,590.282,611.1485,0.03803935
1256,348.69983,243.90796,0.04379042,340.492,252.18224,0.068119615,340.8535,251.3089,0.098542795,52.017746,20.486334,0.050721493,20.016626,37.059937,0.05976704,331.68314,598.0485,0.07899507,548.48846,371.80322,0.08243503,577.68274,341.40314,0.057433147,332.0168,583.89307,0.109162904,332.4054,603.2197,0.116515756,341.64957,601.249,0.04399853
1257,348.5912,243.90884,0.041081365,13.037323,589.50635,0.06331427,340.80615,251.48482,0.082388,52.0139,20.510391,0.05133095,20.022312,37.073696,0.060639504,27.010433,20.378006,0.068886995,548.23865,307.83566,0.09919008,578.05066,309.24573,0.06304419,547.91266,275.87146,0.045711447,539.87585,596.0003,0.08153244,590.7209,350.1366,0.036637597
1258,596.25275,598.4779,0.037302215,13.106601,589.5522,0.06460745,532.4493,355.3356,0.042597644,52.05313,20.490713,0.047587447,532.64075,356.30704,0.061690368,11.954812,28.108164,0.06808661,532.37134,355.73425,0.10478454,577.72296,325.64496,0.061029285,555.6526,291.88528,0.045936093,539.9162,596.16815,0.07851485,605.72723,611.46906,0.03806266
1259,596.1427,598.47125,0.03893307,13.015404,589.4201,0.062228367,613.17975,492.3364,0.041131422,51.9389,20.511799,0.050871186,20.014692,37.052433,0.057800774,11.941929,28.138987,0.067037426,532.30634,371.762,0.088060014,577.8939,293.62723,0.059629504,555.51587,291.61612,0.040151656,125.23413,603.5123,0.08546289,605.90784,611.4349,0.042181294
1260,412.7942,435.1599,0.0982289,405.10974,460.29626,0.07940191,404.07965,436.65643,0.24105534,419.85272,453.2863,0.10111435,410.74078,454.3235,0.116278134,417.88586,443.3229,0.091996066,404.19962,451.538,0.1872804,412.61978,435.93625,0.0757572,405.84616,443.62283,0.090648614,491.13553,588.7274,0.1302707,485.26294,600.3272,0.055130348
1261,596.5277,598.42914,0.05078425,436.80124,156.25731,0.07045611,436.9546,155.28905,0.10662229,452.4989,156.35648,0.05753431,532.6234,356.1855,0.07571456,450.95142,156.06049,0.07964977,532.3795,355.51297,0.13065208,577.5788,325.43613,0.05009035,452.18967,155.59033,0.050885875,347.83948,588.4078,0.096545845,606.19476,611.36993,0.043622267
1262,596.56683,598.2586,0.044241227,13.074218,589.63226,0.06608443,613.74536,604.32227,0.043874223,52.02863,20.519983,0.0484662,20.052902,37.071583,0.058638066,27.038212,20.251104,0.06622896,582.7882,324.6704,0.07346471,578.1032,357.14343,0.055088088,420.26053,564.1005,0.0342997,124.8002,603.5057,0.08190887,606.0955,611.4914,0.040500898
1263,596.60724,598.2409,0.048196126,13.059888,589.63983,0.0665703,613.61053,604.2896,0.0504366,51.97431,20.492458,0.055564888,43.70628,20.931313,0.059204284,27.03658,20.227901,0.06770994,548.4111,339.7403,0.07614737,577.5448,341.52386,0.058403842,547.8782,291.9785,0.032687068,141.04187,603.4034,0.08075324,605.86743,611.4466,0.039919395
1264,420.60593,394.5876,0.041084297,13.083476,589.6248,0.06562986,418.8077,387.5649,0.11510966,51.897,20.432262,0.056284882,427.6703,389.0189,0.07210212,26.965206,20.326027,0.07260168,419.19724,388.10358,0.18712069,577.5496,341.59033,0.06319532,412.71576,389.403,0.06824703,539.90424,595.9473,0.082063064,419.3845,395.80017,0.057638664
1265,477.5892,587.9678,0.055771776,477.55936,589.91644,0.06689904,613.7792,604.29376,0.045116752,51.96736,20.445993,0.057574872,20.002117,37.02628,0.062971205,475.3904,597.2152,0.08427156,500.23193,371.63174,0.10969192,577.6716,309.45282,0.05803303,476.31976,584.5271,0.06800301,475.12622,588.5922,0.12691407,486.13605,601.11383,0.03987186
1266,349.44604,588.04266,0.056298766,13.105171,589.5557,0.06657881,613.64465,604.1817,0.052559767,51.972748,20.49139,0.05632383,20.045597,37.03095,0.06197697,347.7235,597.4886,0.077087834,582.82166,308.7851,0.079010814,578.0181,309.61697,0.06353799,348.21295,584.00146,0.05262573,348.2144,603.1486,0.10568343,357.76813,601.696,0.043785933
1267,12.357387,36.28535,0.035781942,13.045593,589.56,0.06573962,613.1483,492.31302,0.03846617,52.002644,20.492886,0.05315754,19.990372,36.982243,0.06335251,26.95858,20.345453,0.06883554,36.23162,19.7507,0.077495605,577.82324,373.2012,0.055226464,492.44937,585.75543,0.028252615,491.51663,588.4912,0.087758034,292.80457,395.3848,0.033055916
1268,12.379426,36.305466,0.036803234,13.111986,589.60535,0.06790567,613.2985,492.32666,0.042009797,52.002205,20.479902,0.05568512,20.006151,37.05487,0.063762136,26.947899,20.321016,0.06770697,532.24854,371.74683,0.09025874,578.03424,293.59607,0.0567412,555.68085,276.06042,0.042613175,459.3958,588.59906,0.08282108,605.9295,611.62866,0.033419076
1269,596.7328,597.93896,0.038902428,13.0666275,589.54205,0.06633982,484.52927,307.75842,0.13402618,501.01642,315.9345,0.06193738,492.057,324.3589,0.082795866,26.951727,20.384317,0.06873587,499.3503,308.04694,0.15297957,577.90765,293.51672,0.06738349,492.6002,309.30423,0.038990237,443.2533,588.3654,0.09293766,606.02405,611.34204,0.036813885
1270,12.39603,36.329876,0.03965273,13.12269,589.6201,0.06670791,564.9131,322.84998,0.040085416,52.078686,20.516535,0.054854274,19.98121,37.050262,0.06561721,26.929869,20.397554,0.06920076,532.4068,371.77777,0.08673242,577.8887,309.57687,0.065667994,547.5871,356.06317,0.027416777,443.24252,588.381,0.08529787,606.01086,611.45386,0.041012857
1271,349.63278,587.767,0.06458483,349.90622,589.90826,0.07046472,548.04675,323.71072,0.07191701,556.57214,332.56427,0.059594296,532.44916,340.312,0.06989814,347.62897,597.385,0.08024176,547.81866,339.3571,0.15561111,578.22876,309.61755,0.056724582,347.99988,584.49036,0.07924348,348.02408,603.29224,0.1079974,605.755,611.5515,0.03981929
1272,557.0897,587.5239,0.06111515,13.145139,589.7518,0.06450542,143.61836,603.84424,0.046034142,52.02765,20.4774,0.05220823,43.767082,20.732656,0.058841,539.44434,596.6801,0.078064896,404.0212,355.6707,0.09156302,578.0222,309.15173,0.054056242,460.4171,586.54285,0.038394872,443.5989,604.61774,0.11593688,605.46936,611.88525,0.03578026
1273,596.61456,598.5829,0.049965825,13.157072,589.5939,0.06907338,532.2263,323.82053,0.16917224,557.2191,332.75443,0.055753633,539.6063,340.3361,0.104482256,27.053885,20.32564,0.06645946,546.9589,324.45795,0.16682254,578.1125,341.13437,0.06003275,540.3322,326.01022,0.06599304,491.44354,588.35565,0.0784672,606.12994,611.36523,0.045866262
1274,596.4634,598.9006,0.053086605,13.029606,589.47125,0.066290654,613.9577,604.26324,0.050759517,52.05611,20.493515,0.04909199,20.061937,37.07379,0.05858274,443.87448,597.0341,0.07010281,516.5513,291.98526,0.09310898,577.99884,341.47202,0.069813706,435.94846,564.1967,0.03195373,443.39972,588.3378,0.09738773,606.3062,611.24664,0.04953455
1275,596.79065,597.64923,0.04458139,13.137245,589.587,0.06757851,613.51013,604.4201,0.04639838,51.98952,20.486874,0.051196683,35.958183,36.521442,0.060147457,26.990639,20.35202,0.06653228,516.2444,307.63907,0.08007626,577.8605,309.56686,0.0641341,532.0443,291.99133,0.02788372,539.8081,595.7971,0.08221712,491.67432,387.90503,0.034477226
1276,596.361,598.48236,0.047886565,13.150077,589.6443,0.06936197,614.0218,604.20166,0.045767244,51.950817,20.505629,0.05870808,43.69358,20.91166,0.06263744,26.983772,20.356586,0.06969336,500.0612,323.4531,0.090441816,577.8459,341.4018,0.063947,547.8483,259.84265,0.03245346,12.257349,603.7403,0.078730315,606.32526,611.3933,0.04641425
1277,596.1933,598.11053,0.03779782,13.040235,589.51654,0.06304262,613.1789,188.33292,0.04010981,51.920193,20.423277,0.062296525,43.697987,20.891396,0.064231195,27.009827,20.315815,0.06996963,36.270596,19.778183,0.08082867,578.0477,277.29755,0.05600042,547.1616,372.37256,0.032943267,539.5007,588.14417,0.08922061,605.8915,611.6482,0.037428174
1278,596.6978,597.99243,0.04601114,13.157802,589.6295,0.06700949,532.5768,339.6259,0.038964093,51.932423,20.490725,0.06291016,43.698387,20.934822,0.06455049,27.041758,20.319307,0.07015477,548.40564,339.84607,0.08314281,578.003,372.8731,0.06624385,547.86694,291.92453,0.035393458,316.6494,603.42285,0.082806416,606.1963,611.5077,0.03572632
1279,549.60547,341.7895,0.23828353,533.9918,351.57733,0.19949543,519.3242,334.49222,0.30020267,528.69464,338.65186,0.15124702,518.2584,348.20837,0.15531902,529.2924,325.3406,0.16960871,526.8963,343.90543,0.29423115,522.4797,344.01163,0.38985962,532.69507,344.20496,0.09232633,555.62115,595.78577,0.084571145,527.49243,341.81335,0.13768844
1280,549.74695,340.942,0.22370042,535.457,351.89337,0.19945373,518.7385,333.64786,0.31508714,527.7053,338.2831,0.15702957,518.1,347.63083,0.19454905,528.4941,326.1645,0.18140455,527.08826,343.7667,0.31753382,522.5072,343.8336,0.49257052,532.67194,343.06738,0.122934684,125.120926,603.55255,0.08322625,520.7423,345.00598,0.12521027
1281,552.88104,339.95172,0.24244048,537.62836,351.9478,0.23148325,517.92004,331.983,0.3553143,526.5051,338.7286,0.17535247,517.6104,347.4239,0.23756602,525.85645,329.38016,0.2931033,528.8879,344.49042,0.37717754,522.19806,342.2378,0.68486136,532.1609,335.6383,0.12904264,529.12524,313.1734,0.13825761,537.79663,346.05902,0.14020966
1282,549.5518,339.87772,0.22008897,535.14636,351.56906,0.20215456,518.37067,333.97064,0.3705382,527.64874,337.9122,0.15246217,518.0615,347.956,0.1968681,528.7625,326.4215,0.16825157,526.79614,344.76678,0.29095048,522.8311,343.97275,0.47390154,533.2667,342.94714,0.14249909,316.68903,603.5918,0.10076813,520.70746,345.55753,0.12746046
1283,547.7578,340.2441,0.21121337,548.4528,349.23367,0.17663372,527.4575,335.27692,0.30200154,531.81616,357.35757,0.12237721,517.4016,348.6386,0.113907866,527.5849,333.8903,0.13972804,524.02594,346.4785,0.26928413,537.2574,343.81512,0.34543315,533.2276,344.85657,0.087985106,12.320112,603.8376,0.07597983,527.3176,341.57043,0.11317319
1284,68.63549,580.3383,0.03918985,13.241486,589.87964,0.06727328,613.0452,428.29977,0.038540915,52.004814,20.426401,0.048817087,43.768127,20.809158,0.054345038,11.684159,28.147291,0.05616853,436.32065,323.7505,0.074812755,577.8929,357.2502,0.05706485,547.633,276.1407,0.04469756,555.5494,595.9788,0.08122458,605.09937,612.13696,0.034919348
1285,365.3548,451.5549,0.087609164,13.179846,589.66815,0.06752922,356.766,457.67703,0.22024418,372.70807,468.96765,0.083228014,363.2804,468.70245,0.115361065,369.9098,459.06882,0.10437114,370.1608,466.53186,0.1460604,577.62177,325.9694,0.06438508,357.95486,459.01462,0.090870745,395.1608,588.77954,0.091222204,372.2603,460.68973,0.04487724
1286,12.4309225,36.320286,0.038982764,13.224479,589.7091,0.06956428,613.1402,396.22464,0.041351683,52.00078,20.51048,0.055860598,35.988983,36.52334,0.06371844,27.014782,20.409813,0.07001692,532.1899,387.57675,0.076948,577.95337,325.9829,0.05794862,316.63272,584.9668,0.04097456,315.47757,588.4321,0.090367064,606.0244,611.5961,0.046771612
1287,596.42053,598.37506,0.039009858,13.228859,589.6831,0.07117932,613.2259,396.32443,0.04726093,52.000767,20.480848,0.054235302,36.010937,36.492348,0.062306892,27.009876,20.359615,0.06905941,36.371735,19.75253,0.07340122,577.9324,373.20676,0.05604753,380.19983,584.9343,0.03579245,379.81625,588.4028,0.093882434,606.171,611.55115,0.044641446
1288,12.31783,36.331047,0.039760944,13.169787,589.6589,0.0694096,420.27286,307.63513,0.042968225,52.015617,20.44131,0.059345134,420.90756,324.464,0.065946616,27.000692,20.402586,0.0724147,436.1187,323.79074,0.13612685,577.79834,325.7713,0.06663956,428.28482,308.57443,0.04325149,140.9068,603.5328,0.08201435,605.49194,611.3925,0.03260738
1289,596.3758,598.02826,0.038512852,13.18404,589.61395,0.07039183,548.33606,339.47803,0.054293133,51.93956,20.445131,0.062269915,36.08664,36.39504,0.0662035,26.987968,20.32643,0.0706724,532.24347,339.72098,0.11302646,578.02594,341.14062,0.05898657,547.8652,276.05222,0.038990263,507.5018,588.2661,0.08308064,605.88763,611.517,0.04226461
1290,596.1608,597.8653,0.04386287,317.1697,589.54767,0.07291191,532.46686,339.72354,0.050719075,51.95147,20.468107,0.059479732,43.68505,20.934637,0.06413432,26.989933,20.42839,0.06795537,532.1785,355.66858,0.112306304,578.0213,293.7381,0.061961852,547.8677,275.80478,0.032349758,12.510049,587.8851,0.07883753,605.53674,611.3653,0.030490523
1291,543.96826,341.04956,0.11703487,529.2459,350.2621,0.121026374,528.79364,340.99908,0.17732407,532.49615,357.08566,0.07273204,522.86523,343.74323,0.088712946,527.71576,335.03702,0.10601007,526.578,351.23212,0.21885543,532.5943,343.4268,0.18079199,523.27856,344.5127,0.058039345,299.13538,588.4116,0.0799525,549.13544,348.54407,0.05397285
1292,596.47705,598.46173,0.051879585,13.1072235,589.58685,0.06585697,531.1897,339.2012,0.14257194,548.4669,349.23447,0.06304735,533.17834,356.496,0.0919754,26.98139,20.413637,0.06792823,530.26306,353.5876,0.19338915,577.5741,325.45227,0.058329806,540.1363,355.51144,0.060474373,507.62442,588.4273,0.08835893,606.0375,611.49176,0.044291534
1293,301.09512,587.7845,0.0529719,301.45264,589.7539,0.07386614,531.5194,339.44592,0.1425285,51.96741,20.476936,0.05732553,532.97394,356.18762,0.09267946,300.1112,597.6155,0.070358515,531.4347,340.52554,0.17514801,578.2283,293.15527,0.052796755,540.1877,355.21533,0.052238062,299.50067,588.46295,0.09804642,548.6645,348.52307,0.038871195
1294,12.378933,36.35037,0.041629698,13.150238,589.6438,0.0690096,532.0868,339.4852,0.09374039,51.96288,20.465776,0.0572953,532.6868,356.16724,0.072451726,26.993792,20.410889,0.069336474,532.2417,340.13263,0.15843795,577.71686,341.3833,0.055248886,540.1687,355.28412,0.045369383,523.68146,588.34155,0.0853613,548.5115,348.40585,0.040892422
1295,301.43814,388.29834,0.040575042,13.12469,589.62854,0.069509774,292.3627,395.62952,0.0677892,51.940147,20.466337,0.061767243,43.68796,20.941137,0.06318272,291.23364,395.07123,0.07522346,291.91632,402.9898,0.09670212,578.3488,277.43134,0.053534362,292.80725,394.15753,0.04990497,125.21122,603.7004,0.081831485,606.37054,611.3906,0.050075363
1296,548.26807,340.98108,0.20819432,534.14197,350.96054,0.21737488,517.1013,334.68616,0.3356562,527.4118,339.6663,0.15710214,516.7529,348.7706,0.16602485,528.1605,325.34277,0.16288602,524.7641,343.71783,0.28786814,523.3249,344.58517,0.36899167,531.5083,344.96664,0.08531004,459.26913,604.1279,0.11400551,528.0477,341.75854,0.11697193
1297,340.9182,251.3824,0.051215228,324.86325,268.1746,0.06706311,324.94232,251.31686,0.133504,340.85275,260.90247,0.0771285,332.13718,261.33438,0.07997545,338.84827,252.0084,0.09387078,500.21423,323.59128,0.12060529,577.8574,373.00357,0.058138873,340.29865,251.21312,0.077567704,316.64178,603.2824,0.09804244,324.2589,267.55328,0.044066276
1298,12.395498,36.31699,0.03778963,13.045077,589.5709,0.06771748,500.1802,339.47794,0.0497888,51.961975,20.574434,0.053266577,500.6585,340.2165,0.07999823,26.9823,20.431389,0.06828846,500.2616,323.65155,0.13364598,578.23267,341.21896,0.063386284,547.7518,260.02673,0.03093241,76.72403,603.05597,0.08108349,573.235,380.2548,0.036000002
1299,541.2186,587.7274,0.04414056,13.022639,589.5456,0.06840606,613.4631,588.3176,0.03774113,51.941406,20.564907,0.05458584,20.011742,37.078506,0.0637004,539.7562,587.4863,0.071891345,532.25885,291.85278,0.07909,577.9409,341.25793,0.060971964,540.1958,584.5691,0.04649678,539.5108,587.97955,0.094171815,605.7363,611.6993,0.034452908
1300,596.3201,598.5177,0.048177067,13.065237,589.5835,0.06658976,613.8179,604.2936,0.04735893,51.959846,20.550762,0.05308973,36.029648,36.50615,0.05989692,27.026121,20.314596,0.06631457,36.286945,19.81897,0.073981054,577.9378,341.20697,0.06091359,547.98865,275.85538,0.032190233,299.87625,588.3343,0.08433724,606.15826,611.5244,0.040043414
1301,596.53986,597.9734,0.047595393,13.11689,589.60913,0.06674363,532.0893,355.52112,0.06035885,51.953457,20.476027,0.0595954,548.3616,308.3753,0.06936534,27.006374,20.359634,0.06873369,548.3852,291.87808,0.12667452,578.0637,341.12732,0.059652638,540.3097,292.70767,0.04787477,252.94905,603.4583,0.07768079,605.901,611.4665,0.03408574
1302,596.3727,598.68805,0.045156833,13.133226,589.5788,0.067337155,532.59985,339.53433,0.04253809,52.016113,20.566887,0.05718042,532.53284,356.16794,0.064936236,26.97251,20.341627,0.06864378,532.3351,355.54172,0.1076095,577.8401,309.44656,0.059815925,547.77686,291.93076,0.028594686,540.01074,596.06433,0.08210446,606.2592,611.40466,0.049543113
1303,547.36707,341.8291,0.17594205,547.3589,350.15707,0.15974802,535.8553,336.76718,0.19603351,532.9899,356.88315,0.13504593,524.011,342.45676,0.08467354,531.3809,336.85806,0.16796139,530.30164,345.96057,0.27487856,537.97217,344.12042,0.39377782,533.9294,343.016,0.084927134,125.052635,603.6114,0.08137016,529.17474,339.49576,0.09323473
1304,12.387201,36.364063,0.04021327,13.085055,589.51953,0.06889932,613.02936,396.1276,0.0386725,52.007236,20.531847,0.057456963,19.9234,37.035038,0.06297115,26.948036,20.406342,0.0701157,598.07825,292.61688,0.07943282,577.9398,341.61572,0.052709192,547.9155,291.8244,0.03044732,331.62195,588.5098,0.08189036,606.19196,611.5901,0.043629896
1305,12.390633,36.37896,0.040905554,13.106218,589.59326,0.069651805,613.47534,604.2487,0.036402985,52.038914,20.570045,0.056625847,19.92619,37.048824,0.062724136,26.93863,20.42431,0.07087504,583.03174,324.61667,0.07895441,577.8667,341.64426,0.061755933,547.6272,355.9891,0.03634186,523.73065,596.18365,0.0803376,573.311,395.88577,0.030811459
1306,12.35083,36.35987,0.042061307,13.160509,589.6105,0.070465654,613.93146,604.24744,0.041524433,51.94751,20.513348,0.06168584,43.702,20.90488,0.06514662,26.966393,20.400572,0.07172201,419.9876,403.59854,0.10755882,577.6873,341.68997,0.057904866,547.8741,275.98203,0.031284444,523.90393,596.1072,0.07674714,606.1786,611.46594,0.04283297
1307,596.2604,598.9399,0.04365909,13.117028,589.5441,0.07018529,531.82214,323.74756,0.062660955,540.7318,316.04654,0.06814022,532.3934,324.37305,0.07672976,26.972633,20.388565,0.07161593,531.8694,323.66296,0.15254292,577.7993,341.42227,0.057051305,524.3929,308.66302,0.032699373,172.81445,603.3752,0.08791908,606.30383,611.49536,0.05766272
1308,492.9055,588.1907,0.048935495,13.216175,589.6127,0.0664784,581.5336,322.89426,0.051492378,43.969013,28.405708,0.043226752,20.063354,36.92978,0.05434471,491.95667,597.108,0.062129747,581.81995,340.01135,0.088505365,579.2291,325.78604,0.056526814,203.6309,584.69617,0.04734005,468.46246,612.3543,0.100446515,598.9527,349.69492,0.033337176
1309,596.5454,598.0244,0.049291503,340.44562,524.0926,0.06991911,339.5547,500.71027,0.10763514,356.55786,516.53174,0.071485706,436.75375,340.22455,0.0756172,338.99124,522.9637,0.08135669,451.66483,323.29053,0.14400434,435.16092,340.1373,0.048170526,340.70782,506.6707,0.075218245,236.45334,603.8219,0.08264237,340.8755,523.37286,0.047579255
1310,596.70795,598.1273,0.04468719,13.207477,589.72876,0.06774405,532.4991,355.4241,0.04280276,51.987713,20.574205,0.054631814,532.5779,356.20163,0.06337634,27.01457,20.290773,0.06904386,532.5229,355.8153,0.11131605,578.4073,293.3567,0.052059412,547.84827,275.9573,0.046350442,539.54193,588.2007,0.08179903,22.02869,132.501,0.03264935
1311,12.368416,36.33494,0.036449216,13.15084,589.69104,0.06604092,532.2631,355.4739,0.048197694,52.007374,20.60452,0.0544173,532.55304,356.21136,0.07136929,26.998716,20.284435,0.06976961,532.38495,355.74506,0.1273909,578.0827,309.45572,0.053129178,508.17767,584.9059,0.05204304,507.5601,588.3667,0.100521445,606.19055,611.60834,0.04528897
