scorer,DLC_Resnet50_cam-bottomleft2026-01-01shuffle1_snapshot_best-10,DLC_Resnet50_cam-bottomleft2026-01-01shuffle1_snapshot_best-10,DLC_Resnet50_cam-bottomleft2026-01-01shuffle1_snapshot_best-10,DLC_Resnet50_cam-bottomleft2026-01-01shuffle1_snapshot_best-10,DLC_Resnet50_cam-bottomleft2026-01-01shuffle1_snapshot_best-10,DLC_Resnet50_cam-bottomleft2026-01-01shuffle1_snapshot_best-10,DLC_Resnet50_cam-bottomleft2026-01-01shuffle1_snapshot_best-10,DLC_Resnet50_cam-bottomleft2026-01-01shuffle1_snapshot_best-10,DLC_Resnet50_cam-bottomleft2026-01-01shuffle1_snapshot_best-10,DLC_Resnet50_cam-bottomleft2026-01-01shuffle1_snapshot_best-10,DLC_Resnet50_cam-bottomleft2026-01-01shuffle1_snapshot_best-10,DLC_Resnet50_cam-bottomleft2026-01-01shuffle1_snapshot_best-10,DLC_Resnet50_cam-bottomleft2026-01-01shuffle1_snapshot_best-10,DLC_Resnet50_cam-bottomleft2026-01-01shuffle1_snapshot_best-10,DLC_Resnet50_cam-bottomleft2026-01-01shuffle1_snapshot_best-10,DLC_Resnet50_cam-bottomleft2026-01-01shuffle1_snapshot_best-10,DLC_Resnet50_cam-bottomleft2026-01-01shuffle1_snapshot_best-10,DLC_Resnet50_cam-bottomleft2026-01-01shuffle1_snapshot_best-10,DLC_Resnet50_cam-bottomleft2026-01-01shuffle1_snapshot_best-10,DLC_Resnet50_cam-bottomleft2026-01-01shuffle1_snapshot_best-10,DLC_Resnet50_cam-bottomleft2026-01-01shuffle1_snapshot_best-10,DLC_Resnet50_cam-bottomleft2026-01-01shuffle1_snapshot_best-10,DLC_Resnet50_cam-bottomleft2026-01-01shuffle1_snapshot_best-10,DLC_Resnet50_cam-bottomleft2026-01-01shuffle1_snapshot_best-10,DLC_Resnet50_cam-bottomleft2026-01-01shuffle1_snapshot_best-10,DLC_Resnet50_cam-bottomleft2026-01-01shuffle1_snapshot_best-10,DLC_Resnet50_cam-bottomleft2026-01-01shuffle1_snapshot_best-10,DLC_Resnet50_cam-bottomleft2026-01-01shuffle1_snapshot_best-10,DLC_Resnet50_cam-bottomleft2026-01-01shuffle1_snapshot_best-10,DLC_Resnet50_cam-bottomleft2026-01-01shuffle1_snapshot_best-10,DLC_Resnet50_cam-bottomleft2026-01-01shuffle1_snapshot_best-10,DLC_Resnet50_cam-bottomleft2026-01-01shuffle1_snapshot_best-10,DLC_Resnet50_cam-bottomleft2026-01-01shuffle1_snapshot_best-10
bodyparts,1,1,1,2,2,2,3,3,3,4,4,4,5,5,5,6,6,6,7,7,7,8,8,8,9,9,9,10,10,10,11,11,11
coords,x,y,likelihood,x,y,likelihood,x,y,likelihood,x,y,likelihood,x,y,likelihood,x,y,likelihood,x,y,likelihood,x,y,likelihood,x,y,likelihood,x,y,likelihood,x,y,likelihood
0,590.9451,494.27612,0.04126854,180.64957,77.28679,0.044649035,612.7132,132.31018,0.032526594,597.9551,23.508862,0.052625008,598.30664,600.56006,0.049873427,591.0277,603.74506,0.08285508,194.69841,32.911625,0.08527497,581.8694,28.428116,0.09604899,582.68005,23.522533,0.071464725,22.904615,596.932,0.031919796,593.59674,604.4272,0.07011587
1,590.7312,350.1617,0.038809136,453.1154,525.6477,0.056195077,28.339397,604.6814,0.02724576,454.2196,517.2755,0.07163277,20.499157,613.3967,0.027521703,453.69473,513.26276,0.10873232,450.08643,531.89435,0.18721087,439.86462,537.55084,0.12711255,583.95953,592.8518,0.06372892,22.003895,596.8038,0.035593238,595.1169,596.80664,0.046460755
2,591.7718,574.6956,0.06102266,414.54532,363.4145,0.0806207,419.5724,376.52924,0.05004246,598.3104,582.7775,0.043162663,20.596994,613.2889,0.035010293,424.7374,355.13806,0.07937818,415.73483,357.9259,0.12492225,408.69162,358.3328,0.12569913,583.9942,592.22864,0.06181665,22.262348,596.86395,0.04987994,415.11047,362.00876,0.08044278
3,45.67982,141.35303,0.039842132,45.355736,45.734173,0.027857356,28.990526,605.36115,0.060579337,388.54526,565.5534,0.03113031,52.995846,595.8291,0.042693786,421.71173,272.59457,0.08661382,425.56555,280.28378,0.117871225,17.806213,595.77783,0.084396444,434.0301,278.64334,0.05633118,22.438444,597.0516,0.065163374,30.462221,597.642,0.056517843
4,63.154575,585.5913,0.0385808,55.7992,596.90454,0.039575856,29.610939,605.44995,0.07465606,55.627644,565.6252,0.028145323,52.761944,581.3904,0.0891025,38.593014,598.1821,0.1210892,307.8674,19.235092,0.03489674,17.892181,595.75665,0.10506647,62.19201,588.53046,0.072236806,22.88993,596.8134,0.08991731,29.598293,597.4398,0.08352264
5,549.345,581.0682,0.050369352,548.42487,589.54065,0.061851155,29.296186,605.3949,0.05919072,373.93964,341.2918,0.050836805,20.770313,613.21027,0.040135488,358.10126,337.72186,0.087424405,409.72537,336.50174,0.117496,360.08636,346.41074,0.101076506,583.78265,578.6076,0.04770089,22.567957,596.9866,0.06709234,30.427189,597.6173,0.06103741
6,549.4733,580.9805,0.052326683,548.72424,589.618,0.07371285,29.305313,605.4117,0.059448063,581.90826,566.76166,0.03144727,20.85112,613.1761,0.041301236,373.7866,481.7225,0.11405684,372.35062,498.5326,0.15915643,377.17252,489.72357,0.10345795,583.71185,578.41644,0.04896408,22.511915,596.9711,0.06866736,30.35148,597.6436,0.061135296
7,548.9711,580.80115,0.04612509,252.96866,379.1014,0.069001056,29.322607,605.4349,0.06054341,437.796,412.625,0.041874904,20.89356,613.13696,0.040641315,421.57245,417.03656,0.12387434,432.8976,419.82208,0.17889126,424.76053,426.43042,0.11870048,583.6038,578.34656,0.051910236,22.522566,596.93805,0.06652719,261.7867,385.07324,0.07895695
8,565.8465,581.89624,0.038364504,276.13483,331.40146,0.061175704,29.453856,605.4034,0.06364152,582.1033,582.98035,0.03426917,53.062553,581.18134,0.053702153,276.48413,321.16998,0.08995395,281.2395,336.23682,0.09316765,17.736609,595.6369,0.08987159,584.1195,593.3897,0.050446127,22.583246,596.82214,0.07647429,29.862682,597.3401,0.06826702
9,590.54114,238.00371,0.036735028,468.8025,268.691,0.034963,29.377869,605.41626,0.07034018,597.29803,22.706654,0.02612529,52.65474,594.6659,0.058200724,31.909908,604.49963,0.08986438,474.14352,264.7238,0.07654515,17.736052,595.61127,0.101757444,583.65594,593.2717,0.05778186,22.55297,596.82135,0.08727857,29.75153,597.3883,0.073898315
10,590.3878,382.19116,0.039180115,55.738903,596.95056,0.035633992,29.809334,605.4759,0.07182782,582.52423,583.06366,0.031820152,52.704002,581.0157,0.08859476,38.448574,597.7068,0.11698047,530.7016,489.44446,0.041404944,17.661118,595.49066,0.10894604,62.361897,588.4894,0.06984769,22.91397,596.64355,0.093229346,36.10945,596.285,0.08878957
11,590.4304,381.99445,0.040644355,276.71954,460.96564,0.042112134,29.631382,605.51685,0.065179266,582.2944,582.7482,0.028040083,53.033165,581.03516,0.0637242,373.43155,385.7898,0.08973614,378.46432,393.03406,0.07555811,17.753483,595.6457,0.09195925,583.62537,593.74207,0.045622252,22.735504,596.82465,0.07708634,30.168646,597.4137,0.07202322
12,590.49286,270.11972,0.0380882,55.127945,596.8193,0.033984855,29.050291,605.7335,0.06999383,38.595894,549.8085,0.024026958,52.551895,594.82935,0.061357178,31.591722,604.4456,0.091580525,411.3289,521.1881,0.04401133,17.938374,595.6094,0.09709386,583.8164,592.8603,0.0639069,22.54599,596.8872,0.08354891,30.079922,597.47076,0.07034536
13,590.6726,366.32278,0.042314503,485.21625,396.8855,0.063928284,28.992277,605.3474,0.058764584,500.9766,396.29056,0.06239723,20.66972,613.14453,0.04044392,485.44666,385.3464,0.10147054,489.78375,392.7323,0.14296219,488.25977,409.85004,0.12439412,498.51465,407.4466,0.05981062,22.338388,596.9645,0.07273468,30.458477,597.5266,0.06082509
14,590.65265,478.26114,0.04139624,484.72,396.37967,0.053301845,28.997324,605.2906,0.057026092,501.3247,412.1629,0.03811595,20.757898,613.15814,0.037460804,484.71857,384.57803,0.108498886,489.02618,392.59964,0.117410995,17.736824,595.58374,0.08341422,583.7689,578.677,0.049007468,22.394793,596.9189,0.06902791,30.505297,597.62384,0.05735621
15,590.3343,189.9055,0.036954515,516.87,460.21832,0.042888656,29.079731,605.23566,0.057607044,597.13824,22.37775,0.027010154,20.757936,613.11926,0.03663546,37.74262,597.1458,0.06130088,515.8027,452.4584,0.11071171,17.73438,595.66833,0.08118204,187.4696,27.059244,0.05220716,22.382341,596.9354,0.06738262,30.39213,597.63635,0.055875912
16,549.2274,581.4135,0.04394275,373.21753,525.35394,0.06637465,29.236551,605.31836,0.06025989,389.74887,524.466,0.04139061,20.84627,613.07166,0.03803055,374.04288,513.66565,0.12659284,378.79718,521.4875,0.13433997,376.70297,522.2799,0.09803428,386.73093,519.98486,0.05544202,22.46065,596.87714,0.07159133,30.138859,597.54913,0.05989117
17,549.686,581.341,0.048359346,548.94275,590.11304,0.0739444,29.4626,605.4395,0.06534174,597.30005,22.453047,0.028604303,52.781666,594.6203,0.05589758,37.923836,597.5938,0.09316662,548.3876,585.27234,0.08164704,17.82204,595.5607,0.09828623,68.56602,587.0894,0.058648758,22.655485,596.7771,0.0845359,29.646385,597.49384,0.0744208
18,46.09257,45.50265,0.038810167,55.132263,597.14703,0.03245626,29.208405,605.45715,0.065395966,597.2235,22.438433,0.026618592,52.945583,595.0049,0.05142671,31.733305,604.4838,0.08768763,409.7796,337.48856,0.099296466,17.828323,595.54425,0.10261578,584.08777,593.4245,0.052204616,22.374968,596.8138,0.08671321,22.58627,596.0981,0.06929503
19,46.045494,45.537865,0.03880956,54.991245,597.0548,0.02968347,28.935825,605.3289,0.06182078,582.47,583.0133,0.030857993,53.12314,595.191,0.044251367,60.88605,589.7177,0.06693252,590.67676,585.96515,0.033563267,17.975597,595.6885,0.08110418,583.95123,593.13275,0.051123716,22.367645,596.85175,0.06889956,30.227638,597.44366,0.0559355
20,590.6034,350.15152,0.041031428,45.443703,45.904045,0.029742213,28.812218,605.30774,0.05763849,598.8055,583.4188,0.03251369,20.684324,613.21826,0.036086574,292.55786,417.74313,0.06416632,291.12778,425.66037,0.062172525,17.857971,595.75507,0.07397981,582.76306,578.3275,0.05374711,22.325699,596.98663,0.060286507,30.532768,597.61957,0.051443566
21,590.8109,222.22522,0.040276546,45.462173,45.93362,0.030032536,28.843193,605.2773,0.056835018,582.4967,583.0325,0.028121883,20.684526,613.2462,0.03662932,590.93005,587.20935,0.057515405,590.80164,585.8697,0.03278132,17.842836,595.7335,0.07263761,583.65,578.6625,0.050417755,22.322886,596.96936,0.056561545,30.537693,597.5951,0.049344845
22,46.033764,45.464672,0.03966438,500.94244,445.373,0.05991418,28.979162,605.3579,0.058580004,516.2788,420.09134,0.027080996,20.815372,613.2692,0.035714738,501.23953,432.74594,0.09926486,506.5758,440.71414,0.103410415,17.723644,595.61707,0.073767334,583.53766,578.61304,0.053398896,22.464813,596.94434,0.058900237,30.637745,597.7006,0.052188266
23,549.6182,581.42816,0.045564912,501.28516,411.84558,0.0525868,29.12355,605.2233,0.05794197,485.48297,429.6257,0.024214407,20.764166,613.2444,0.03549701,229.29472,209.24109,0.0755865,498.6157,418.30453,0.08680689,489.72876,412.40356,0.074948154,583.7325,593.36,0.051942214,22.51404,596.8828,0.055495575,518.17004,417.83014,0.05179178
24,46.28861,45.59243,0.039288186,45.61338,46.04548,0.033323627,29.109505,605.71857,0.07297565,596.20825,405.26978,0.024183197,52.963882,581.11316,0.07066943,37.803417,597.5443,0.11893333,425.39252,376.67892,0.07767114,18.073431,595.3836,0.115865834,26.966011,595.6124,0.074027255,22.327724,596.7659,0.101341546,22.469452,595.7303,0.08717974
25,591.07684,574.4237,0.042716365,533.2716,380.05838,0.10326503,28.6443,605.0443,0.045095872,582.57184,583.3869,0.049042195,20.576101,613.27155,0.034187734,547.1285,364.437,0.1149001,537.4341,373.14212,0.18352385,536.63635,374.3987,0.13066398,583.60065,592.0142,0.064043865,22.193306,596.8629,0.051527902,541.17993,377.37518,0.07160927
26,590.1905,357.70215,0.041699484,532.43396,380.28284,0.048976004,28.43561,604.8735,0.040349342,597.29065,22.598347,0.034328934,405.52783,358.6631,0.03639923,389.15826,335.93204,0.10720747,387.7514,338.4719,0.14147493,393.03342,329.8811,0.098088436,583.4604,592.5985,0.06292067,22.091042,596.8019,0.043560475,405.9052,337.07697,0.06760869
27,590.82666,334.24243,0.051704366,548.25024,589.425,0.0419761,28.464977,604.9691,0.04282223,597.15985,22.35371,0.027735727,20.66936,613.40796,0.034847833,324.85068,465.24094,0.08115247,323.85165,466.5743,0.09833147,582.5494,587.8065,0.057911627,583.5076,578.5026,0.058151353,22.17109,596.8441,0.04487492,593.0828,331.58405,0.04368515
28,590.5768,366.3774,0.04383965,548.2387,589.3372,0.03487972,29.230268,605.51324,0.066795476,582.49475,582.77216,0.030457595,52.912586,580.94037,0.045719765,31.632734,604.47205,0.08518486,298.9029,515.43427,0.06805895,17.890446,595.60767,0.09762702,584.10394,360.6756,0.049798448,22.357576,597.0797,0.0838232,29.874182,597.55695,0.07229156
29,46.15149,45.454338,0.03711821,269.15527,330.63855,0.06784838,29.291975,605.4616,0.069286205,597.3876,22.699158,0.029837895,53.082844,581.0735,0.069246694,246.46336,320.69058,0.11528637,249.06552,330.97372,0.13829842,249.03561,328.28333,0.16151303,76.27172,587.25397,0.07085674,22.486181,596.8531,0.08216886,253.3211,331.59604,0.09815346
30,590.5909,350.3101,0.04040872,372.6817,301.56485,0.040520456,29.163914,605.5345,0.06783273,372.9944,309.22766,0.03511572,52.812325,580.8757,0.052412644,31.697239,604.39575,0.09597656,371.55215,305.7866,0.08109812,17.981792,595.53784,0.101963066,26.820122,595.9222,0.0555932,22.38396,596.9147,0.088243015,29.829096,597.4602,0.07841416
31,590.57513,462.26663,0.04116142,469.20215,284.6604,0.060424045,28.852463,605.1494,0.052468188,501.54996,420.4823,0.049407788,20.672226,613.21124,0.034349553,500.4515,417.42947,0.1157406,504.47705,434.17224,0.15353052,505.14136,425.4897,0.11147276,514.4557,424.28058,0.056291427,22.312757,596.9399,0.05373336,508.9177,426.40793,0.06656332
32,590.4973,445.89664,0.039405685,397.0152,326.71207,0.072155975,29.128387,605.3495,0.057388313,389.96317,316.89612,0.041642766,20.788315,613.11395,0.04044924,375.2261,321.87326,0.11637808,384.1635,338.65503,0.18154484,376.37466,330.98352,0.14542782,392.64825,327.1511,0.06468062,22.315168,597.01416,0.065502614,406.0409,337.86887,0.08592772
33,46.237896,45.50535,0.038210295,397.6485,331.28827,0.0542208,29.435575,605.37366,0.06701569,389.53207,309.03745,0.04733687,52.600513,581.08295,0.05632878,374.8834,320.95615,0.12099602,378.83075,329.91846,0.14996122,376.1245,329.94574,0.12956253,387.2012,327.30386,0.06329061,22.535965,596.9832,0.08505418,29.624996,597.547,0.07745543
34,590.5107,446.16318,0.045121636,548.7945,589.9376,0.07155338,29.361921,605.45435,0.06379466,582.0374,582.55133,0.034461193,52.69075,595.12756,0.05383697,31.888544,604.38727,0.09686299,515.5187,290.1029,0.08772858,17.839996,595.7057,0.09642443,583.76825,578.70166,0.06639636,22.494968,597.0303,0.08146007,29.822662,597.52124,0.07521553
35,549.34094,581.36237,0.043055728,548.5068,589.8315,0.06959541,29.390602,605.4124,0.067315236,36.726807,21.568514,0.023673244,20.87614,612.8272,0.051580675,32.14331,604.4999,0.11316532,548.2001,585.8438,0.07250271,17.886465,595.4831,0.1042997,26.894379,596.12976,0.06522401,22.468256,596.9399,0.09085926,29.445284,597.51056,0.08466027
36,590.5815,302.1399,0.040782288,45.5816,45.96798,0.03222993,29.312859,605.1968,0.06903358,598.2802,582.55164,0.027168784,52.234188,581.2732,0.07784809,38.100548,597.995,0.13684845,590.4975,585.9815,0.029397923,17.888744,595.4964,0.106343724,583.6035,578.39935,0.060059316,22.882772,596.3593,0.094403856,22.429123,595.6906,0.08835348
37,45.63416,125.30298,0.037070397,532.6555,396.75717,0.08991586,28.916723,605.1513,0.054313704,533.7923,388.45438,0.08415886,20.701893,613.0832,0.03647837,532.61694,383.4526,0.11513607,537.306,393.60486,0.16822474,536.9169,392.1476,0.13036323,583.87427,592.6293,0.07290912,22.157871,596.9028,0.06466425,541.07983,395.26562,0.066736415
38,590.23267,366.1995,0.038642216,501.2046,460.08023,0.04792202,29.02281,605.3075,0.058406636,533.14606,373.07806,0.033247158,20.72948,613.16504,0.03921461,501.41998,448.28473,0.08294704,500.06876,465.3446,0.13003646,505.33453,455.67746,0.1018214,187.6515,27.287638,0.050458428,22.294506,596.96594,0.06471947,30.320774,597.58936,0.05490691
39,590.5692,318.36276,0.04195755,469.23596,428.43704,0.067773804,29.06042,605.316,0.05924658,582.01526,470.6059,0.036636386,53.06353,595.3392,0.039157756,469.27887,418.98218,0.09939118,468.461,435.7523,0.1621557,583.4166,488.97028,0.09299822,583.9437,481.29095,0.07699197,22.39678,596.99506,0.066237845,593.8859,481.86798,0.061745126
40,590.44586,494.59354,0.038624004,556.0236,589.27075,0.04182236,29.221218,605.48145,0.060383365,582.1699,582.7348,0.0262318,53.122173,595.0681,0.04431639,37.897438,597.2777,0.069228284,547.81287,586.1067,0.046583463,17.916388,595.8085,0.081474975,583.53455,578.6242,0.049441416,22.496822,596.97504,0.06725725,30.21949,597.5376,0.05794441
41,46.07458,45.465736,0.0377895,55.379856,597.2263,0.029606698,29.284563,605.48474,0.06436512,597.233,22.576176,0.028040642,52.683384,594.89056,0.050935924,31.701416,604.4331,0.08731961,590.876,585.84106,0.030156992,17.87946,595.7369,0.09368269,583.622,578.53064,0.05623041,22.532188,596.98566,0.07548028,29.938944,597.5373,0.067299485
42,46.0945,45.44291,0.038356498,532.93585,316.14185,0.07834725,29.338097,605.4924,0.06275315,533.49695,332.31732,0.032385983,52.992966,594.9334,0.051648356,532.69037,305.94626,0.094891764,537.78973,321.52005,0.13079113,17.930763,595.87836,0.086601585,583.71704,578.52966,0.060177967,22.495764,597.03296,0.07073376,30.100409,597.5065,0.062491864
43,590.52936,334.05142,0.04346826,509.68753,411.12112,0.05056299,28.937887,605.48883,0.06272881,501.59467,404.06287,0.05004952,20.786486,613.15216,0.04266244,500.34912,399.43204,0.081512555,491.2901,411.4406,0.116020426,488.78787,410.58,0.124563076,498.9747,409.1395,0.052349847,22.335632,597.0123,0.07110179,30.287556,597.5619,0.05760945
44,45.78278,28.986334,0.041651167,389.14038,444.97427,0.063470505,28.97828,605.35077,0.058655452,405.3961,460.16354,0.042011064,20.787468,613.1317,0.038370192,389.42523,434.2158,0.11315,394.2191,449.5954,0.14562646,392.9285,442.4294,0.09787514,583.3165,578.3701,0.055519275,22.298939,596.97034,0.0651686,397.5836,442.26315,0.058619007
45,429.72183,253.91753,0.03887056,548.586,589.7068,0.0424362,29.158424,605.4272,0.06238362,582.435,582.9578,0.040123116,20.792618,613.1158,0.040946737,31.256868,604.40015,0.06709809,506.19632,408.98718,0.07623791,17.92835,595.65784,0.08427732,583.40155,578.3362,0.044057705,22.393997,596.9988,0.07063407,30.177715,597.56067,0.05990421
46,590.733,318.42587,0.044026617,228.53688,316.4123,0.038499862,29.36075,605.4496,0.06673302,596.6349,389.4991,0.026663376,52.67012,580.9926,0.051970996,37.740913,597.56445,0.09616591,235.38652,314.63745,0.06580089,17.868692,595.5897,0.10059702,583.53174,578.41223,0.054264087,22.515133,596.84875,0.08322681,29.603539,597.42755,0.073573045
47,398.1124,302.34235,0.039548133,548.60376,477.5769,0.035652477,29.359152,605.53796,0.06632264,565.6624,469.81784,0.03748233,52.7997,594.5391,0.058447488,31.912504,604.45825,0.09562341,556.0305,467.03568,0.06657059,17.899206,595.6217,0.1004217,187.57257,27.169312,0.057734642,22.518227,596.9352,0.08378853,29.739468,597.5387,0.07268783
48,590.55927,478.09702,0.0373584,61.536514,46.083923,0.03369872,28.907457,605.4662,0.072896585,582.12585,582.8365,0.03217649,52.943455,595.5086,0.048668005,31.32751,604.5666,0.07830639,590.6067,586.1048,0.035371132,17.95838,595.62915,0.098234974,583.8841,578.556,0.04946913,22.27675,596.9233,0.08387228,29.859196,597.5292,0.0644533
49,46.248383,45.51258,0.04032086,45.635933,45.991783,0.032904148,28.99033,605.4071,0.061731666,590.21875,414.10068,0.028479457,20.762749,613.115,0.043389097,37.552605,597.1461,0.07099478,387.07416,328.57935,0.09022026,17.843704,595.5501,0.09078414,583.5864,593.0994,0.053364526,22.273407,596.9148,0.0758113,30.257353,597.5365,0.06326593
50,591.27277,574.50854,0.040363308,461.0049,396.25742,0.03653774,28.805914,605.1953,0.051475577,581.9844,567.10504,0.03472073,20.85225,613.20624,0.033828318,388.1855,320.54834,0.08810119,465.34482,403.63455,0.12646502,583.3736,489.7271,0.08612222,584.0432,495.82742,0.08681521,22.162487,596.87146,0.059688333,593.32635,496.8422,0.07117981
51,590.93286,574.3911,0.03862498,532.313,396.241,0.042715173,28.777359,605.23486,0.054912046,582.6625,583.8697,0.034787733,20.793476,613.22675,0.035305813,531.9035,384.67206,0.08168701,530.27386,392.5822,0.1070297,17.766663,595.58374,0.076265946,582.77783,577.5436,0.06522923,22.158632,596.9556,0.06479243,30.483305,597.6278,0.05279104
52,590.6593,350.03223,0.037850536,532.5322,396.83752,0.030930037,28.993444,605.30005,0.059523158,36.628887,21.390755,0.022199368,20.892294,613.1012,0.037861966,37.715298,597.16266,0.065316014,531.6936,393.8239,0.045533843,17.796532,595.4842,0.08530094,583.2878,578.6712,0.05629652,22.288631,596.92535,0.07342952,30.09852,597.59204,0.060393993
53,590.54156,334.06348,0.03960046,469.068,444.84805,0.055441085,28.994652,605.3912,0.061039142,597.31915,22.432894,0.02201934,53.07896,595.7314,0.03725604,469.49164,433.17072,0.08494349,474.41995,440.87387,0.10871308,17.892368,595.78754,0.08002225,583.22797,578.58997,0.051440354,22.362919,597.01605,0.06606123,30.365993,597.6173,0.055506263
54,590.7024,462.20474,0.041582476,45.609867,45.98659,0.031558707,29.348358,605.6332,0.0684753,597.27484,22.399126,0.023784438,53.019123,595.6458,0.045057997,31.623419,604.4324,0.075241566,419.37616,504.85498,0.044623956,17.706797,595.6294,0.08745241,583.5518,578.84064,0.049888942,22.756756,596.854,0.07389223,30.4809,597.53564,0.067694806
55,46.26306,45.553413,0.040781535,45.650898,46.026974,0.031761497,29.056705,605.4603,0.06368163,597.28613,22.541122,0.031156283,20.790163,613.10315,0.04190942,31.295713,604.4672,0.07259851,590.8739,585.6627,0.031899787,18.021626,595.6156,0.0880353,583.38,578.2943,0.0534472,22.434551,596.9396,0.073832355,30.074795,597.59656,0.060590163
56,549.54675,581.58844,0.046350554,284.82455,139.82309,0.060134962,28.651014,605.2421,0.05465812,582.30554,582.57947,0.038744926,20.675392,613.16046,0.036745064,277.54813,130.40071,0.10190759,282.6503,139.15752,0.11265803,201.20094,520.45166,0.12073414,583.74243,359.70758,0.055693462,22.070683,596.9995,0.06275164,206.41876,524.35956,0.068110466
57,46.22304,45.497997,0.038243473,308.47693,124.38246,0.056747846,29.010038,605.3421,0.05878575,582.44946,582.92267,0.03733081,20.858862,613.159,0.03769823,308.64014,114.50264,0.08780362,306.6178,131.43382,0.11343111,297.5632,138.74176,0.08070109,583.87994,578.50354,0.046158887,22.365606,596.97003,0.06690487,30.266777,597.67566,0.05503704
58,591.0043,382.4937,0.049454965,340.3758,124.07191,0.0585517,28.854486,605.2349,0.05630359,582.65204,582.88306,0.034937892,20.79317,613.2115,0.0361092,292.34137,129.92986,0.08880991,283.24893,146.86395,0.09560534,17.795744,595.57434,0.07651459,583.60596,375.97565,0.052186664,22.28515,596.95667,0.06330598,30.497604,597.6611,0.051376782
59,590.5318,286.24304,0.040385988,45.590267,45.946495,0.030908061,29.0676,605.4251,0.061959982,598.3657,582.7466,0.029739711,20.877052,613.1212,0.042287096,31.301,604.35645,0.072654165,507.4246,418.39752,0.03896586,17.901188,595.57086,0.08765267,187.6718,27.0986,0.04836193,22.39624,597.0008,0.07345279,30.099152,597.5771,0.06177676
60,590.36206,478.43433,0.035511818,55.35199,596.7271,0.033789214,29.243948,605.71216,0.07067398,36.836933,21.72685,0.026894618,52.720825,581.3084,0.06401834,45.868572,589.9317,0.093497336,307.95023,19.15674,0.034546144,17.837559,595.7502,0.09650374,583.83905,578.8191,0.0534519,22.637676,596.90643,0.087450475,30.140707,597.3244,0.07395006
61,549.3515,580.72644,0.04606232,548.6149,589.6046,0.084153794,28.656113,605.1935,0.050328214,36.603848,21.451946,0.024670362,20.635397,613.2693,0.036399327,500.9467,402.1825,0.089618236,499.97778,418.44495,0.12215042,554.3339,585.6237,0.07121631,139.59317,27.200033,0.051190186,22.191776,596.88196,0.052768223,30.822023,597.57715,0.044896062
62,590.6811,373.99384,0.045512065,500.90546,412.79065,0.062111024,28.572668,605.0039,0.044313658,517.1124,428.00366,0.03756872,20.572956,613.24304,0.03281243,501.20355,401.92157,0.11712249,505.7667,417.79,0.13838921,505.18988,409.7746,0.091841586,584.1219,376.44745,0.04760455,22.156271,596.7756,0.04520887,509.39468,410.42633,0.051801246
63,590.4939,318.15784,0.044010084,500.7469,412.53564,0.047373336,28.833998,605.16595,0.052155,582.60315,583.1259,0.02898945,20.687094,613.21124,0.036032736,421.16095,401.63956,0.072618164,507.08685,418.30405,0.09546547,17.824272,595.6411,0.07199702,583.34973,593.51935,0.05072788,22.374645,596.82196,0.05524872,30.665695,597.55,0.049338453
64,46.15634,45.43628,0.039889332,45.50861,45.939472,0.032327116,28.676739,605.148,0.049626205,389.559,508.59824,0.03284529,20.641985,613.31604,0.0350691,379.92523,503.77106,0.06628933,385.44336,487.26712,0.0999984,377.04782,490.18463,0.09240177,583.9463,593.45746,0.055542685,22.31973,596.8926,0.04989734,382.57938,490.22406,0.050055176
65,590.4877,462.18057,0.039228946,301.4966,426.8635,0.043465693,29.318254,605.45184,0.060587972,582.9242,583.08,0.027487783,53.023067,595.05804,0.0502161,307.87537,414.96246,0.10533317,296.93564,425.7282,0.099666886,297.7081,424.128,0.10034199,583.00714,578.5417,0.051297717,22.633955,596.9782,0.06838525,310.69336,417.9709,0.077588014
66,46.199333,45.51311,0.03898231,55.04461,597.1066,0.037393853,29.490469,605.5069,0.066620484,598.2873,582.68,0.025865333,53.213947,580.9195,0.05958549,60.4759,590.40906,0.0898774,590.776,585.597,0.033288762,18.116879,595.7304,0.09207537,76.38845,587.3493,0.070333846,22.667044,596.8948,0.07846242,29.90539,597.47107,0.070266485
67,590.7439,350.39642,0.041312963,340.5491,140.28189,0.035082325,29.220596,605.4102,0.061094783,582.7709,582.80725,0.030298525,20.762228,613.1418,0.040203445,37.80094,597.15533,0.067680486,363.04297,138.3574,0.06267169,18.082745,595.68604,0.08239515,583.6102,578.63855,0.059122078,22.447487,596.9395,0.067371935,30.126095,597.48737,0.06029909
68,590.44684,478.02615,0.03957048,260.75293,396.19998,0.053869452,28.902212,605.16064,0.05506491,597.31244,22.493671,0.028617268,20.679626,613.2317,0.03553973,244.22112,271.39755,0.122584745,241.32921,277.8459,0.10987688,265.88052,393.7195,0.10079476,187.46033,27.04074,0.057884492,22.36897,596.8669,0.056352165,246.59386,273.92685,0.09414145
69,590.6172,350.3262,0.041683637,260.401,396.0129,0.051720522,28.713749,605.07086,0.049134374,597.2994,22.374376,0.029253876,20.602167,613.3402,0.034875505,244.99962,273.898,0.08000692,506.4497,434.02975,0.09716754,17.90595,595.63574,0.061012696,187.54903,27.143507,0.057950884,22.293285,596.89874,0.048452206,30.943108,597.6656,0.04337566
70,549.0686,579.29987,0.050362807,548.8706,589.4154,0.11315071,28.776531,605.28375,0.052396826,517.6669,444.06577,0.0371594,20.669968,613.3408,0.036286272,501.7681,417.0169,0.123046994,504.98434,425.63455,0.1553793,505.13416,424.4969,0.11995933,187.48784,27.061518,0.05368066,22.388172,596.9417,0.051796507,508.7427,425.92444,0.08224479
71,549.4033,580.73157,0.048258822,548.8025,589.7418,0.08555056,28.711845,605.19543,0.05050433,548.23816,597.15497,0.025481332,20.651836,613.3202,0.035060488,548.3561,585.9374,0.07664778,548.1052,584.95026,0.0859891,554.01,585.9,0.06968712,584.2984,353.79538,0.052363593,22.373732,596.94855,0.052883174,30.821133,597.697,0.045229945
72,46.36914,37.132923,0.039661318,54.978718,596.7663,0.03853518,29.416706,605.51733,0.074321024,582.18256,582.68835,0.024210831,52.96464,581.3741,0.073367305,38.075333,597.6688,0.10759708,458.5166,425.56604,0.0760764,17.682543,595.52216,0.105371475,26.65432,595.89386,0.060341347,22.60738,596.7822,0.09406241,29.470806,597.2568,0.07837387
73,46.059433,45.41521,0.043512296,468.6148,412.23874,0.04207713,28.969105,605.3355,0.05302979,485.53943,428.56567,0.03366364,20.766663,613.20795,0.037733793,180.50993,161.28001,0.07369305,419.8676,376.00266,0.112992905,17.692871,595.6221,0.07630515,583.2467,577.8562,0.059818495,22.338898,596.965,0.061069205,30.513718,597.6422,0.050660208
74,590.5961,333.7774,0.043731343,484.83527,364.73117,0.047099087,29.208635,605.2329,0.056511335,582.9155,583.49225,0.03643714,20.81597,613.14154,0.035911888,404.792,370.23755,0.081309274,490.74982,409.61975,0.09996117,17.7851,595.603,0.078971595,583.0411,577.65894,0.051385935,22.463959,596.8412,0.064353764,30.315744,597.57,0.055458814
75,590.6908,341.7422,0.045401715,420.96832,380.26706,0.051274642,29.232643,605.28906,0.05794782,597.2886,22.430103,0.03061132,20.875582,613.10376,0.03931789,421.21823,370.51257,0.09811414,425.96002,386.45044,0.13878962,17.811588,595.5271,0.08400924,583.11975,577.7821,0.053980518,22.520222,596.86066,0.07115576,30.11873,597.57074,0.06290428
76,46.07168,45.49313,0.042250577,45.51529,45.926605,0.032634877,29.16922,605.2641,0.059340026,598.5771,582.75824,0.02856393,20.814999,613.17755,0.037028447,500.1308,399.90488,0.08922717,498.28738,407.81598,0.11131484,505.81332,407.4374,0.078154415,583.3655,578.4805,0.067094624,22.460957,596.9415,0.06548996,30.35736,597.64655,0.056197077
77,590.5239,318.33527,0.041410387,300.40802,460.03412,0.039775025,29.175081,605.41406,0.06363707,596.2825,405.25977,0.029631807,53.0989,595.48846,0.041482456,244.45802,176.65265,0.07653291,234.40407,185.84221,0.06368974,17.894127,595.6831,0.08921695,583.8299,593.4523,0.056058843,22.41562,596.947,0.075911306,30.093386,597.5669,0.061578628
78,45.861942,29.074863,0.04211771,55.22487,597.125,0.03358913,29.28896,605.3577,0.06773209,597.196,22.411137,0.025528055,52.727962,594.6098,0.06206823,31.833347,604.53564,0.09136328,203.86508,523.3016,0.033920366,17.881094,595.579,0.09719247,583.86383,593.15393,0.06253169,22.547743,596.7976,0.08596413,29.665045,597.523,0.07145623
79,591.2156,238.31984,0.04789929,388.96884,333.1426,0.068228096,28.991531,605.3128,0.05929668,405.4084,332.4205,0.037748255,20.866877,613.1045,0.037612915,389.82025,322.07883,0.12916785,394.878,329.55942,0.13822459,392.96872,346.16208,0.08943711,402.72556,327.66153,0.054345135,22.352863,596.8977,0.072376326,30.115452,597.51447,0.057803135
80,590.8753,238.0916,0.043062188,276.40506,428.10312,0.051601302,28.612894,605.05414,0.049429446,597.2281,22.284922,0.03695773,20.681519,613.2098,0.03291694,468.67856,401.19073,0.084212616,489.7952,274.46396,0.11308756,489.6051,266.89722,0.09152988,583.92334,593.3339,0.0550948,22.079142,596.9234,0.055138275,493.727,266.79825,0.052891556
81,46.110073,45.44013,0.040704105,236.75728,317.58408,0.05692582,28.799019,605.0387,0.052056674,436.26123,452.96063,0.043386437,20.653748,613.15765,0.03274501,245.69551,303.73965,0.09639178,243.32776,308.79077,0.11076402,233.33012,315.3826,0.09133327,583.51733,578.18866,0.05141012,22.129398,596.9024,0.057960097,30.466808,597.5872,0.047082383
82,549.28467,581.22516,0.054762177,548.60095,589.71906,0.06442932,28.882439,605.1444,0.05746103,597.23517,22.30016,0.032358024,20.61636,613.18585,0.035318114,373.77612,305.82358,0.07582789,378.23856,313.0573,0.09028742,377.08,314.0306,0.09387782,386.5948,311.77948,0.05208406,22.26538,596.9286,0.061879143,30.54971,597.59955,0.05240717
83,590.28906,317.94922,0.038136486,45.575268,45.919292,0.030540762,29.08266,605.4502,0.064634524,582.53076,582.9171,0.026298605,52.875515,595.16675,0.050646223,31.479143,604.39276,0.08587327,572.89246,594.61414,0.031503167,17.935333,595.5842,0.093224265,583.98016,578.5203,0.05012306,22.444426,596.87823,0.07843032,29.95637,597.5163,0.06800869
84,45.728065,93.4689,0.042162154,55.15921,596.869,0.033118345,29.29132,605.4243,0.0663612,36.974174,21.71518,0.02631338,52.98344,581.2399,0.06158817,45.85433,589.98535,0.09170044,330.82053,249.56955,0.04582384,17.846985,595.7616,0.09459171,68.46664,587.3166,0.062169477,22.606083,596.737,0.0860287,29.91614,597.17645,0.071955204
85,45.978786,45.219643,0.03831108,500.6275,428.45023,0.05778688,28.877552,605.15643,0.04699537,597.25305,22.30872,0.028177543,20.640364,613.3273,0.032377355,501.0696,416.65042,0.074710675,506.354,418.6968,0.10210278,17.792425,595.69525,0.062487695,568.0557,359.6245,0.047816224,22.26182,596.919,0.052549224,46.318447,28.852507,0.04536585
86,46.00676,45.270195,0.037688944,501.39236,428.098,0.049721923,28.857561,605.18964,0.049845494,517.03204,405.12503,0.04303516,20.670677,613.28345,0.033912763,514.4052,413.3591,0.084579416,505.10013,421.25598,0.1327476,505.07416,422.43597,0.11754052,513.96295,422.7568,0.05604442,22.261097,596.9667,0.05606604,509.67612,425.20862,0.05869565
87,46.066654,45.32653,0.039018307,437.6946,283.9798,0.05764072,28.832928,605.2119,0.05271182,581.2874,341.9912,0.029643362,20.721542,613.2099,0.036085546,437.7338,273.4553,0.12626754,437.02164,291.1881,0.15133086,441.0558,281.3974,0.13233414,583.49,578.0813,0.05793834,22.210114,596.94635,0.058966298,444.91986,282.06097,0.08580943
88,591.1667,238.32663,0.042765595,437.08243,284.38275,0.057391737,29.144705,605.2578,0.058498155,597.25824,22.349857,0.026500534,53.145218,595.2446,0.041875347,437.2102,273.87036,0.11160162,442.1746,289.02896,0.1238288,17.7817,595.78467,0.076896794,584.0906,578.42456,0.065540574,22.489462,596.93,0.066149056,445.2676,281.8205,0.056246188
89,46.12775,45.37637,0.03968775,452.84512,445.347,0.040122896,29.171988,605.4237,0.062539265,469.37753,444.32968,0.034956176,20.789349,613.2085,0.038539656,453.7318,417.5143,0.098753415,458.63644,433.4809,0.10981258,457.42203,426.31088,0.08319179,583.9726,593.49115,0.048145965,22.506227,596.9999,0.073163636,30.3698,597.6165,0.061119936
90,590.7398,478.27197,0.043688472,292.57895,428.34677,0.048381794,29.39085,605.45166,0.0643993,597.3402,22.56712,0.028785346,52.97307,580.9849,0.054082014,60.566456,590.1725,0.07765631,298.7054,425.79623,0.080841415,17.854296,595.76294,0.08687283,583.9893,593.17126,0.06185084,22.585497,596.89,0.07807604,30.031199,597.454,0.065884076
91,590.6505,350.30298,0.043601256,500.94482,412.23758,0.05285567,28.99882,605.2877,0.05658814,517.2146,428.21124,0.048655473,20.756607,613.1904,0.0373308,500.66885,401.10367,0.100537844,505.15018,408.82364,0.13674565,505.57916,408.33527,0.08233607,171.60548,27.32323,0.06031957,22.398409,596.94214,0.06333374,508.86688,410.02008,0.055989154
92,590.8803,502.09613,0.048035767,500.57874,412.58667,0.044782624,28.850939,605.26056,0.053037614,597.23376,22.39928,0.028393961,20.720139,613.2098,0.036515437,590.4923,603.1431,0.05598136,506.60825,408.95532,0.082011454,17.747108,595.69006,0.0723776,583.6308,578.5475,0.062055055,22.31097,596.90326,0.060454506,30.677364,597.65857,0.052681323
93,46.084206,45.355244,0.039878324,500.97614,412.17664,0.051621836,28.82568,605.16364,0.0474712,389.37305,341.21066,0.033403005,20.674107,613.2242,0.03173028,405.22577,318.39685,0.099667236,402.6117,327.53757,0.17632432,392.25894,330.55283,0.13706124,403.73758,327.38504,0.059463196,22.280869,596.8768,0.050265167,412.99942,335.04944,0.06674321
94,549.16315,580.9354,0.04921434,548.13727,589.41473,0.077452384,28.812607,605.20184,0.052495472,582.39746,582.68274,0.03295338,20.705868,613.16223,0.033913054,308.2687,144.865,0.09140223,554.11444,329.0318,0.12822773,552.9962,329.4866,0.094943404,187.5609,27.23766,0.05660892,22.235046,596.9224,0.056852,310.23755,146.56693,0.052663267
95,46.166103,45.432125,0.039682373,45.566376,45.931557,0.03209639,29.126518,605.3468,0.059330545,38.406696,549.7335,0.021731932,20.781,613.1567,0.03715799,31.19482,604.38855,0.06481126,410.9659,280.96463,0.050693516,17.9033,595.74786,0.0802092,583.7968,593.34814,0.059912585,22.493427,596.92584,0.07074705,30.317667,597.57935,0.061170943
96,46.266544,45.665543,0.04265993,244.35406,268.26596,0.044717737,28.87682,605.7053,0.06573524,37.15106,21.951065,0.027285969,20.871122,613.06116,0.04090508,31.169825,604.4297,0.07324133,251.2879,266.58795,0.06569097,17.838219,595.8143,0.09180437,583.6924,578.4491,0.053434312,22.232025,597.14,0.080718465,30.218328,597.6351,0.06413326
97,390.1699,589.8159,0.041050583,500.54883,380.60547,0.051717803,28.497805,605.2496,0.04762048,373.4197,581.9862,0.033126965,20.593607,613.1765,0.03722599,500.81128,369.95035,0.07139061,506.83295,377.62863,0.083631575,17.709389,595.56744,0.07606847,583.6139,593.06067,0.053292926,21.99663,596.9752,0.06245528,30.648209,597.6352,0.049073305
98,46.314945,45.645172,0.03705793,468.79807,268.77625,0.05075187,28.527088,604.96533,0.041701254,517.0647,373.09268,0.040545803,20.594793,613.2071,0.031812094,405.01355,480.00903,0.105811544,403.84753,487.92126,0.13530038,409.8426,487.7958,0.08545007,583.16235,593.1557,0.05354386,21.979647,596.86304,0.05363473,413.83383,489.15573,0.056321237
99,590.52686,509.89127,0.044886567,453.08902,268.4227,0.084280826,28.708637,604.95374,0.043130364,582.87744,582.9788,0.028777173,20.68564,613.21985,0.030530797,467.71823,255.01096,0.12390731,457.50198,264.95032,0.14951313,473.64285,263.94766,0.10928094,584.3819,497.56848,0.05237789,22.195368,596.8426,0.051380426,476.9835,265.62357,0.066133335
100,590.85455,350.20328,0.04907442,452.85486,268.80984,0.079953454,28.754204,605.0508,0.047652174,485.264,283.9592,0.031874742,20.715101,613.17365,0.031436898,467.80032,256.8329,0.10778655,474.03738,272.85822,0.14343718,466.9026,266.89038,0.07654776,583.5437,353.30026,0.05577351,22.181053,596.87823,0.05652502,476.91483,265.96817,0.045823466
101,590.6279,286.3196,0.039121866,45.58709,45.975502,0.030371588,28.981915,605.30096,0.057206694,582.55927,582.97656,0.03384127,20.813772,613.10474,0.03612853,30.955786,604.4072,0.06192037,590.6144,585.9368,0.035518833,17.857552,595.58545,0.08212239,583.67566,578.3568,0.050466783,22.285477,596.991,0.07024378,30.205742,597.57385,0.056381762
102,590.4637,302.19577,0.0403264,55.378822,597.0945,0.03187062,29.273287,605.3169,0.063868895,582.489,582.83417,0.026818506,52.68291,594.9938,0.051071525,31.697748,604.5363,0.08561306,395.3665,329.2551,0.03993412,17.960678,595.62244,0.09602192,583.1089,578.285,0.06560232,22.549498,596.8724,0.08353233,29.767143,597.45715,0.07021724
103,548.9043,580.9864,0.051383913,548.1052,589.3432,0.07647663,28.95739,605.12994,0.051394325,277.32672,419.91193,0.05321473,20.771881,613.1855,0.034207,276.86035,417.07278,0.13921624,280.76428,426.86658,0.14394547,281.23965,424.36896,0.14527473,291.13092,424.6831,0.058882214,22.356285,596.868,0.05586462,293.55762,433.3352,0.09638493
104,549.03827,581.1701,0.0530066,501.6605,396.2498,0.082214355,291.8871,151.19342,0.05053038,516.49384,396.47885,0.054699887,308.75223,436.72528,0.029905511,513.48846,396.61218,0.156226,499.51166,406.61914,0.2140927,499.95917,408.40598,0.15190622,504.0993,414.79178,0.06722616,22.160448,596.8193,0.04606557,508.24478,413.85226,0.11270783
105,549.217,580.15173,0.05555986,548.5596,589.57117,0.0954486,28.691553,604.9372,0.040304832,405.54593,364.35938,0.040332995,20.653547,613.20593,0.029093524,389.01862,338.84955,0.116100505,387.96704,355.00955,0.12448031,425.0286,389.09677,0.090355344,584.37537,209.15587,0.061283983,22.158482,596.79065,0.04709231,413.2938,378.18408,0.048296344
106,591.4164,238.54654,0.0490189,501.22684,395.5283,0.064220294,28.8849,605.05225,0.04837816,485.72165,405.41647,0.045858525,20.728895,613.2085,0.0318096,513.9186,397.44714,0.118774585,498.35837,405.5877,0.17794457,505.28314,403.43973,0.11896108,584.0063,225.54721,0.07023458,22.332378,596.83435,0.05319088,508.86877,413.9711,0.07211706
107,46.224014,45.638573,0.039091468,276.50174,428.59317,0.0367049,29.055025,605.19965,0.056513272,590.06525,365.68857,0.028385928,20.769768,613.1877,0.03564456,590.94385,587.2105,0.057586305,507.5663,458.18164,0.062025797,17.733253,595.5656,0.079820745,583.4542,578.6681,0.050867837,22.455782,596.8796,0.06530245,30.609097,597.5384,0.0561011
108,46.24879,45.59085,0.04071591,452.98276,476.6329,0.036328353,29.265284,605.62585,0.06578893,36.955566,21.742985,0.025495525,53.043385,581.01807,0.047373272,453.17328,465.61465,0.08137976,458.09302,481.6054,0.101145536,17.838017,595.87427,0.08628636,584.30664,592.8351,0.06821733,22.492067,596.9826,0.0747419,30.178478,597.47736,0.065263376
109,590.24255,333.97116,0.043185588,476.7521,394.82877,0.11609962,29.04383,605.34564,0.058618043,469.35434,371.79227,0.052544046,20.776268,613.0782,0.037800573,453.94904,370.59018,0.14056626,455.98355,388.52765,0.18610048,455.35864,388.78467,0.1625798,584.5885,497.66156,0.07266844,22.228054,596.8985,0.065440476,459.01846,379.2615,0.08835786
110,590.3339,318.18716,0.043014333,244.80487,140.68222,0.04295317,29.122314,605.2892,0.06213061,582.8533,582.9715,0.031739485,20.797905,613.1396,0.03913012,388.95795,337.71683,0.0784816,387.66135,352.82224,0.093717545,17.916391,595.6419,0.08259463,583.5461,592.95764,0.0511573,22.364475,596.93225,0.06662376,30.286785,597.5851,0.056990076
111,590.4789,509.73697,0.047503375,388.8771,509.22314,0.037795056,29.223322,605.3451,0.061112788,581.47864,502.3818,0.03307452,20.849056,613.0698,0.03992524,389.4434,512.17224,0.07680514,394.62885,513.93787,0.10007902,17.871311,595.5669,0.08933937,583.51544,593.1028,0.058932897,22.460411,596.9044,0.07287055,30.051601,597.5808,0.06551613
112,590.71277,350.39587,0.042995073,388.78674,348.9043,0.06596688,29.084518,605.3177,0.06015774,388.87683,565.6579,0.031508412,20.81711,613.13995,0.03795299,389.0169,337.81476,0.096338905,387.8537,352.92435,0.11578699,17.83337,595.6228,0.08571729,583.6267,593.20776,0.058546633,22.44049,596.93506,0.06891287,30.285868,597.6023,0.059965245
113,590.44977,366.22318,0.039870564,484.64407,348.8912,0.038391095,29.357088,605.4529,0.06261742,36.779053,21.595308,0.02345874,52.463223,594.9694,0.05173192,31.754663,604.4233,0.088786565,491.0901,345.51245,0.06466243,17.806559,595.66797,0.094865866,584.114,593.3222,0.058586475,22.67146,596.8496,0.07705443,29.935299,597.4937,0.07041398
114,590.6445,238.06595,0.038109314,388.87994,525.3658,0.048152376,29.029974,605.3638,0.06032196,598.2529,582.4629,0.025949007,20.87103,613.1242,0.037540995,389.32706,497.92133,0.121875785,394.48654,513.66907,0.12756643,17.807407,595.6378,0.08310901,583.4665,578.0685,0.055042993,22.396374,596.8989,0.06811559,30.310244,597.55005,0.058418836
115,590.4725,478.2107,0.039521925,533.3004,348.876,0.076244466,29.082287,605.2868,0.058645427,598.747,583.0851,0.03562153,20.833506,613.1336,0.037164077,533.5435,337.4838,0.085818216,538.3252,344.6721,0.12260621,17.7924,595.68713,0.08062214,583.43066,592.83167,0.04683754,22.400995,596.9281,0.06411529,30.331665,597.57513,0.05507297
116,590.689,350.34552,0.044497073,45.408394,45.814617,0.025698628,28.782007,605.04,0.050865233,598.59686,582.72424,0.030387837,20.718775,613.18207,0.03212978,453.17093,448.70554,0.06327595,451.79813,456.54385,0.100609876,17.79588,595.6312,0.07323356,584.04724,344.62848,0.04717766,22.233917,596.86646,0.05829873,30.582325,597.5471,0.0489979
117,590.4461,350.01025,0.039181802,421.03186,284.9747,0.047584523,28.841251,605.0068,0.050554834,582.5587,582.92834,0.034287203,52.989475,596.226,0.03180884,421.45905,272.65317,0.08980135,425.71484,280.18155,0.108816735,17.78,595.6626,0.06855331,583.5111,578.1013,0.044786524,22.28251,596.8671,0.05403553,30.661327,597.6399,0.047198962
118,590.4469,318.23032,0.039024774,532.2637,348.8735,0.037146084,28.790215,605.0029,0.04987402,582.5979,583.0789,0.03345525,20.719595,613.22473,0.031991124,532.5418,337.44342,0.05930158,538.45044,344.8517,0.079383165,17.819487,595.5297,0.06744392,584.1315,593.465,0.04310602,22.269611,596.8346,0.054005772,30.652771,597.64465,0.045496378
119,590.24963,318.08005,0.035053603,532.76495,492.50623,0.04637043,28.805862,605.0101,0.05087883,582.5343,582.7911,0.030549735,20.735731,613.201,0.031587407,516.7097,370.4319,0.058819216,555.4281,489.66547,0.08705305,17.828785,595.5648,0.06873546,583.54364,578.398,0.049607698,22.25306,596.8619,0.0555134,30.587885,597.6249,0.046576973
120,590.6697,334.3685,0.0403675,55.650616,596.9652,0.03234042,29.429644,605.53546,0.06948778,292.34665,20.686941,0.026367025,52.831642,581.4466,0.05992894,32.299393,604.62256,0.12049431,590.5484,585.7217,0.03335187,17.986185,595.6598,0.10757433,26.848997,595.9654,0.06436629,22.644293,596.8457,0.09385939,29.294014,597.3475,0.0838528
121,46.23301,45.465527,0.04154683,557.33636,346.98056,0.104975395,28.5338,604.6933,0.034733564,550.14417,340.60904,0.042805854,20.505707,613.21954,0.025893245,549.5586,336.36917,0.11456119,552.9482,345.29065,0.1823564,553.0509,343.70148,0.14480564,203.55359,27.212942,0.052379075,21.95738,596.7591,0.039458107,556.46375,346.36484,0.07586599
122,46.23823,45.501743,0.04025736,548.9034,347.80072,0.0992222,28.656633,604.807,0.03916843,565.8867,340.08942,0.043558925,324.71655,468.31686,0.031177107,549.40784,336.4878,0.115327895,553.08136,345.26733,0.18030733,553.1432,343.8781,0.1404591,203.57787,27.289816,0.051455554,22.02346,596.78625,0.043029148,556.57904,346.3901,0.07372357
123,46.28017,45.54765,0.039833494,485.0017,380.68365,0.08455018,28.620012,604.8905,0.044109065,405.43582,516.9098,0.048816502,20.655083,613.1233,0.028741684,500.07254,367.51755,0.0975572,498.36594,371.0385,0.16619347,553.9308,345.77728,0.08587162,583.6917,593.3294,0.055178434,22.002718,596.77313,0.05088489,406.78192,147.41435,0.050482612
124,590.4261,494.3924,0.038795434,500.51437,379.65094,0.059962425,28.608019,604.93256,0.047538497,404.82172,532.7135,0.030312032,20.667835,613.10834,0.029682936,405.60083,482.1631,0.08374666,410.9767,489.83545,0.12733851,17.838043,595.52466,0.06571915,187.54187,27.15683,0.055953506,22.01239,596.8351,0.055095702,30.438389,597.6343,0.04266471
125,46.446293,45.709095,0.040228937,404.84802,525.6858,0.03793296,29.014086,605.2683,0.061996702,404.95496,533.0263,0.042151336,20.81278,613.1091,0.037681736,405.16312,512.8307,0.069632046,403.89417,520.07227,0.09360515,17.930721,595.55786,0.08161273,583.53766,578.534,0.055379286,22.384174,596.92084,0.07122307,30.142382,597.55835,0.059152223
126,61.99688,45.62283,0.041154873,532.5349,380.15674,0.064757936,29.249588,605.2771,0.06603277,596.09045,500.86823,0.024930561,52.75938,595.1708,0.048514806,37.82718,597.4887,0.07983624,538.3725,377.28595,0.11095988,17.973068,595.70337,0.091046214,584.2013,593.37115,0.054655705,22.466341,596.9362,0.07910518,29.731615,597.56525,0.065138355
127,591.44995,574.26904,0.041855156,501.2094,412.32178,0.05670235,28.937773,605.0849,0.05531495,581.68915,502.3264,0.03698692,20.724318,613.09216,0.0342502,501.02887,400.75507,0.09454354,500.02774,408.93158,0.11980999,505.50742,423.30444,0.09624941,584.8987,497.8757,0.05333034,22.208519,596.9162,0.057020053,509.46405,410.35867,0.049214978
128,591.7266,574.06104,0.048321236,413.3929,346.90048,0.0783583,28.9734,605.09094,0.051893916,404.6266,332.93408,0.038405873,20.758701,613.10547,0.033264354,390.0712,335.35208,0.14026551,392.21674,345.2299,0.16603966,388.22446,346.51602,0.12254935,155.63991,27.236538,0.053919353,22.190582,596.89197,0.05640473,396.8755,346.0953,0.08978681
129,590.5869,509.869,0.047157392,412.9335,331.70105,0.09339345,29.066563,605.17084,0.05555886,373.47455,341.53943,0.040036965,20.815233,613.08594,0.034824193,390.13446,322.9196,0.116199076,395.025,332.98373,0.1739611,392.21976,341.12244,0.15477097,402.10898,341.7977,0.058838867,22.280289,596.9307,0.061361153,398.3274,346.30832,0.1030761
130,46.18212,45.48225,0.0402749,45.550686,45.967453,0.032627255,28.868513,605.0307,0.05283631,405.58774,340.3008,0.027891437,20.737743,613.15894,0.03208211,389.51498,352.1039,0.06355649,452.15588,503.8005,0.09276241,17.887018,595.56885,0.06972209,583.7057,593.2008,0.055718195,22.23779,596.8825,0.056563787,30.505394,597.6286,0.047252025
131,590.421,381.94904,0.04109816,308.63937,508.39914,0.03133962,28.85664,605.07434,0.05446141,583.001,583.43665,0.03695456,20.749292,613.148,0.03332535,309.2315,497.45352,0.06668944,308.3102,505.56937,0.067860685,17.928505,595.57794,0.07348965,583.6656,593.14703,0.04885817,22.22409,596.9105,0.059353977,30.412458,597.60474,0.04919479
132,590.50696,398.1101,0.040441968,55.78664,596.7032,0.03127877,29.250809,605.38074,0.072151616,590.21875,366.2393,0.0271921,52.567184,581.18207,0.07316847,37.981297,597.89514,0.12223801,498.76642,367.82016,0.07312075,18.096043,595.515,0.09892609,584.4703,593.1923,0.06226899,22.584692,596.564,0.08913636,35.68094,596.19,0.079974815
133,46.00548,45.33836,0.036552157,45.468754,45.75166,0.028343312,29.025738,605.27466,0.05468438,596.27783,501.22452,0.024666777,20.771406,613.1866,0.035484277,436.4748,385.237,0.06527769,434.6142,385.28677,0.095268324,17.809753,595.6533,0.07363208,569.67816,346.28268,0.060229924,22.43877,596.85626,0.060478527,30.557306,597.5284,0.053405255
134,590.4408,286.17596,0.035102118,333.35574,476.0545,0.04276462,28.70458,604.9912,0.043137886,437.77084,396.87955,0.028460417,20.674572,613.24524,0.02949399,325.31497,465.27356,0.08364508,434.18436,385.45306,0.1140952,329.92984,473.41547,0.07686646,171.5456,27.201532,0.057833944,22.204582,596.80493,0.045157325,333.6181,474.8827,0.05791476
135,590.439,286.19522,0.03616408,333.1698,476.06375,0.047223434,28.747984,605.00226,0.04107316,597.3916,22.388056,0.034341555,20.683151,613.2937,0.02985445,421.41385,482.45377,0.08869334,420.15866,497.67398,0.09972729,330.1354,473.6362,0.07607077,583.85046,593.5566,0.048366264,22.275545,596.8303,0.046360157,333.5707,474.84448,0.05102954
136,590.4202,366.10712,0.039211247,548.83325,590.19574,0.043301124,29.036617,605.16425,0.051955223,597.31165,22.430347,0.029864073,20.745035,613.1579,0.03457585,421.3262,336.95996,0.07328759,425.4762,352.06958,0.088551044,17.822851,595.6946,0.0743711,584.14014,593.71674,0.04264877,22.380964,596.9305,0.062303867,30.458496,597.5574,0.054047346
137,590.71576,366.28537,0.047360104,484.92517,508.6591,0.036558613,29.029419,605.2448,0.0565571,597.27527,22.445122,0.02946859,20.790466,613.1179,0.035793856,30.972107,604.3961,0.062226474,483.7327,513.8356,0.08225124,17.836987,595.6445,0.07654225,583.8849,593.3866,0.049076423,22.363829,596.9562,0.066689976,30.237022,597.5242,0.055847578
138,590.34485,374.04382,0.041892786,253.00632,252.4623,0.031468377,29.05568,605.2588,0.057062756,597.2278,22.446297,0.025191464,20.794409,613.1537,0.03609413,30.97605,604.3835,0.05923316,250.8545,249.82245,0.057747122,17.797117,595.65326,0.07624818,583.9958,593.4979,0.05456976,22.422504,596.9698,0.06485946,30.435524,597.5778,0.056503277
139,590.27734,285.94855,0.03614729,525.55664,444.6905,0.031664677,28.81834,605.1118,0.0538817,597.2725,22.516909,0.029706722,20.71458,613.14386,0.03421717,590.52014,603.219,0.05779413,522.39075,441.96646,0.081220716,521.4871,442.11823,0.104847744,584.04724,593.0845,0.061492614,22.18638,596.942,0.06223867,526.4067,443.1187,0.05146946
140,590.2262,301.95837,0.036364146,548.90216,508.45654,0.069236785,28.81773,605.022,0.046169534,565.51215,524.54755,0.05718845,20.659496,613.19977,0.030137317,453.20547,417.12958,0.10203921,553.46576,515.27814,0.17046571,547.1133,508.7201,0.09334954,583.86487,593.4185,0.05527156,22.21205,596.85266,0.05270231,446.38528,521.8092,0.04606227
141,590.5747,318.11526,0.04051619,436.59402,524.52765,0.04178578,28.886812,605.1682,0.05091008,453.23257,524.40094,0.027503386,20.691326,613.18744,0.032566242,436.9861,513.6354,0.06173125,442.25986,521.04443,0.102220975,17.793783,595.654,0.06939272,583.9625,593.26556,0.063588955,22.253233,596.96106,0.0591599,30.509539,597.6257,0.048308097
142,46.018776,45.402477,0.034591023,460.19266,246.37195,0.07123717,28.97256,605.14777,0.047958422,452.95093,532.544,0.031229828,20.69088,613.2031,0.03145545,438.21323,241.16905,0.12385903,440.8272,249.66002,0.17073074,440.6899,249.0047,0.14515436,441.19183,256.6874,0.063840315,22.310738,596.8964,0.05673772,444.9244,249.68408,0.101285085
143,46.0034,45.41319,0.035367284,437.5158,252.41095,0.05479064,28.648605,605.02826,0.038894184,454.17712,268.66916,0.03156419,20.554356,613.28436,0.029435957,437.9193,242.02402,0.1177998,441.6693,257.69116,0.171549,457.27435,248.2293,0.13331795,583.81525,578.49426,0.062420707,22.120304,596.85815,0.04846695,445.14734,250.23381,0.078655705
144,46.248158,45.59663,0.04004254,54.98227,596.98486,0.034587614,29.135002,605.5027,0.07087822,598.39417,582.78033,0.027033715,53.22864,580.89984,0.04861106,60.659813,590.0669,0.07963797,491.1709,345.78232,0.04564481,18.121553,595.8253,0.08812135,583.3657,578.16614,0.061038025,22.391157,596.83984,0.077893406,30.194183,597.2967,0.06727691
145,45.920403,29.101908,0.04252258,500.43436,460.39114,0.06433318,28.62973,604.8729,0.036984794,516.8773,459.93198,0.040682673,20.60214,613.3554,0.027488466,500.6238,448.06067,0.08920019,506.57904,450.97272,0.13065559,498.60693,444.0901,0.0736236,584.0138,593.7911,0.04857677,22.124315,596.7386,0.03869091,47.22789,28.629501,0.037931506
146,45.93421,29.169163,0.040454112,468.62213,428.4948,0.08475778,28.67568,604.89197,0.038939863,438.60822,364.43967,0.034600046,20.57972,613.3467,0.028301483,422.23822,335.99158,0.12235614,431.7135,340.46698,0.1866808,423.8374,344.71814,0.14939715,439.91364,351.56393,0.05808331,22.109486,596.7852,0.03837958,430.488,346.04074,0.08936644
147,45.928356,29.18673,0.040355254,421.6014,349.31775,0.05789932,28.666306,604.8981,0.03725665,597.3185,22.53491,0.031992715,20.601309,613.3316,0.02655793,422.42035,336.6339,0.118341684,432.1403,339.87155,0.20630564,423.70502,345.78384,0.14247939,434.87778,342.11853,0.06782984,451.9149,354.91364,0.051605918,430.71536,346.273,0.08147181
148,445.8804,589.54254,0.040459014,484.66577,460.8056,0.047801524,28.646385,605.0442,0.047642797,597.3612,22.643349,0.027838156,20.642744,613.2828,0.030044684,484.52853,434.2239,0.0633879,490.79324,450.04532,0.093733616,17.758543,595.718,0.05657584,203.62624,27.239826,0.056985836,22.233036,596.9096,0.047179002,30.862604,597.70197,0.039837364
149,45.949886,29.128479,0.039460916,45.726368,38.51247,0.028284054,28.959316,605.17944,0.055915605,596.3039,373.1401,0.028476069,20.767149,613.2266,0.032895945,590.47546,603.0942,0.056411963,394.74722,328.5228,0.06239628,17.794983,595.7175,0.06802205,584.0503,592.83136,0.0616536,22.3873,596.97906,0.055453144,30.614817,597.6835,0.049202777
150,45.609486,93.22234,0.039009918,45.609962,38.31721,0.026952256,28.999722,605.2561,0.05885848,590.3346,382.0995,0.03689478,53.298344,595.72876,0.037368245,590.44507,603.2865,0.051953733,590.8204,585.927,0.02777439,17.708185,595.76855,0.071208335,583.7191,578.6038,0.057651605,22.49379,596.95905,0.05952743,30.678661,597.6924,0.049912926
151,45.809685,29.029882,0.039658926,308.18307,140.47159,0.030345934,28.627668,604.8417,0.039848108,36.744328,21.70814,0.024065616,20.593092,613.2877,0.02725711,591.10034,587.44855,0.055043377,307.32535,146.1438,0.05017788,583.7998,580.2266,0.053307418,583.5865,578.5783,0.057143107,22.225012,596.7781,0.03985366,594.9751,581.8286,0.041782804
152,45.776196,28.996872,0.03896487,324.3257,140.48174,0.037911195,28.644321,604.91364,0.04098906,596.42255,341.381,0.027945656,20.592289,613.32904,0.029401278,324.73917,129.7655,0.06323881,521.24994,520.325,0.077293985,17.78571,595.59717,0.05126754,203.5959,27.047163,0.064343795,22.248669,596.7952,0.039349064,594.6697,581.75287,0.045204658
153,590.51337,238.06726,0.038979314,540.27234,517.9031,0.047416985,28.648752,605.0093,0.046828907,533.27234,524.4133,0.031739417,20.580479,613.2571,0.030413378,517.2404,512.3332,0.058956377,515.8893,519.93945,0.11201559,531.1308,521.9314,0.06701245,584.1206,593.24634,0.05628946,22.208345,596.8488,0.04556827,47.00666,28.529234,0.040457897
154,590.75165,334.43784,0.04513398,452.82706,269.30795,0.030903777,28.65854,605.03894,0.05000738,596.28766,372.9453,0.026846675,20.577387,613.2343,0.03086043,590.2688,603.2312,0.058193214,459.13965,265.2517,0.052670114,17.765682,595.6551,0.060483593,583.6703,578.76434,0.061854273,22.218706,596.90076,0.049550682,586.411,588.8511,0.04079739
155,590.6625,254.16585,0.038684003,452.74777,380.26987,0.04744919,28.939045,605.23444,0.05612991,596.13635,373.00903,0.022979356,53.13667,595.6215,0.03692332,452.82086,368.559,0.09055042,452.03745,375.8412,0.10796136,17.919315,595.783,0.07157612,203.58368,27.066736,0.053714667,22.256369,597.0461,0.06113093,30.317926,597.60004,0.050147984
156,590.8558,318.47742,0.043673985,55.20064,596.93353,0.03312109,29.146036,605.2658,0.070255436,582.30646,582.8504,0.030049348,52.580734,581.3472,0.065407984,37.91214,597.6105,0.103600316,307.7418,19.164818,0.03379687,18.012524,595.59424,0.0947665,583.71436,312.7284,0.047300193,22.681097,596.70123,0.08400701,29.588158,597.40515,0.07186554
157,590.503,430.20053,0.037884608,340.4348,492.1673,0.058691736,28.615826,604.9381,0.04308456,597.21344,22.408861,0.026519276,20.57559,613.1913,0.030904569,340.60562,481.79172,0.100018345,506.82208,179.56117,0.10446645,329.51624,507.17136,0.09054468,155.63518,27.303686,0.058577985,22.013773,596.8949,0.046126693,46.761955,28.643215,0.04811318
158,590.41003,430.11646,0.035992626,485.16327,557.3511,0.034408316,28.5679,604.8976,0.03738654,597.232,22.526802,0.026374409,20.579685,613.2592,0.030479345,485.89996,544.4448,0.06271516,489.73,551.94867,0.093116045,489.14804,552.6723,0.07520828,583.681,578.5415,0.05907014,22.033314,596.8474,0.042591654,46.75478,28.669039,0.047966655
159,46.263584,45.49871,0.039471284,485.2431,557.4125,0.042521685,28.560568,604.91565,0.039437436,36.768997,21.547132,0.025999235,20.605106,613.2541,0.03081208,485.7104,545.2413,0.065946065,490.64172,552.49036,0.09050841,489.24197,553.6327,0.05316252,583.63025,578.4755,0.055303957,22.02907,596.877,0.042999662,46.851208,28.64358,0.04642869
160,46.284256,45.53294,0.03939846,462.589,362.54358,0.05501655,28.662533,604.9869,0.04278239,445.9996,372.53345,0.026141293,20.635939,613.2046,0.030054132,466.07202,349.66183,0.08933013,449.8605,357.20752,0.18932456,440.9908,361.40747,0.10673259,583.286,578.6345,0.05605604,22.03472,596.9216,0.049275517,469.8918,353.95355,0.07206985
161,46.241768,45.538345,0.03742952,45.629063,45.991814,0.02964707,28.87677,605.14124,0.054608528,590.56195,334.15405,0.034568977,20.720795,613.1397,0.03532292,590.5595,603.2902,0.0585574,490.66635,552.48035,0.07360971,17.91356,595.69794,0.07165188,583.8019,578.50616,0.058810275,22.17471,597.00397,0.061288726,586.9092,579.8172,0.052340236
162,46.23574,45.568363,0.038601536,45.614426,46.034958,0.030476939,29.286724,605.402,0.06510208,596.3164,373.14825,0.03103085,20.822067,613.01306,0.043175094,31.60656,604.4976,0.080056086,590.6831,585.98114,0.034626562,17.951193,595.6315,0.089739874,583.81024,578.44806,0.060688253,22.468534,596.96436,0.07816891,29.896196,597.4914,0.067011416
163,46.2545,45.54553,0.04242129,276.23193,268.31787,0.039356552,29.505552,605.33966,0.07014889,36.80142,21.636068,0.024427023,52.685745,581.0665,0.06048248,32.22457,604.55804,0.10940539,276.01932,265.20624,0.076553024,17.859512,595.5053,0.10341281,26.787106,595.96606,0.060719136,22.643929,596.7759,0.08874282,29.363642,597.3052,0.079268575
164,46.16442,45.46327,0.041915525,188.10129,44.301693,0.033702135,28.970264,605.06085,0.049966093,597.23395,22.426628,0.025542714,357.0916,436.8246,0.033280134,590.95105,587.2585,0.05096443,339.46405,433.64746,0.051799715,17.866966,595.724,0.064783365,583.45953,578.67474,0.057563487,22.307098,596.92694,0.05389538,30.506905,597.60803,0.04578526
165,46.211937,45.45112,0.03958937,477.14227,539.21454,0.09100162,28.797268,605.0317,0.045145143,469.98425,540.5625,0.05725101,20.642656,613.23553,0.030778896,468.1615,528.6591,0.11669978,473.7086,538.25684,0.1583668,466.6229,538.8625,0.1349843,583.2291,578.4208,0.058925647,22.233583,596.9183,0.049371295,476.2805,538.2222,0.058817934
166,590.39655,286.07712,0.040412225,188.51526,44.471523,0.04566391,28.931847,605.1195,0.051311914,597.245,22.346592,0.027207138,20.710598,613.1885,0.0340527,196.8459,50.372765,0.05662804,339.4224,505.9849,0.040610936,17.84673,595.6623,0.06711535,583.33746,578.68445,0.057299163,22.323458,596.9768,0.05620286,30.540504,597.66785,0.04803131
167,590.2647,302.08774,0.03937425,45.612328,45.964157,0.031278707,29.029644,605.17035,0.054139424,597.3043,22.399494,0.031241853,20.749018,613.1915,0.034624785,591.11676,587.25555,0.057718545,590.9707,585.75073,0.031548746,17.837057,595.6569,0.0695954,583.51013,578.6828,0.056817926,22.39513,596.99524,0.057906743,30.513178,597.6987,0.04965827
168,590.36554,462.2722,0.035207897,55.278233,596.81665,0.029214185,29.393095,605.3776,0.066889755,36.867733,21.720642,0.026496526,52.75112,580.99194,0.07301893,38.13978,597.5962,0.09772132,331.77756,515.11847,0.03530561,17.96138,595.8253,0.089916006,584.4687,593.18677,0.06731884,22.721596,596.9005,0.07869077,29.972801,597.3935,0.06927622
169,590.4851,254.07477,0.03776589,276.36566,284.53104,0.03484602,28.518044,604.9881,0.046708938,597.3966,22.52274,0.034866724,20.692396,613.34344,0.033455536,276.70642,274.57376,0.05409664,339.04007,451.23975,0.061055683,17.904484,595.56195,0.05751738,583.88,578.9361,0.05434721,22.147255,596.8829,0.047044743,46.754124,28.736223,0.044801384
170,590.4905,478.06522,0.03588443,356.6969,140.11374,0.04292663,28.489855,604.96216,0.048267696,597.3068,22.574795,0.029430699,325.36404,357.58902,0.03435055,357.05923,128.73517,0.112642765,356.1459,136.60132,0.11578162,362.15164,136.07767,0.07584987,583.4178,578.41974,0.06338518,22.084059,596.92065,0.048647404,374.61206,130.73683,0.056394335
171,590.555,478.22943,0.03798707,308.40372,348.35065,0.0473084,28.71864,605.0635,0.051213607,597.3499,22.595499,0.028885439,325.23935,357.5173,0.0358724,308.97134,338.39423,0.079036705,506.83725,339.20148,0.0925453,504.5151,345.27994,0.09817883,583.7211,593.2431,0.061975095,22.228107,596.96094,0.052412685,46.832687,28.737402,0.047373008
172,590.5592,270.20737,0.037838057,308.8575,348.8306,0.044183932,28.504795,605.1424,0.052316595,597.337,22.547934,0.025865413,20.527073,613.2058,0.036273345,324.74173,352.31006,0.11698702,321.28586,355.59412,0.10431245,313.30722,362.07175,0.10053235,583.6715,578.5891,0.057628047,22.013443,597.06274,0.061980117,327.0893,353.22696,0.059780467
173,590.73486,478.51404,0.040724277,421.33215,300.9633,0.060614955,29.449026,605.38495,0.06449346,430.5723,308.2977,0.036843345,52.676704,594.45233,0.06934238,421.87527,288.95514,0.107957035,425.52026,296.2042,0.1495856,425.12247,297.33618,0.09132772,583.55176,578.5477,0.062329262,22.724081,596.9654,0.07146298,29.970825,597.5152,0.06852034
174,454.47766,574.1584,0.038165126,341.0723,124.987335,0.061309494,29.337027,605.3749,0.06222852,453.28638,565.6766,0.038687952,52.850822,594.6449,0.06119886,341.45938,114.63957,0.11052798,340.29672,130.98477,0.12982081,18.012619,595.75214,0.080425225,583.57776,578.74756,0.058332644,22.601706,596.89056,0.06638146,29.966776,597.45355,0.059349954
175,590.5532,125.97297,0.035977006,478.07138,298.7815,0.061218213,28.87177,605.22205,0.058144107,470.3351,292.75333,0.038243942,53.085438,595.2872,0.046333738,469.4461,288.00104,0.12652692,468.3003,296.8935,0.15367483,467.73682,299.18918,0.12461242,583.79254,578.6983,0.059316054,22.304007,596.98126,0.058551542,477.05225,298.2332,0.07570351
176,590.7175,430.252,0.03696669,445.36066,558.40454,0.030726148,28.703346,605.3057,0.058343004,453.83636,548.9804,0.043497402,20.751892,613.1973,0.038174592,453.62366,544.1142,0.06006938,450.9001,551.83624,0.0974816,17.957924,595.63556,0.07394887,583.3955,578.7075,0.059371654,22.231375,597.03784,0.061226055,30.345276,597.6631,0.0528278
177,590.5872,238.15414,0.03764447,292.6603,268.09436,0.0659433,28.952665,605.36707,0.060456995,453.93683,548.4757,0.042518333,20.823101,613.18945,0.04010947,292.94672,271.61356,0.1039419,291.93585,276.13864,0.13684362,440.44852,554.42255,0.0855324,583.2375,578.62463,0.0584787,22.264338,596.9972,0.06469417,30.183699,597.5929,0.058121387
178,590.5124,254.14664,0.038621288,45.4515,45.817654,0.024285084,28.698092,605.15985,0.052976914,597.28345,22.524012,0.02732743,20.67871,613.3636,0.033946574,590.28986,603.2768,0.052548558,459.75845,553.2917,0.04979718,17.885551,595.64703,0.06518654,583.57733,578.49677,0.05444523,22.22303,596.9608,0.05191769,30.751295,597.63116,0.04591863
179,590.62665,158.03644,0.037517533,54.666706,597.0549,0.028891375,28.822807,605.56934,0.061914403,582.37555,582.8549,0.025387863,53.215267,595.08466,0.05241382,60.4208,589.78015,0.064955115,590.7769,585.4958,0.032499455,17.96936,595.5379,0.07646592,84.14764,586.82635,0.051842492,22.361908,597.0609,0.06554531,30.464252,597.5984,0.05515108
180,46.234627,45.520622,0.040358618,54.799248,596.8082,0.043469712,29.373264,606.00275,0.07534979,36.786385,21.670813,0.024032008,53.371964,580.9246,0.08661018,32.195667,604.4088,0.11764032,44.892403,606.86743,0.031898953,17.92672,595.7302,0.103055246,26.644554,595.5923,0.06273463,22.707182,597.20856,0.08757831,30.239603,597.5408,0.08369249
181,590.5799,494.34988,0.03974507,45.51163,45.842773,0.028289046,28.677273,605.14575,0.053195108,36.668133,21.568373,0.025363568,85.01225,594.8201,0.042935245,591.0912,587.4126,0.06084619,590.9764,585.888,0.025044506,17.96044,595.6168,0.070214234,583.59283,578.6969,0.05991673,22.18782,597.0177,0.057431355,30.662933,597.64545,0.04715027
182,590.3906,270.1084,0.038780782,45.487133,45.855545,0.026949033,28.684128,605.06195,0.049634796,597.3717,22.601154,0.028760122,20.66121,613.25903,0.034479782,591.1112,587.36847,0.06267062,314.7531,505.52057,0.053424302,17.882755,595.5748,0.06830259,583.3864,578.69507,0.060817186,22.200272,596.9429,0.055066377,595.3707,596.6518,0.04666877
183,590.7195,430.3068,0.04058192,308.68747,172.08566,0.05517033,28.659283,605.02106,0.049289953,36.61766,21.533634,0.026693735,20.610342,613.31244,0.033443823,309.27557,161.46205,0.09270027,313.5438,169.17278,0.107718766,313.85635,169.08812,0.07897564,583.538,578.75085,0.062665895,22.18697,596.9569,0.051090345,595.2541,596.34937,0.050527073
184,590.48785,446.16235,0.037121013,309.1198,172.71808,0.05385209,28.52235,604.91833,0.047421787,309.6378,164.79272,0.032688715,85.21363,595.4371,0.03352028,324.30865,159.47195,0.10618778,313.7815,169.62123,0.120621294,313.13855,169.23956,0.11061057,584.00073,593.26996,0.05642984,22.0901,596.9231,0.051903777,317.98608,171.06181,0.055852108
185,590.3624,301.9278,0.038541064,45.568882,46.00006,0.027467892,28.969076,605.32745,0.062458288,597.2533,22.665058,0.02710733,84.900185,594.8686,0.042427152,31.016054,604.5061,0.06786295,330.64148,361.70587,0.063997075,18.038164,595.6891,0.08296546,583.6699,578.862,0.06085135,22.333792,597.0493,0.06843035,30.157671,597.5557,0.05609574
186,590.66376,302.2105,0.04001953,45.52004,45.938667,0.027056608,28.777842,605.43097,0.059667565,597.25903,22.608421,0.030562202,20.701109,613.2787,0.036335245,30.753939,604.4664,0.06109658,339.62506,146.26332,0.0377441,17.993124,595.69916,0.07163551,583.84705,578.6635,0.05855682,22.365318,597.10516,0.057867464,30.620335,597.771,0.05078581
187,590.7059,302.3248,0.040496405,436.74454,524.64307,0.03656263,28.702679,605.2781,0.0583805,597.1991,22.478916,0.028402358,20.702726,613.3212,0.035397902,37.771038,597.00476,0.054750495,442.74802,530.1631,0.0747344,18.005156,595.6376,0.07138946,583.7139,578.6825,0.061610512,22.29275,597.0599,0.05758563,586.74194,580.0089,0.055819277
188,590.5366,222.10435,0.03711412,45.949734,611.92395,0.029828027,28.882011,605.5134,0.06727151,597.2308,22.559502,0.032361966,21.79891,596.77844,0.05834423,31.581715,604.50397,0.11433638,244.10555,274.17584,0.036730185,17.88193,595.02216,0.10391395,27.239685,595.86914,0.0728249,22.025959,596.9105,0.085191816,29.333235,597.50323,0.07982754
189,590.61786,318.22556,0.03800518,284.3061,540.65045,0.045229323,28.834059,605.54266,0.06037365,597.25104,22.595083,0.034581386,53.13741,595.1783,0.047612265,30.971798,604.3637,0.076342046,283.45987,554.55023,0.0564751,17.940739,595.4839,0.08531907,583.7739,578.6576,0.06228431,22.226439,597.0981,0.06677898,30.259167,597.6109,0.057264306
190,590.4838,302.28632,0.03762836,45.544804,45.949097,0.027138546,28.660803,605.5947,0.06092053,452.78683,516.9087,0.027620334,20.589565,613.2507,0.043677963,30.725128,604.34344,0.07137177,442.41406,530.4424,0.07368564,17.866774,595.7704,0.08290742,583.81287,578.8748,0.06625388,22.310947,597.0935,0.061176375,586.48,580.1296,0.056832135
191,590.24646,285.8571,0.038602922,300.23117,492.47034,0.036702912,29.100752,605.4533,0.06107203,36.732025,21.648682,0.02527977,53.300056,580.88086,0.051244117,60.51133,589.94,0.07053155,299.74283,491.2243,0.036878884,17.956131,595.83704,0.076550744,583.5867,578.5651,0.06448477,22.542936,597.13416,0.061341446,30.521933,597.7155,0.054854825
192,46.182945,45.420513,0.03833325,45.50751,45.942787,0.032473136,29.041317,605.7113,0.05858346,36.67716,21.492075,0.026189933,53.084682,595.6617,0.051190786,31.078243,604.40485,0.065660626,590.4232,585.97217,0.027565585,17.890846,595.8394,0.0708114,283.08615,26.702387,0.05496008,22.7134,597.1871,0.060661517,30.800844,597.6634,0.054604582
193,590.4272,318.19083,0.039177377,45.449287,45.81937,0.030175168,28.445,604.91345,0.046729796,36.520588,21.409557,0.026385007,20.610338,613.38666,0.034401834,590.59143,603.21564,0.05843144,355.64374,450.65594,0.052618433,17.810982,595.466,0.057028092,583.83527,578.7082,0.059368707,21.984688,596.90497,0.047820523,46.75517,28.712593,0.049625695
194,590.518,302.27536,0.038911194,45.473553,45.87358,0.033053193,28.584518,604.9984,0.04981142,597.2622,22.605747,0.027843904,20.602613,613.28485,0.033467695,590.709,603.29675,0.054698918,355.90808,451.10092,0.040648397,17.93118,595.617,0.062119324,583.786,578.7111,0.06738346,22.029696,597.011,0.05145745,594.6444,581.5888,0.04795262
195,590.65924,318.2059,0.04475379,45.501347,45.837196,0.03260172,28.435728,605.4441,0.05912943,597.32245,22.617249,0.025206488,20.61934,613.2424,0.042423196,30.354164,604.3669,0.05685778,371.4395,434.89673,0.032143436,17.869783,595.49963,0.081244566,583.4439,578.80585,0.069421254,21.968426,597.11993,0.06577092,30.524958,597.6111,0.050865777
196,590.4072,318.1579,0.040325444,276.44064,268.36185,0.036116444,28.464376,605.23315,0.057984173,597.3334,22.61866,0.025200361,20.50503,613.2885,0.040643327,277.04895,274.1709,0.0589953,276.11237,274.8435,0.073921405,17.95234,595.6226,0.07479584,583.33405,578.72174,0.060883515,22.080746,597.0496,0.059357688,30.679115,597.64087,0.048843652
197,590.88226,318.40933,0.042532485,45.40316,45.729687,0.027562283,28.592459,605.3151,0.05362566,597.2996,22.713625,0.026088238,20.680666,613.4338,0.039293915,30.317202,604.2407,0.051403683,371.1976,450.04218,0.03734423,17.862041,595.60785,0.06583424,583.6808,578.9321,0.055365957,22.282682,597.03876,0.047089916,46.605186,28.804766,0.046346564
198,590.78046,318.38812,0.0404351,45.568783,45.884205,0.029787939,28.493446,605.29913,0.050252896,596.3711,469.45502,0.028304605,20.672382,613.45056,0.037686653,590.6992,603.26025,0.052397076,307.76794,339.10715,0.031803787,17.72189,595.5217,0.06313845,583.7485,578.7387,0.05636012,22.179817,596.9566,0.04933247,594.7197,581.74884,0.045330297
199,590.82056,158.25974,0.038057473,45.550125,45.890057,0.030608233,28.543436,605.2511,0.050881565,597.225,22.559395,0.032513347,20.72678,613.392,0.038255952,30.245968,604.2873,0.053038817,395.3992,498.58328,0.05190487,17.798101,595.5545,0.061994255,583.77124,578.67194,0.05635344,22.287397,596.9163,0.047561634,46.80637,28.757229,0.04626872
200,590.8951,126.137245,0.039891604,45.462147,45.814335,0.030109845,28.472609,604.8746,0.040848583,598.2961,582.73456,0.025764687,388.6468,436.0149,0.034454003,590.5493,603.26495,0.060415287,387.6889,435.3794,0.04111696,17.775297,595.59064,0.051064856,583.70715,578.5793,0.059288286,22.137863,596.8549,0.040192034,46.69372,28.78987,0.04847741
201,46.145714,45.38508,0.039515454,45.489338,45.88677,0.031904817,28.474297,605.1124,0.04708342,597.3182,22.694693,0.027517235,20.597418,613.43585,0.03574516,590.56195,603.1862,0.056961693,387.52365,450.2052,0.04663404,582.549,587.7329,0.056874156,583.5745,578.4185,0.056956086,22.233656,596.8735,0.045064416,586.81433,579.6809,0.05070047
202,590.84406,206.2213,0.039746363,45.456013,45.852467,0.03171109,28.452667,604.986,0.044901054,597.3338,22.641422,0.031458095,20.631077,613.3965,0.033442445,590.6137,603.3875,0.05947004,378.48828,400.29584,0.06799298,17.920605,595.5441,0.050519545,583.9109,593.13226,0.05885402,22.180708,596.8196,0.039816596,46.751396,28.835608,0.046999924
203,590.9729,126.316864,0.0375867,45.499866,45.808083,0.027926208,28.536135,604.90967,0.045657303,36.5115,21.335642,0.023774577,85.07156,595.08624,0.040112592,590.7021,603.3303,0.06361575,387.8908,514.58167,0.04595782,582.48145,588.0652,0.05701935,583.9601,592.82263,0.07233316,22.17046,596.8532,0.041454073,594.9573,596.55585,0.048130628
204,590.41833,302.20728,0.03702395,54.32814,596.9023,0.0320587,28.981722,605.7438,0.060807005,590.34247,382.2318,0.038805753,53.04788,595.1068,0.049021006,31.104546,604.30176,0.068569936,307.70337,19.163458,0.03476918,17.851526,595.85547,0.079321064,584.248,593.67554,0.049316384,22.58455,597.0453,0.064278096,30.74602,597.5147,0.057511814
205,598.2624,333.18393,0.037589844,404.51428,460.86526,0.03450999,28.585167,605.1401,0.04736686,590.31445,509.90997,0.03569096,68.86469,594.90717,0.041559085,590.6212,603.1276,0.054823656,371.22296,369.21237,0.06439839,17.79707,595.76306,0.06400216,203.43314,26.961382,0.061971176,22.180223,597.0059,0.052244373,594.9111,596.446,0.04981215
206,590.54144,334.42508,0.03819759,405.15768,460.82275,0.060584437,28.62898,605.2097,0.05077495,597.30383,22.762688,0.034806836,20.47287,613.30035,0.038311057,405.62503,450.18695,0.11753112,404.45364,466.42313,0.12696481,409.28284,458.0761,0.07616015,203.5985,27.04337,0.06325071,22.182713,597.01135,0.056043986,423.14008,449.90637,0.061703335
207,590.7166,318.58997,0.04126482,452.69827,460.18347,0.029071394,28.545874,605.00836,0.03960195,597.3731,22.796728,0.03618368,20.58299,613.4587,0.03443247,590.59296,603.2983,0.061510082,451.19577,456.16382,0.091549754,577.3185,579.49567,0.05087872,584.046,592.8689,0.06581439,22.262543,596.7641,0.039773054,595.06433,596.6639,0.049266316
208,590.61206,334.44788,0.039371103,461.5058,458.20993,0.075863294,28.528639,604.7684,0.03927731,597.336,22.789774,0.032790225,20.521938,613.37885,0.030942133,452.2574,447.6545,0.082188234,450.86957,455.288,0.09444942,458.15955,454.62274,0.06805095,203.32707,26.742449,0.056082126,22.134384,596.73914,0.03478559,461.3243,456.35233,0.05110434
209,598.25543,317.20145,0.039596803,548.07965,589.2055,0.027559066,28.757437,605.34503,0.058673993,590.56964,494.48438,0.032131128,20.69756,613.08655,0.038190708,30.781992,604.42584,0.07213574,315.19315,249.54286,0.068666466,17.999311,595.6081,0.07924067,583.36414,578.5322,0.063280575,22.214424,596.9969,0.06323761,30.354136,597.5616,0.056113787
210,548.8668,580.80804,0.040120795,548.05975,589.1697,0.048682697,28.816755,605.6454,0.057203308,597.3506,22.705181,0.03198289,53.247894,594.9586,0.04552315,30.887968,604.2482,0.0765828,556.4772,594.4349,0.041571572,17.980703,595.82434,0.073735386,583.61194,578.61456,0.052518416,22.294075,597.2177,0.057005275,30.642258,597.58826,0.05861328
211,590.4269,334.19498,0.037885834,54.705433,597.0429,0.029359877,28.93799,605.7931,0.05797184,590.6808,398.55246,0.031443305,53.239006,595.062,0.053464472,30.999512,604.27673,0.076391906,573.0571,595.21405,0.027894305,17.872442,595.8504,0.07453204,583.6479,578.7123,0.054441214,22.48023,597.22876,0.05445543,30.89154,597.6586,0.059763364
212,598.05835,333.08643,0.037978508,252.31601,396.57895,0.037135012,28.684647,605.3869,0.053539366,597.34845,22.758348,0.029777987,20.690094,613.466,0.037538566,590.303,603.32056,0.056864806,590.6899,585.8779,0.028503397,17.680943,595.7462,0.061787702,583.76843,578.6914,0.051062815,22.39215,597.0518,0.045716625,22.762848,604.013,0.048449427
213,549.23175,581.0163,0.04490311,356.70193,268.52573,0.047289494,28.597378,605.40125,0.053753823,597.3331,22.827766,0.032387305,20.6953,613.4195,0.039270766,357.0769,258.00702,0.1071602,362.20563,264.96817,0.11180543,361.57614,265.72778,0.06706697,583.57806,578.57745,0.049187712,22.331255,597.0661,0.046618413,365.87872,266.01904,0.050091974
214,549.38934,581.1347,0.041681826,548.4724,589.52057,0.043841355,28.71329,605.34717,0.055732727,582.4668,583.2508,0.032709282,20.625216,613.4683,0.04102274,590.3052,603.31995,0.06400947,556.0192,586.22076,0.041759126,17.756962,595.7292,0.06567847,583.755,578.50726,0.061711416,22.437557,597.03973,0.04989837,22.748526,603.96173,0.049768228
215,590.23865,285.99487,0.039823327,340.61395,236.74962,0.06659998,28.456066,605.11285,0.04387046,590.6232,366.35596,0.032355197,20.661411,613.5755,0.035677418,356.953,239.62994,0.15496191,354.10043,257.36945,0.15110208,355.4055,250.69662,0.11562126,583.7465,578.7347,0.058793724,22.359177,596.8099,0.041377343,365.71542,249.63966,0.07072002
216,46.370888,45.660625,0.047079157,45.675755,46.24434,0.03722611,29.153776,605.6976,0.071363136,590.4955,350.35123,0.03862885,52.59159,580.87054,0.07227535,37.63293,597.9549,0.123574436,506.09756,416.89352,0.05623149,18.114721,595.8098,0.105189495,26.994144,595.7008,0.064891905,22.538925,597.0392,0.08503195,36.210495,596.2542,0.08161864
217,598.07306,285.10568,0.039259497,557.0265,523.8258,0.085259385,28.507015,604.7263,0.0345541,372.85715,291.74588,0.03157818,357.3025,245.68108,0.031672034,565.3671,511.1953,0.109888606,554.39545,522.6386,0.1460045,553.01044,521.5996,0.13788342,562.9121,520.60345,0.0586752,22.108273,596.7313,0.034148164,366.53146,314.18735,0.070944704
218,598.3307,317.24158,0.03910104,357.06335,300.5761,0.056436766,28.350899,604.7846,0.039959542,597.2716,22.543003,0.033218253,275.73343,534.17664,0.039713614,292.33868,512.8767,0.12057474,361.7344,307.18106,0.13749102,361.0626,311.96228,0.10846544,583.369,578.5732,0.06852881,22.005299,596.7507,0.041841608,294.73697,514.8873,0.079340115
219,549.9247,581.1899,0.052877102,549.0763,589.8865,0.0658656,28.363052,605.029,0.043185204,597.3235,22.717014,0.036833122,68.663956,595.32495,0.04001674,372.59747,304.6079,0.08246364,371.57196,312.30484,0.10142138,568.3865,457.69183,0.07650627,568.311,455.77856,0.054634638,22.00994,596.83936,0.04340704,585.615,450.73602,0.04962253
220,590.95135,142.34134,0.0430757,357.04083,269.19354,0.057353493,28.333603,605.58167,0.059608553,373.48914,244.44615,0.033736814,20.632322,613.16876,0.045972668,372.7868,241.22697,0.10592812,369.56787,259.0508,0.1837185,370.92117,251.2479,0.10833176,583.46704,578.6738,0.07043385,21.898575,597.1174,0.06687059,30.606804,597.6387,0.053508565
221,549.3867,581.1453,0.047896277,548.4111,589.64044,0.05630874,28.575657,605.368,0.05354585,582.4698,583.33417,0.026978062,20.66992,613.2529,0.037190795,372.95288,241.7529,0.075684205,371.08185,258.58154,0.13234733,377.51138,249.15834,0.068610035,583.7983,593.2662,0.053945765,22.297518,597.09894,0.050946392,30.868277,597.87195,0.046812817
222,548.99176,580.87445,0.044795137,548.0959,589.11694,0.059528794,29.260008,605.76654,0.060773887,597.32635,22.820147,0.027130969,20.727306,613.1197,0.046652995,31.66769,604.41156,0.090501726,506.48203,473.3921,0.07553865,17.87658,595.73047,0.08734576,583.6099,578.6899,0.069027975,22.677116,597.0802,0.06804674,30.388206,597.6712,0.07119916
223,590.7274,302.647,0.042305462,532.7882,429.3864,0.07691134,29.124464,605.6611,0.060397655,533.4279,436.68613,0.061729588,20.702415,613.1361,0.04563322,533.0657,417.09207,0.09490425,538.78076,425.52676,0.123836465,536.8484,441.38922,0.113789596,583.79095,578.6484,0.06733332,22.543617,597.1672,0.06684259,30.331064,597.76056,0.06815833
224,590.5323,446.01675,0.042933397,524.01544,453.5412,0.06233223,28.698122,605.38306,0.05572084,597.4349,22.708153,0.026290774,20.659437,613.258,0.03837438,516.49194,449.37082,0.09570123,522.6641,457.8699,0.118942775,521.54156,458.5419,0.08521748,583.6742,578.63074,0.061886907,22.341938,596.94196,0.06185619,30.739616,597.7916,0.052061856
225,591.16376,262.38113,0.049095307,532.6141,445.02298,0.056962993,28.930231,605.5214,0.057660997,532.99976,436.6412,0.04011318,20.6563,613.3275,0.040526547,533.1892,433.99188,0.089353435,539.2893,449.97858,0.09713154,537.4972,442.68732,0.07645071,583.6244,578.7383,0.071504146,22.574354,597.0702,0.062813416,30.92137,597.8817,0.057312313
226,590.64307,302.5123,0.04295576,333.4702,155.86163,0.06278329,29.105474,605.42,0.054984648,582.5723,583.2359,0.0367054,52.81009,596.4237,0.039655164,325.9484,146.83757,0.1208313,330.67474,156.1032,0.15428509,328.95798,154.99081,0.14929569,329.50272,162.65918,0.05747979,22.50959,597.07043,0.06006788,332.68723,155.62814,0.08737565
227,590.7536,574.12756,0.04268367,436.52985,348.51935,0.0411107,28.725914,605.33154,0.05437146,582.7771,583.4922,0.04244536,453.21988,357.25745,0.03802511,591.2054,586.9508,0.06307782,436.2656,354.71317,0.07963361,17.93407,595.66736,0.07683816,583.1278,578.0253,0.051961735,22.32682,597.02997,0.065712385,30.472069,597.6578,0.055113863
228,590.74615,270.1684,0.04104543,244.68935,140.63069,0.034683287,29.275587,605.34015,0.07459244,582.5573,583.25684,0.029441213,52.543877,581.296,0.06355746,32.303024,604.76855,0.11897161,251.7453,138.56485,0.045996644,18.010931,595.5678,0.11565341,27.080448,595.9616,0.061536387,22.687292,596.5926,0.104352936,22.442284,595.9608,0.09183769
229,590.6883,558.102,0.04181312,340.8633,285.10324,0.06657605,28.813993,605.3343,0.057361208,597.30255,22.53101,0.032648508,20.680557,613.19806,0.04189349,341.38715,272.84973,0.08424182,346.3741,280.94174,0.10166767,345.38977,280.77747,0.08489977,155.46185,27.065132,0.08224566,22.237423,596.95825,0.063320786,30.459602,597.676,0.055750333
230,591.411,518.05646,0.049127173,501.20932,364.9812,0.054766178,28.838419,605.12695,0.054459803,517.0311,339.92416,0.031573195,20.699375,613.17645,0.03701731,501.7973,339.35242,0.09211368,506.16187,355.7464,0.13532995,505.53534,347.14236,0.10698554,583.1376,578.202,0.082436554,22.193413,596.9036,0.060852487,508.1809,347.50525,0.055809937
231,591.1681,574.0032,0.04522225,445.36548,410.94113,0.06647385,28.811049,605.247,0.057683796,582.5079,583.773,0.03717413,20.739637,613.2131,0.041570053,421.33453,400.2148,0.10025511,424.90604,409.476,0.13543522,425.29126,408.5177,0.13909103,583.07715,592.6385,0.05990141,22.213978,596.88873,0.067704335,429.29865,410.40997,0.087788954
232,591.06104,510.48618,0.049582228,445.68372,410.22583,0.0974803,28.747826,605.44635,0.061321888,597.35474,22.765215,0.03248227,20.783289,613.15894,0.04407209,435.95547,400.17413,0.13664143,431.7437,418.84406,0.1667211,424.36777,410.06238,0.16161403,582.86926,577.6284,0.056882985,22.081049,596.89264,0.078021154,428.17273,411.5015,0.0984545
233,590.8614,509.93192,0.042835213,276.77155,285.4422,0.05774984,29.110302,605.38135,0.06816296,582.8202,583.6063,0.028081998,20.929895,612.94464,0.04901292,293.26562,272.22147,0.08562384,275.89166,274.43134,0.10405504,17.73977,595.5072,0.10485252,583.7526,481.23553,0.07777636,22.322275,596.76154,0.09548971,29.456554,597.35425,0.07628584
234,590.5759,494.06168,0.04237981,524.78754,427.7045,0.048000522,28.960882,605.47845,0.067420505,468.6383,420.58707,0.029630834,20.754032,613.1958,0.043713935,517.15607,418.34613,0.088050164,459.04193,418.46945,0.09585114,17.667269,595.5944,0.09167441,583.12634,578.409,0.073337115,22.223461,596.97894,0.08472637,30.222466,597.6043,0.06920505
235,590.5543,366.2029,0.037851032,276.9635,140.13728,0.05752598,28.664131,605.43097,0.063433275,14.177513,459.61697,0.15952611,11.04814,464.77927,0.23032428,277.14038,129.9343,0.091989234,281.849,137.04504,0.104331225,10.147606,459.95978,0.11157495,8.2691555,479.98764,0.0666893,22.158077,596.93286,0.078242764,23.841986,479.75714,0.06616204
236,10.238631,445.7866,0.100868024,0.5556264,461.47888,0.09396709,3.0224452,427.16968,0.31513613,8.09762,426.43826,0.48054427,-0.31696796,461.5461,0.7788874,3.733016,475.39233,0.3195819,9.326766,484.83438,0.29861283,33.26371,457.01425,0.17205928,15.771091,476.94855,0.33998787,34.763855,445.78848,0.08200581,-1.6922169,471.78702,0.2617899
237,17.243155,402.3039,0.15730721,14.075682,359.3655,0.095075086,3.6217244,425.25305,0.4469595,5.432364,314.25357,0.5312022,7.9383984,449.21228,0.64001733,4.153485,478.43707,0.525935,10.84929,488.5908,0.27600077,34.580677,451.9739,0.18285915,22.493433,469.85098,0.3899397,9.796002,475.1464,0.11325217,-2.1965866,455.84045,0.40532708
238,18.294851,367.83224,0.17776932,19.239014,362.0303,0.15609872,4.260577,366.22745,0.8008544,6.152853,393.34552,0.30138603,4.713698,452.25833,0.347688,4.2275286,479.65515,0.3235084,11.729986,249.03061,0.1761242,30.4671,423.10776,0.2578517,23.610561,473.25668,0.3250656,-2.2808743,428.04025,0.16167517,6.1157203,236.97917,0.21721898
239,21.562836,275.4549,0.13136218,23.146677,230.90765,0.17819859,0.26465416,370.72052,0.76912796,2.9863734,453.1148,0.25224873,4.944951,452.49,0.3208365,12.486226,487.7562,0.27259415,11.1931925,250.62012,0.1760319,26.290117,296.40982,0.3255291,27.221067,473.7583,0.30887812,0.22084713,429.7589,0.24474876,4.2092047,366.53177,0.21062367
240,21.133345,224.8809,0.14651883,23.0802,233.62373,0.2165892,-0.35924053,360.35376,0.61846584,3.947678,454.21017,0.21602167,13.2636795,464.6091,0.2705155,14.126558,485.04868,0.2744299,25.91312,490.07095,0.1332366,29.33196,296.14694,0.38175055,35.081524,473.28098,0.20883426,-2.4174871,289.98584,0.33580154,9.335306,216.11751,0.22137599
241,16.789207,310.72903,0.14438471,20.32485,234.99217,0.21070276,12.975301,431.9161,0.8689798,12.2959,450.48706,0.21769388,9.41716,459.68933,0.35616845,12.959719,485.87762,0.2826355,18.96072,493.21588,0.12686178,35.33513,301.24222,0.35491744,36.62918,475.4962,0.29927474,5.6099687,352.46124,0.3676378,18.516077,474.4188,0.23079342
242,14.053331,229.56859,0.17826128,15.43503,235.71701,0.27230394,13.863314,368.8608,0.9862673,11.990912,449.9314,0.28009465,8.449535,460.45554,0.34179476,14.142157,489.8846,0.28688398,19.52406,495.32263,0.14222485,33.8071,232.53462,0.31575164,39.439785,476.1503,0.31430978,8.104946,290.55502,0.40972075,7.1696033,406.67935,0.26306286
243,32.786537,336.55,0.21333462,34.2926,346.47705,0.21925987,10.501956,296.95218,0.76223916,15.367186,451.23785,0.3388784,14.052188,466.0136,0.40838403,17.30811,492.26035,0.40523875,20.242395,499.88004,0.17885245,49.005848,427.04196,0.2620433,43.88119,482.13464,0.4733677,12.191107,288.45807,0.28247625,13.739421,474.01212,0.2947889
244,14.591942,263.16977,0.27267855,16.256336,273.84546,0.27036506,23.253098,358.61954,0.75324774,18.101036,450.70605,0.34119156,16.415802,466.85016,0.4327351,18.272282,491.40454,0.45054126,20.496365,500.29065,0.22678337,50.01928,297.12604,0.2842497,54.48986,481.5066,0.49146333,14.8059635,289.83798,0.23388588,4.710774,469.40775,0.30682412
245,35.051968,400.695,0.20583536,31.589865,222.7005,0.2961172,25.70249,358.83878,0.68082124,17.269842,453.905,0.30799323,16.920464,468.9963,0.28290913,21.914518,489.01874,0.36218765,21.858011,496.2319,0.15596046,51.865536,225.83934,0.2930696,57.004795,483.5284,0.4317252,17.307701,224.69907,0.17397998,7.191169,462.50806,0.30216792
246,20.195227,250.33635,0.23865815,44.482876,279.13837,0.30513802,14.818474,406.67096,0.57532287,30.472073,439.82672,0.29360777,27.694517,468.68027,0.24799195,24.783438,487.17383,0.27942508,32.50507,496.29532,0.14558174,67.54306,425.5539,0.2760899,63.606594,483.0348,0.3687156,11.057348,390.3641,0.27821547,9.1364355,462.7267,0.32990602
247,34.223732,273.11267,0.26398867,36.506897,280.28165,0.33783135,17.674156,403.16635,0.6528751,30.74884,452.021,0.29219058,29.209148,470.0426,0.26033628,33.793182,489.66638,0.29554114,34.106155,496.86044,0.15666516,69.6436,356.8629,0.30354828,70.54983,483.50162,0.4862961,12.203837,322.27277,0.3985878,12.891474,462.23157,0.32642135
248,31.36885,219.64243,0.26099467,40.836792,249.86243,0.35657126,20.066597,400.7478,0.624554,31.56097,437.62415,0.253315,32.037838,469.48907,0.17602523,36.283455,489.79935,0.2381989,35.483997,495.17953,0.11293807,65.45525,225.00491,0.37108678,75.12336,482.62195,0.38437787,12.26503,252.97606,0.42000726,16.227118,195.26767,0.2017275
249,37.87574,244.07664,0.27281004,41.80144,250.77661,0.39778632,58.316494,420.6306,0.5138325,45.214455,450.6592,0.3076103,34.989758,477.74283,0.21817777,49.053543,491.403,0.26710868,37.397957,496.55756,0.12010053,70.61082,221.74898,0.2687997,83.07149,483.95828,0.39808872,15.925233,255.07507,0.3654138,12.07009,254.9579,0.15835533
250,39.17657,243.45573,0.2854422,43.31643,250.97237,0.40071407,59.905388,420.1565,0.4678005,46.553482,449.52258,0.27133378,37.2613,478.2094,0.23210348,50.14979,491.0755,0.2607268,50.49802,498.40262,0.10487102,82.84203,286.42862,0.34468734,85.705574,483.79953,0.4473365,20.121923,255.13406,0.23747504,14.606178,429.04147,0.22414869
251,41.88669,240.82045,0.2774966,46.05897,250.39104,0.33948308,60.387493,289.3983,0.46956837,62.367706,437.93436,0.20117633,14.483446,362.44913,0.15814707,53.13067,490.36758,0.20071109,51.316185,493.8709,0.09175836,80.85902,221.80295,0.36323074,93.57858,483.91455,0.37554255,24.758305,248.7603,0.19448571,14.652114,429.2697,0.19831008
252,48.520073,242.43341,0.2578447,57.732403,249.40161,0.32249779,74.7785,420.3239,0.46323347,61.143238,450.98135,0.2972808,36.9773,477.9724,0.23942523,64.25692,491.9698,0.25774953,65.549324,500.35,0.11500529,85.716415,220.16692,0.23092583,102.13965,483.32047,0.48941132,33.480247,317.3812,0.20083618,9.304344,428.44754,0.2459398
253,52.936752,307.71112,0.26177862,60.63359,250.4957,0.33865824,76.46893,422.16003,0.44326398,61.700577,450.987,0.24073453,50.93946,478.25244,0.17860082,66.84667,490.49084,0.19218105,89.43308,303.7722,0.08197186,97.34013,282.77512,0.2415902,102.15071,483.78983,0.34826496,10.4661045,355.60532,0.28726378,11.45172,426.38806,0.20888808
254,57.30683,240.85,0.30066636,61.804893,251.52798,0.32538152,17.302774,293.51285,0.41525254,76.67824,450.26675,0.23802114,66.65842,478.38498,0.18343607,82.43114,490.53247,0.19531019,67.95675,479.11307,0.09685783,95.46587,217.53207,0.22815628,109.5813,484.51755,0.35431772,13.4505005,286.24753,0.24604549,25.006939,425.54837,0.19343306
255,52.545773,229.8707,0.21764427,76.33648,313.85318,0.27285132,92.33888,352.96478,0.42221642,79.84499,436.85385,0.25621793,67.35292,478.6773,0.15768996,83.00455,489.52853,0.23185161,83.18549,497.3767,0.10312412,100.59597,209.93329,0.27028683,116.90437,482.17978,0.40714052,47.586826,315.50467,0.15183695,28.923727,425.37613,0.16179715
256,75.2951,240.3264,0.23338743,78.085335,250.4616,0.30192637,92.787155,351.70627,0.4481944,80.17156,436.7724,0.17183821,29.250532,297.21707,0.10866653,80.27882,472.31937,0.13732645,80.40483,478.6992,0.096807085,112.64518,280.5669,0.2246819,122.973145,477.86584,0.29476705,55.9557,235.06918,0.18451986,30.681913,283.83655,0.11418043
257,68.078026,229.51411,0.25384828,78.32281,243.99512,0.3061853,92.10454,277.4565,0.32902795,94.790085,436.28485,0.22808746,81.56853,464.8631,0.18369977,98.86231,489.66797,0.2086955,99.05257,497.64706,0.08921958,111.36082,207.98071,0.24838786,131.95934,476.85385,0.39472562,87.48549,205.3001,0.16263483,9.130513,457.19235,0.17661567
258,69.02571,229.04965,0.22900996,79.16497,243.83696,0.24285328,108.83346,416.29977,0.4432278,95.07604,436.4878,0.24549688,82.76445,469.0339,0.16559967,94.11026,474.53827,0.15719959,20.82728,474.91882,0.079354495,114.74005,205.68742,0.30632418,132.12756,476.66803,0.28567573,7.207721,457.53656,0.17132227,7.8977594,456.49512,0.13086033
259,80.61876,227.4101,0.23058231,90.26271,234.7854,0.28749216,109.01757,349.84973,0.43475103,65.58878,264.03296,0.13539746,60.73965,377.59305,0.0977489,25.777008,457.7805,0.12863518,120.59301,359.15726,0.07371966,119.097336,204.98854,0.2360986,132.99088,476.26416,0.21319202,10.93571,449.78342,0.15239541,107.51621,159.01813,0.161806
260,84.53178,226.29652,0.20622651,93.649704,235.18823,0.2622909,125.16186,414.96356,0.3208686,97.309845,451.43735,0.19802377,99.036316,463.5053,0.18918933,100.75131,471.7457,0.13484062,100.384575,474.5082,0.07997157,125.71375,203.47284,0.21264948,134.56296,475.15207,0.2135708,14.137561,384.0482,0.16200429,11.327381,382.9481,0.20810685
261,84.44711,225.91518,0.19354354,95.43302,305.14008,0.2273439,126.440475,413.2407,0.34764507,110.86265,435.0166,0.17505667,99.84504,463.1231,0.17659393,112.72712,473.04883,0.105604105,110.72252,476.75772,0.06866446,129.76204,191.84058,0.23198831,147.45055,469.7264,0.1634837,8.96195,240.66592,0.1636334,123.708916,159.31349,0.18739033
262,100.15873,225.94475,0.2009058,108.78733,234.53079,0.26207125,81.36729,241.71997,0.34942067,127.08409,357.8602,0.13194746,61.831676,296.03488,0.10634852,110.43448,447.66537,0.1143817,114.17414,474.63483,0.073090896,133.25372,190.44254,0.22720426,148.06789,461.14053,0.14417686,11.297165,241.10686,0.28274372,28.98734,312.15387,0.20490336
263,99.784546,213.77374,0.2193809,109.10989,227.70396,0.25861835,126.39109,336.22302,0.3530725,128.0694,420.8509,0.13024391,112.49441,463.5546,0.123207435,112.939896,447.29657,0.10094426,116.41479,474.84222,0.06958517,138.55919,192.46495,0.21146499,148.97215,460.26376,0.14485407,13.435321,231.89603,0.20507172,25.367447,233.49461,0.1452472
264,100.065346,213.43117,0.22485991,110.52121,229.02106,0.23146671,95.012436,304.99454,0.3012845,126.286934,434.44498,0.17879413,115.368164,462.8522,0.17020476,126.807465,446.93652,0.116859406,152.78232,349.90118,0.06691509,144.69849,188.11594,0.2561695,162.90494,467.28958,0.17149675,21.062527,230.81448,0.16019997,25.651396,232.10326,0.18253838
265,101.86117,211.74654,0.18239775,123.009056,219.35428,0.21654916,141.99792,402.5276,0.30726507,126.381805,435.08255,0.122055046,92.39714,360.94394,0.1121501,119.52412,443.47064,0.112419546,152.8772,350.02063,0.07454308,148.86208,186.92477,0.19235699,163.68536,459.78232,0.09882459,101.14613,217.08994,0.14751041,137.8908,157.95697,0.16231835
266,116.3843,211.99849,0.16585164,130.70097,291.86255,0.23212664,141.61075,326.28128,0.33106843,143.94771,421.36972,0.15041451,92.28617,361.34116,0.11959464,130.94495,455.61298,0.13121927,152.69293,343.1243,0.08048595,161.6487,254.09514,0.20256925,166.07121,461.8558,0.19547345,141.65292,328.76038,0.13635105,157.55313,143.15623,0.16712272
267,117.938576,211.89021,0.19196896,125.72023,220.82883,0.22857732,142.30692,257.6275,0.28194472,144.58191,420.1653,0.19147995,91.26931,345.97104,0.110289454,152.53783,330.91245,0.11739322,146.11859,476.4854,0.05890458,166.67415,251.3084,0.22760652,179.53925,461.7116,0.249457,140.58328,250.81876,0.12814894,155.98915,143.16028,0.20473136
268,172.48701,385.1066,0.12098645,145.5486,322.43457,0.18505849,158.6928,399.64233,0.32459068,158.54518,421.1563,0.13910773,123.105156,234.06725,0.0984995,26.355595,411.23428,0.14140981,169.97107,350.07382,0.07510816,164.42053,176.05743,0.23384401,180.17441,460.97433,0.19720393,10.714867,339.50818,0.15324095,154.35104,144.07243,0.20744473
269,171.08904,385.27594,0.12855199,172.45636,391.921,0.1884482,160.35919,399.55942,0.24241269,159.31166,342.5678,0.110104725,137.87596,378.6421,0.114209354,26.92793,411.13095,0.10931444,175.8636,412.87878,0.064361274,180.74991,319.4674,0.18581696,179.9113,459.74435,0.08223939,19.831879,415.07526,0.10336579,155.67525,144.93753,0.19197395
270,161.35188,308.01678,0.15264954,147.6007,242.43231,0.17451647,173.27916,399.40558,0.25381,159.62814,341.7887,0.10687823,106.081795,346.40836,0.09415855,145.06602,443.455,0.10888341,31.654882,349.20865,0.066678666,182.63008,318.941,0.18769528,180.60698,459.9579,0.11277914,161.7731,322.05487,0.12334894,172.10774,141.45293,0.1617032
271,133.66037,199.52666,0.15146464,155.29115,282.85846,0.19567688,128.39932,291.2291,0.27886343,175.73576,420.99423,0.118872166,107.67667,345.09558,0.103193626,71.68811,442.52423,0.10820601,186.2252,332.39062,0.061930493,185.21991,249.09167,0.20968756,194.8598,465.61768,0.13584402,126.919655,286.15616,0.13200206,171.78894,142.25418,0.15417291
272,155.83907,210.45648,0.14501664,163.0074,356.8073,0.1986218,142.72299,368.70285,0.2553101,161.02115,340.795,0.11863366,147.18585,447.3024,0.11918518,156.83199,444.07254,0.09754848,184.97646,336.77823,0.06902151,187.29268,248.45116,0.20186499,180.4349,458.10086,0.087502316,159.91406,250.28978,0.12140784,172.95897,142.75415,0.1036146
273,163.02243,228.50906,0.12158248,162.08429,243.82741,0.17189533,175.2441,320.8371,0.2923033,175.43494,342.58307,0.10322247,123.88949,345.2975,0.11138339,184.6759,395.14526,0.09537375,186.38205,269.8455,0.06978442,192.68939,245.22296,0.20127377,182.93587,136.84259,0.062010538,135.59209,285.56735,0.16240747,188.7891,126.77262,0.12110576
274,177.57129,307.10107,0.14319274,179.97182,386.15955,0.16816978,174.82454,321.33542,0.25577527,174.96155,341.75925,0.11391545,124.264046,344.96408,0.10503115,160.42123,441.4911,0.08236297,162.15282,457.48853,0.05785132,199.16267,316.49203,0.19776168,199.09645,120.64659,0.064875536,174.10988,314.82874,0.15106735,189.01854,126.13922,0.08718107
275,177.29683,228.5223,0.13655572,179.09978,313.76663,0.1700498,190.69142,397.43674,0.22055593,160.71666,436.29575,0.119382374,217.04903,410.04318,0.10010701,162.65057,442.16528,0.09766046,201.25005,334.36597,0.07596401,205.08678,317.44943,0.21733885,195.50854,443.8747,0.07776158,175.57812,314.60934,0.1315799,205.52153,125.36021,0.110762045
276,185.99847,370.48,0.10415827,185.69153,377.22174,0.16344124,191.57422,396.44687,0.24736159,191.862,407.25854,0.09950761,163.82817,446.70233,0.100565486,199.73512,393.92627,0.10230254,201.63821,333.71994,0.07573218,217.23187,391.60928,0.14722668,200.31776,121.83009,0.07544275,147.04936,277.5486,0.124102555,203.077,124.69373,0.15630843
277,178.38463,227.35712,0.09928476,178.51906,235.23143,0.15489179,191.91794,318.1565,0.19568205,192.33368,328.0699,0.096609056,171.10583,376.42255,0.111254476,15.617256,443.92395,0.14313348,201.8336,403.95496,0.08137352,200.64905,157.8669,0.17997973,213.6917,119.635826,0.0780157,181.37126,236.99837,0.10585266,202.41313,126.24064,0.15923095
278,194.98314,371.96588,0.088581234,179.12614,277.22266,0.15561199,190.9569,309.86542,0.23243955,192.15854,327.11752,0.105813265,170.92584,376.91577,0.11164656,199.8958,314.36768,0.13970117,200.91277,326.01456,0.08972325,202.86111,158.49245,0.17422223,214.60185,120.041145,0.06429186,152.49556,273.8894,0.14486164,11.097389,439.70523,0.16318534
279,177.90002,156.73273,0.10533108,194.8253,386.65738,0.15538926,192.15567,317.16132,0.1942799,192.38347,326.13855,0.1118037,22.097878,390.6055,0.09400615,22.488384,442.1932,0.13526975,22.164995,447.91226,0.07214985,218.38733,313.15887,0.20123692,215.71558,121.2341,0.071053535,194.33823,306.87485,0.1531867,12.754399,440.0233,0.121313006
280,194.26695,213.33524,0.096450396,195.305,306.62808,0.14584503,192.25249,237.37369,0.18563418,192.82126,247.22842,0.08618804,22.393631,390.26,0.11851773,27.008411,362.41522,0.14906748,28.659876,374.20917,0.06760897,217.56305,232.70625,0.19905075,210.877,443.30887,0.06307502,195.93678,307.07007,0.14294007,11.81595,361.6238,0.19834922
281,194.61613,213.4308,0.09998647,187.94359,267.25638,0.146829,162.02255,273.07407,0.21104565,192.624,245.98279,0.0842168,21.524733,437.2153,0.10322684,27.693544,362.81943,0.13200071,29.47672,373.9304,0.068864346,218.54086,232.2735,0.201684,20.437529,425.60468,0.048430566,164.10193,271.34427,0.14669697,26.674112,427.2502,0.17179456
282,194.24889,218.43958,0.10302442,194.83351,227.3875,0.13911736,208.92734,383.446,0.18079935,208.69824,389.63965,0.0859015,22.020382,436.89236,0.118527114,30.15006,441.44598,0.15478925,32.475792,446.8412,0.07011598,222.6769,227.48257,0.16145205,247.78403,104.547905,0.0806878,19.847433,366.555,0.12941694,25.016172,428.34863,0.21176623
283,240.78049,297.89584,0.107187055,241.45998,310.49384,0.14467594,209.58736,303.85672,0.19972165,243.8101,302.89972,0.09695992,244.21791,326.8426,0.11842801,30.995314,441.63013,0.12991132,235.02402,318.8894,0.06918363,234.7316,379.3322,0.15089588,273.92853,341.22568,0.16274361,20.176723,359.50525,0.14159986,24.752937,432.59985,0.20271781
284,210.69638,291.8621,0.12944676,221.54373,298.01514,0.14344361,208.61975,304.41602,0.23383403,243.19492,303.35138,0.09049316,30.077625,446.71295,0.087460674,185.13564,426.4169,0.13228363,233.94725,318.70502,0.06366357,235.44789,302.3268,0.1692588,274.1118,340.1948,0.121378094,23.236282,355.43164,0.15228216,22.226646,431.74512,0.21299942
285,210.55553,290.2778,0.120712355,220.82553,296.69266,0.17649904,208.63205,303.35538,0.16739272,209.14925,310.43015,0.08012033,30.033846,437.8738,0.08795549,36.67035,440.5939,0.11562891,233.43588,313.8394,0.07398929,236.31699,301.41702,0.19108637,275.49884,339.1767,0.09769233,24.667957,355.5832,0.19369693,26.465946,426.46918,0.19911158
286,210.47629,211.32571,0.113679655,210.56012,218.8217,0.13738497,177.07089,262.47705,0.16822599,209.09395,229.9633,0.08422721,203.22539,359.81677,0.09580407,37.736736,440.45758,0.1215951,233.8128,317.72925,0.06776048,235.62831,220.69572,0.18123625,288.61777,340.1505,0.103412576,22.947105,196.3403,0.19212712,26.987068,426.3533,0.2298272
287,211.00156,210.96628,0.08379284,210.96944,219.27274,0.124802895,224.71077,303.35385,0.17012672,225.10423,327.06467,0.080287114,36.60959,436.63358,0.1006414,38.82759,440.42224,0.14297009,43.325954,443.89014,0.06716187,237.13704,220.43633,0.1451161,289.8889,340.2201,0.20180324,24.861498,196.35068,0.24540062,28.97668,432.3018,0.2533125
288,211.51349,140.01773,0.0739723,211.5976,291.3655,0.11203188,224.58263,302.15323,0.21609627,224.98157,311.41946,0.1061658,277.75104,321.49017,0.107742764,39.03716,429.82562,0.12613906,195.97491,440.4001,0.060459852,248.11893,300.40726,0.191525,293.5969,338.71735,0.19381489,24.477324,189.61835,0.2274225,30.384659,427.63007,0.23609525
289,237.05882,288.2934,0.07663195,211.33456,290.67368,0.12156622,38.243027,350.65775,0.13654894,225.16371,310.36035,0.082511105,202.77768,360.14172,0.09474337,284.45328,347.69806,0.12286097,12.645281,103.960045,0.060545076,249.54501,299.0824,0.19667517,19.407495,93.26993,0.15521173,34.44921,353.6789,0.16237096,29.598043,353.9532,0.24513344
290,236.52888,289.06238,0.08927917,238.03325,296.4293,0.14480542,39.769444,350.3631,0.12819323,225.19753,230.96434,0.087608315,12.348359,86.4086,0.09507665,35.042957,350.8466,0.11324605,11.632039,105.402855,0.057520576,243.03874,140.6504,0.15610097,21.882828,93.28535,0.20417802,36.161465,352.98352,0.18523222,30.80652,352.68982,0.24957946
291,227.62659,210.87312,0.07938302,237.04268,296.7604,0.12088607,232.56094,301.89062,0.11779123,275.89688,384.91064,0.09906576,19.765818,82.408066,0.110056974,44.728592,349.73172,0.108342856,249.6827,316.81714,0.06145972,245.30435,140.3302,0.1510479,23.938381,92.687775,0.2054202,38.92462,353.297,0.17206298,33.136375,353.60635,0.27104694
292,279.3577,378.96002,0.07737324,227.62675,219.42305,0.10381644,194.93152,261.351,0.1086661,275.78748,391.05994,0.07677375,18.654013,80.71693,0.13069053,12.374407,112.10999,0.1119396,19.073498,113.77876,0.09998787,249.01103,140.66632,0.15582016,31.703892,92.96198,0.17737578,40.098667,353.6318,0.16657464,34.599945,354.20578,0.2680369
293,229.38742,275.81442,0.073599726,227.45917,291.82178,0.11015153,241.1543,301.5958,0.1559923,276.09225,390.50345,0.074276015,19.034365,79.48156,0.1475089,9.8896885,101.50304,0.15852298,19.687458,114.178215,0.12829416,263.81973,298.94693,0.14362258,33.27315,91.49279,0.17945075,40.604088,347.15378,0.1633094,35.47947,343.44214,0.25685954
294,292.27246,379.1757,0.06999116,227.59203,290.97522,0.099096574,50.864574,350.53876,0.0962973,293.32388,384.26294,0.07985266,19.927755,79.1149,0.16857806,15.570108,102.39688,0.1657927,20.331486,117.72728,0.10391212,264.4925,298.84842,0.1395701,34.983635,91.16375,0.19522652,40.427197,188.45038,0.145588,4.834973,77.695595,0.257975
295,293.08688,380.16217,0.08241702,252.37128,376.90875,0.10807336,209.68309,349.78226,0.11703843,293.8269,384.37735,0.08765985,21.14347,79.6659,0.16071132,17.68621,100.81923,0.16701327,21.260366,115.93166,0.10373492,266.1856,298.44003,0.1604755,36.134983,89.85695,0.17207254,45.619167,352.22476,0.13421324,5.7056203,77.76054,0.26550302
296,293.74445,380.65836,0.08895215,243.78107,298.74072,0.121656574,246.99484,302.27747,0.10101263,293.7665,385.11136,0.093997866,22.562962,68.86043,0.16042581,13.913469,102.9136,0.17101285,21.495642,116.24873,0.11935308,267.4158,298.66782,0.17683914,324.84366,338.8262,0.16878548,44.726776,186.88449,0.14737622,6.3636637,77.74724,0.2733801
297,294.71506,380.7304,0.07554541,294.5665,383.20294,0.09519489,54.61707,344.00928,0.09570537,293.6688,392.00998,0.09569345,23.237427,67.571884,0.19121058,14.400915,104.91633,0.16064462,14.750486,137.67766,0.10470081,263.87326,217.0059,0.07836143,38.697018,82.50564,0.16262606,51.943115,352.35864,0.16300464,7.228164,77.58487,0.35701984
298,308.05402,379.2308,0.06775287,243.74333,309.2258,0.07563336,56.00053,344.3487,0.088786416,293.79922,391.08945,0.069562815,23.597658,67.530914,0.20245154,13.168796,106.704445,0.16784967,14.234338,138.66199,0.11056872,279.1826,299.13095,0.08488898,336.95984,341.18735,0.1725073,54.475216,352.60663,0.15680459,8.106654,77.86726,0.35782206
299,259.3661,290.33234,0.04704095,243.46548,292.14078,0.07457829,56.87506,344.59552,0.08996688,258.1569,310.83832,0.070151,24.428658,67.778175,0.18365109,11.031227,121.186966,0.18288703,13.743039,140.1575,0.12416032,280.2163,298.66376,0.12317339,339.2694,339.47717,0.22300549,55.014336,347.88272,0.14243077,13.777506,75.25195,0.35714704
300,309.05026,380.45734,0.06549914,308.82697,382.46902,0.06997084,57.492504,342.8116,0.08387396,39.78823,97.26325,0.06832295,24.951378,69.11873,0.15752691,11.213118,133.0806,0.22516954,12.8130455,142.84416,0.14164534,281.73242,297.46762,0.1055058,33.143368,119.89759,0.20661952,58.058144,352.3943,0.10077844,14.950507,76.20665,0.36133087
301,258.69107,297.76163,0.07642654,260.36783,299.43347,0.10374701,68.87685,428.9397,0.080614634,40.0948,97.08737,0.070694424,36.102608,67.90476,0.16399206,11.112846,132.37013,0.21011415,19.896294,135.90286,0.13255605,283.48474,298.1254,0.12122656,26.571957,120.17008,0.20041713,59.902702,352.07544,0.09513276,17.076523,76.68327,0.3833833
302,324.87332,379.80692,0.04404377,268.5172,298.5714,0.068687804,68.589806,343.20804,0.08801666,40.63321,96.832664,0.068253964,23.418833,84.32014,0.15891536,10.564777,132.22337,0.21603896,19.462334,136.3408,0.14274696,277.34952,204.71297,0.09504985,33.644444,118.089874,0.22195493,64.843025,352.97418,0.09761896,24.0956,76.66311,0.38745815
303,324.39423,379.90363,0.051545184,267.1352,298.5243,0.066568576,69.89079,342.66092,0.089754164,227.35431,262.8963,0.068425015,22.706377,82.705315,0.19896433,10.301782,132.54816,0.23132083,19.287554,137.14987,0.13504022,288.12317,125.04107,0.11023696,38.934895,106.13528,0.24077864,66.54359,352.5517,0.10738024,22.384293,75.774055,0.41849467
304,260.0996,124.488266,0.04888664,259.82227,292.7776,0.07260432,70.434425,342.46704,0.09102756,32.093525,93.50388,0.07548923,38.24698,68.01984,0.19976196,10.655753,133.24603,0.23381156,28.028725,140.70467,0.15395516,289.776,126.10839,0.15935634,38.56287,112.92208,0.24227591,67.37126,352.27896,0.12863927,23.58495,75.77151,0.45748812
305,275.20844,203.27014,0.05350474,259.93463,229.03389,0.061780315,71.706436,342.7084,0.09042943,31.972557,92.221375,0.07724673,38.00092,67.12983,0.2456956,17.143799,122.26943,0.25392693,27.776733,140.99951,0.16333808,292.2226,204.51395,0.11846622,40.146416,112.258316,0.25820512,69.2701,351.99744,0.12965956,22.021507,75.94993,0.47863325
306,72.03957,340.44012,0.050458882,275.48767,291.8045,0.05299549,72.33685,343.498,0.09756203,34.460064,79.52365,0.09378733,24.273495,84.00351,0.2512447,16.603792,123.75171,0.26715964,26.415033,143.04962,0.16804168,292.04193,124.8326,0.09919636,41.545677,113.32209,0.28959134,69.66,346.6322,0.1729839,22.85547,76.18069,0.47208798
307,275.99997,196.30664,0.04793612,275.70834,292.60297,0.052989855,73.81718,342.28748,0.087689735,34.630157,80.03601,0.10185443,24.351986,84.79643,0.26695222,16.673128,123.908905,0.2809996,19.358124,139.98831,0.17615253,292.70233,203.79475,0.08674865,34.059746,509.6556,0.40985608,71.39364,346.56223,0.11471947,24.193811,76.826,0.4737659
308,276.32977,124.13031,0.049210574,276.01773,213.25769,0.055624764,35.284145,85.98859,0.080876365,35.40735,80.65344,0.11732379,25.338331,85.68574,0.2760822,17.926424,123.16658,0.2940491,20.159237,139.24347,0.18535183,297.6467,125.76384,0.109054185,34.17398,509.9135,0.37100172,72.8747,345.85583,0.12516023,25.625753,77.65094,0.473195
309,339.90546,373.41574,0.052410383,339.93134,382.5362,0.054734815,83.913,342.72107,0.08337549,35.872784,80.24817,0.10645414,26.297043,85.14659,0.27770594,19.413357,121.13453,0.3155577,34.289593,132.39105,0.19685769,379.2802,378.9105,0.07477682,34.42433,510.82343,0.3678653,31.85342,96.890495,0.11190444,25.826847,77.27451,0.49749354
310,292.03705,290.91077,0.0483053,340.61456,382.81055,0.055809073,84.72775,342.65823,0.09587916,35.49052,81.19741,0.10311027,26.3935,86.04032,0.26309675,20.814354,120.084,0.32011256,22.093954,135.13011,0.20479009,306.59125,124.476494,0.11550928,34.46192,509.85492,0.23853524,37.172848,81.09213,0.10093198,14.254175,90.19218,0.46133327
311,291.87268,196.22614,0.052856803,54.31677,51.739174,0.053909145,85.32016,342.54074,0.11198801,35.494343,80.80977,0.08415605,26.962858,85.511765,0.2596036,22.425833,119.222206,0.3168615,22.590439,133.9257,0.19872259,307.88077,123.53719,0.082344316,55.571377,105.21728,0.21940519,81.47102,351.26666,0.13241029,15.15579,90.10189,0.49183476
312,355.82364,380.95438,0.0533625,72.473145,87.76618,0.050191946,87.77936,341.77475,0.08330618,48.251305,79.32672,0.09759097,28.079971,86.23747,0.26581934,24.18766,119.43392,0.31047195,34.81432,133.14366,0.191254,309.96277,124.39158,0.16020307,55.32533,110.84845,0.23741421,83.85178,345.69202,0.10867821,16.99413,91.33317,0.53737825
313,326.97748,309.81866,0.04941946,54.286934,51.68988,0.057801124,88.16744,342.66577,0.09305096,47.694477,78.30934,0.093927644,28.303324,85.28218,0.2886406,27.985952,120.39466,0.32620788,35.24909,133.3102,0.18847837,313.55225,123.02831,0.094198905,390.28613,340.89203,0.24507523,84.7006,346.0718,0.14047334,17.093851,90.764984,0.5753156
314,309.4519,291.82245,0.047208283,87.57172,91.25825,0.055681374,89.06332,342.40506,0.09280233,48.420692,78.64437,0.09905351,37.501156,81.46086,0.26039976,29.807262,118.74909,0.32762554,36.46115,132.16261,0.20516057,314.23398,123.302826,0.078428365,56.547527,109.820755,0.2287868,86.33166,346.0098,0.13217571,19.10246,91.00391,0.58045983
315,308.9086,291.82968,0.051413577,87.807785,91.00404,0.058045134,89.56967,342.3337,0.08887161,48.85655,78.457245,0.091378115,38.130283,81.44085,0.28714502,33.772392,119.04898,0.33226904,36.648514,132.91008,0.21958436,315.35263,123.58457,0.108189754,400.3559,341.9436,0.2626284,87.36681,345.78094,0.11842562,19.61193,91.78272,0.57940966
316,406.32202,373.08606,0.045122672,87.300995,90.13,0.06883923,54.4681,69.29513,0.09590669,48.636414,78.41575,0.096196614,38.57311,81.79423,0.30611148,33.948,118.711205,0.35260975,36.95425,132.72885,0.2376753,315.95346,283.99307,0.06388899,68.504906,104.003174,0.21036546,88.70498,345.5996,0.09681212,20.979593,92.57135,0.57829696
317,307.87735,202.85863,0.0559434,87.3574,90.41556,0.061562877,54.685966,69.69984,0.09414935,48.6182,78.6039,0.09902652,38.4413,82.04768,0.30175394,33.965202,118.79682,0.34881726,36.961777,133.14659,0.2402439,325.2465,202.4403,0.07864431,69.05563,103.97073,0.2033105,92.466354,350.97128,0.08560646,21.483637,92.81483,0.5821324
318,325.55933,292.29745,0.05276452,86.64794,90.216805,0.06090579,102.57441,428.89557,0.09628297,51.58258,68.41633,0.09756068,38.656734,82.14251,0.30874333,33.962147,119.856766,0.33411872,37.115944,134.17587,0.22324836,83.46065,66.20536,0.07160665,66.579124,110.33121,0.2136688,31.319273,111.46514,0.08113996,21.436024,90.331635,0.5521195
319,325.5046,292.1245,0.046650674,86.60849,90.10681,0.047701888,100.950035,343.5394,0.106344685,51.67091,69.25282,0.1016078,39.023586,82.78922,0.30738318,34.567722,119.71605,0.32854748,37.0048,133.99455,0.22009541,109.08166,347.34406,0.081519924,66.82804,110.40647,0.21328938,96.9585,351.8819,0.11217571,22.655107,90.99579,0.5587708
320,325.40128,292.41516,0.052329294,86.7406,90.00451,0.04316679,29.783184,103.84886,0.09375172,51.85017,69.14674,0.098721355,39.668774,82.49351,0.29277435,35.804424,118.545845,0.32023028,37.5819,133.03545,0.21365595,329.61142,109.97699,0.0766681,69.949135,104.77986,0.21193251,99.420166,351.9897,0.100334175,24.870415,91.32628,0.56694794
321,324.96002,291.81097,0.05169784,86.944786,89.739784,0.0503045,55.206707,70.3668,0.090140216,71.025116,65.3343,0.09194471,40.697914,82.42161,0.27713808,35.932785,119.78086,0.3253251,37.565865,134.32506,0.20508131,285.1575,250.40997,0.087687284,68.47128,110.79052,0.22211495,101.54262,352.4505,0.10003717,26.5409,91.73921,0.5456862
322,324.55048,291.75,0.0535999,86.8762,89.37536,0.057224415,103.88798,344.06647,0.09592618,65.23898,66.557495,0.085809894,41.652058,82.69077,0.2553333,36.83285,119.3303,0.31693146,37.73013,133.9236,0.19953984,337.72433,109.36123,0.09769819,61.08319,529.82074,0.22448465,101.846344,352.7967,0.1262247,27.426792,92.14092,0.5477417
323,324.25024,292.28363,0.04801175,87.429214,88.45733,0.064835094,56.220196,70.69982,0.092861116,65.46877,66.782036,0.103763595,42.65119,82.6761,0.25830352,37.23066,119.79622,0.32131094,37.666092,134.66681,0.19975218,108.02238,350.5592,0.07596837,65.86159,529.37396,0.37164813,103.33029,353.06763,0.10595825,27.04567,96.041435,0.5550388
324,341.3233,292.65063,0.044466868,86.98255,87.666565,0.078650914,55.936516,70.21993,0.102097556,65.35647,67.34084,0.12594153,42.617638,83.93092,0.2993471,35.35096,124.06253,0.35253096,37.047424,138.66322,0.20105544,339.45474,109.31354,0.0739511,65.981674,529.8575,0.35637426,44.84263,81.60106,0.0949167,26.195496,98.3908,0.56682825
325,437.7692,373.23846,0.04651931,87.32899,87.8037,0.06882042,56.752464,70.87741,0.08676939,65.82111,67.85563,0.11580211,43.627174,83.83842,0.28775463,37.65763,122.45445,0.35336888,37.917698,137.31802,0.20161685,345.1293,108.957375,0.07411718,67.158905,529.6191,0.41886386,45.507767,81.69409,0.098825134,31.703913,90.8161,0.57036144
326,438.41364,373.03186,0.051334776,87.59807,87.87676,0.048808206,117.27684,350.4973,0.09866031,65.99494,67.9716,0.12755103,52.544563,80.748474,0.27818218,40.23473,120.30847,0.3373066,39.0391,135.64355,0.18934491,67.02299,53.429993,0.07098179,68.38692,529.62573,0.41290897,45.71303,82.27144,0.09474038,33.07102,90.87802,0.59421664
327,420.3601,371.83224,0.045380935,71.01844,53.148697,0.044447348,117.960526,350.46008,0.09872693,65.86237,67.68235,0.1287007,52.749268,80.5358,0.2785286,41.10929,119.65785,0.32639223,50.779366,134.39632,0.18557273,67.11272,53.45895,0.07211043,71.1169,530.27826,0.467485,46.124027,82.59556,0.09827993,34.33214,90.481476,0.58991504
328,340.20447,291.33572,0.039625395,340.41653,299.23175,0.047503248,120.95961,355.52197,0.08686756,66.16174,67.714745,0.13356085,53.618313,80.64324,0.29209733,42.55468,120.45611,0.31425148,51.181026,135.05334,0.18352485,353.52704,108.70812,0.07193658,71.6015,530.12915,0.45503342,116.58271,353.68674,0.11162178,35.237396,90.99215,0.57980233
329,339.75934,291.5122,0.049127318,339.76703,292.53806,0.03713319,57.433846,70.96911,0.08745321,66.67271,68.1302,0.12647577,54.236095,81.465866,0.30175674,42.819138,121.930565,0.31575817,51.18662,136.79356,0.18697542,66.502625,53.740124,0.070028834,76.19043,530.2199,0.44154367,118.352646,354.98068,0.08594879,36.442852,92.020775,0.57173264
330,340.07635,203.74104,0.050932586,101.60796,90.51286,0.04234371,121.967476,357.20456,0.09350745,66.63486,69.1246,0.12639482,54.09857,82.26499,0.31900486,47.545322,122.82645,0.3183986,51.1095,137.83777,0.19233142,355.1594,109.39958,0.07489251,77.025215,530.3661,0.4465486,118.321754,361.0195,0.09802781,37.300667,92.79704,0.5476392
331,436.51096,372.184,0.048223745,101.360794,89.646324,0.05946839,69.25654,69.69376,0.08775881,67.396904,69.20374,0.12957639,55.274094,82.388916,0.31918213,48.876705,122.80399,0.31301355,51.81292,137.6965,0.19167593,100.6306,64.536606,0.06878533,76.269104,530.7334,0.43375364,117.71498,177.30215,0.08729109,36.905357,97.33826,0.55183685
332,436.53897,372.06708,0.056281764,101.753944,89.80815,0.06810561,69.35205,69.84807,0.08724905,67.829475,69.10525,0.12407062,56.146694,82.271126,0.30634397,49.957523,121.80456,0.30873477,52.430016,136.53156,0.20190789,65.005844,54.44106,0.073141076,76.78504,530.6769,0.44132355,119.0298,177.17326,0.1042561,38.67538,97.2927,0.5351235
333,140.18155,78.46708,0.054811873,101.510895,89.44904,0.060573936,69.74778,69.90637,0.0852818,80.40357,66.88354,0.1306546,56.82576,82.30495,0.31106848,49.68821,122.17882,0.3090028,52.08453,136.715,0.20169955,64.33478,54.458183,0.06689658,76.76031,530.363,0.4214587,63.028667,96.80721,0.097576514,39.458538,97.9436,0.5344304
334,140.11278,78.79994,0.06297887,101.81288,89.052444,0.061475143,69.91177,69.86942,0.08400717,80.37687,66.86827,0.1442836,57.781204,82.26776,0.30551067,50.29447,122.02711,0.31814408,52.233624,136.64671,0.2035293,64.07067,54.624557,0.06785501,76.378525,530.36865,0.39963496,63.181335,96.699745,0.096748844,42.749905,92.65341,0.54443616
335,140.15862,78.96953,0.06303679,102.168915,89.443565,0.057668854,69.87926,69.98553,0.081917696,80.16449,66.19819,0.15016356,58.378223,82.09107,0.28484485,51.22201,122.27061,0.3210373,53.105824,136.93439,0.19738254,63.909176,54.607735,0.07039217,75.93857,531.5846,0.39379779,63.077286,96.69203,0.09760231,43.85767,92.7186,0.53282756
336,453.21954,377.858,0.048598982,118.754654,73.30161,0.05416546,68.9027,69.7763,0.09991691,79.88696,65.381035,0.1357009,58.267834,81.57227,0.26917663,50.901867,129.1293,0.3211485,53.03464,138.63722,0.19206303,466.37918,379.71448,0.08584808,75.62683,530.9888,0.4071206,62.878067,96.41529,0.10223743,42.261982,95.89407,0.5076137
337,453.03818,378.23624,0.04981768,119.02246,73.40761,0.047457036,69.64659,69.99103,0.093886465,80.49753,64.62596,0.13182469,70.344864,70.834206,0.27322316,51.24956,122.92548,0.3231198,53.152348,138.20155,0.19472681,83.248085,51.50258,0.07475211,74.634926,530.8182,0.26487955,72.737206,66.563034,0.09822635,48.186413,82.154564,0.53565353
338,452.89078,378.59402,0.050841503,118.92777,73.666176,0.05506729,69.48372,69.425964,0.08637051,80.050255,63.47983,0.1310157,70.23873,69.65199,0.31050053,51.500797,122.598946,0.33556047,53.27629,138.20253,0.20688601,83.454605,51.10627,0.07183853,92.92909,98.48664,0.2233941,60.452892,80.540504,0.09859368,49.04238,81.55806,0.5559833
339,356.03796,196.12978,0.049117036,118.42054,73.590324,0.056893736,70.317825,69.584076,0.08449888,80.2771,63.56437,0.12381184,70.72157,69.714516,0.30702025,53.54564,128.00592,0.34019446,54.136883,138.72676,0.19743504,137.83717,361.918,0.0773712,100.485954,99.44911,0.24725597,61.379158,80.5805,0.0930109,50.287376,82.26285,0.5486706
340,452.9026,379.3664,0.048566047,118.01116,73.01064,0.046337545,134.85088,166.39589,0.08842885,80.50072,64.096504,0.13886079,70.9448,70.65812,0.32948616,54.52733,121.99337,0.3237546,64.93692,136.77344,0.1980789,137.84323,361.59772,0.087454766,101.07865,100.117645,0.2727677,79.141815,95.92207,0.093497336,51.56523,83.138016,0.55190575
341,452.7783,379.52805,0.053089995,117.2028,73.20785,0.04842787,137.84018,356.153,0.08957396,80.20684,63.67603,0.14637277,70.78415,70.62596,0.34439653,58.512486,120.18667,0.34739125,65.27513,135.6757,0.20150578,137.67082,361.9345,0.08738814,101.57842,99.92341,0.29561132,61.261368,111.60158,0.08804552,51.688686,83.23067,0.56048244
342,100.2155,116.85987,0.047778167,117.27144,73.24424,0.055122517,137.95767,356.2992,0.07757889,80.48091,63.94808,0.13667814,71.434166,70.19843,0.32813144,60.505882,115.53871,0.33397365,65.44634,136.01053,0.19868329,116.604576,49.156857,0.0753654,102.18826,99.8484,0.29972103,78.50997,96.23522,0.08647879,51.03732,87.77544,0.55823135
343,469.1081,377.90408,0.052127883,117.22969,73.3676,0.05668545,87.41988,54.35475,0.072079204,80.68809,63.626755,0.13105863,71.81978,69.657234,0.3420549,59.085777,120.81174,0.35185727,65.5501,136.56042,0.21129774,116.39546,48.9329,0.073868416,103.99837,101.46117,0.32248598,78.439224,96.2971,0.087757386,51.484516,88.06885,0.56349427
344,468.95673,378.5181,0.05966068,117.37094,73.31373,0.054490253,137.73528,357.41208,0.08970056,81.430084,64.29301,0.13566539,72.49355,70.32252,0.3320815,61.351677,115.95884,0.3451683,65.993576,136.37712,0.20232427,138.27284,363.71298,0.071963176,104.28752,101.29933,0.32136562,134.93501,164.23776,0.10552661,52.582664,88.689606,0.5680821
345,468.8535,378.5406,0.07290352,117.23518,73.35654,0.04780755,61.162643,102.47922,0.07210718,81.37091,64.63674,0.13209519,72.48752,70.406845,0.32257062,61.742393,115.80777,0.35126954,66.60252,135.35573,0.20770495,99.17897,36.82762,0.07113409,103.86063,100.89913,0.31042054,135.0925,164.75562,0.089654945,53.025787,88.89483,0.5588224
346,468.51898,379.0455,0.07402645,468.00854,388.61078,0.04427643,72.76398,69.55559,0.07376812,81.16081,64.49422,0.13860989,72.37024,70.66101,0.33170158,62.031315,115.70697,0.3634772,66.76504,134.98184,0.21054122,82.01458,52.385586,0.07070618,104.45636,101.274185,0.30522305,78.18706,96.112755,0.08353858,53.297966,89.363686,0.56928265
347,468.53506,379.8157,0.06619138,102.48863,36.36906,0.04190238,61.327095,102.54095,0.07308891,81.23879,64.26072,0.13637598,72.86411,70.15863,0.33004424,62.165478,116.703285,0.35802034,66.42096,136.96567,0.20937495,385.87247,94.135666,0.06824376,102.24705,111.8231,0.3146163,98.3427,61.8907,0.0873118,53.55178,89.574875,0.555193
348,468.46408,380.07373,0.0700733,88.90413,53.91632,0.04307776,60.197517,102.37015,0.07873198,81.693665,64.781075,0.15908499,69.102806,79.544,0.35028762,57.151394,128.46614,0.3856781,65.16296,139.81996,0.20374878,81.7241,52.65535,0.086560056,103.504265,112.44289,0.33819443,98.48855,61.70819,0.101543315,52.970924,91.21855,0.56774044
349,468.32578,380.38345,0.08159674,133.8454,75.8322,0.04230792,60.64257,102.82628,0.07864731,82.31146,64.4585,0.16009887,73.832634,71.906235,0.3463583,58.95276,127.93658,0.37135017,65.4907,139.0566,0.20336886,81.86043,52.333466,0.076365925,103.52378,111.80748,0.31785974,98.36953,61.783287,0.10616327,54.10397,91.77928,0.5615199
350,468.27472,380.46637,0.08798999,467.6338,389.5099,0.05421565,61.124123,102.93465,0.078936435,82.41235,64.19097,0.15492778,73.952736,71.542404,0.3530568,60.161644,124.53943,0.35753858,66.033195,139.30331,0.20604928,379.68835,108.51452,0.08128852,103.830734,111.901024,0.31000194,98.530174,61.912857,0.10775701,54.420673,91.42227,0.5590901
351,468.26767,380.50308,0.09331115,467.74274,389.68692,0.059679262,61.4444,103.270164,0.07637519,82.72141,64.13373,0.15424794,74.07179,71.87025,0.351144,61.025448,124.30445,0.35217446,66.53795,139.22328,0.20267673,497.3134,383.38156,0.12549175,104.00083,111.80372,0.30345872,99.12028,61.647503,0.0972223,55.030704,91.5981,0.55801624
352,468.29468,380.39066,0.08500924,467.64252,389.77618,0.057747368,61.655483,103.5219,0.07745881,83.041954,64.1665,0.15029678,74.27806,71.97872,0.3412625,61.294804,124.45051,0.3451033,66.8011,139.4059,0.20128256,497.75882,383.19986,0.10820615,103.81921,111.46075,0.2897886,99.36463,61.635925,0.08900749,55.54338,91.485115,0.5462326
353,468.72964,380.3936,0.064553484,467.8378,389.6625,0.04280092,61.856747,103.532616,0.07343087,82.32588,63.596043,0.1398854,74.00315,71.276535,0.34934348,61.86308,123.838875,0.3443473,67.16858,138.892,0.20779221,380.28195,108.68688,0.08641872,106.683716,100.42657,0.2802878,98.84052,62.338215,0.1004437,55.69228,91.30636,0.5492709
354,484.60553,378.83087,0.06889959,468.00748,389.81866,0.04518516,62.17788,103.508736,0.07505089,82.23565,63.175575,0.1300569,74.33647,70.56677,0.34699148,64.881065,118.34974,0.35596782,67.465935,138.7546,0.2102317,498.8085,382.513,0.10159071,106.81966,100.00505,0.27070346,98.50943,62.387077,0.10399756,56.00795,90.84416,0.5446141
355,484.73145,378.63568,0.06787707,477.00616,388.56195,0.045654267,86.84977,54.105892,0.07376034,82.71404,62.863895,0.12750103,74.69917,69.614624,0.33822823,65.66564,117.710144,0.36156672,67.78759,137.89691,0.21058004,400.5648,93.95451,0.07803913,103.85256,111.12723,0.26676327,98.18662,62.648632,0.107238986,59.643982,79.51066,0.5436946
356,484.9178,378.47534,0.07086191,88.262054,53.08419,0.0452743,86.80734,54.50828,0.07698529,82.88133,62.997993,0.116812326,74.81822,69.24858,0.3151834,65.596085,117.24691,0.3629208,67.51636,136.73105,0.22154324,82.48089,52.253757,0.072062515,107.082405,99.33205,0.26185143,98.06572,63.127075,0.09740824,59.686867,79.3443,0.5385309
357,484.7028,378.95816,0.05917201,88.47344,52.784645,0.04280138,86.50497,54.503284,0.08081273,96.87129,51.49219,0.12116772,74.718575,68.83594,0.3108108,66.32104,116.43589,0.36603683,68.14104,135.1388,0.20311907,99.687775,64.82789,0.07476703,106.8142,98.95053,0.2629521,98.09184,63.425762,0.088441536,59.959152,78.93815,0.5435469
358,484.5576,379.22812,0.055129558,102.79047,36.955677,0.03993178,86.41794,54.470158,0.080397405,96.97627,51.099873,0.120609425,83.202484,66.14301,0.3076611,66.66457,115.90958,0.3610595,68.30095,134.60275,0.1945923,82.56856,51.67845,0.07106646,106.4528,98.44991,0.26408377,79.9256,80.70321,0.09364564,60.419216,78.97754,0.53520334
359,484.36728,379.24002,0.06273838,483.39084,388.245,0.045542914,86.177635,54.229416,0.08108736,96.56091,50.99984,0.12598518,82.942154,66.016075,0.3242159,66.8566,116.01923,0.3640825,68.75106,134.50916,0.19426803,401.12286,92.99695,0.073339485,106.64401,98.64402,0.26640424,80.13914,80.496864,0.08818414,60.32359,79.42982,0.5298221
360,484.07938,379.14893,0.08187884,483.25153,388.33224,0.05236675,85.82178,54.76449,0.07919919,96.96513,50.81757,0.11814121,75.08123,67.5124,0.29107335,66.92104,115.11921,0.34834135,69.02662,134.6997,0.1901729,401.67148,92.69647,0.069475584,106.26142,98.19855,0.24275415,79.85453,81.13162,0.08990969,59.400185,82.95115,0.53876555
361,484.29706,379.4692,0.06968435,483.66623,388.5051,0.039610974,85.963005,54.83194,0.07538873,96.7817,51.14513,0.114519864,82.94813,65.54289,0.2686913,67.25839,113.68585,0.33325073,68.37416,124.95637,0.1798165,401.56583,92.5475,0.08299454,105.852196,97.98935,0.24741441,78.06471,96.44297,0.09388638,63.63176,74.56117,0.52867365
362,484.1523,379.1977,0.081621625,483.7519,388.41156,0.045238633,85.39943,54.674015,0.07530938,96.56364,50.399834,0.115709335,74.67731,66.98299,0.2728075,66.48518,113.449646,0.34470657,67.74817,124.39016,0.19083247,504.25262,366.82388,0.075253166,105.61592,98.13204,0.25653437,77.95035,96.510254,0.09539236,62.923378,74.40046,0.521925
363,484.4112,379.638,0.07422591,483.6923,388.67352,0.042080235,62.47082,103.9518,0.07827136,96.53313,49.829266,0.11401602,74.721504,66.64368,0.2783549,65.471596,114.58965,0.32665676,68.03651,134.06567,0.18203779,504.64468,367.1284,0.072091796,105.07155,97.75091,0.2509943,78.28328,96.23731,0.10314665,62.794586,74.1692,0.51587045
364,517.93823,373.56158,0.0652531,483.87265,389.00174,0.037347417,62.593483,103.85896,0.08022392,96.21975,49.61745,0.11417924,74.62177,66.29459,0.2830904,65.220085,114.51682,0.334643,67.8998,133.87193,0.18286012,401.64304,92.239174,0.07077643,104.99686,97.62656,0.25585708,78.013275,96.38427,0.101283535,62.05126,73.84723,0.5123423
365,517.46204,373.39838,0.05994362,483.99048,403.44983,0.045543365,62.40847,104.56597,0.07840221,97.05157,50.217445,0.11900232,83.71419,64.628845,0.25082347,65.83456,113.48045,0.31781745,67.15645,124.77127,0.17874056,99.046585,65.64351,0.061097983,104.474785,97.47277,0.25337338,78.3656,96.45781,0.10511849,63.120277,73.85857,0.530936
366,114.51128,86.39747,0.060567457,484.08298,404.08978,0.043004885,61.83198,103.89282,0.08738268,96.761536,50.649033,0.1208203,83.11182,65.00743,0.25305286,64.584694,108.961945,0.33570337,66.396,125.30843,0.18883085,68.125984,82.14335,0.061852742,103.91424,98.03302,0.2540684,78.3704,96.45654,0.110224046,63.136753,73.66291,0.5305454
367,114.43512,86.36685,0.062129278,483.77527,404.0815,0.044506427,61.742935,103.46591,0.08805518,96.561264,50.39462,0.12271801,74.371666,66.58216,0.26484516,63.79883,109.38737,0.33667383,66.9005,133.05472,0.19193622,379.50067,92.14923,0.07907885,103.705444,98.311516,0.24440213,78.30674,96.25739,0.10397402,62.44855,73.16237,0.5226844
368,114.1218,86.49721,0.060249146,484.13678,404.7933,0.042759866,61.488144,103.51258,0.087650076,96.44376,50.696064,0.12656817,74.37453,66.97587,0.26614624,63.357483,109.01676,0.3309674,66.60272,132.49796,0.18545403,379.6914,92.11643,0.07688551,103.185745,98.43018,0.24110225,78.35119,96.255615,0.10761633,62.771812,73.448425,0.51916087
369,113.92939,86.43556,0.058251884,156.72552,72.54849,0.039438277,61.18405,103.82166,0.08681046,96.81066,51.017982,0.1229663,83.12916,65.52321,0.25078562,63.38024,108.704155,0.31064025,65.9227,125.625465,0.18204437,380.0418,92.569496,0.08486462,103.17781,98.4347,0.23716186,79.0669,96.017,0.11876183,63.622894,73.335724,0.52269226
370,148.03464,55.987595,0.06100628,156.71213,72.30568,0.03344872,61.27426,104.042076,0.083789594,96.63289,50.473362,0.122470014,74.26276,65.95981,0.25230432,63.597023,108.16973,0.3162452,65.87761,125.33849,0.17819878,379.94708,92.20111,0.07536492,103.048775,98.03301,0.24394575,78.817375,95.85228,0.10943287,62.081573,72.23548,0.5135171
371,147.93126,56.155502,0.06040992,156.78027,72.21829,0.03226901,61.19638,103.89433,0.081918314,96.11513,50.42273,0.12556352,74.06553,66.088646,0.26123947,63.571877,108.11609,0.31845862,65.87084,125.3489,0.17737325,68.39133,81.55539,0.07808136,103.11312,98.11283,0.24033692,78.83037,95.74727,0.10891903,62.393326,72.30561,0.5176559
372,500.30664,380.93683,0.060814317,156.61191,71.86726,0.0325967,60.675182,103.73132,0.070919275,95.62305,49.66187,0.104999565,73.808205,65.58897,0.26304883,63.512764,107.72399,0.32808203,66.07019,132.75197,0.16878355,68.609695,81.14653,0.086311504,102.97478,98.05637,0.23752962,78.93621,95.53059,0.111607,62.178436,71.636116,0.48813733
373,500.38684,381.19855,0.059021126,484.6041,427.7908,0.031739127,60.664345,103.93809,0.072851986,95.674286,49.79571,0.110984154,73.81841,65.235634,0.26909354,64.09258,106.65144,0.32573503,66.29829,124.005936,0.16145262,68.4614,80.9908,0.088269085,102.87717,97.86215,0.23663545,79.23894,111.35747,0.10680277,62.042995,71.647804,0.49117118
374,113.96383,86.604034,0.054775447,484.45966,427.6836,0.037197556,60.46846,104.06746,0.07270731,95.742805,50.01272,0.11450671,77.99392,58.963097,0.26242742,64.06626,106.47219,0.32207322,65.62813,132.69853,0.15540741,68.47507,81.02701,0.08884244,102.3673,97.674034,0.23913057,79.05448,95.64965,0.10746809,61.98696,71.69655,0.48012593
375,113.8433,86.74144,0.0540437,509.61456,425.43207,0.053127185,60.61215,104.07794,0.07097614,95.553535,50.419125,0.11309262,73.61031,65.61772,0.26235065,63.92311,107.27474,0.3252668,65.67671,132.96632,0.1624325,68.73084,81.265526,0.08943623,102.28365,98.153854,0.23595005,79.013725,95.65274,0.10447401,61.61609,71.837524,0.47950315
376,516.0135,381.04007,0.05516976,501.0328,425.81924,0.045966715,60.51391,104.44364,0.07300304,95.60882,50.30402,0.11310828,77.73962,59.01367,0.26253897,63.994095,106.02922,0.32462963,66.15684,123.34501,0.15662304,83.7301,65.6091,0.087891266,102.088196,97.73002,0.23310177,79.20752,95.912346,0.11300318,62.067135,72.03361,0.48010415
377,113.76315,86.9589,0.049510263,501.06085,426.73276,0.04113961,60.62967,103.99907,0.073502995,95.66635,50.47514,0.111757375,73.65295,66.13228,0.26715255,63.37976,107.57133,0.33005142,65.55891,132.66257,0.1683768,83.58628,65.74903,0.08920861,498.27124,214.43365,0.24862508,79.135506,95.819885,0.11074763,62.032036,72.50002,0.4854436
378,515.9858,381.15897,0.0570535,88.81283,52.420338,0.03313395,60.62975,104.074356,0.07078267,95.14958,50.298164,0.11665052,77.9328,59.259144,0.26417083,63.655003,107.50514,0.32095194,65.6556,132.94835,0.17292418,83.73811,65.68552,0.09188317,101.93382,98.328316,0.22932982,79.06065,95.694466,0.11142223,62.507362,72.59003,0.48648486
379,515.1039,388.68008,0.05581244,500.8348,426.88037,0.042990427,60.486877,104.20334,0.070485316,95.38698,50.606632,0.11423734,78.47306,60.157974,0.25442758,63.857403,107.09039,0.29663393,65.45958,133.50272,0.16734225,83.65281,65.642044,0.092910446,101.68206,98.29055,0.2213569,79.15035,111.88366,0.11572293,63.444504,73.00719,0.49480048
380,515.76044,396.00858,0.054949127,500.82532,427.2184,0.035568863,60.67556,104.479126,0.07179443,95.269745,50.637127,0.12047729,78.64438,60.31129,0.25032175,63.87753,106.80761,0.30046648,65.67027,132.37746,0.16820116,83.765045,65.605385,0.094875865,101.98928,98.15854,0.22069384,79.16299,95.8668,0.12112956,63.780308,73.33488,0.4873478
381,514.873,389.39462,0.08252729,523.3271,389.12473,0.040884934,73.17049,70.53717,0.07415511,95.06316,50.134193,0.122838266,78.55899,59.719482,0.24857901,64.1329,106.00933,0.3084568,65.936844,131.0218,0.16699214,83.96842,65.54726,0.09133334,102.47031,98.04549,0.22323123,78.87358,111.897995,0.12124798,63.78173,72.98792,0.48469067
382,515.25024,389.76428,0.075004004,523.38794,389.4426,0.033359386,73.6145,70.890945,0.07296862,94.787094,50.230583,0.1230278,82.999466,64.481125,0.23046435,65.28292,104.7283,0.30375874,67.02994,121.635574,0.1578298,84.14634,65.58745,0.085112795,103.25896,85.8548,0.22409774,78.8163,96.16042,0.12126354,64.44525,72.899185,0.4725597
383,515.2763,390.4983,0.067822844,517.47235,425.02243,0.05651027,60.331604,105.251884,0.07218615,94.79924,50.21371,0.12576209,83.177505,64.633125,0.23020722,64.538124,105.150505,0.30896986,514.94165,425.73706,0.18569982,84.26893,65.72866,0.08221352,509.29987,210.82059,0.35607854,78.585754,96.0043,0.1250529,64.94044,73.25534,0.46739507
384,530.1048,388.79065,0.072786644,517.04596,426.4155,0.04916725,73.77145,71.098785,0.06867676,94.296524,50.307568,0.124244034,82.47529,64.775276,0.23291104,64.84501,105.48685,0.32106882,66.75722,122.08011,0.16220807,84.35995,65.418755,0.07447549,513.3188,210.60149,0.33656916,78.197014,96.21269,0.12770875,64.97882,73.175644,0.49658257
385,530.5699,388.88242,0.069027565,87.9208,52.995255,0.038358122,74.385216,71.58556,0.067858316,94.48777,51.03365,0.10608683,82.96005,65.420616,0.22087568,65.76822,105.20157,0.30828354,67.5073,121.51515,0.1600986,84.12316,65.93282,0.08103291,514.5144,210.39119,0.42555553,78.47867,96.32128,0.12403866,66.29148,73.75044,0.5053126
386,115.30469,86.87533,0.05863682,481.61267,211.65836,0.042838015,72.53237,86.24508,0.072617315,94.353424,51.293053,0.093923256,83.19475,65.903015,0.213057,66.55492,104.422905,0.31449637,68.00203,120.51205,0.16025096,417.41226,77.21938,0.0844011,516.63776,211.07658,0.5454999,78.40203,96.6381,0.11501693,67.18357,74.04009,0.49676526
387,115.70917,71.67491,0.063964486,484.0258,444.78226,0.039117288,73.35361,86.827774,0.07078285,94.347565,51.014393,0.09483098,83.83927,65.34218,0.21236864,68.413605,102.4901,0.30978245,69.33981,118.0659,0.15706733,83.94302,66.01507,0.07867562,518.3759,210.83835,0.48945126,78.46592,96.31552,0.10514122,68.63654,73.62522,0.48867342
388,531.2458,389.336,0.07765938,492.82858,444.83707,0.053410828,73.83834,86.89658,0.07774755,94.9512,50.756386,0.09601369,84.493034,65.162186,0.23035435,69.10095,103.42374,0.31885594,69.608055,119.711105,0.15376376,84.0218,66.021034,0.073870614,523.72974,209.12894,0.475805,78.5614,96.33866,0.100847274,69.011955,74.104485,0.49770534
389,531.45123,389.81226,0.06305797,492.77664,444.98993,0.053652797,74.38395,87.58888,0.07983828,95.85747,51.466038,0.07669063,85.98559,65.8729,0.21346404,70.122665,103.20924,0.2984954,70.33476,118.998634,0.14658058,83.74549,66.57958,0.07395892,526.28894,209.88712,0.4439606,78.97721,96.61697,0.095795356,71.33181,74.115326,0.4863902
390,115.49181,102.20986,0.066162184,492.7288,444.76547,0.055654135,75.17421,87.61272,0.08029211,96.584404,51.021496,0.07254356,86.86392,65.68794,0.21705493,71.335365,103.182655,0.30374676,79.64969,118.879555,0.14413801,417.76904,76.39879,0.095523186,531.2021,210.22395,0.55469126,148.73994,353.6958,0.088681705,71.75705,74.20887,0.4761068
391,115.48126,102.34676,0.07050345,532.762,426.8042,0.0509101,75.752716,87.928375,0.08086611,97.04713,51.176422,0.0677865,87.3768,65.88889,0.20894109,72.24267,103.24373,0.30866542,71.00316,119.42768,0.14705129,417.6845,76.48429,0.088492066,533.14484,210.02441,0.4991538,79.196045,96.40854,0.08735528,72.11876,73.69913,0.4618152
392,115.56384,102.30792,0.07199762,532.65735,427.09622,0.047791153,76.26774,88.78775,0.07423142,97.08342,51.90474,0.061356615,88.34792,66.58759,0.19210826,78.49436,96.76627,0.28326672,80.40499,119.08432,0.14109387,417.4641,76.47499,0.08027728,535.93567,209.33655,0.5287345,96.2558,95.95469,0.09723295,74.08862,73.67279,0.40556327
393,116.07061,102.06115,0.06651191,483.47946,459.94333,0.049588487,76.50707,89.249245,0.068408705,97.06347,51.575375,0.057857472,88.6783,66.21222,0.1911325,80.083275,95.4941,0.2787238,81.187126,118.59819,0.14610226,417.84973,76.2109,0.07487136,541.7209,207.97597,0.4374261,95.65433,96.09942,0.10868816,75.743095,73.926865,0.4123485
394,116.22011,102.258644,0.058772877,483.54053,459.93234,0.050712567,88.005,72.18908,0.057179496,549.2638,231.5105,0.05370338,89.15973,66.318954,0.15940298,81.40547,93.55453,0.25210747,82.18677,117.05848,0.14041206,83.439316,80.80284,0.06848924,545.13855,209.02704,0.4526426,95.48806,96.25294,0.10385746,77.05825,73.48649,0.3869803
395,116.43976,102.62599,0.055428296,508.95023,445.13763,0.04343732,167.0474,446.01334,0.055720396,549.148,230.92346,0.051003247,89.28623,67.14207,0.15590852,82.06868,101.015945,0.21983135,83.34283,116.50833,0.13543582,83.48923,81.1647,0.06349099,548.8907,209.35698,0.528077,95.59518,96.59046,0.10526985,77.288895,79.68661,0.38511935
396,421.3958,85.48908,0.04301583,491.9922,459.6774,0.05894359,165.06662,341.8614,0.05235554,96.775566,53.020782,0.052087426,89.592384,67.64846,0.17467344,82.28041,103.33834,0.26600814,83.93918,118.31816,0.14412408,418.2275,62.43868,0.06593957,549.22064,208.8916,0.428015,95.020615,96.52578,0.108458914,79.42558,75.63822,0.39238095
397,421.08755,85.54747,0.045872457,491.88812,459.6667,0.061546594,89.89034,72.51749,0.06290649,110.82076,51.334732,0.05268139,87.84271,80.349785,0.16634476,83.63097,102.70805,0.2728085,84.80304,118.064415,0.1470782,84.2014,95.67221,0.06653902,555.9322,208.08426,0.411236,95.09837,96.566,0.11153832,82.33506,72.7052,0.42146003
398,131.077,86.9302,0.049453706,491.58844,459.70212,0.06050695,90.764854,72.57214,0.06424615,110.64347,51.047573,0.07028121,92.06833,71.52083,0.17344314,84.70449,101.215515,0.28777155,85.60207,116.90794,0.15584722,411.73367,76.921364,0.08852302,556.4059,208.67921,0.24706434,95.032326,96.4516,0.10087431,83.73635,73.24966,0.45552653
399,130.53375,103.29822,0.056148358,509.22235,443.672,0.056355946,89.77504,87.78592,0.0611474,111.279884,50.978516,0.07185228,101.06995,65.501495,0.15524235,86.29072,101.59666,0.25590307,95.92392,105.34474,0.14245278,412.19983,77.058266,0.09800911,561.5998,209.0287,0.2290251,95.61116,96.59422,0.1019644,86.19273,73.735535,0.44993195
400,130.87976,103.41382,0.064302355,508.80872,443.32602,0.06820673,90.58636,89.071686,0.069297075,507.9842,444.49557,0.06069867,94.64685,74.38203,0.1410681,88.320274,101.8215,0.2134085,96.97488,105.52987,0.13020742,433.4794,61.61492,0.095308565,563.05396,202.75108,0.25068238,112.852325,82.53456,0.08562475,90.57827,74.23945,0.43277606
401,131.41675,103.15124,0.06819887,508.38483,452.0976,0.065000124,90.87295,90.33936,0.061455105,507.98892,444.3612,0.05307309,109.37109,58.14531,0.1318804,97.55368,87.84459,0.21223563,98.77327,102.69866,0.14526525,433.83487,61.430523,0.07756482,564.3877,201.8299,0.28338096,98.4536,96.277756,0.08288631,93.008385,73.70319,0.41300392
402,131.78531,102.923965,0.07135199,508.12924,452.50534,0.059637297,182.08383,446.07968,0.057546392,166.63892,69.02517,0.050647717,108.74839,57.897068,0.14202031,98.78933,87.29813,0.2368758,99.39455,102.2712,0.151587,433.65958,62.17195,0.094763055,565.942,201.19225,0.43558836,112.67746,96.23879,0.09989416,94.1129,73.546585,0.39463624
403,132.31163,102.94085,0.059883773,499.68127,459.94098,0.046509538,180.82603,342.35034,0.056178324,405.37366,68.41916,0.048768286,105.068275,66.6452,0.15200737,99.49312,88.18845,0.22948706,99.94066,103.010124,0.15480962,413.15176,77.63485,0.103720136,567.95264,200.10432,0.3817413,112.09689,96.37473,0.10147616,94.00988,78.784775,0.39080182
404,132.2081,103.03141,0.056963604,524.9331,444.16223,0.049810853,181.51448,342.0562,0.059599027,582.8844,213.48251,0.053114045,107.61434,73.14077,0.11062969,573.6462,218.52115,0.17362598,100.48008,102.308426,0.123733886,434.14584,62.370018,0.08711188,575.3743,199.2781,0.36505973,112.814384,97.241394,0.08935846,95.834145,81.804695,0.36117247
405,132.30664,102.95545,0.0441251,525.02344,443.74826,0.06147555,105.32048,73.12957,0.05936418,126.18705,46.683907,0.05193358,107.78696,72.64447,0.14368975,101.44329,87.430084,0.19120705,100.69757,102.39375,0.12795697,434.71347,62.02998,0.068267725,436.93982,539.4703,0.26434824,112.581406,96.792465,0.09810814,100.213356,73.515755,0.37725392
406,437.16873,85.18782,0.04841353,515.8557,444.07468,0.054128762,183.84912,349.19846,0.062210936,126.46907,51.578693,0.055389315,108.296265,73.03169,0.15489551,100.9008,100.70772,0.2159576,101.250206,116.92836,0.12764923,99.51425,95.65053,0.06203476,578.9979,198.15843,0.23543149,112.15676,96.631615,0.10754434,100.822845,73.99086,0.41603592
407,147.43999,87.11269,0.047543075,524.7088,443.62784,0.05191566,105.463486,89.0034,0.05984641,524.19946,444.26743,0.05518542,109.95425,74.07204,0.14156811,102.95235,99.83765,0.16713703,112.87892,102.07103,0.11658191,449.4204,61.145588,0.08448963,579.37823,196.78224,0.26712734,113.1792,96.73452,0.10454877,105.830605,73.61749,0.42997316
408,68.39418,195.60443,0.05086964,523.8842,588.3405,0.044124193,189.49954,351.78708,0.064697415,341.01688,76.996704,0.04881273,110.11086,91.19644,0.09329153,110.72004,77.50858,0.085146986,114.708145,101.082695,0.07872269,449.5856,60.847675,0.062345836,67.628136,194.86845,0.08839152,115.39947,97.78891,0.08342403,110.34778,74.95965,0.28821734
409,147.45502,103.08371,0.044847295,516.9108,588.86176,0.046268538,190.39647,351.0648,0.07721218,341.30978,69.00896,0.047926005,123.85739,74.058655,0.069352604,116.19429,83.53028,0.09652293,116.465034,85.19088,0.08577642,450.10315,60.416794,0.077918455,68.960106,195.14194,0.09937535,182.80812,340.00937,0.064556845,111.39639,74.27415,0.26566193
410,147.53989,103.15049,0.0584229,435.9015,92.589714,0.03201687,198.4582,445.29874,0.05700448,341.33533,69.02669,0.0523595,123.89794,73.73153,0.09328253,116.71313,84.38732,0.1202717,116.50951,98.82815,0.100407355,450.141,60.666443,0.06871717,438.11823,539.3992,0.10328087,117.94231,82.61089,0.073647514,111.67237,74.228226,0.29158783
411,147.78737,103.42099,0.060796537,492.39633,427.81772,0.03408977,197.66713,341.9972,0.07101811,340.89493,77.023865,0.051069688,124.021774,73.34315,0.10557595,116.9799,86.131065,0.12537655,116.81119,100.90945,0.09841738,449.88837,60.553974,0.076942615,451.40576,538.7374,0.14461143,118.50043,82.46422,0.07962743,111.31279,80.798836,0.3206233
412,147.89178,103.64764,0.0531327,531.8405,444.19556,0.044134,120.28696,73.74419,0.044888236,340.5982,77.23649,0.060765766,124.81526,89.03753,0.11126911,117.3528,99.30195,0.12560587,117.3393,100.62559,0.09432612,449.32635,61.650486,0.1063575,451.43628,538.82776,0.13564934,129.7119,97.22518,0.08666757,112.08151,81.00665,0.31090462
413,453.53802,69.83538,0.044639252,556.7452,428.21408,0.03928534,189.81926,142.84367,0.047880527,341.01443,69.10221,0.054940052,124.90655,74.483345,0.08384132,118.59327,83.21006,0.093648106,117.97523,84.91628,0.08604947,450.24234,60.907547,0.07346185,146.21318,82.274284,0.08686045,130.68219,97.917595,0.062692314,124.71147,61.36892,0.28278658
414,341.64062,85.11009,0.040260073,547.84515,427.66388,0.0414437,199.50847,341.31955,0.06282577,341.10385,69.056145,0.043642014,126.00303,75.766396,0.08049193,125.44684,76.210846,0.07590505,538.51636,434.10672,0.07144079,451.08682,61.22302,0.08291991,451.85788,538.64923,0.100904934,195.76639,340.49692,0.07679135,125.9745,67.022446,0.26626945
415,100.39086,195.78423,0.047889847,547.80383,428.0588,0.03879104,200.46489,341.6277,0.063944064,325.4476,69.03281,0.039416555,126.576195,76.29089,0.05684232,411.71036,526.5498,0.074263036,131.74783,83.618576,0.06459733,442.7147,60.69903,0.05707029,452.11658,538.56854,0.113237165,197.27512,340.4366,0.09884805,127.48271,67.76607,0.22231263
416,100.25227,195.69855,0.050494604,436.19717,180.62868,0.03383925,201.34749,341.11322,0.058864955,199.47778,53.117096,0.04332469,420.01968,514.089,0.05562088,418.3316,534.425,0.08550163,403.088,533.44867,0.057371154,443.35815,61.04811,0.07800394,453.24435,538.67334,0.1581774,198.38164,339.5844,0.10524992,128.10841,67.66421,0.16843006
417,163.42805,87.05343,0.045008045,452.16003,92.49483,0.030261282,205.76477,350.77313,0.05572204,436.40982,69.22146,0.04053418,141.20854,58.50865,0.065572694,419.37582,533.9207,0.086709574,133.12921,83.61861,0.09537032,443.8961,61.482548,0.08571478,453.91934,538.5023,0.1487091,198.85219,339.21555,0.08198661,128.69891,67.34901,0.26445276
418,163.34319,104.21753,0.058975406,436.1431,181.08604,0.029020475,202.95201,143.66975,0.06946402,341.20322,68.81867,0.039840393,141.53522,58.62872,0.08087916,134.0839,83.256714,0.083851,133.34113,84.62178,0.09939137,443.81656,60.63222,0.06738606,454.03464,538.5983,0.122892216,197.76808,132.62196,0.07235451,129.00562,67.81817,0.28540662
419,164.19482,87.07134,0.05699637,548.56696,588.651,0.030241778,204.16885,143.29248,0.05402978,341.17105,68.91456,0.043122757,141.70663,90.27944,0.08453719,134.81769,83.46897,0.08928078,133.77634,84.80017,0.101029724,443.83783,60.05378,0.053156875,109.82739,195.37029,0.15680987,198.5921,132.1116,0.06893069,129.30463,67.86714,0.2775288
420,150.03458,196.14343,0.044606294,548.7234,588.7759,0.039645627,214.35512,437.07196,0.054642197,341.09738,68.81368,0.042200748,100.75137,178.52739,0.08926986,420.8335,534.1572,0.08563502,133.994,83.7025,0.07532912,444.32266,60.88009,0.06764723,118.541046,194.75717,0.26774254,198.7022,132.30763,0.053525615,139.97252,59.867786,0.24785514
421,150.80293,195.91882,0.048457418,549.1416,589.03845,0.045679606,213.96869,341.1291,0.061993558,341.26703,68.9688,0.043843634,101.58194,178.06523,0.09981709,98.044586,200.2231,0.08912732,563.36633,578.7276,0.084295385,465.7114,47.12516,0.08609989,132.50635,193.67085,0.28621832,210.60913,339.96295,0.04900417,141.15298,60.654636,0.24091999
422,150.47551,196.19843,0.048623588,563.4808,427.3301,0.042051543,458.9693,189.57578,0.04450624,452.83316,60.691895,0.045119215,115.81382,178.81383,0.075928494,427.92105,541.15375,0.07526097,554.19995,434.10498,0.09245452,466.07526,47.124596,0.08717166,126.36569,195.43298,0.25994518,147.99892,98.37524,0.044423334,142.13948,67.78851,0.18572335
423,150.20703,195.86284,0.051407278,563.41394,427.23907,0.03835932,215.9318,436.8999,0.062106643,452.4815,60.629772,0.042357452,116.253975,178.88853,0.0808863,433.81918,535.2964,0.07982684,554.3644,434.20557,0.08751547,466.5918,46.02087,0.053019363,133.06299,194.71577,0.24764782,411.3981,129.14658,0.044070967,207.24835,436.25616,0.17123222
424,149.94476,195.66942,0.037376884,459.79547,187.60316,0.030582232,215.84863,436.2989,0.04929382,486.17227,38.650955,0.04318841,117.117325,179.17554,0.069758125,434.09387,535.7082,0.09894849,433.32352,547.99176,0.0644804,481.51767,45.324493,0.073123604,141.15514,194.37247,0.25397867,212.97034,338.83176,0.05557928,207.39992,436.10953,0.12678818
425,165.41882,196.64244,0.038793374,565.1815,596.757,0.036952723,458.1928,94.325096,0.047949437,451.84457,69.95152,0.05332374,117.103935,178.77135,0.077737026,434.54572,535.7075,0.11074733,433.74463,547.9225,0.07078267,461.1444,62.08964,0.10412607,141.5878,194.97809,0.2755611,213.52824,338.8913,0.058342684,207.61298,441.2701,0.12719762
426,179.08739,86.748024,0.044783376,571.7931,588.3415,0.03522712,458.35297,94.411,0.051158447,467.9094,61.379734,0.05304726,117.42163,178.72623,0.07255738,435.16623,535.1239,0.104009815,149.75906,82.13397,0.0762831,481.61163,46.20693,0.096550316,141.95587,195.23695,0.28408393,213.96677,339.19067,0.068083316,144.72989,67.2833,0.19200757
427,166.16666,196.47923,0.04757154,564.786,588.7505,0.032687318,217.12737,340.59103,0.058645975,215.6813,52.11434,0.05807497,207.1372,60.88549,0.0800968,435.6311,535.16736,0.09857186,149.98251,82.06859,0.07955806,481.80182,45.962566,0.083715454,142.81976,195.33777,0.29891315,214.49437,338.64944,0.07980464,145.19936,67.00875,0.19968581
428,166.26866,196.55171,0.047069576,581.04956,580.5815,0.029984485,217.29968,340.65945,0.06854671,215.44882,52.1592,0.057884503,132.53708,179.01701,0.07959896,436.257,535.3532,0.11729741,570.00336,433.9008,0.068923555,481.95657,46.02856,0.083163604,143.13179,195.72461,0.28250882,214.89525,338.6322,0.089603364,157.02217,59.645092,0.15336584
429,372.87186,69.43036,0.043002665,581.1816,580.6852,0.043900903,217.17978,340.62628,0.05775391,466.5957,68.81613,0.047261216,451.15225,513.3394,0.07787025,436.83508,535.37054,0.113615595,570.1676,433.8995,0.06949931,461.2084,60.75024,0.09050443,148.6886,194.85661,0.27111727,214.88394,338.86343,0.06966053,158.00554,59.96905,0.122497894
430,179.97783,86.86227,0.04735077,581.15076,580.8668,0.04313211,227.44185,341.6172,0.057972234,215.80031,52.442028,0.05092723,451.52826,513.9175,0.07214472,437.5082,534.0261,0.09264333,580.2397,578.0894,0.083524466,482.0629,45.876236,0.07396253,149.65706,194.37326,0.28112483,214.85545,338.93298,0.05310629,157.53156,60.195892,0.17676999
431,485.16226,53.416622,0.043800294,581.1944,596.89905,0.054219868,228.1032,341.1833,0.05570352,501.75867,38.735786,0.04820454,133.07028,177.5099,0.088686995,581.40564,577.8376,0.088934414,580.42883,578.3449,0.08915862,578.69104,594.3807,0.073394075,151.22142,194.31384,0.32672045,215.04045,338.37808,0.051646724,158.02423,60.145798,0.16592562
432,452.14133,521.88965,0.04569881,581.2564,597.0211,0.043921966,221.39778,238.96259,0.056230854,184.21193,196.89618,0.053530313,147.64362,176.3306,0.09812718,131.21115,199.69652,0.092358336,570.443,433.96133,0.07535358,578.85425,579.05023,0.058755375,160.22334,193.39409,0.38838378,214.4437,131.11336,0.071247846,131.37791,187.43462,0.1090388
433,451.98312,521.90875,0.046609603,581.27203,596.9959,0.057493526,221.80823,335.37924,0.050231066,184.25279,196.88101,0.052547995,148.01675,176.69484,0.08299243,581.5105,577.60284,0.083003454,580.67224,592.82996,0.08461956,578.69336,594.3795,0.073083684,159.61995,193.12862,0.35938978,261.21188,83.33978,0.06320878,132.38246,187.05255,0.08768703
434,451.94928,521.63116,0.04948544,581.64874,581.04224,0.05675071,228.05367,334.43173,0.07021134,184.40254,196.44232,0.057838827,148.409,176.39143,0.09009127,450.68643,535.68536,0.09620075,580.77057,593.15564,0.07925631,578.64935,594.54645,0.072765365,161.26088,193.59673,0.37960306,219.80609,337.24243,0.07700053,129.16197,186.19121,0.09216978
435,182.4355,195.61722,0.05236787,581.29034,597.3472,0.0427782,227.99101,327.2392,0.07250661,182.37975,214.75076,0.05710085,149.29501,176.82777,0.08874073,450.87967,535.77997,0.106570445,580.7247,593.5105,0.08836661,585.7227,586.7882,0.06529494,166.5429,192.99991,0.38579085,220.20532,337.20004,0.081310295,171.01042,195.71698,0.08399985
436,182.42628,195.70334,0.04994429,146.06503,179.42651,0.044028006,228.88205,133.23764,0.057641026,184.43321,195.84613,0.0550988,149.44409,176.82326,0.08809819,450.86154,535.68054,0.1135534,580.7415,593.88434,0.087401435,497.7052,44.569294,0.0724498,166.69194,192.55257,0.37034455,226.0685,337.62396,0.048716065,171.07811,195.60373,0.07245838
437,451.3384,507.4675,0.045947537,146.2591,179.46863,0.042890728,228.61037,326.57666,0.06347395,183.67758,195.78403,0.05261006,149.25653,177.31755,0.0733592,450.9861,535.79333,0.13060048,580.7796,593.91113,0.100489475,497.83594,44.49435,0.07171806,166.69736,193.00694,0.34864792,224.9696,337.20462,0.064186655,171.04378,196.23032,0.06509235
438,451.39337,507.2306,0.049640983,588.5175,589.11346,0.050136868,229.13243,326.29965,0.06508237,183.50667,195.50937,0.051414642,234.86194,344.38205,0.07357535,451.232,535.92346,0.1387617,580.8463,594.0094,0.10196417,498.0078,44.488403,0.080171764,487.52353,536.9559,0.3372439,225.4645,336.81458,0.058837544,160.16745,60.120895,0.086043924
439,451.34995,507.2214,0.048397444,145.8897,179.15852,0.039132632,230.21219,332.98184,0.051478602,181.87575,214.72835,0.053743813,149.75278,177.24812,0.07148376,451.74124,535.14545,0.1437937,450.6672,547.1794,0.08547264,497.96188,44.7393,0.1023671,168.60974,193.40132,0.36188403,227.0393,337.2928,0.050513107,147.80495,186.81717,0.08451312
440,130.42929,180.7082,0.049018223,146.07027,178.78526,0.03835097,230.07991,325.63416,0.056741394,181.76587,215.23422,0.05391786,149.9073,176.25723,0.09969377,452.0132,534.9727,0.15322757,451.02118,547.05975,0.089187205,498.0913,44.34289,0.089531824,170.10522,193.06921,0.4401364,227.3054,336.97736,0.062230755,145.02754,187.21814,0.12098673
441,130.57632,180.88905,0.047493726,163.96585,171.71655,0.03746074,230.48103,325.6262,0.06820215,181.66159,215.34285,0.051418796,150.17798,175.89955,0.09734706,452.35452,535.00775,0.14715114,146.50572,210.50053,0.08372524,498.28787,44.114746,0.065278396,176.48605,191.33142,0.44641393,227.44595,336.7093,0.077291936,144.85178,187.16295,0.12803215
442,130.71724,180.89539,0.048126437,163.88934,171.70796,0.04146311,235.38423,351.25287,0.0442508,181.33282,215.20865,0.04841285,150.12216,175.92476,0.10330428,452.32816,534.77563,0.15439767,146.7189,210.45598,0.08837457,498.45895,44.077682,0.052368186,175.91165,191.29037,0.4667613,228.14917,336.8646,0.07277834,144.89233,187.34473,0.12941658
443,131.18646,180.93616,0.044659976,164.60446,178.99051,0.050307207,234.86108,127.18028,0.04808682,373.14883,53.27211,0.044254802,163.42914,175.54242,0.096872866,452.91718,534.57336,0.14769714,463.12845,549.74133,0.08633273,515.38043,194.16536,0.047304876,176.56383,192.08833,0.45280832,166.52045,182.10114,0.06091337,146.23032,187.27043,0.12585738
444,451.32266,507.39767,0.04292418,163.70662,178.78363,0.051847883,231.02539,118.25255,0.050790597,188.93097,161.8461,0.06288222,164.32793,175.40298,0.12760215,453.0203,534.1003,0.12009354,160.80615,206.24524,0.08830213,235.05507,137.22821,0.05452297,178.24191,190.59428,0.4141926,228.85501,226.18808,0.07699269,147.62643,187.14153,0.13358498
445,451.20285,507.23212,0.04429616,163.32802,178.90955,0.055753198,234.61314,127.91023,0.053788636,188.99031,161.95656,0.06184594,164.67043,175.77475,0.12200697,453.0575,533.96216,0.12923193,463.5275,549.45526,0.08389754,230.28253,118.25875,0.050874457,179.32518,191.04727,0.41938606,228.81464,226.15204,0.07752903,144.8474,186.24503,0.1246381
446,451.24554,507.28058,0.04114981,162.82295,178.68988,0.053398225,231.34636,118.66685,0.065576114,189.31323,161.025,0.06803343,165.44713,175.10625,0.11687829,453.6083,533.4209,0.1265805,463.74405,549.1032,0.08860056,234.84729,137.41512,0.07094678,182.19193,191.1896,0.44619486,229.4232,117.60908,0.07797511,233.42552,121.052795,0.133118
447,244.22757,24.047003,0.04275594,162.34164,172.25809,0.050832886,235.50728,127.58904,0.058900096,189.22736,159.99973,0.07435977,165.775,174.48456,0.12461647,160.65163,199.64545,0.14022467,463.9454,548.86633,0.09230469,228.85495,337.7017,0.060488988,183.66824,190.63579,0.48201418,229.0326,226.24222,0.08272524,159.72617,186.64331,0.16937777
448,244.27455,23.911787,0.041629378,162.9104,178.06404,0.0568335,237.23335,334.79984,0.05333985,189.50087,159.82791,0.06400229,166.04568,166.23071,0.13071412,159.79488,200.50981,0.14049052,161.3544,210.55879,0.091985874,228.85378,337.74356,0.057017323,184.44347,190.78185,0.52682185,229.25964,226.3554,0.07998266,159.26115,186.83083,0.18166542
449,145.81862,180.93506,0.047904935,162.57704,178.0711,0.05179499,232.87059,325.2298,0.0556388,200.06732,183.53247,0.070350476,166.3095,166.45514,0.1317211,160.27739,200.7383,0.1518157,161.76096,210.79503,0.10040443,233.66339,331.55496,0.062014025,185.37834,190.89264,0.5425972,229.2385,226.20247,0.07378921,158.75221,186.96964,0.1989657
450,145.80223,180.77872,0.052787147,162.38573,172.32997,0.047381382,232.95891,325.85178,0.064580396,189.22646,159.17175,0.079574555,166.42982,166.56613,0.13355985,160.76228,200.63667,0.15295571,161.90771,210.97986,0.10228476,233.88632,332.0254,0.07029418,186.71623,191.19246,0.5258865,230.58775,336.54358,0.07815251,158.96132,186.68655,0.19617927
451,145.78534,181.0388,0.05081521,180.29651,170.81897,0.04813797,237.00627,335.07837,0.05630686,189.31786,159.28757,0.082051545,180.50282,167.02348,0.1368292,161.01997,200.849,0.15611476,161.83875,211.23146,0.10206516,233.98885,332.30017,0.062049378,187.70575,191.66476,0.50311744,182.26881,181.17387,0.07784245,159.12454,186.91696,0.1847481
452,146.12833,180.989,0.05158202,180.1402,171.51202,0.053287916,242.66335,142.67868,0.04001737,199.50092,182.517,0.06632981,166.34547,174.84108,0.12067415,161.93231,199.63608,0.146423,464.28848,547.8671,0.10264704,227.91039,338.08218,0.06053764,186.65273,191.68892,0.48728007,182.56824,181.46822,0.07241803,159.96617,187.01694,0.17553845
453,146.31177,181.13072,0.05253753,179.97263,171.64934,0.04553704,243.85039,333.93692,0.04238157,189.38446,160.16396,0.06574614,166.454,175.27983,0.12275829,162.06763,199.60695,0.13395369,464.73126,547.3517,0.094854325,519.96454,27.589369,0.055715624,186.71165,192.34407,0.48404485,182.58801,181.14975,0.074340545,160.18147,187.33719,0.17037973
454,516.7286,534.33606,0.05058715,179.73985,171.80286,0.04968606,250.18942,143.80507,0.04321372,199.25195,182.13892,0.06194775,166.28546,175.5987,0.11265377,465.26984,535.62994,0.13083044,464.50012,547.5908,0.0990378,519.98596,27.293251,0.060040403,192.36284,191.38173,0.46275303,182.41826,181.45795,0.0737803,161.20049,187.1908,0.15653525
455,516.5944,534.31476,0.047920812,179.43985,171.95642,0.04583838,237.67133,126.73603,0.06364836,206.92393,162.10359,0.058995645,179.43964,175.0211,0.112496614,465.4578,535.42926,0.13610472,464.7532,547.5132,0.10010758,251.93431,123.23364,0.06671261,192.37917,191.49841,0.46810243,182.48628,181.52138,0.07240993,162.39095,187.1811,0.14411826
456,516.7749,533.6344,0.055472117,179.4124,172.4475,0.05556981,249.63821,143.584,0.058098905,197.74995,214.93321,0.053877626,180.0252,175.85538,0.10401469,465.34393,535.10004,0.18318175,465.05536,547.0649,0.13531697,513.91876,29.104929,0.06143471,192.41776,191.3712,0.44371274,241.98462,434.0158,0.053609915,163.1747,187.0815,0.121914804
457,516.73083,533.5998,0.052926995,179.35619,172.55336,0.051488496,244.92894,118.06767,0.050507147,197.7285,214.87563,0.051439106,179.73572,176.00641,0.09647145,465.7482,535.006,0.16782945,465.3068,546.962,0.11915994,499.89093,44.39718,0.057901222,191.28175,192.10353,0.42665994,242.46915,433.97406,0.051478636,162.99344,187.30779,0.13066266
458,516.99054,533.4321,0.057872314,179.20914,172.48634,0.050630957,245.2687,325.6301,0.060077086,197.39767,161.30005,0.05698902,180.06993,175.84691,0.10873234,466.00528,534.9035,0.21478453,465.52213,546.83466,0.17356978,513.7015,29.37047,0.061014596,192.15207,191.91798,0.4170253,242.51949,433.82913,0.05047724,163.30191,187.30429,0.15282184
459,516.95276,533.2862,0.05749203,178.99774,172.86958,0.040833514,245.54906,325.3049,0.04757775,197.22263,161.90077,0.052522104,469.8886,510.16043,0.09698329,465.83618,534.6064,0.21520777,465.35992,546.57336,0.17369696,514.02295,29.005152,0.062065467,192.14056,191.15623,0.37055242,183.28821,183.15236,0.049950413,165.0621,187.45215,0.113203175
460,516.7716,533.4664,0.051227707,179.5608,179.76788,0.042891443,245.83397,325.12457,0.0578496,197.2281,161.57263,0.053107157,469.9419,510.85297,0.08457676,466.26752,534.3152,0.1799389,465.67078,546.1435,0.13116346,514.19165,28.828524,0.062341906,191.87576,190.73708,0.36774454,183.3971,183.03587,0.050771587,141.30296,174.24387,0.12874219
461,516.7072,533.52563,0.049072374,179.61038,179.8607,0.04699679,245.8949,325.054,0.053383008,214.30956,215.8286,0.046859547,470.0913,510.9461,0.07963017,466.41165,534.33704,0.18042868,465.89133,546.2102,0.12848073,514.23395,29.038256,0.068040915,191.82756,190.98758,0.34766096,243.03018,433.73502,0.046462182,141.23389,174.35031,0.12436061
462,516.7216,533.3316,0.049490225,180.4333,179.11766,0.06416086,245.81706,325.28195,0.057481956,197.20041,160.86478,0.05416457,165.26393,166.52654,0.11554502,466.37006,534.51587,0.17888075,465.84567,546.35724,0.12681173,514.1025,29.111374,0.06136068,193.92668,190.24574,0.3990045,182.64287,182.63588,0.048622597,134.51208,174.34308,0.17654383
463,483.3598,545.9812,0.04657873,180.87897,178.74646,0.07244581,245.8757,325.14563,0.05438698,197.11676,160.54135,0.058359783,165.05988,166.76904,0.1329811,466.03265,534.2073,0.17569596,465.69598,546.06305,0.12348219,500.6013,44.021122,0.053100165,193.84023,190.14816,0.43357486,242.90518,433.68018,0.047211893,134.62563,180.10974,0.2361461
464,483.37155,545.9641,0.047072086,180.68004,178.90579,0.07035371,245.81561,325.51343,0.06721968,197.19653,160.84666,0.05146377,165.68042,166.39427,0.11485883,465.96637,534.2598,0.17429616,465.65707,546.10583,0.12340371,500.44504,43.95533,0.04894988,194.03638,190.30197,0.41095528,242.55006,324.70523,0.0482551,141.90552,175.33568,0.17563486
465,483.30557,546.1561,0.046407584,180.48131,178.75966,0.07012614,245.79628,325.6057,0.0679552,197.18161,160.63527,0.056752626,166.05803,166.39868,0.10756433,466.12756,534.2968,0.14320225,161.00827,209.80368,0.09924177,500.41904,44.112152,0.0536279,194.3368,190.43417,0.43252802,242.32617,324.59863,0.051017072,162.76389,186.79778,0.16711068
466,483.23254,546.1451,0.047974862,180.14412,178.69919,0.065160796,245.74794,325.73492,0.071935214,205.47812,161.70695,0.052010167,165.93196,166.19627,0.10171216,466.11374,534.7043,0.14814337,465.5545,546.71765,0.10163544,500.41003,44.138126,0.053644355,195.00887,189.96028,0.41425398,182.62738,183.26741,0.05773697,148.01897,174.82079,0.15698074
467,483.18805,546.13727,0.04763267,179.42824,178.84122,0.060633846,245.7829,325.14963,0.057527214,205.36731,161.62856,0.05917723,180.88623,166.27101,0.092946105,465.79077,534.73193,0.14831421,465.37262,546.68463,0.101528786,500.4266,44.079823,0.051571652,195.32933,190.01465,0.40547305,182.53177,183.14352,0.061255217,164.7341,186.43083,0.11872183
468,516.77966,533.4768,0.051397827,178.7966,172.07213,0.0544053,245.73653,324.88986,0.050050255,205.53824,161.15846,0.059174117,181.8897,165.60815,0.08280151,466.07373,535.00824,0.1458816,465.43323,547.0801,0.10233677,514.1926,28.810612,0.048965346,197.56487,188.62029,0.37794116,182.55565,183.63306,0.05142021,178.08276,186.55264,0.12306081
469,483.14246,546.1678,0.054097258,179.49478,171.29005,0.063140124,245.54424,325.10635,0.056273088,198.34921,159.74438,0.069968216,181.22485,166.22177,0.12051974,465.4751,535.2871,0.15485695,464.93225,547.30554,0.116847835,514.2712,28.718935,0.049730998,197.33679,188.7358,0.43633807,181.38272,182.52235,0.06469805,176.07547,186.75085,0.1416384
470,483.18677,546.08044,0.051856373,179.60388,171.27449,0.06929044,245.38078,325.54977,0.06035165,205.51268,161.01599,0.0627747,180.98932,166.29147,0.12345952,465.47394,535.18787,0.14372034,464.90353,547.22015,0.104754314,514.1439,28.916826,0.059007082,195.70204,188.8786,0.44571453,181.39389,182.51189,0.066583656,163.33954,186.166,0.16284575
471,483.24008,546.16034,0.048914354,179.33319,171.68219,0.061032936,244.72371,429.20197,0.04553728,205.48697,161.23712,0.058738288,181.12671,166.1851,0.10425735,465.39368,534.85394,0.14751266,464.9674,546.74976,0.10124763,514.1163,28.995245,0.06675314,195.60902,189.2532,0.43028358,181.8292,182.84952,0.06179546,164.25258,186.3352,0.15633853
472,483.18195,546.1469,0.05072131,179.33926,171.83684,0.058576938,244.29166,429.45743,0.05285535,197.81686,160.47437,0.05408008,180.87994,166.20888,0.095687844,465.52798,535.1069,0.14661476,464.93494,547.06085,0.10252716,514.0899,28.978498,0.07024607,195.02547,189.56581,0.4215552,182.09901,182.86646,0.06267973,164.13547,186.37953,0.15817577
473,483.25464,546.2119,0.048061524,179.07518,172.25125,0.050585438,245.34267,325.48578,0.05154663,197.93614,160.88199,0.051206164,469.14395,499.60825,0.08641129,465.17102,534.6969,0.14582402,463.65347,539.06445,0.09933672,514.1187,28.863018,0.06997491,195.2286,189.63913,0.38451466,182.42001,183.25395,0.055665407,165.26057,186.45457,0.12629038
474,483.2533,546.1663,0.04864236,179.07318,172.27983,0.05176021,245.66602,117.02884,0.04009273,197.90648,161.0178,0.055284634,180.31007,175.847,0.08607373,465.2796,534.84576,0.14225978,464.91354,546.7348,0.09613589,514.23065,28.798847,0.06563204,194.88464,189.88268,0.37109458,182.5291,183.36888,0.053594194,177.79413,187.41298,0.13115637
475,483.3286,546.14777,0.04620932,178.97583,172.24272,0.05297033,245.45331,116.94006,0.038654868,197.99277,160.75432,0.062219292,180.43642,175.74867,0.09723107,464.96732,534.96075,0.14463694,464.7397,546.76794,0.10097499,514.0611,28.86061,0.0657796,195.45474,190.04857,0.39181677,182.12296,183.05197,0.056110103,164.82349,186.59648,0.13158874
476,162.24812,180.991,0.04859903,178.77315,172.53003,0.04021232,244.95094,117.56548,0.052744485,198.30032,161.11499,0.06859045,180.98833,176.06602,0.10710532,465.07706,535.01044,0.1422177,464.75974,546.885,0.10089072,513.767,29.320885,0.070743844,195.18913,190.45763,0.38658082,182.35725,182.97218,0.049197894,177.05624,187.69916,0.14485358
477,516.69653,517.9366,0.051001336,178.79239,172.64035,0.037947614,244.66814,117.47014,0.043388907,198.06248,161.36324,0.06203347,180.67598,176.24864,0.099548064,464.9166,534.90283,0.14421658,464.7491,546.7497,0.101660185,492.1449,44.56503,0.0668888,194.23845,190.55301,0.36637703,442.9264,112.96194,0.050773554,177.63747,187.9335,0.12883516
478,516.69116,517.8988,0.055114076,178.82816,172.33813,0.05066167,490.09525,78.19044,0.04851252,205.85832,161.8457,0.06753177,180.45346,175.78505,0.11037014,465.50513,534.6705,0.1342296,463.56958,538.4199,0.090442665,492.06622,44.581806,0.06550133,194.70485,190.18669,0.41550314,181.91615,182.5278,0.05864902,164.50838,186.81172,0.14111286
479,516.89264,518.0461,0.057451233,178.8104,172.36418,0.04876429,250.3695,143.09122,0.047392834,197.98537,161.09955,0.059058733,180.30492,176.03426,0.10557561,465.64935,534.99615,0.14334798,465.0419,547.05743,0.09999964,513.8707,29.136244,0.059136096,194.0281,190.5056,0.39886987,182.1461,182.59079,0.05534544,164.64642,186.83217,0.13621894
480,517.0871,517.8572,0.066817,460.99765,523.1475,0.033834085,244.2206,125.64047,0.040726364,519.35785,531.1742,0.045101322,469.86737,511.01605,0.07750911,466.64224,541.4414,0.14753829,464.95123,548.0727,0.10965488,513.8415,29.111649,0.0684028,502.6507,531.7249,0.37127507,443.22116,113.10581,0.044797394,528.68823,508.1623,0.058345273
481,517.04126,517.83966,0.06457848,178.57915,179.96436,0.039131127,237.444,125.75153,0.03958787,519.2801,531.2863,0.041779947,469.66333,511.15985,0.07345799,466.4021,541.2941,0.14184561,464.821,547.86615,0.10642734,513.9185,28.964842,0.06671523,502.26538,531.7145,0.3617715,230.50703,324.09793,0.045560487,185.22754,198.38058,0.06635007
482,516.8035,517.7061,0.0581158,178.8806,179.38142,0.046593986,244.35678,333.7799,0.043913245,197.49168,161.8985,0.054448836,180.65207,176.85434,0.10624288,466.34848,541.3125,0.12627375,464.78485,547.87225,0.099929295,519.92725,27.295578,0.06391639,194.18011,192.08665,0.4116424,443.46216,113.2932,0.0447586,165.56007,187.63065,0.12411409
483,516.74866,533.96045,0.054044053,178.7358,179.49484,0.043860465,244.1068,333.87634,0.04888806,197.33047,162.02995,0.060391348,180.73819,177.18674,0.10743593,466.45834,535.08124,0.11321709,465.09244,547.8421,0.087686725,519.89874,27.368576,0.05966476,194.01848,192.46823,0.4136013,230.66151,324.37607,0.046100564,165.8791,187.96864,0.11870066
484,516.5976,534.22046,0.051865667,178.9259,179.02425,0.048586067,238.43547,334.45456,0.05565865,197.33443,161.64517,0.08208425,180.39752,176.74963,0.1526032,163.48778,198.01817,0.10934886,465.30304,548.04755,0.07840894,519.8777,27.402225,0.061276454,194.42789,192.46716,0.4758827,231.01378,324.5273,0.046617802,164.16884,188.00703,0.17167689
485,516.81915,534.37854,0.051486034,178.76952,179.05511,0.04689349,244.18242,326.64975,0.04945147,197.60396,161.74525,0.08494103,180.66327,177.05254,0.15223041,163.7856,197.91156,0.1029217,465.03815,548.64954,0.0846483,519.81976,27.526545,0.056442734,194.47057,192.38983,0.45849487,231.04301,324.56558,0.045833744,164.47707,188.09071,0.15863231
486,516.9788,533.94574,0.057947755,178.46764,179.15115,0.04425228,237.8629,334.33774,0.04600929,197.82608,161.90927,0.086077265,181.09439,177.116,0.14347132,466.72794,541.8699,0.119400546,464.92996,548.75305,0.101020426,206.25461,186.16003,0.05499445,194.87082,192.49585,0.44894606,230.02284,129.4276,0.053253707,165.27577,188.26385,0.14093538
487,517.0091,534.17847,0.057013955,178.50565,179.33096,0.042053334,237.9409,334.47504,0.05130491,197.82558,167.2401,0.08268312,181.19865,177.47653,0.13774851,467.16022,542.67957,0.1131373,465.03357,549.36334,0.09360411,491.6648,45.93906,0.07789071,194.56908,192.76775,0.42078856,230.7315,337.92484,0.04931062,165.42972,188.4415,0.13280502
488,516.7628,534.47473,0.04835579,178.88528,179.27307,0.045014236,244.36218,333.54395,0.0423576,197.84488,162.20718,0.08248488,180.94196,177.42813,0.14356951,163.72847,197.96794,0.09803031,465.1104,548.75146,0.0838078,513.8294,44.190598,0.05783372,194.79936,192.80267,0.44591436,229.87314,130.33632,0.049278267,164.70938,188.39287,0.15546155
489,516.78766,534.51886,0.05622895,179.07153,179.19818,0.04250059,244.49362,333.72668,0.049323726,197.81834,161.94316,0.084914416,180.93945,177.18152,0.15390705,163.81189,198.08038,0.105005085,464.83673,549.8076,0.08641877,206.34254,186.35739,0.05106104,195.00807,193.053,0.46963733,230.83734,338.3376,0.04600406,164.43373,188.49892,0.16132301
490,516.9464,534.1405,0.056551524,179.0814,179.04712,0.049747463,237.34373,334.57953,0.044098243,197.61212,161.59715,0.08956171,180.5841,177.04082,0.16138852,163.36627,198.05289,0.112321354,464.5951,550.39276,0.08936942,206.39293,186.14287,0.04905348,194.98749,192.64874,0.4907149,230.12958,130.1692,0.04918034,164.04015,188.35971,0.17498213
491,516.663,534.1392,0.053266723,178.95987,178.8055,0.04758368,244.03305,334.06924,0.047761902,197.64511,161.51671,0.095967315,180.65918,177.00941,0.173851,163.9819,197.83041,0.11050119,464.97382,549.7519,0.07943149,206.15569,186.04474,0.0490383,195.02661,192.69429,0.4917399,230.96277,338.3563,0.052129347,164.22055,188.40187,0.18686585
492,516.62384,533.8289,0.060394775,179.23802,179.72899,0.046525616,490.79572,189.57079,0.04340912,198.2626,168.8947,0.06322801,180.79782,178.20084,0.118554644,163.30128,197.68098,0.09016053,464.70224,550.1414,0.08393082,513.79443,44.468296,0.044690225,193.84923,193.27347,0.4314191,277.44443,83.33333,0.055003107,165.45723,188.50993,0.13352056
493,517.23236,533.8765,0.057665784,178.6653,179.80879,0.05349929,244.63905,341.34897,0.050732046,207.10486,176.86577,0.06497245,181.68901,179.15572,0.1048185,466.77856,547.6452,0.105193935,464.05652,550.8825,0.09469101,513.92175,44.540783,0.046100747,194.41139,194.16246,0.39543998,277.49576,83.58659,0.069051005,163.85498,187.77122,0.090018876
494,517.39026,533.8244,0.05900015,178.64433,179.90883,0.047383126,490.84952,189.68196,0.04065457,206.4435,176.98703,0.07267174,181.98988,179.6978,0.10300827,466.6123,548.47723,0.11504682,463.91055,552.02026,0.091818035,513.6633,45.02921,0.053482015,194.72365,194.82335,0.37511128,479.4543,530.7496,0.046001393,175.06366,189.79753,0.07949362
495,467.8146,522.3503,0.04962128,178.69833,179.86673,0.04686047,244.5301,341.61932,0.043845873,206.28595,176.78358,0.071063556,181.96198,179.49313,0.10668184,466.40488,548.7066,0.09864332,463.98267,551.74817,0.08281982,513.5931,45.11035,0.05956122,195.084,194.99625,0.37603936,230.80695,339.50693,0.05012325,174.66771,189.58229,0.0789843
496,467.5918,522.74286,0.050801035,178.7589,179.87616,0.04916248,244.49797,341.58475,0.04406231,206.20537,176.74167,0.07799669,181.9999,179.63332,0.11266724,466.18555,548.76105,0.08261314,463.91663,551.2091,0.077477396,513.6148,45.05631,0.06430807,195.34688,195.2565,0.38753387,230.82587,339.7653,0.04632396,174.54716,189.72734,0.08448586
497,177.72641,181.57742,0.04705838,178.101,187.06216,0.038760126,490.82468,189.26436,0.03812797,205.59256,177.73242,0.066870816,195.51833,192.44206,0.06422183,465.9726,548.7738,0.07906452,463.79935,551.1121,0.08158632,513.94946,44.91233,0.05848413,194.79382,195.24797,0.2835419,230.63751,339.8415,0.04042485,183.34123,200.25566,0.056702137
498,177.63116,181.70445,0.049871676,178.07622,187.05974,0.037568726,244.49802,342.07657,0.042969745,205.48978,177.75876,0.07096891,195.28761,192.47986,0.06912759,466.0688,548.6444,0.07112983,464.20096,550.44763,0.07053727,513.8774,44.781765,0.06033566,194.84346,195.63606,0.27635625,443.13602,241.13002,0.042779293,182.96617,200.404,0.057577267
499,467.45786,538.3296,0.04916979,178.16011,187.54913,0.03919379,243.9878,349.6929,0.047285825,205.34311,178.03249,0.0613799,195.58203,186.47157,0.0647047,244.98509,457.8198,0.068108946,464.60666,550.1232,0.061605327,514.05664,59.82421,0.064230464,195.21007,195.95372,0.228134,230.7857,353.41302,0.046682525,230.34348,443.18085,0.04698011
500,467.46158,538.7249,0.050051123,178.05931,195.24413,0.03394948,237.85208,350.3061,0.046139758,205.16016,178.54915,0.058625128,195.8003,187.29083,0.06341376,245.14601,457.89673,0.068862945,435.72968,249.19371,0.054098837,514.1617,59.83343,0.06330194,194.48694,195.45673,0.14380836,230.9623,353.55524,0.050864317,230.3481,442.96307,0.069961384
501,196.1934,196.1961,0.047840927,179.18375,211.60712,0.030059006,244.33162,349.75937,0.05159722,389.35468,68.97832,0.047656808,251.90112,359.88126,0.05826044,244.91342,458.30457,0.060092825,464.79446,550.3317,0.048435003,514.2527,59.819263,0.058975264,493.99054,555.2637,0.13449745,229.58481,242.76624,0.05107747,581.9862,179.7079,0.03295224
502,467.56827,538.879,0.043523546,428.44537,252.11185,0.029570986,244.21582,349.7906,0.04878615,389.19327,77.040596,0.050434258,237.10306,358.60355,0.054125212,244.74228,458.78125,0.056547545,465.63748,563.2767,0.04430013,514.2415,60.01548,0.053904988,494.2806,555.8403,0.13936679,229.88046,243.1782,0.06176371,582.0486,179.64462,0.0318307
503,467.01953,554.458,0.0455235,484.0016,92.62379,0.031230917,490.74344,205.59416,0.04308321,517.6709,54.40745,0.042791463,237.12439,358.13678,0.0517319,244.8517,361.00284,0.06135365,491.02133,542.51654,0.046971265,514.0596,60.27357,0.052568097,500.35764,554.61426,0.19828124,229.6924,243.35872,0.04575228,507.51636,553.4346,0.039426737
504,196.44243,195.69223,0.044522576,178.70306,187.32765,0.037069213,490.84128,205.45218,0.045644652,206.16351,179.13713,0.04621449,300.70065,102.844986,0.055180453,244.57993,361.7575,0.054844983,338.71335,473.52777,0.042031195,514.0523,60.32037,0.05252436,194.09335,195.20995,0.18591282,230.60635,354.93848,0.047049716,224.54755,194.3961,0.037994247
505,196.34708,196.01282,0.051630545,178.61156,187.77051,0.032545727,244.09517,357.3728,0.044691056,483.27692,84.73881,0.048655853,300.5831,102.88098,0.05907251,244.44235,473.13846,0.05698263,148.12228,98.43373,0.0356319,513.6379,61.005577,0.057201013,188.84709,196.69962,0.15623029,277.59183,99.4345,0.07027849,224.31015,194.42195,0.03283717
506,500.906,85.14137,0.046625245,484.24002,316.1545,0.03118754,490.81827,205.47798,0.042262807,483.45746,84.70997,0.046843264,285.78522,101.94374,0.055952884,244.62737,472.73544,0.057290353,148.0961,98.46953,0.04019368,513.6578,60.80024,0.04776191,188.14621,196.15184,0.070319675,229.75732,243.86894,0.05095546,590.3683,193.61452,0.036292873
507,500.96756,85.18668,0.045726467,484.5194,92.66023,0.032576494,244.25461,253.8679,0.039960023,309.84467,84.42069,0.047556806,285.926,101.78943,0.05003105,244.66248,473.0125,0.059502352,290.29175,431.34616,0.04394034,498.6435,61.91211,0.047905777,499.08167,562.638,0.05537587,229.71873,244.05695,0.043853763,284.84332,77.48598,0.035404682
508,388.4968,84.75495,0.039476305,484.567,92.58681,0.030333253,491.14832,205.46967,0.03449147,388.7664,84.81458,0.042559743,237.17886,358.3395,0.04420305,244.49301,473.87704,0.0584423,435.37967,263.8843,0.062356524,499.71014,76.35705,0.05210414,499.06985,562.64557,0.06250347,230.20139,355.7724,0.04490475,590.74243,193.22841,0.03856281
509,501.16107,85.420204,0.03673662,116.17081,140.48816,0.030738374,236.9605,158.52483,0.03629401,373.1712,84.74737,0.04364078,237.19621,358.03278,0.04259322,244.68726,473.52075,0.058703315,435.43744,264.1951,0.053441722,499.45248,76.36183,0.05666729,498.99063,562.8864,0.053696938,229.49489,257.4371,0.04658165,590.8323,193.13336,0.045202207
510,278.44168,101.49746,0.03566813,116.19128,140.50476,0.02813011,243.56665,358.71783,0.042030636,373.39362,84.86879,0.049607553,236.53004,375.11707,0.052240334,244.7956,473.46002,0.06784434,357.62912,553.343,0.04881772,227.82762,369.86383,0.060342465,361.76752,552.3577,0.046908557,230.28569,369.20938,0.051506143,590.721,192.96327,0.044941053
511,278.54968,101.72666,0.037078205,483.9705,108.38364,0.030110775,237.13371,367.27316,0.050887406,389.0634,84.84723,0.05367298,236.464,375.2865,0.057407252,244.6751,474.32245,0.061509777,357.43518,553.62335,0.0456472,513.481,76.34161,0.06818858,498.91226,563.28345,0.04706455,230.5556,369.0027,0.05632319,224.93654,362.97687,0.07128304
512,501.15628,85.34942,0.036905784,483.96048,108.20629,0.029399943,237.0916,367.228,0.055913173,388.81076,92.89907,0.052614022,236.72412,375.08185,0.060202785,244.83372,474.39114,0.05298112,435.5245,264.98492,0.049137976,227.73758,370.17874,0.055801,227.27597,360.6311,0.044316396,230.89185,369.3282,0.05803126,225.02472,363.27136,0.064703904
513,501.0081,85.30768,0.039664973,132.56714,109.05756,0.03091818,237.01488,367.82513,0.054785807,404.88156,92.83606,0.053425167,236.75455,375.131,0.055407666,244.74638,474.7292,0.0566463,357.1722,553.9906,0.043351263,227.99928,370.39175,0.0521335,227.26938,360.51477,0.04962751,230.68146,369.6229,0.055685297,236.26036,153.8653,0.07591103
514,501.11594,85.50929,0.043306466,483.83505,108.55158,0.032270003,243.65714,366.3583,0.042494673,405.02136,92.877144,0.055541802,236.8888,374.8428,0.04609055,244.15309,377.31,0.054333884,357.21585,554.0787,0.04196278,377.73273,92.46773,0.046696283,227.00488,361.26126,0.038214974,229.81497,161.83101,0.051993012,236.0784,154.04182,0.07067531
515,501.32126,85.49674,0.038094033,484.03027,108.456924,0.03226852,243.19505,166.3192,0.04453707,405.19412,84.790184,0.04763897,237.05307,374.53687,0.04690154,244.2768,377.48505,0.056154996,338.1717,495.35696,0.042218737,513.4437,76.64282,0.05491097,506.9749,217.19377,0.036762107,229.99312,162.22156,0.059257463,235.83316,154.58963,0.08738815
516,501.34717,100.88631,0.038891662,532.5308,428.74365,0.033608586,237.50597,382.46103,0.04367945,483.07288,101.01021,0.051174026,237.12735,374.8473,0.05355791,244.38467,488.8102,0.054297503,338.66556,489.48956,0.04531488,498.5972,78.47407,0.069199,227.36392,361.11404,0.0393173,230.4356,370.89066,0.044701498,597.2465,210.78781,0.050002903
517,252.27478,62.881283,0.03884106,532.8052,428.8132,0.031794015,242.9275,374.11246,0.04776727,483.38486,101.022194,0.05303939,237.03978,374.84222,0.051737517,244.3048,489.3275,0.05499983,242.99127,185.25722,0.043154113,498.7546,78.09615,0.054839112,227.7046,361.25613,0.03875398,230.72005,371.0217,0.050594136,225.77472,371.7691,0.061823647
518,510.75742,85.360214,0.042979516,509.34872,94.09086,0.032221332,243.29599,374.056,0.04278104,484.28305,92.605606,0.049177777,237.09521,374.7001,0.05276403,244.30484,489.24036,0.053907778,468.31616,120.75423,0.03884686,498.50403,78.606895,0.063148074,506.63434,120.94515,0.032853276,230.51973,371.34653,0.043756258,590.40063,210.83139,0.044504665
519,510.75186,85.5256,0.03694134,132.51425,109.06015,0.027057862,237.10255,382.5854,0.039587505,309.43335,100.51122,0.042975854,237.10829,374.7908,0.056505956,244.55821,489.1508,0.059566088,290.27148,447.25427,0.04567889,498.37225,78.47937,0.055246778,227.63794,361.5033,0.038892414,442.97412,161.06064,0.043265045,597.50244,209.30656,0.04815206
520,388.64633,100.89157,0.04143536,132.49425,109.0671,0.023534922,232.27097,372.81952,0.038751304,279.2635,101.60811,0.04515383,237.13629,374.70416,0.053952612,244.54884,489.53717,0.061572645,435.31317,279.99796,0.050943337,228.2968,385.56332,0.053307254,227.47578,361.79016,0.04100047,230.02736,163.6226,0.045327727,225.35901,372.13782,0.059763394
521,278.45032,117.51732,0.03911625,428.46332,267.7652,0.026220245,243.4049,374.41348,0.043613963,279.3244,101.23357,0.046676844,237.30109,374.43567,0.050945744,244.60007,489.45923,0.05992671,435.4519,280.07614,0.06444961,227.82372,385.57385,0.05299287,227.39989,361.95908,0.044432472,230.19083,384.79498,0.050846938,225.32497,372.2499,0.05681326
522,278.68497,117.47301,0.045066707,483.88855,124.39649,0.025987733,236.52686,175.21346,0.051854935,373.27563,100.82876,0.04936293,236.61809,390.84473,0.04916043,244.6892,489.48337,0.057675216,243.22987,393.50378,0.04507411,499.33124,92.63942,0.05744307,227.06476,362.14505,0.040717095,229.28358,273.28604,0.05655865,236.68376,168.95392,0.079536766
523,278.85593,117.462746,0.044368558,483.95184,124.57062,0.027301706,243.3864,374.80093,0.04490825,373.58087,101.16257,0.057133332,236.64835,390.84906,0.052144542,244.94376,489.56473,0.06487436,243.25285,393.49878,0.04361548,499.36652,93.25887,0.07340858,506.8528,232.98921,0.039495073,230.32812,385.07333,0.053386535,286.3271,121.88787,0.090407796
524,278.8274,117.52986,0.04501774,252.10925,87.12235,0.026683982,232.4666,373.9738,0.04913723,389.16718,100.80531,0.061644945,251.07715,392.0138,0.0564038,244.77362,490.2012,0.06350848,435.38824,280.8202,0.045781758,504.5701,92.471214,0.065490015,227.1575,376.66434,0.042086817,230.55481,384.98447,0.057546534,286.364,122.09249,0.09264066
525,278.20773,117.95679,0.039947238,483.8299,348.17892,0.025521424,232.54958,373.9509,0.057287414,388.51605,109.20789,0.06125418,380.90384,118.24155,0.05961673,245.01073,490.08362,0.066612616,435.41342,281.0992,0.053310465,227.99983,385.8804,0.062197868,227.24568,376.48453,0.04336469,230.84984,384.96887,0.062451307,225.54698,373.0717,0.08440257
526,500.88348,101.01815,0.04442743,509.31674,94.196785,0.02900916,237.28505,383.0194,0.04928739,388.73685,108.89636,0.05656398,236.90346,390.854,0.05663018,244.95718,490.1858,0.06269376,435.37283,281.05493,0.05247355,513.88837,91.55026,0.062723964,506.91962,233.06386,0.041858964,229.38785,274.2575,0.062285826,236.55215,169.60873,0.0623464
527,501.09705,101.03452,0.04429169,132.52544,108.85239,0.032144215,236.99896,383.4767,0.056356046,517.4134,86.07189,0.057809483,251.1493,392.16782,0.061725594,244.90477,490.26047,0.06251055,435.43097,280.9636,0.05240741,513.76227,91.66425,0.06608956,227.30443,376.5785,0.04400068,229.67667,274.14612,0.07119535,236.42722,169.74913,0.07435008
528,500.99127,101.11371,0.047744825,132.48642,108.84061,0.031207455,236.95078,383.68964,0.05634743,404.81528,108.74089,0.06192309,236.80789,391.12305,0.06280624,244.75833,490.50705,0.05927254,243.74428,394.01114,0.042161036,513.8308,91.791626,0.05804844,585.8893,185.90933,0.043377753,229.53365,274.37845,0.054939456,225.54167,386.61615,0.064724274
529,500.99017,101.16375,0.047605235,132.45113,108.777405,0.03190993,236.86154,383.71432,0.05378018,404.92203,108.80298,0.06305295,236.80992,391.0933,0.062321663,244.86002,490.49524,0.058279037,243.75037,393.91724,0.04618915,513.94507,91.75174,0.06087158,227.43747,376.63486,0.046953823,230.80942,385.55154,0.051307634,236.81938,170.25172,0.07721255
530,500.79163,101.22642,0.046776205,132.44777,108.843185,0.029597387,236.93675,383.71747,0.04749526,404.98425,108.85861,0.065699086,397.11856,118.21735,0.056630477,244.76952,490.6653,0.05432857,243.57845,393.80917,0.045389812,514.1071,91.650375,0.060104065,227.39003,376.77887,0.042944472,230.53001,385.6794,0.047742844,236.6356,170.22832,0.09305596
531,500.87958,101.205475,0.048377417,132.4831,108.82892,0.029588113,236.86617,383.76193,0.047286257,405.01746,108.82438,0.06495194,236.90877,390.996,0.058252588,244.71335,490.80707,0.053099275,243.63503,393.86157,0.046107683,514.063,91.75011,0.063361734,227.38524,376.8693,0.044662796,229.48605,274.79532,0.05292676,236.37793,170.24658,0.09683275
532,500.88037,101.20835,0.04740784,132.44116,108.8518,0.02915167,236.65065,383.7869,0.05371129,405.0749,108.85754,0.068012476,236.8523,391.0711,0.06119851,244.71194,490.81894,0.052462347,243.64398,393.96744,0.04754133,378.043,108.92256,0.06478507,227.42262,376.72577,0.046555948,230.65529,385.54034,0.05571685,236.31306,170.20306,0.10755339
533,500.91458,101.16079,0.049776517,132.44005,108.937294,0.029683765,237.38748,398.91296,0.047346428,404.9938,108.89948,0.06961251,397.1006,118.314804,0.05800879,244.7081,490.8398,0.054063678,243.60725,393.8113,0.043794807,377.90018,108.930046,0.065668754,227.34993,376.88928,0.042732865,229.34814,274.65265,0.050758716,236.13548,170.21977,0.109307036
534,501.03043,101.12218,0.0499601,483.9362,124.45399,0.031048616,237.1679,399.0057,0.046084974,404.99442,108.84294,0.065509,397.1581,118.16904,0.053770006,244.71721,490.80795,0.05621478,289.97134,448.1292,0.043329354,514.0219,91.783066,0.06318822,227.34586,376.91687,0.039281186,229.4204,274.67886,0.051416334,236.43013,170.3276,0.09860724
535,501.00116,101.24682,0.048338793,483.92188,124.54952,0.030269919,237.28949,399.1839,0.048920643,405.0182,108.80436,0.063840106,236.9656,390.9096,0.052408457,244.77866,490.82245,0.056508664,243.45148,393.85117,0.044851944,514.0201,91.708466,0.058716226,227.27806,376.86227,0.04309133,230.4694,385.59604,0.053209685,235.90227,170.24728,0.11270196
536,500.9115,101.24017,0.048508093,483.94342,124.57364,0.029815221,237.55095,399.15912,0.04983441,517.4587,86.20705,0.06311053,236.98346,390.94672,0.052937984,244.6845,490.86075,0.053234145,523.754,98.072685,0.04425439,514.01666,91.58074,0.059124026,227.15622,376.8728,0.044280186,230.53722,385.50626,0.056888375,236.03082,170.24817,0.08782369
537,500.82837,101.32598,0.047963183,483.92813,124.61026,0.02987731,236.81876,384.02795,0.060908098,517.4126,86.14748,0.060671385,236.86331,391.1883,0.06288055,244.61864,490.83536,0.058595553,523.6731,98.05774,0.044532057,514.16223,91.56091,0.05626048,585.4044,181.23744,0.060010996,230.72902,385.26865,0.069247246,225.21533,386.398,0.0946093
538,500.76782,101.41379,0.046981446,483.99146,348.10782,0.028040815,236.98816,383.97495,0.058053605,389.27557,109.253685,0.06287362,236.96269,391.15158,0.06481372,244.49973,490.95837,0.057241112,243.5064,393.7414,0.04484923,514.1967,91.459045,0.056510333,227.15932,377.181,0.047858458,230.72133,385.3694,0.06370517,225.18977,386.64774,0.09219518
539,500.83673,101.431046,0.048134595,491.83206,331.3742,0.02758242,237.479,399.32043,0.0541367,389.2206,109.15204,0.06533631,237.16522,391.04904,0.056772336,244.4526,491.05972,0.057651695,289.77377,448.1884,0.04284167,378.15442,108.67886,0.056316227,506.70004,233.06516,0.039817378,230.6078,385.68408,0.05799255,225.08942,386.96683,0.07182472
540,500.94443,101.53164,0.049299024,483.8177,124.71396,0.02873448,237.20946,399.38538,0.040197387,389.26767,109.073685,0.06339991,237.09914,390.65445,0.047997825,244.41661,491.13947,0.05649872,131.74046,112.93286,0.043492373,514.00757,91.769264,0.050439153,506.6708,233.09174,0.037645116,229.27628,274.74637,0.06247686,235.50954,170.10863,0.06497809
541,501.1621,101.60979,0.04837979,483.8863,124.567024,0.02930909,237.43214,399.56146,0.047411826,389.27835,109.20263,0.060831517,236.97908,390.72406,0.05010409,244.3492,491.13992,0.05602397,243.27074,393.5831,0.05036284,498.55054,92.95972,0.056843247,506.7178,233.04335,0.03865191,229.29298,274.9137,0.065986186,235.43625,170.28262,0.076102756
542,501.1694,101.63541,0.049577046,588.9257,589.1344,0.03268555,236.40553,384.21664,0.061709717,517.7121,86.496895,0.05412776,236.73068,390.87186,0.059473775,244.23456,491.1756,0.0583511,243.36517,393.6909,0.05194294,498.4794,92.99216,0.05433018,227.73122,376.87622,0.04028135,230.55128,385.4266,0.084186114,224.7853,386.39062,0.10313823
543,501.17557,101.652016,0.049652144,588.953,589.1258,0.03454925,236.47687,383.99405,0.059383642,517.6741,86.477646,0.052221227,236.71228,390.91718,0.06516501,596.98517,594.09766,0.059204493,243.31595,393.71906,0.04758801,228.69525,386.06372,0.051056195,506.71817,233.27597,0.035700582,230.46774,385.3764,0.08916688,224.69582,386.40338,0.09803134
544,501.19086,101.59643,0.04773698,588.9655,589.03064,0.035201382,236.41226,383.75964,0.048702218,517.59155,86.36118,0.0496729,236.76653,390.74234,0.057334542,244.04565,491.23218,0.05203439,337.5934,288.4438,0.0459745,228.68692,386.08627,0.04835238,506.64474,233.21306,0.03505259,230.1869,385.46173,0.075903535,234.96709,170.67688,0.07063573
545,500.78207,116.66474,0.049222227,588.90985,588.98346,0.038626157,237.5664,399.74872,0.05467363,373.5933,100.83196,0.046343237,236.57234,390.8806,0.05678106,597.09375,578.1513,0.05546921,595.47736,593.0706,0.04402404,228.94414,386.1001,0.05407981,227.81128,376.72086,0.040332217,230.34442,385.3237,0.08399304,224.5239,386.21075,0.108007886
546,500.9599,116.7516,0.04722949,483.73495,124.42,0.034499798,237.92644,399.43042,0.05018502,517.73517,86.51209,0.046674687,284.86127,134.7095,0.05579012,243.9163,491.45398,0.05889977,240.72209,191.99884,0.048403937,498.32434,93.2917,0.06048329,506.80045,233.31403,0.036980428,230.4155,385.9505,0.07887197,235.00046,176.78151,0.08180259
547,500.94928,116.86234,0.050756924,483.7327,124.386894,0.03475343,237.62674,399.29456,0.04307918,292.08292,125.32564,0.046041373,284.72305,134.6646,0.060432613,243.94101,491.54468,0.053511906,240.8088,191.97249,0.04465677,498.3011,93.40496,0.062257677,506.83408,233.44287,0.03601752,230.09273,386.11932,0.0722704,235.76038,184.07677,0.07374959
548,501.3446,116.89555,0.04591816,588.86993,588.97687,0.03405702,283.97076,143.9262,0.046504043,292.1686,125.336876,0.05296689,284.7611,134.78117,0.065497644,243.85463,504.89304,0.053289715,580.7796,593.552,0.045845482,498.1863,94.07071,0.08396704,506.88046,233.42162,0.035080295,230.13638,386.2587,0.069665514,235.55272,184.09616,0.076776534
549,227.14172,103.04344,0.043410104,588.96844,588.9581,0.036464605,237.49577,399.15814,0.046135277,469.90436,100.52561,0.05921195,285.17868,134.49869,0.058675848,596.7436,593.5867,0.056839358,580.89,593.5849,0.050138537,498.00284,94.9839,0.0959077,506.87122,233.33789,0.03361422,230.13574,386.62183,0.06750901,224.53024,387.45337,0.06032036
550,510.7466,101.45506,0.04322874,588.8972,588.9513,0.039774273,233.076,388.5322,0.055835307,469.94998,100.46036,0.060656693,236.32835,502.8624,0.05582405,244.62427,496.7828,0.063067056,580.92975,593.62714,0.054350927,498.1019,94.72372,0.09064693,491.8788,233.61836,0.036743656,230.33658,386.64487,0.07714379,224.53891,387.42288,0.092048265
551,510.59888,101.63214,0.046807185,588.91364,589.01324,0.038301513,237.34589,399.18497,0.049537804,484.24063,108.84959,0.052770495,236.42136,502.7992,0.052822985,243.64029,504.91452,0.060420245,580.8384,593.6065,0.05310058,498.25943,94.34038,0.08028911,475.1847,137.11195,0.0356977,230.1633,387.00073,0.06742748,224.69054,387.79904,0.08562672
552,510.61835,101.7096,0.047593776,589.0238,589.0709,0.038910225,236.88202,399.30734,0.046236172,517.4112,102.077576,0.05485632,237.10599,391.0019,0.049463794,596.9613,577.84186,0.062036067,581.00824,593.352,0.050459415,498.22122,94.44319,0.07298219,475.25854,137.08556,0.03247991,229.84435,387.15134,0.07124452,581.17694,227.59563,0.060963962
553,510.59348,101.71226,0.042979293,588.9852,589.079,0.036164552,236.80612,399.3148,0.049549248,517.6092,102.15081,0.05672337,236.4531,502.84418,0.05727514,243.89249,505.2232,0.056499206,580.9136,593.3736,0.047647927,498.1659,94.42818,0.062921576,475.2781,137.17998,0.03251995,229.82849,387.188,0.0777264,224.3329,387.9,0.08196181
554,501.11206,117.24645,0.03935869,588.9758,589.0194,0.040288724,236.73442,399.15616,0.049729794,517.53174,102.11651,0.05676194,236.17392,407.46167,0.054209925,596.8449,577.6623,0.06844299,581.01404,593.34503,0.058977395,229.07321,387.53674,0.05699232,227.96246,377.66296,0.034185898,229.96503,387.42563,0.0743335,224.42422,388.3101,0.094866745
555,501.00314,117.22808,0.042230546,588.9012,588.9415,0.043348778,236.87965,399.13626,0.052352972,517.44855,102.1225,0.05846587,236.32216,407.2649,0.05445744,596.6998,577.3926,0.07729234,580.99866,593.3127,0.070978805,282.23044,125.073425,0.05472518,347.4776,296.36066,0.034659293,230.19327,387.61603,0.0722729,224.1475,394.13907,0.0937838
556,501.15976,117.16603,0.04489172,588.87665,588.99426,0.04386375,236.96327,398.9924,0.04683955,517.5186,102.15505,0.06448905,236.39818,407.1546,0.04920041,596.83844,577.66626,0.07035854,580.95374,593.4027,0.06710707,520.2033,91.33094,0.053615876,347.64206,296.41232,0.033577092,230.2251,387.72186,0.06916719,224.08156,394.32022,0.08513366
557,501.1079,117.08804,0.042621378,588.7987,588.9676,0.046142556,236.79422,399.0212,0.044093106,517.4258,102.13673,0.06634028,236.39474,407.0512,0.04568249,596.5618,593.5305,0.06991938,580.9152,593.4614,0.070131056,504.17786,107.32236,0.056619853,347.64246,296.38852,0.034761347,230.12196,387.82373,0.061804365,224.01347,394.43915,0.07599456
558,501.0329,116.974594,0.043334138,588.78546,588.98224,0.04581816,236.7366,399.0178,0.042747255,517.3378,102.0365,0.07267822,236.38762,407.04697,0.045873918,596.7652,577.7201,0.072188385,580.9236,593.4391,0.07383941,514.17206,107.02703,0.061156526,347.69287,296.32382,0.03744363,230.1054,387.71713,0.06277276,223.93127,394.43796,0.07654561
559,500.94547,117.0147,0.044137195,588.8252,588.9919,0.04186876,236.69548,399.0103,0.045909222,517.3332,102.04866,0.06768387,236.36229,407.09982,0.04761216,596.7963,577.65686,0.06859933,580.95026,593.3679,0.06340485,514.1554,107.17433,0.06017859,347.6761,296.34045,0.038362596,230.1179,387.58084,0.06552861,224.44391,388.4602,0.09794785
560,501.0191,117.09499,0.043411586,588.8831,589.0119,0.04176662,236.82146,399.04697,0.04834925,517.36707,102.136986,0.066151366,236.37541,407.2075,0.050536342,596.82043,577.753,0.06477838,580.9686,593.4092,0.064405486,520.15533,91.22668,0.057394065,227.7399,377.95685,0.03962549,230.2138,387.50952,0.06671366,224.61206,388.46658,0.10564328
561,500.93198,117.03295,0.042521015,588.91974,589.0284,0.03960065,236.89638,399.0593,0.04728466,517.27625,102.07571,0.056901246,236.33781,407.20355,0.05067508,596.87726,577.79987,0.06166483,580.95575,593.4123,0.06030697,228.94276,387.28497,0.055304226,227.80533,377.81265,0.03523613,230.08215,387.1712,0.06874922,224.38582,388.16827,0.105479576
562,500.8881,117.01197,0.042345267,588.8914,589.047,0.037541922,237.16747,399.17642,0.04760473,517.3062,102.10175,0.048541404,236.27017,407.3908,0.05149903,596.8511,593.88794,0.058440242,580.87836,593.41504,0.054853152,229.11992,387.2456,0.055739615,506.6578,248.8245,0.033912387,230.08441,386.94492,0.077176474,224.40912,387.89148,0.113276124
563,501.17673,117.042885,0.03887267,588.89746,589.0708,0.03471819,237.34387,399.16568,0.047597945,279.385,117.36935,0.048376378,236.36406,407.15683,0.052282326,244.00984,505.40714,0.05747754,580.8289,593.43756,0.051160976,228.9511,387.2467,0.05548223,506.93564,232.74028,0.03645923,230.2961,386.87872,0.073479116,224.61307,387.86935,0.09389481
564,501.16205,116.93361,0.04378178,588.90314,589.17303,0.0378751,490.4823,237.52612,0.05139118,484.5743,108.576614,0.047889307,237.16177,390.688,0.04975333,243.86,505.16656,0.059354994,580.79645,593.54456,0.046319686,519.754,91.48813,0.055989053,507.0647,232.5499,0.042561222,230.3934,386.54266,0.07789085,224.71863,387.67474,0.08821296
565,501.17197,116.83752,0.042729214,588.9015,589.1531,0.037997827,236.40791,287.42175,0.04661006,484.34518,108.75957,0.04863206,237.1329,390.62372,0.047782466,243.8836,394.15335,0.056240853,580.7639,593.4877,0.044196833,498.735,94.49171,0.0555378,164.43144,196.3634,0.053424194,230.29167,386.18845,0.07261658,224.59856,387.29892,0.068365626
566,500.94,116.99654,0.048613068,588.96594,589.0866,0.04234712,490.3729,237.48076,0.047811884,483.91714,108.97807,0.050106872,237.07745,390.6469,0.055214606,238.49495,108.731514,0.06867901,580.83453,593.5894,0.055193823,519.8863,91.51662,0.05220018,165.06778,197.04732,0.07357751,230.21378,386.06912,0.06769418,228.15977,108.28784,0.05614711
567,500.90692,117.122955,0.044691913,588.9866,589.0579,0.043785967,490.59552,237.7014,0.043348797,483.88046,108.99077,0.05008269,300.8507,134.48688,0.055307694,596.718,593.8642,0.06563762,580.84424,593.5485,0.058504105,513.7121,92.82149,0.05362152,164.86183,196.78802,0.068778634,230.06026,385.6515,0.07167094,224.2788,386.7894,0.05486305
568,179.86368,196.45956,0.047950212,588.829,588.99194,0.04523567,236.46313,383.82465,0.04923341,405.16318,108.79678,0.0453849,236.8602,390.73038,0.056408554,596.9272,578.1412,0.059902627,580.8667,593.4875,0.058436286,513.9168,92.43725,0.05226557,165.77121,197.15729,0.10362235,230.2389,385.39212,0.07784845,224.2564,386.51404,0.0636552
569,500.92746,101.494965,0.0443649,588.8717,589.0375,0.043945827,236.32166,383.56903,0.05210686,404.98502,108.63263,0.048409037,236.69882,390.9815,0.062972695,596.8603,593.97565,0.06725838,580.8667,593.64514,0.061763234,513.95667,92.343864,0.054452304,165.10294,196.83301,0.08567967,230.13022,385.08606,0.07595567,224.19144,386.3034,0.085825525
570,179.86496,196.63759,0.047906857,588.81464,588.9528,0.04412698,236.57164,383.27136,0.050641775,389.17682,108.93072,0.0544236,236.7236,390.9981,0.05783929,596.9352,578.2306,0.064506285,580.87665,593.5883,0.06465051,514.0265,92.23951,0.052370124,166.40451,197.50879,0.1185837,230.30363,384.99854,0.07406377,224.34988,386.08496,0.07994213
571,179.79903,196.56773,0.04793429,588.84296,588.9578,0.044470023,232.05646,373.93613,0.050623592,404.65814,108.5623,0.04317161,236.63876,390.9694,0.055869304,596.77515,593.85504,0.065711014,580.8619,593.68176,0.0672722,228.83237,385.68332,0.0520447,178.57649,197.54633,0.127074,230.28616,384.82855,0.07381271,223.93169,379.0646,0.09023356
572,179.80513,196.72397,0.046178326,588.86127,589.0106,0.044508114,232.34564,373.45056,0.061668776,389.1156,100.82197,0.048651453,236.5421,391.05453,0.059329733,596.8295,593.88885,0.068633325,580.83875,593.7642,0.067298196,514.0904,91.80583,0.05736941,178.71999,197.68877,0.114595614,230.1947,384.33615,0.074551955,224.32294,373.01505,0.11510459
573,179.98752,196.6966,0.047360715,588.86475,589.0093,0.045604832,232.46144,373.1501,0.059337586,373.5024,101.25016,0.051171046,236.292,391.07724,0.053753115,596.751,593.993,0.07140096,580.8295,593.87836,0.07135034,229.25117,164.59018,0.056478456,178.88512,197.34904,0.084035724,230.0838,371.85977,0.074258395,224.06076,372.54404,0.12917107
574,179.711,196.62798,0.045656614,588.77625,588.9652,0.048465993,236.78531,383.04202,0.050856777,373.12662,100.95772,0.046059586,236.28577,391.20016,0.05142498,596.7695,578.29626,0.08208635,580.80945,593.8945,0.0862479,228.8469,371.89697,0.057309937,180.60605,202.65857,0.13257925,230.00684,371.81125,0.07673983,224.37904,372.53778,0.10221064
575,179.88147,196.4626,0.044869326,588.77026,588.9344,0.049189493,232.52815,373.2688,0.058401182,278.44205,101.19336,0.04395474,235.97397,391.40796,0.0522537,596.7268,578.20325,0.08240788,580.85516,593.9152,0.08987694,233.55432,378.68243,0.06719511,179.88312,198.14302,0.13416356,229.94025,371.2797,0.08130053,224.27742,371.87604,0.12925965
576,179.98189,196.44765,0.04496481,589.0514,588.95636,0.045702167,232.65085,372.57233,0.047191773,517.31903,86.272125,0.040634584,596.7599,597.20184,0.051668756,596.63257,577.6143,0.090115555,580.972,593.5042,0.08589805,233.14148,378.38562,0.055169366,180.05428,196.94482,0.07547614,229.97845,370.88953,0.0689572,224.33315,371.5605,0.08479978
577,227.017,86.46926,0.044255387,588.91583,588.909,0.044802375,232.4858,372.48895,0.04847802,247.04741,83.9516,0.053448502,224.00395,92.96576,0.063673265,596.62067,577.784,0.084557556,580.9309,593.5606,0.08628112,233.3745,378.0161,0.05776631,179.3232,196.28575,0.06409653,229.61292,370.5882,0.074662685,223.86845,371.2857,0.092659876
578,180.38809,196.40518,0.047554545,588.8665,588.83624,0.04968163,232.67491,371.89316,0.053934846,517.7213,70.56098,0.046800956,236.4078,374.83066,0.060622565,596.53656,577.81085,0.0887982,580.89014,593.59485,0.09323556,233.13893,377.56985,0.053504992,179.6578,196.70477,0.09103558,229.59389,369.8822,0.08182266,223.48315,370.62323,0.099536836
579,516.48413,548.90326,0.056387007,588.7723,588.9244,0.049234185,236.17902,367.23444,0.041407812,174.27232,192.24045,0.049948744,236.56093,374.81674,0.061957374,596.59515,577.8923,0.09004041,580.88434,593.65576,0.095280826,578.6905,595.0672,0.051580455,181.438,198.43909,0.24002655,229.35594,369.58405,0.077107474,223.41089,370.81198,0.0611311
580,516.8147,548.65875,0.05232012,588.686,589.0003,0.04884888,236.2391,367.30045,0.046784855,404.85355,92.76161,0.0531098,236.4074,375.03696,0.059146196,596.6285,577.97955,0.09079571,580.85803,593.7242,0.098084055,514.0613,75.91576,0.05628138,180.49553,197.60268,0.21666074,229.51628,369.09375,0.076413274,223.40416,370.4802,0.06699705
581,516.75116,548.58575,0.06179052,588.657,589.0289,0.04654356,231.57228,357.37552,0.04852949,389.08765,84.836136,0.048161253,236.1979,375.05914,0.059681185,596.6606,578.15656,0.07919154,580.8555,593.7293,0.08745066,499.0959,76.450386,0.0529826,179.5449,196.96466,0.22967002,229.17146,368.66968,0.078719884,222.78374,363.38165,0.082250684
582,516.5684,548.7712,0.05660754,588.74066,589.01776,0.05011118,231.68738,357.01712,0.051077206,373.15808,85.09612,0.048372187,236.17274,470.99127,0.054317065,596.6677,578.1909,0.082903706,580.8587,593.8128,0.09644094,229.2769,149.19398,0.055854842,178.85727,196.68239,0.22624634,229.09319,356.5605,0.0826444,223.59198,466.36334,0.100788586
583,516.28906,549.1636,0.04832647,588.6995,589.02844,0.05008554,235.57011,463.0197,0.049569767,174.34344,192.57347,0.050595704,164.47902,180.11319,0.06213262,596.6446,578.0635,0.08482084,580.8716,593.7483,0.09843133,578.63666,595.1234,0.05187502,178.83856,196.45586,0.2577334,228.80687,355.97104,0.07164709,223.30865,459.35962,0.10205189
584,516.2947,548.8359,0.045394775,588.64984,589.04346,0.04938792,235.95793,272.1622,0.043719087,174.60721,191.96922,0.057522986,164.4453,180.20508,0.08359079,596.64545,578.098,0.08242931,580.87427,593.78436,0.09755568,497.9984,62.536118,0.07155903,179.38649,196.96193,0.29830226,227.953,257.29385,0.0611185,223.13933,459.06342,0.07447477
585,516.64435,532.7611,0.04929423,588.6581,589.0667,0.0421144,236.19046,367.2521,0.039521363,174.7547,191.56827,0.055768054,164.51799,180.19025,0.09304405,581.7479,578.5948,0.07439776,580.9187,593.751,0.08995547,477.24542,77.52105,0.094060965,180.0891,197.16681,0.32998067,228.69742,354.83765,0.05786738,223.63632,452.85275,0.07950771
586,516.64557,532.6674,0.05283856,588.6867,589.0907,0.041175853,235.56047,367.48972,0.050419077,231.88577,67.71347,0.060552277,164.50002,180.23738,0.0966395,596.7507,578.20197,0.07627674,580.8983,593.7963,0.08518126,476.5518,76.05624,0.062438987,180.42929,196.80797,0.3245526,228.21962,354.6435,0.059318025,222.83029,355.3967,0.07645769
587,467.22577,538.6962,0.057856597,588.68317,589.1178,0.040759373,235.44617,367.79117,0.04710997,231.11534,67.5136,0.050828014,164.31154,179.9664,0.1208027,146.23434,199.61284,0.088080175,580.89813,593.72235,0.08353031,498.52014,60.648678,0.051591907,180.21861,196.51582,0.36993408,228.11029,354.60004,0.06450315,149.45224,189.01361,0.10973513
588,516.75287,533.29395,0.05123344,588.7669,589.11523,0.047464263,179.35959,213.18013,0.037957806,181.85716,169.56442,0.07315169,164.7903,179.14339,0.17438114,147.77989,199.81161,0.10907965,580.97156,593.85345,0.10719938,578.49713,595.2404,0.058146555,180.49376,196.44427,0.5012426,227.99269,354.01315,0.07087104,148.5042,189.31001,0.1769755
589,516.661,533.1513,0.054619953,588.64307,589.0926,0.051907156,179.41725,213.36578,0.037658297,181.57652,169.03424,0.0810398,164.59772,178.5315,0.18299328,147.3234,200.1361,0.12400631,580.9074,593.8222,0.11777225,498.90506,60.03092,0.06564719,180.42293,195.83226,0.5115944,227.96284,353.9578,0.04911715,147.6936,189.2431,0.18741691
590,516.8016,532.88464,0.0544873,164.0187,179.05612,0.05043049,230.41594,349.2137,0.04936219,181.5771,168.58046,0.07657163,164.56802,178.28923,0.17898932,147.29343,199.98058,0.124058016,580.9293,593.7855,0.10497596,498.71402,59.943054,0.062425643,180.5531,195.53458,0.5264209,226.81238,353.23883,0.05680699,147.46921,189.18994,0.2045287
591,516.6451,532.9317,0.053069312,163.97853,178.97174,0.050765507,229.94371,341.89218,0.06852859,181.58937,168.34499,0.072970286,164.59383,178.06807,0.17466472,147.47617,199.88855,0.11893576,580.9357,593.7853,0.107008256,578.58545,595.1768,0.057413187,180.27884,195.0851,0.51858526,226.65092,352.83585,0.07107198,147.59033,189.12535,0.19841725
592,517.1757,532.8033,0.04991677,588.65094,589.0508,0.051531557,230.18573,341.36063,0.039079864,181.89427,169.0717,0.066470586,164.39342,178.41576,0.16490881,147.23773,199.82948,0.113734074,580.9239,593.97046,0.11035383,585.46277,587.4191,0.061628222,179.22626,194.84181,0.47888377,228.73541,449.97574,0.048012648,147.58206,189.20868,0.18966305
593,516.76245,533.1288,0.04761323,588.6206,589.08344,0.051084425,499.09833,292.7653,0.04119024,181.81752,169.31674,0.064410895,164.50238,178.57869,0.1513868,147.64496,199.31961,0.101972215,580.90405,593.93256,0.106574,585.52875,587.34393,0.05806152,178.81,193.90256,0.4485132,228.6408,449.79996,0.0590848,148.34853,189.13411,0.17161986
594,278.6819,85.342476,0.04783171,163.85568,179.53717,0.04829123,474.2687,93.741776,0.039621,181.84563,169.4992,0.063237496,164.34111,178.58888,0.14625266,147.34511,199.23344,0.09995232,580.8516,593.9226,0.10024497,498.10617,45.359688,0.06029042,178.62758,193.86766,0.4362103,228.48975,449.4667,0.05636803,148.37834,189.06032,0.16744342
595,146.83162,186.71251,0.043999184,163.73138,179.33565,0.04853731,230.19048,341.20206,0.050461967,182.09654,169.13112,0.07347831,164.51242,178.4491,0.15346351,147.6611,199.03934,0.09895719,580.8153,593.99457,0.09581514,498.29037,45.28619,0.071096115,178.53392,193.92583,0.44480047,228.25507,449.1385,0.05809031,148.389,188.99126,0.17271551
596,147.00793,186.82463,0.043940116,163.58746,179.50505,0.047651004,230.1469,341.01297,0.05728805,182.0746,169.39511,0.06826166,164.62837,178.4175,0.13738166,459.25778,546.6079,0.11392032,580.8604,593.9145,0.10040848,497.99396,45.86558,0.08558779,178.43091,193.38092,0.4222435,228.16483,449.11487,0.052575953,149.09703,188.59814,0.15421917
597,499.55075,532.7918,0.043521225,163.79155,179.80226,0.046130538,229.92995,340.4548,0.04232216,182.59106,181.72652,0.054928567,164.36967,178.64545,0.11813238,459.30804,546.1959,0.10335665,580.8664,593.89954,0.09955439,497.8219,45.516117,0.07954642,177.91191,193.39471,0.3784966,228.15071,448.9176,0.05604301,149.2411,188.47862,0.13849485
598,484.93015,68.91521,0.04284746,164.0964,179.2218,0.045438796,229.8118,340.74036,0.047128227,181.84221,168.51375,0.062997304,163.9492,177.72934,0.15207045,147.1644,199.2062,0.11570491,580.88086,593.85657,0.09936802,497.9902,44.9014,0.06504978,177.31221,193.22812,0.4426911,227.96098,448.98944,0.053521357,147.21977,188.68839,0.17253846
599,516.55066,533.5314,0.041562155,163.91925,179.06831,0.04890325,229.90515,340.77826,0.05342656,181.53671,167.82092,0.0699892,163.81786,177.38066,0.16202879,146.96301,199.23567,0.1214676,580.9009,593.81366,0.09665415,497.89587,44.823418,0.063723035,177.27283,194.30496,0.4559502,227.99124,449.1403,0.051756736,146.94955,188.54956,0.18236116
600,499.48645,533.1913,0.04312809,164.02322,179.53886,0.04706824,228.74768,237.21698,0.0375553,182.57394,181.854,0.0576631,163.66031,178.53621,0.12044398,147.3251,198.79726,0.09383596,580.9963,593.9457,0.09236936,497.72464,45.065315,0.07336265,175.00148,194.65842,0.414331,331.78592,129.6392,0.042643335,147.90009,188.63953,0.12982395
601,499.5812,533.1132,0.041372966,164.06242,179.68059,0.05133182,228.87285,237.42819,0.04340684,182.8132,182.0635,0.056226693,163.62325,178.46597,0.1182478,146.92525,198.92085,0.101214394,580.90936,593.9368,0.09635785,497.49896,45.127,0.074550234,174.76805,194.49431,0.4161834,227.94328,449.1679,0.044545807,147.72517,188.61263,0.14421986
602,451.03864,523.02856,0.043816853,163.90454,179.5513,0.049365632,229.65492,340.78238,0.052898586,181.82962,169.244,0.058290333,163.64436,178.1959,0.12583119,147.06538,198.78462,0.103846565,580.8942,593.9353,0.09748006,497.54846,44.934765,0.07098202,174.99913,194.05286,0.42781717,214.66173,227.97096,0.057542015,147.79054,188.46255,0.14984497
603,499.33408,533.24585,0.042367514,163.75111,179.85835,0.050327145,222.03513,239.14285,0.05945491,182.88812,183.04214,0.057866424,163.83495,178.55746,0.1056997,459.47208,546.453,0.09268311,580.9281,593.8855,0.09503343,497.7256,44.76852,0.06566453,174.22122,194.02971,0.3782641,215.0709,228.55449,0.07780763,148.65208,188.26901,0.115193
604,499.2481,532.87976,0.04509198,163.83319,179.77658,0.048157208,229.71535,340.97083,0.061283413,501.1891,518.56244,0.058361404,163.83257,178.61305,0.10563411,459.44226,546.27325,0.10027236,580.94415,593.9345,0.10719255,497.81003,44.735992,0.06628189,174.57495,194.5858,0.37320173,426.24078,225.3778,0.053481895,148.53627,188.43495,0.11727438
605,499.24747,533.19904,0.046478253,163.69801,180.09325,0.047696248,229.80829,340.891,0.06154586,174.61063,175.1881,0.055573404,468.4213,513.80927,0.09027682,596.60144,578.1398,0.09756301,580.98206,593.8741,0.11166409,498.02597,44.455975,0.058666278,169.26411,195.63478,0.34357074,426.1986,225.39302,0.05241693,145.11102,187.61877,0.093892656
606,482.66037,533.22577,0.047264747,581.17395,589.39905,0.04614128,229.82188,340.7702,0.060032137,501.24707,519.1526,0.06306002,468.53293,513.5751,0.09588526,596.53577,578.07825,0.10151553,580.9816,593.8474,0.11248612,498.11383,44.360546,0.054273225,169.14867,195.46034,0.35551,426.35242,225.37292,0.050831437,148.97238,188.56853,0.10357406
607,499.17548,533.10913,0.046965405,581.8226,581.54736,0.04545288,229.85231,340.844,0.06021389,192.11652,178.69238,0.06211213,163.52643,178.38512,0.111424305,596.5219,578.1083,0.10061063,580.9954,593.8431,0.11330115,498.00623,44.4508,0.05649898,173.71364,194.60632,0.38935152,167.56137,181.28664,0.05106004,147.95026,188.64517,0.12179633
608,482.57086,533.29846,0.0476232,163.44716,179.84044,0.046424333,229.79903,340.91907,0.060842194,501.2575,519.467,0.0703693,163.91275,179.16699,0.096855335,596.5406,578.07135,0.09802257,580.9726,593.84296,0.11166475,503.79935,27.595978,0.054639224,169.2982,195.86066,0.33733004,214.51332,228.53525,0.055548407,145.5152,187.8604,0.093136095
609,450.9999,522.59247,0.044289324,163.07094,180.19873,0.042711094,229.80473,340.99564,0.06493441,501.22125,519.5373,0.07023406,468.43265,513.7607,0.09396556,453.77548,534.78015,0.094324805,580.9045,593.83435,0.09934007,503.8033,27.707638,0.05334473,167.77847,195.34909,0.28178087,214.45697,228.36896,0.056773864,169.58817,198.32632,0.072088204
610,498.77274,532.80835,0.04430578,581.1399,589.42096,0.045474216,229.75626,341.0877,0.06466147,501.29172,519.3229,0.0733505,468.5476,513.51965,0.10001728,453.79398,535.3521,0.09998464,580.98303,593.9037,0.109542355,503.63324,27.727108,0.053754166,168.81183,195.18567,0.32228616,214.44571,228.52217,0.06111132,192.44745,27.567463,0.08730195
611,498.79724,533.0284,0.04381329,581.1432,589.396,0.045724325,229.71817,341.08542,0.06459597,501.42706,518.9038,0.075247064,468.71118,513.2669,0.10744161,458.96143,546.0957,0.10853114,580.9813,593.9181,0.107903175,585.6554,587.2295,0.05202369,168.05408,194.61598,0.33765233,426.95425,114.44533,0.049300738,145.65501,187.85178,0.08086599
612,498.6409,532.623,0.046467565,502.03677,523.77106,0.0452333,229.64957,340.98712,0.06706386,501.45486,518.5412,0.081051774,468.85272,513.3619,0.118417904,458.5908,546.8949,0.1275223,581.0665,593.8922,0.115053594,499.7221,521.84564,0.052712027,488.65817,541.6377,0.31912845,426.97647,114.46813,0.04819481,150.01552,188.25565,0.10669349
613,482.73422,533.1589,0.050114963,581.21173,589.47437,0.046365578,229.74019,340.92487,0.066107675,501.35397,518.5161,0.075864956,468.66556,512.85846,0.115703166,458.70316,546.43866,0.1295889,581.0507,593.8562,0.11788019,483.08685,45.4369,0.053694885,489.91687,540.7038,0.30589694,214.18018,228.35307,0.050867178,169.59978,197.98901,0.065146
614,498.65152,532.7321,0.04924642,581.19904,589.4611,0.04661178,229.66388,340.97012,0.084613934,501.53137,518.8209,0.07503065,468.6632,512.5447,0.111822724,458.96814,545.5996,0.12788865,581.0648,593.8608,0.11768503,499.74185,521.67523,0.053121526,489.57593,540.0462,0.2998707,220.40015,339.39346,0.059925146,169.83075,198.17393,0.06392949
615,483.03473,532.9751,0.04906939,581.1239,589.45184,0.047134683,229.54765,341.03082,0.08676443,501.5923,519.0794,0.08007371,468.6141,512.7576,0.112208314,458.79813,545.9539,0.1229494,580.96716,593.87604,0.11664797,505.24548,521.09784,0.05591568,488.96365,540.13715,0.32157794,214.5138,228.5456,0.0682968,220.30722,332.16577,0.065709546
616,483.0774,532.8541,0.049194656,581.2036,589.46173,0.046444885,229.52719,340.958,0.08674397,501.57956,519.4196,0.0780267,468.4623,512.16504,0.10811837,453.98224,534.88605,0.13049322,581.033,593.8572,0.11633238,505.2345,520.9012,0.05263886,488.62967,539.82367,0.3042405,220.18982,339.04968,0.072987504,214.92325,331.84396,0.061653886
617,483.1595,532.681,0.04777631,581.0692,589.42096,0.04808172,229.68715,340.8226,0.07179119,501.54535,519.4249,0.07553338,468.28717,511.50766,0.104971714,453.97083,534.47723,0.14040665,580.9443,594.0276,0.11360694,213.9584,132.13194,0.0577808,488.39288,539.1894,0.2936517,214.21863,131.14034,0.066689275,210.23558,61.280888,0.07254904
618,499.2782,517.0455,0.045959286,580.9827,589.4284,0.043916106,229.88321,340.6656,0.061998006,501.5816,518.61615,0.073727734,468.30124,510.69482,0.10867133,454.14148,534.66516,0.15092151,580.91394,593.93896,0.10914298,214.07076,131.77443,0.05442164,488.7654,538.88116,0.310298,213.81516,130.88806,0.06259557,204.31094,74.86297,0.0711614
619,498.92212,517.1949,0.049293734,580.9757,589.4191,0.04446185,229.84158,340.53772,0.065041415,501.96198,518.3502,0.07791641,468.4365,510.52875,0.10157322,454.13113,534.25494,0.1426644,580.9236,594.01,0.10983107,483.2951,45.205162,0.063248895,488.47253,538.5892,0.32837144,213.87602,130.67915,0.06498419,198.22649,67.63398,0.06382491
620,499.14746,517.1208,0.052260842,581.0232,589.443,0.04598753,229.60742,340.6128,0.053715214,502.13043,519.20166,0.07902133,468.3948,510.32153,0.10230146,454.33893,533.5342,0.13515083,580.9635,593.9919,0.11327583,483.31778,45.101143,0.0635493,487.49207,537.6203,0.30624115,213.92201,227.9156,0.058016215,198.04831,67.56168,0.074658535
621,499.12555,517.4958,0.053904284,581.0232,589.42847,0.04479241,229.4413,340.527,0.06271115,502.07678,518.89655,0.07648749,468.24896,510.47556,0.11249081,454.30466,534.13,0.14225376,580.9299,593.9935,0.11130242,483.13516,45.206844,0.06983475,487.78973,537.8165,0.34422207,213.62354,130.46175,0.07225102,460.0395,57.78731,0.06251983
622,498.95563,517.444,0.052908044,580.9411,589.39886,0.042019557,229.58447,340.4072,0.057667978,502.06976,518.7098,0.07372238,468.33475,510.3196,0.11020567,454.53796,533.34125,0.13539086,580.8881,593.9874,0.10563459,483.0744,44.72322,0.063577324,488.85452,533.94794,0.33115155,213.63037,130.59428,0.07171243,193.25021,27.885756,0.0761372
623,499.18683,517.4693,0.052512456,580.972,589.3847,0.04053959,228.4143,333.9204,0.070124924,502.23642,518.40436,0.071536504,468.3516,509.74615,0.11849776,454.65292,533.6252,0.14413962,580.80585,593.97534,0.099078335,483.01672,44.280495,0.056527607,487.90283,536.8476,0.3424852,213.76236,130.78114,0.08395175,218.89198,128.90047,0.08814717
624,498.54935,517.47845,0.04980783,581.161,589.5667,0.044411477,229.62656,340.30188,0.07561028,502.5508,518.923,0.07492024,468.91833,511.02448,0.104255095,454.83414,532.5582,0.106443994,581.023,593.981,0.11395406,483.08896,44.107033,0.061341636,488.02814,533.31213,0.2958018,213.49701,130.27577,0.07145043,219.79123,331.38504,0.07067521
625,498.40198,517.63135,0.0541087,581.0966,589.4775,0.044631526,228.60234,334.08994,0.0768241,502.8468,519.43243,0.0699567,468.91354,510.7762,0.09829025,454.69745,532.3237,0.10348758,580.9027,593.967,0.11200998,585.56793,587.3531,0.052023076,487.3331,532.6534,0.32375908,213.33862,130.25677,0.08003678,218.86586,128.12257,0.08791125
626,498.40384,517.6883,0.053295888,581.00336,589.4757,0.041324977,229.46696,340.38947,0.07378934,502.69495,519.66315,0.065691486,468.77817,510.59485,0.10005904,454.65048,532.12714,0.10815488,580.8583,593.92523,0.10896699,482.07498,29.316933,0.05216258,486.78986,532.4711,0.31161118,220.11354,337.6849,0.07159865,219.18314,122.654076,0.078076705
627,498.4111,517.62256,0.05334261,581.0889,589.53394,0.045697395,228.7301,333.98355,0.0656546,502.76385,519.9223,0.060393427,469.13678,510.76038,0.09074538,581.8545,578.6535,0.09533847,580.9463,593.95917,0.11418086,482.14432,29.475487,0.061526764,485.7755,531.25134,0.30367833,213.11601,130.37599,0.06507687,218.5789,122.66573,0.07946359
628,498.54367,517.5451,0.05017441,581.1464,589.58997,0.0498003,228.85594,333.7449,0.06275461,502.5666,520.38196,0.05522656,469.04654,511.23068,0.08391135,581.8481,578.7483,0.099465854,580.98145,594.03265,0.11840982,461.04108,45.09365,0.07437028,485.11032,530.9939,0.28296307,213.86896,227.3606,0.067857996,223.20535,435.81055,0.076201774
629,498.44748,517.49756,0.046467874,581.12775,589.6059,0.04781118,229.49904,340.06543,0.07905842,502.59387,520.7471,0.05224326,469.1402,511.2643,0.07520223,581.8692,578.665,0.09972054,580.9993,593.9659,0.11819355,461.97025,45.943165,0.09454332,484.36465,529.88434,0.25083983,220.23778,337.31506,0.07101446,223.0804,435.7206,0.116564795
630,498.47656,517.51654,0.045628306,581.18304,589.60474,0.05054431,228.86185,339.7595,0.11348705,502.56366,512.55634,0.05480955,468.38977,498.98773,0.09478641,581.8702,578.665,0.10183307,581.0569,593.9929,0.12210986,461.82233,46.231773,0.09810189,484.8697,528.589,0.3038708,219.90382,337.26266,0.10906183,223.15454,435.36417,0.14736621
631,498.32336,517.6405,0.044892684,581.1318,589.58307,0.04750328,229.03613,339.72766,0.11715916,502.49387,512.00024,0.064123616,468.63135,498.70886,0.10458694,466.84494,532.6835,0.11038938,580.98175,593.9748,0.11666466,461.33054,46.03451,0.09436203,485.26846,528.08954,0.3106789,220.24869,337.52994,0.11537466,223.39134,435.17477,0.11717051
632,482.03555,518.44696,0.045299664,581.21216,589.6155,0.047458403,228.17989,327.4512,0.092111245,502.22504,511.9008,0.062364176,468.64374,499.33954,0.09698359,466.64938,533.1165,0.10037222,581.0167,593.9905,0.11738101,482.05353,29.609783,0.08757042,484.91318,528.6762,0.31487447,220.52824,336.99802,0.094333924,223.54776,435.15564,0.10699424
633,482.06738,518.4035,0.050521202,581.26495,589.60284,0.050619867,228.30815,327.34814,0.09717908,502.3477,512.27606,0.0606889,468.63525,499.24103,0.08765016,581.92737,578.59357,0.10313206,581.06116,593.91205,0.12129029,482.05566,28.859474,0.07921136,484.00763,527.6385,0.2610028,224.08487,337.16675,0.09935646,223.74126,434.97815,0.122261
634,482.2126,518.33594,0.054937847,581.14014,589.53265,0.04661759,228.46495,326.94583,0.1016773,502.20593,512.79254,0.060924392,468.49133,499.27335,0.08012827,581.8546,578.5942,0.096609786,580.993,593.90826,0.11285814,482.1707,28.596111,0.07377187,482.86966,526.96606,0.21548277,224.4764,336.98785,0.10056257,223.86697,435.00757,0.10083598
635,482.39713,518.3667,0.053596932,581.1783,589.5105,0.04889853,228.27551,327.15033,0.105540894,479.09454,509.6186,0.062684506,468.71014,499.45624,0.07500658,581.8671,578.5742,0.101530686,581.01355,593.92566,0.11846976,482.23468,28.625874,0.07434555,482.78867,527.0571,0.22291014,224.11957,336.79062,0.10225266,223.87991,434.6316,0.12955998
636,482.0012,518.24005,0.05534675,581.1641,589.51733,0.04538988,228.87457,326.2793,0.07456311,502.26852,511.704,0.081555985,469.08914,499.08514,0.08311881,596.7267,578.1272,0.10485456,506.93344,520.6725,0.11312526,481.80804,28.941067,0.08345789,485.02808,529.1927,0.2923989,213.95255,226.84547,0.09330869,196.87639,62.084267,0.10956163
637,481.96283,518.2715,0.056240335,581.15515,589.5281,0.047776345,228.81052,326.29178,0.074471906,502.14987,511.917,0.08168803,469.307,499.4543,0.079404965,596.6256,578.0099,0.10650208,581.03503,593.7345,0.11888988,482.08557,28.489382,0.06937729,483.9159,529.3773,0.2954343,213.83131,227.02419,0.09286846,205.704,121.85252,0.10518434
638,482.40347,518.0409,0.061298244,581.8399,581.58636,0.04541745,228.88806,326.3206,0.07702757,500.66696,505.04095,0.0796909,468.9266,498.74606,0.0707138,596.6123,577.94946,0.10312012,581.01263,593.70135,0.11540013,482.1513,28.447393,0.064003505,484.36877,525.9009,0.23770851,213.85884,226.87323,0.09754638,205.26418,121.764084,0.12305394
639,481.988,518.2734,0.06557508,581.18634,589.50745,0.04480857,229.14987,333.05383,0.06351431,502.2754,512.4168,0.07446961,495.87924,521.2552,0.059575625,596.7392,578.2885,0.09641514,580.99316,593.7851,0.112014875,482.08762,28.356333,0.06763965,483.40988,528.7575,0.24970315,213.89413,226.69728,0.098512225,204.93513,122.11909,0.13703385
640,481.74197,518.3111,0.06613266,581.0994,589.49915,0.042593278,228.9598,326.0995,0.06575015,500.85324,505.67917,0.07031081,269.04852,86.99837,0.056830056,596.6677,578.26636,0.09451564,580.9886,593.7885,0.111733235,481.71066,28.563538,0.077933796,483.1484,528.2905,0.22835131,213.48611,226.6553,0.08524605,204.80081,122.18869,0.14392965
641,481.78247,518.1677,0.064907044,581.14136,589.5404,0.04722382,229.08316,325.9268,0.060490537,500.765,505.24646,0.0730856,495.92575,521.3668,0.061843686,581.83856,578.60815,0.09849795,580.96674,593.9697,0.12013894,481.9456,28.365675,0.06815791,483.27383,527.69244,0.2230183,213.3523,226.68289,0.08052502,204.7694,121.727974,0.1111086
642,481.95056,518.11945,0.059783675,581.09607,589.5446,0.046189424,229.00012,326.12976,0.06867523,500.80948,505.25293,0.07913517,495.96082,521.1099,0.067726105,581.84125,578.63367,0.09432812,580.9491,593.9152,0.11535625,482.11798,28.18655,0.061690155,483.50232,527.72424,0.23599744,213.41768,226.65492,0.083138436,204.48634,121.35379,0.1189333
643,482.10062,517.93726,0.06378886,581.15283,589.57837,0.046258017,212.78006,133.02316,0.062478397,500.8387,505.62234,0.078739874,495.9325,521.7865,0.06794512,596.74225,578.28345,0.10230275,580.9955,593.8946,0.11865209,482.26926,28.168716,0.061060615,483.13995,527.22406,0.18903919,213.12859,226.7436,0.07705243,204.04771,121.25756,0.13158564
644,482.16644,517.96204,0.06391918,581.08356,589.57733,0.05034944,212.75044,133.13077,0.058951065,500.881,505.61887,0.081672646,496.22687,521.9851,0.06988486,581.89606,578.4797,0.10519168,580.9906,593.8613,0.12563518,473.07373,29.081778,0.062938794,482.7191,527.1522,0.19459267,213.11543,226.62364,0.081414364,203.99564,121.050385,0.10679156
645,482.34668,517.68115,0.062268015,581.1502,589.58624,0.050904028,206.43983,126.63555,0.05719993,501.01068,504.02133,0.0828033,495.9447,520.0735,0.09135758,581.86505,578.64294,0.099458724,580.96313,593.9573,0.11958575,467.62616,30.249132,0.06984292,484.3646,526.95337,0.25944602,213.16293,226.60612,0.08581633,203.82108,120.74424,0.10592151
646,482.4917,517.75055,0.0621166,581.1876,589.6017,0.04570569,212.59941,133.00201,0.05481819,501.18152,503.89035,0.080809325,496.27133,519.899,0.08159834,596.6776,578.2529,0.10868302,581.07465,593.88525,0.120741755,473.0047,29.631495,0.092399865,485.2862,526.0087,0.27724698,213.31274,226.51509,0.0860014,203.99306,120.45045,0.10909926
647,482.40018,517.6765,0.05923768,460.5815,508.11078,0.04431656,212.50735,133.19728,0.060617328,493.40594,496.96817,0.08350314,496.27448,519.9355,0.09283138,596.63995,578.26447,0.099834636,581.00964,593.83014,0.12034415,472.87427,30.178478,0.109133095,484.09012,526.6796,0.27704668,213.06682,226.52814,0.072426215,203.61237,120.386,0.12884277
648,482.20743,517.4378,0.056125842,581.1862,589.6025,0.046911195,229.67125,325.6551,0.0645894,500.67532,502.84085,0.09150226,495.93213,520.034,0.09986415,596.8149,578.5287,0.102153964,505.72745,515.01276,0.14116704,472.73093,29.624313,0.10125709,483.43573,526.02655,0.24108553,213.29454,226.37431,0.08377053,204.12729,120.57453,0.11744611
649,481.91135,517.7123,0.053725015,460.63272,508.56357,0.045821562,206.44226,127.34201,0.067351125,500.75217,503.59708,0.09365225,484.3744,504.51584,0.096744455,596.7653,578.51294,0.095254034,506.16156,514.78186,0.13059525,467.3682,30.63104,0.091073036,483.15417,526.8008,0.27091897,213.41307,226.32912,0.08646182,203.89182,120.45273,0.14290173
650,481.58875,517.9316,0.054342862,581.1137,589.5538,0.046331365,229.73344,325.6597,0.06426062,500.76953,503.4424,0.09224362,484.76035,504.67984,0.09663866,367.29953,508.27832,0.09923927,506.24792,514.8691,0.12905963,467.32788,30.684738,0.09411214,483.28284,527.02985,0.2605797,213.1721,226.44722,0.07507342,204.14447,120.484055,0.14380507
651,481.97565,517.72455,0.048549894,581.1698,589.559,0.050241183,206.46346,127.60303,0.065964624,500.71634,503.2397,0.09442256,496.1582,519.7175,0.10328968,581.84717,578.6222,0.101554625,506.2974,514.9271,0.1297391,467.4313,30.481926,0.094373755,483.69073,526.6733,0.2631188,213.21382,226.30923,0.08031644,204.2162,120.82081,0.14021008
652,481.90173,517.72705,0.045573182,581.1616,589.56604,0.049734198,229.8518,325.59552,0.06414522,493.47464,496.86365,0.09434226,496.09647,519.66956,0.11093112,581.87335,578.6168,0.102113254,506.39615,514.9372,0.13209105,467.25485,30.369862,0.088071905,484.01212,526.7981,0.27828473,213.24019,226.21786,0.07712352,204.43645,120.99649,0.12492726
653,481.7216,517.7659,0.0478981,588.5999,589.2261,0.049918406,229.81053,325.83026,0.07334207,493.32452,497.0996,0.093534626,496.0799,520.0819,0.10906259,581.87775,578.51825,0.106888846,506.28165,514.63135,0.13018231,467.2819,30.15325,0.0825088,483.73935,526.895,0.2709703,213.08154,226.13588,0.06898169,204.69838,120.96351,0.12526438
654,466.98474,507.449,0.050861564,581.0902,589.6179,0.049264956,229.76001,325.9496,0.07921783,493.32886,497.30145,0.0919222,496.26215,520.76654,0.10509983,581.8576,578.5568,0.10455377,506.1735,514.14124,0.13087122,467.3186,30.400278,0.08867965,484.3381,525.79913,0.22929788,213.1849,226.0617,0.080485985,204.05551,120.88785,0.119854525
655,466.8238,507.5663,0.050965972,581.14404,589.6068,0.0548499,229.9053,325.73126,0.07222016,493.2784,497.49738,0.09192498,496.15128,520.94434,0.11429312,596.60345,578.24225,0.10793795,506.01593,514.08044,0.13509774,459.61423,31.419096,0.09386905,484.17435,526.08655,0.2255793,213.13106,225.785,0.0850283,204.51901,121.09471,0.11222747
656,466.84406,507.6924,0.05226597,581.1011,589.5412,0.049895238,229.8136,325.74756,0.07832832,493.3022,497.9281,0.09039827,496.14166,521.4251,0.11442308,581.7928,578.5468,0.10332477,505.91476,513.79926,0.13181384,459.55753,31.093792,0.091574535,483.03336,526.7299,0.2082947,213.34949,226.03519,0.08774303,204.24829,121.042404,0.11688466
657,466.97968,507.58298,0.05247036,581.1362,589.5281,0.04799617,229.8828,325.826,0.07719261,493.29684,497.71805,0.090374425,496.15454,521.012,0.11536763,596.58386,577.987,0.11018445,506.07053,514.0134,0.12549582,459.56845,31.10028,0.094073616,483.12543,526.7727,0.22703804,213.27444,225.99857,0.089384764,204.37903,121.16456,0.10378022
658,466.86182,507.53015,0.05059019,581.11426,589.54926,0.043243404,229.77963,325.85767,0.07665042,493.30066,497.95892,0.08855109,496.36972,521.47766,0.11769297,596.6458,578.1301,0.10120629,506.06702,513.8398,0.128189,459.6965,31.2566,0.10180519,483.6455,526.1122,0.22233097,213.29683,225.78186,0.10207799,188.90485,59.64791,0.09767219
659,466.8894,507.55707,0.053452633,581.12964,589.59625,0.048268564,229.77144,325.8097,0.078795455,485.92706,496.39627,0.08916928,496.1549,521.6736,0.11446104,596.6546,578.147,0.10764486,505.88834,513.7775,0.12297658,459.3607,30.8692,0.09178104,483.73853,525.90234,0.20261663,213.27443,225.77692,0.099281825,362.40717,504.86212,0.10157713
660,481.1962,517.69867,0.05408559,581.15344,589.6679,0.045620155,229.6785,325.45563,0.06815847,500.03897,504.12872,0.09884539,494.86392,520.41785,0.13162634,596.9101,594.5046,0.096106246,505.40433,515.5749,0.13124701,459.0816,30.692986,0.09074632,483.44296,529.2718,0.275337,213.01714,225.70197,0.08587635,363.19214,505.03955,0.08807525
661,450.54147,501.32602,0.05606542,581.037,589.5662,0.049925186,229.74725,325.30106,0.064010136,500.21567,504.8021,0.09710823,495.56577,521.1789,0.12727362,581.72955,578.7117,0.09915253,505.36862,514.5143,0.13630714,459.10272,30.698326,0.09093284,482.82208,528.83655,0.2520349,213.00893,225.56761,0.091345444,362.73264,504.9893,0.101750284
662,450.61142,501.37393,0.055746883,581.02814,589.59503,0.05028196,229.78648,325.35785,0.066752136,500.0673,504.58868,0.09922872,495.24673,521.2041,0.13363695,596.7248,578.3474,0.10798883,498.40717,517.77155,0.14019659,459.12024,30.58771,0.08759917,482.7258,529.1682,0.26076314,213.02637,225.53474,0.086783744,362.6853,505.1268,0.08985866
663,450.4074,501.3739,0.053982172,581.1274,589.5826,0.04562995,229.73009,325.45117,0.07039403,500.06967,504.03955,0.098981835,495.3466,520.7766,0.13909455,596.699,578.1949,0.10473515,498.55325,518.2258,0.13561366,459.2065,30.730288,0.09312236,482.94925,528.68915,0.26154816,212.96738,225.61684,0.089163266,484.4197,523.7488,0.08359133
664,465.6668,516.33014,0.055099722,581.0546,589.58655,0.048400942,229.75136,325.46973,0.073443964,486.1165,496.39258,0.09573212,495.7961,521.48596,0.12836409,596.64966,578.132,0.109112605,498.63263,517.4451,0.13086799,459.20084,30.616417,0.0906261,482.12637,528.0201,0.2429764,212.91397,225.8757,0.07988458,485.558,523.5206,0.08385011
665,465.5033,516.38354,0.054956593,581.07324,589.6034,0.04963362,229.59344,325.6308,0.07815743,486.01752,496.7071,0.093471564,495.46106,521.819,0.12777665,596.5803,578.0303,0.11082068,498.34213,517.2735,0.13203152,459.1122,30.756573,0.08827509,482.25876,527.9221,0.22329584,212.86563,225.94644,0.07536194,363.08023,505.15198,0.08443333
666,465.52603,516.5796,0.05657055,581.0911,589.5748,0.04759776,229.74051,325.50293,0.075396515,486.0072,496.96674,0.09339543,495.76834,522.3061,0.12015573,581.87445,578.3881,0.10636567,498.53455,516.61676,0.13460939,459.15756,30.468048,0.08603875,482.00168,527.4657,0.19852345,212.8525,225.93129,0.07478452,486.74078,523.14935,0.08803237
667,465.44513,516.4208,0.05000975,581.1504,589.58746,0.047045965,229.55563,325.5792,0.07768874,500.1327,504.58493,0.09395859,495.7812,521.70013,0.12567645,596.5378,578.12225,0.10639053,498.52975,517.2416,0.13223802,459.3753,30.524044,0.088296495,482.30045,527.1725,0.2093503,212.88116,225.92915,0.07218196,486.13403,522.9905,0.09017618
668,465.37283,516.47485,0.05287001,581.13824,589.5775,0.04410399,229.57462,325.57755,0.07885479,493.22183,498.12845,0.0917101,495.74496,521.7796,0.12486395,596.6387,578.3038,0.0997102,504.89764,514.6231,0.12744439,459.52493,30.65179,0.092581645,482.24164,527.2358,0.20857301,212.88329,225.99454,0.068402626,188.62218,59.42286,0.09404502
669,465.5299,516.6034,0.058727156,581.1373,589.5832,0.047061633,229.5597,325.55884,0.082109734,500.1268,505.401,0.08694831,495.83762,522.6873,0.11249468,581.8296,578.6117,0.10362314,580.9175,593.8344,0.12532072,459.357,30.320286,0.08329475,481.7423,527.1567,0.18267694,212.78453,225.97185,0.059600424,188.42444,59.4057,0.102161855
670,465.55038,516.7554,0.061892875,581.1513,589.60376,0.0504589,229.35661,325.69885,0.08634885,500.1659,505.50626,0.09151449,495.89688,522.8025,0.11043775,581.83624,578.62146,0.10654518,498.66577,516.2695,0.13607717,459.79742,30.885784,0.098318376,481.59073,527.36847,0.18300298,225.34105,335.45862,0.056345813,188.36072,59.1462,0.10442595
671,465.89566,516.46436,0.05513731,581.12366,589.61053,0.04959426,229.33182,325.6171,0.081571355,500.26367,505.1859,0.09161473,496.21194,522.5387,0.11667139,581.8424,578.62476,0.10498557,498.8399,516.7137,0.13935404,459.52774,30.46768,0.08685618,481.58157,526.72754,0.18870041,212.83852,225.95042,0.06003741,188.07524,59.186695,0.109804206
672,466.27545,516.4983,0.058092624,581.164,589.6347,0.042242967,229.84557,325.0674,0.060596056,485.8874,497.60132,0.086909786,496.9253,523.43274,0.0949252,596.6893,578.1747,0.10790109,580.9642,593.7793,0.12305791,459.61447,30.873934,0.09188458,476.31097,524.66077,0.17987706,314.6664,113.117424,0.051736083,489.3278,522.69696,0.091083094
673,466.70926,516.6841,0.06547271,581.114,589.62695,0.04180517,229.90237,325.0741,0.060982406,485.90634,498.26495,0.0829629,496.95767,524.3908,0.07248478,596.63885,578.1519,0.100315064,504.9764,512.32886,0.12641138,459.63657,30.959108,0.093477964,475.49878,523.4492,0.13554661,314.42566,112.984116,0.053917535,490.73465,522.54944,0.07660995
674,466.2991,516.90234,0.061969385,581.1279,589.63635,0.04451748,229.9013,325.2147,0.062877834,500.9262,506.77084,0.08099777,496.8978,524.5122,0.069108374,596.63934,578.1778,0.102616146,505.174,512.2185,0.13077922,460.01807,31.071857,0.10570008,481.00497,524.2869,0.11963281,314.29498,112.964386,0.055576436,363.60696,505.39252,0.076915056
675,466.6518,508.05576,0.061095614,581.13635,589.7,0.045473218,229.90273,325.33038,0.06750239,485.9439,497.85464,0.085037895,497.01532,524.11084,0.085105985,596.63855,578.24854,0.105848566,505.33746,512.5307,0.13662475,459.52316,30.249222,0.08348668,481.24765,524.48663,0.14521281,245.85269,67.66698,0.053868316,490.35907,522.2234,0.08439451
676,466.81046,507.74625,0.061353523,581.1157,589.6272,0.04311449,230.05098,325.2806,0.06293087,500.5133,504.99622,0.09021913,496.67523,522.7636,0.1043728,596.61316,578.4202,0.098951474,505.53464,513.55524,0.1511333,460.03772,30.197533,0.09132095,482.27792,525.48627,0.18513913,314.13394,112.86443,0.052460056,188.66432,59.35793,0.09880722
677,481.69952,517.65686,0.06443499,581.13654,589.6283,0.043733858,232.69067,420.88394,0.05734749,501.1428,505.66824,0.08851963,497.12982,523.3499,0.08309652,596.5944,578.37085,0.09854493,505.75385,513.0154,0.15305759,459.7022,29.3536,0.0731432,482.12027,524.538,0.16380924,245.76003,67.19683,0.06647477,188.7948,59.88292,0.08746429
678,466.43973,508.10468,0.05450913,581.23236,589.6646,0.04425384,205.74377,127.29863,0.06290496,501.4945,505.11575,0.09276001,497.2255,522.775,0.08065082,596.5988,578.2198,0.10567207,506.0711,513.0161,0.15898596,459.61017,28.811092,0.059902307,482.62643,523.8494,0.19702253,245.51949,67.2099,0.062555976,188.45871,60.007874,0.09828486
679,482.40732,517.4136,0.047992982,581.2106,589.67114,0.04280363,205.28333,127.533005,0.0663429,500.95242,497.31934,0.10370506,510.80234,526.39935,0.09874078,596.6222,578.0919,0.10424802,507.2825,514.5483,0.15003984,459.93594,29.940742,0.103800446,484.22385,524.2704,0.27285746,213.00319,225.74788,0.07245462,486.15457,522.0861,0.08793912
680,466.88293,507.73917,0.050298143,581.29565,589.67535,0.04399395,205.14352,127.28202,0.05753108,501.20862,497.92828,0.107294604,511.35394,526.0036,0.0927223,596.64154,578.311,0.10117442,508.23615,514.9599,0.12738504,461.10333,30.024162,0.14769995,484.3396,524.5125,0.2669029,213.4845,225.80138,0.08651573,188.36803,60.146698,0.09592732
681,482.40686,516.99445,0.048415583,581.24744,589.65436,0.044309862,204.90561,127.344154,0.05635484,501.57254,496.9468,0.11025078,512.1436,524.8428,0.12494725,596.64417,578.3221,0.10112695,511.38345,512.732,0.13806453,460.55612,29.012186,0.12072633,486.50732,525.5476,0.28748372,213.29474,226.21683,0.07362694,506.7227,521.8984,0.10997843
682,482.56897,517.07837,0.053747345,581.1957,589.6098,0.044910405,253.32481,79.14547,0.051038835,501.74686,497.04834,0.10314145,512.8663,524.69507,0.109907314,596.62665,578.53357,0.09131635,580.85126,593.80884,0.11505419,445.48355,29.84659,0.101693295,485.41144,524.0085,0.24440715,242.46642,434.00577,0.07439063,187.07957,60.095253,0.11047672
683,482.45535,508.23233,0.053958025,581.1453,589.58136,0.047977,412.14386,205.489,0.045774017,502.17075,497.73264,0.08821755,512.39307,525.2645,0.07164764,375.42206,508.00427,0.104224145,580.81335,593.7541,0.121252626,446.34415,30.123905,0.11739308,156.71245,181.83139,0.14028427,228.43456,337.44635,0.07930582,364.82358,503.28333,0.13657956
684,467.3695,508.18027,0.044711974,581.0543,589.48755,0.049948286,210.41402,143.90526,0.064553805,201.60103,36.162144,0.06662775,597.1551,597.3537,0.06125401,596.5146,578.04236,0.11226267,580.8664,593.76764,0.1317415,447.00836,29.951878,0.115956,496.87064,517.00653,0.09333334,198.53499,122.341896,0.13755819,181.10641,61.48798,0.15330854
685,223.78236,115.193,0.04713768,230.845,110.5271,0.048953425,230.81299,327.45554,0.08646542,201.92818,36.570335,0.06580037,252.5219,87.90045,0.06229896,596.54083,578.14575,0.100624874,580.8609,593.721,0.12312612,446.27783,28.991959,0.08880064,497.2198,516.65784,0.089727275,198.31813,122.1718,0.14435847,180.45357,62.305573,0.15371394
686,246.41628,68.46955,0.05065371,581.0681,589.48114,0.0482352,233.56041,338.93152,0.09853582,217.72305,37.34058,0.060559552,236.5575,359.25647,0.06163813,596.6335,578.1591,0.100582,580.893,593.7258,0.120046236,445.9951,27.87774,0.07174438,377.592,503.74545,0.07622461,228.74872,337.2686,0.16795595,180.19443,62.52798,0.14240418
687,388.6078,85.194435,0.051705875,445.00803,43.132084,0.056700878,233.59978,339.3311,0.09434948,437.0784,22.326118,0.06030871,251.87337,88.18675,0.0764444,596.58496,578.22156,0.09888303,580.8717,593.7426,0.11471676,251.90596,64.19698,0.07477408,370.78265,503.50143,0.07701331,229.46162,338.06326,0.14114936,379.00415,504.29156,0.16179228
688,246.94246,68.83874,0.0533856,447.7279,21.726501,0.06392768,200.36977,133.3723,0.08887805,436.96628,23.13619,0.076030284,252.57787,87.6986,0.075975746,596.67163,578.32666,0.09612186,528.16064,501.91626,0.14542158,446.36362,16.140223,0.0861652,385.8525,503.42004,0.065504566,229.74312,337.94324,0.14508161,379.99622,504.4416,0.13954915
689,388.48813,84.5992,0.062433016,447.07657,21.092611,0.062164348,200.21252,133.89816,0.11083887,436.7003,22.306543,0.07719471,252.49953,87.3958,0.085037224,596.6292,578.4072,0.08791601,529.2056,501.58002,0.11119202,445.87717,15.047878,0.0871921,514.8472,499.6949,0.109987594,230.62268,338.27133,0.14187065,191.41379,129.69913,0.13708547
690,435.64954,118.72705,0.07045201,436.02325,133.76456,0.072555356,199.47981,134.59032,0.11478853,218.1245,53.949524,0.07148765,252.17078,87.787704,0.09738754,596.7024,578.41925,0.08896521,529.87726,498.6925,0.13589591,199.37665,139.58185,0.07801763,527.316,498.4627,0.1249225,194.94235,131.27676,0.13838246,190.63475,130.3,0.13388883
691,435.04852,125.15976,0.10286525,462.0012,129.71951,0.08758066,198.0209,135.11404,0.111140184,449.58255,127.260414,0.081310466,251.94313,87.992195,0.10534424,423.68686,29.193586,0.10458826,580.9455,593.69257,0.10325475,463.6456,125.8684,0.10724682,528.0355,497.73157,0.077968426,190.11598,131.37169,0.13450521,170.93394,76.84807,0.15065041
692,435.193,124.3809,0.07994341,445.16183,14.157236,0.10560076,196.14291,136.98311,0.10571082,534.5775,481.28397,0.09467909,252.30933,88.5271,0.08994185,533.0096,484.53787,0.11296623,537.8374,496.32928,0.15281866,434.6269,14.726596,0.120234236,528.2961,496.03836,0.13644399,188.12512,132.98581,0.17596091,227.00609,340.33044,0.16132614
693,434.30792,110.47058,0.08999751,435.1908,117.97185,0.08803322,244.23978,341.39178,0.106624775,291.67133,118.805855,0.08937495,449.88852,134.31422,0.0751565,250.19832,344.16785,0.08767017,544.9178,489.06125,0.10728675,432.91107,12.750377,0.088294216,412.2487,499.05798,0.07578054,187.73642,138.89548,0.1448378,395.7764,503.6597,0.17115408
694,434.73462,110.20271,0.10827967,430.6012,11.432071,0.12343857,442.80032,125.967,0.11486733,291.70557,118.24068,0.090976775,291.24326,133.48366,0.07677829,418.33517,28.001495,0.119091995,546.6144,489.38284,0.1288216,431.87427,13.457977,0.074221544,543.94727,484.39655,0.19712338,186.62393,138.29933,0.17221117,395.66956,497.05002,0.18619062
695,423.03003,9.348776,0.09148216,429.2042,11.207167,0.118894234,407.00043,17.406319,0.2106963,291.59415,118.43187,0.11045086,290.64386,133.40134,0.098830536,416.2227,29.292328,0.13796727,547.7448,488.14847,0.12709863,208.42686,141.25528,0.08041428,544.19977,482.77823,0.2634106,184.45546,140.03378,0.25374746,397.24423,496.428,0.2121915
696,433.85388,108.295425,0.115829706,435.8391,116.76407,0.1267866,406.20883,17.081387,0.22564547,291.43085,118.00572,0.09079774,516.4401,450.66913,0.08423507,507.11163,488.71918,0.124740444,419.15775,512.34045,0.1023907,461.8966,110.39133,0.13711247,544.7783,482.809,0.2964559,184.81873,143.08253,0.28558376,403.85883,490.18085,0.17680885
697,433.30917,101.89587,0.11773921,435.7489,115.75595,0.12387874,404.6626,17.64917,0.21980926,434.36655,111.69947,0.07771769,394.63516,87.06312,0.09138384,420.84653,500.392,0.16293618,420.83768,512.41943,0.12171849,460.45065,109.884285,0.12569267,546.57574,481.13214,0.27627462,183.6936,147.65271,0.26831895,408.3391,488.7246,0.2568502
698,418.21896,95.98267,0.13819829,417.90463,103.23149,0.14692855,402.65295,18.03566,0.2718843,387.71823,61.214214,0.0937916,395.2706,86.68506,0.10590438,423.70966,498.8775,0.1283435,435.20847,503.34412,0.09446479,453.94986,106.9794,0.14406024,550.3454,475.10922,0.23433042,245.32005,352.3425,0.23270854,411.55853,488.33664,0.23207082
699,417.71432,95.99379,0.16661201,417.57812,103.2225,0.16448034,433.4852,110.51355,0.18422168,387.1624,60.81181,0.09450654,431.13528,507.21613,0.10318295,426.31293,497.92462,0.16287445,435.56546,504.7541,0.14278138,452.8394,106.72745,0.1399745,559.3106,467.1083,0.23003617,182.91203,147.99512,0.2605017,412.93896,486.62277,0.24493816
700,415.14343,94.276566,0.19108264,416.81418,101.91875,0.22015524,427.76343,110.79631,0.14981118,372.6081,63.944855,0.07921184,431.06015,487.1825,0.09864266,436.6961,498.2445,0.16836496,436.81757,504.6189,0.14054163,450.25,95.82767,0.15378553,561.0837,466.85516,0.2867646,182.57695,155.18134,0.29922712,422.97565,485.76672,0.27378505
701,416.31207,93.98314,0.15189692,418.10223,101.739265,0.17019749,389.40924,17.802414,0.23621073,274.98767,112.4938,0.08170099,447.35254,506.26376,0.10196587,438.77737,497.18356,0.19021264,439.0356,504.43384,0.1431039,448.90173,95.04263,0.12884223,562.47504,465.1478,0.23877078,182.63037,156.1187,0.27833268,423.6399,484.88223,0.34157628
702,417.10437,93.05415,0.15969132,478.6541,203.49896,0.13663977,297.7523,444.74927,0.1927653,275.27432,112.081116,0.10363949,237.18484,103.60918,0.08554906,305.0594,455.50287,0.20414183,306.14938,465.69095,0.1144196,446.04404,94.7766,0.09263788,567.3404,453.47797,0.24760213,216.6433,257.4172,0.25110847,427.55765,480.70157,0.27170634
703,450.78677,190.43597,0.14441477,451.35223,197.9684,0.14594752,424.86325,97.55314,0.2007086,274.8315,111.72391,0.10199873,447.04303,487.55338,0.095239185,306.92468,454.97116,0.1993119,482.5966,514.82684,0.11572879,445.35635,93.96761,0.11719563,567.3728,452.2276,0.23401177,216.89159,258.18942,0.27052766,429.0253,479.1931,0.3284356
704,401.59445,81.51551,0.14180222,401.57724,88.96498,0.16628423,424.00635,95.43302,0.2191767,275.17007,110.80746,0.12089949,281.3896,120.029755,0.09754874,460.51614,491.15024,0.2050528,482.9894,514.43835,0.1346048,439.49606,90.77244,0.14331234,566.53406,452.10825,0.15634608,217.47968,258.0608,0.27564952,433.78192,474.09427,0.3160003
705,399.28406,79.51622,0.19038302,400.20972,86.852684,0.21288927,182.49345,162.63266,0.20577197,355.12915,63.4037,0.09958261,282.0288,120.153366,0.09477414,461.1936,488.12396,0.19958246,409.6497,170.10008,0.14249353,436.8986,79.09975,0.15277565,579.2117,436.31195,0.1520233,175.6942,160.81146,0.308471,438.35013,472.82126,0.34887314
706,399.10287,78.06829,0.20145164,400.57507,85.46948,0.20551279,448.92926,270.80933,0.20795643,357.31918,47.46302,0.088061124,361.6894,71.664925,0.105174854,462.57346,486.46304,0.23759982,408.70355,168.56845,0.17174959,435.8413,79.27547,0.16037624,457.96527,484.67136,0.11714073,174.75006,162.35458,0.34239194,440.21027,471.66785,0.37768915
707,447.94376,174.37212,0.16728228,449.1855,181.82558,0.19249174,449.39163,269.95926,0.18296784,356.45276,47.282627,0.11715875,361.62146,71.96564,0.11599619,468.42627,486.1406,0.2627212,471.24158,500.2141,0.1618349,434.67557,78.106766,0.16411512,504.24875,482.77652,0.14047427,218.51242,260.06815,0.32511625,443.07483,470.67456,0.41458887
708,385.02002,64.24415,0.27595794,383.73486,73.56898,0.28171474,410.76743,80.7006,0.23684774,355.61276,46.37054,0.11627304,361.3757,72.01287,0.1280221,476.95853,474.71793,0.18796861,408.48297,167.59018,0.16288534,433.5498,77.07518,0.21662833,457.51337,471.959,0.11297701,219.23198,259.846,0.31804922,451.87015,468.86737,0.24735859
709,381.66513,384.26962,0.18697648,380.6131,392.66693,0.23244189,450.1261,256.3654,0.23460864,404.54214,80.22047,0.112451464,487.2891,431.1485,0.113783635,479.7033,482.1735,0.23119667,500.90338,500.4294,0.13373852,481.88647,175.03256,0.12939608,476.05075,476.9781,0.13761847,220.2229,259.97382,0.3529607,453.58127,462.5496,0.35226542
710,383.89838,64.79054,0.20328121,383.8926,72.558266,0.2593678,451.13913,255.33919,0.2141704,340.74716,47.788395,0.09277713,488.19006,430.51913,0.097542785,483.50137,472.8976,0.20594755,407.99188,153.09851,0.15881903,429.3633,64.229996,0.16945584,476.88034,470.2179,0.16492061,220.92397,260.7024,0.32338834,456.7798,457.84717,0.35751256
711,383.4954,64.01129,0.19404387,384.17764,71.657234,0.2323368,281.11877,350.39154,0.19435604,339.44104,47.141106,0.09854688,499.61386,428.79926,0.119694896,481.00388,473.55844,0.23547502,402.13568,153.66815,0.15604001,427.58728,62.65968,0.13414645,474.26947,468.4517,0.16567087,221.66133,260.7558,0.29236257,458.1716,456.64688,0.3838031
712,291.9816,111.98785,0.23218541,291.24567,132.99933,0.23429918,339.38147,44.83024,0.21781528,339.88785,47.640877,0.12932254,500.26837,429.25198,0.12720637,487.2433,471.10614,0.24637622,501.2058,486.37292,0.1252117,421.33917,61.09089,0.15573967,494.10226,469.41367,0.17941508,223.09633,260.826,0.26996997,465.21405,455.31192,0.3356219
713,370.39178,48.460472,0.31778994,368.41785,58.445587,0.26726234,451.78754,240.1563,0.19321498,342.7996,31.24644,0.14067042,345.5514,55.614212,0.13683312,497.85287,470.81412,0.24432135,501.20673,484.84485,0.16019167,425.20016,64.51192,0.24875277,491.8176,469.25403,0.15649863,173.62886,176.53839,0.2866753,469.8963,454.9894,0.31976873
714,289.35278,111.202324,0.23771593,401.41418,389.8179,0.28746507,257.2684,109.08387,0.18947239,375.10757,126.13117,0.11492021,505.02277,414.9076,0.13343842,500.12613,468.7811,0.25950933,502.3595,483.07062,0.13696179,417.25882,49.09804,0.1672344,492.53836,462.78256,0.1628879,172.79164,177.19363,0.26739684,472.3993,447.79007,0.33190322
715,397.00854,367.84918,0.22489417,275.36353,280.77643,0.2962114,357.26834,368.50436,0.17225812,374.5071,126.859955,0.1206239,515.957,414.33728,0.11187228,500.91486,457.3528,0.21227498,501.46445,471.02664,0.12047386,410.7025,129.8114,0.16350289,491.90475,455.59766,0.16944987,284.1021,352.7128,0.23416618,92.42789,115.70967,0.2961883
716,402.85498,367.58167,0.2743861,365.6961,57.738773,0.33200705,178.52623,176.59673,0.19488208,375.2677,126.78166,0.12728867,515.55774,413.18182,0.13238195,503.87604,462.5852,0.26326492,394.66214,139.73325,0.12978491,412.49734,52.754433,0.1817576,489.53333,455.27026,0.14969328,285.96756,351.7607,0.2378854,479.57217,440.83636,0.28954306
717,405.97455,367.48935,0.2686177,275.38187,279.65866,0.3490581,452.39362,221.84683,0.20407842,325.1063,31.376041,0.1154921,331.78235,141.96033,0.10814555,504.2282,453.79938,0.24092618,393.95236,137.5287,0.17058721,412.24493,50.96018,0.22166981,509.10294,453.69803,0.14824729,229.96732,265.3654,0.21284172,481.9171,439.56863,0.27935475
718,356.51993,46.213394,0.2507477,354.5687,55.301613,0.34511545,358.70435,430.10464,0.18466127,323.37143,32.89844,0.10418559,99.48957,121.70468,0.13669986,510.37683,442.28232,0.22617516,392.39767,135.66354,0.20140783,410.98608,48.372852,0.24477763,118.385735,148.25517,0.18160498,231.00569,271.20596,0.20588776,89.39561,137.11499,0.36296448
719,339.8553,350.75848,0.31469142,337.20248,362.0177,0.34326252,244.224,109.495056,0.17551869,440.6421,214.69937,0.10817382,97.71316,108.32986,0.10531835,512.4968,445.93146,0.21921611,391.7871,135.20348,0.17359936,410.3198,48.942688,0.2874367,508.83786,441.0148,0.1604242,233.10992,272.17975,0.2094197,95.30995,94.05565,0.29075095
720,277.302,271.25424,0.24700853,418.94858,375.5565,0.30443513,453.8734,204.37791,0.19847794,440.4207,214.48091,0.11881489,96.82881,107.78697,0.11398742,513.81244,442.33997,0.22736803,316.1235,361.95575,0.15346122,477.39658,209.8946,0.14431344,115.76825,150.49895,0.16561918,232.38199,271.60382,0.23717304,93.37557,101.34129,0.3329786
721,277.52798,271.03244,0.26463664,419.19287,373.38074,0.30663365,179.0423,189.1353,0.22299363,229.90445,125.92134,0.12608673,246.68727,28.632069,0.12790786,373.8271,430.54794,0.17716372,386.26126,123.919525,0.1041231,477.2758,207.81155,0.15647233,115.96791,166.20241,0.13831133,233.75127,272.25696,0.24578555,90.7718,152.44772,0.28184196
722,420.1999,351.65378,0.26432982,419.06976,363.34238,0.28873965,308.1196,268.33362,0.20705612,439.65338,214.14012,0.11873088,97.93857,135.7044,0.13376018,521.5281,434.71698,0.22054608,532.3588,449.91092,0.14308326,399.9431,37.83983,0.20394672,117.64412,167.32219,0.1821104,236.26595,272.51492,0.19964568,85.15432,153.11067,0.28967887
723,422.68408,350.8073,0.26671398,421.04434,361.67673,0.3111301,451.4802,348.46692,0.17171021,451.50894,191.83113,0.11728223,95.06918,122.91565,0.15656106,525.58325,424.0001,0.22033341,384.61047,121.081215,0.13543896,397.4286,32.21345,0.15792964,115.65546,167.5803,0.19622256,240.1144,273.68875,0.16314423,89.665146,109.06185,0.3492571
724,492.975,190.1784,0.18283762,432.16232,360.56848,0.24532467,454.2948,187.57245,0.20721157,386.69507,269.67877,0.12736161,94.34268,105.75439,0.16376737,527.0945,421.46338,0.2074014,329.51868,359.41757,0.13777427,395.11786,33.428547,0.16183369,116.44577,169.27159,0.18360202,100.16575,127.40451,0.120805256,87.84453,109.732285,0.36286992
725,288.04984,271.32684,0.2013807,433.80057,359.171,0.27896312,365.38467,28.795025,0.19344859,358.17908,34.534203,0.14272182,93.812096,122.30487,0.13878924,528.2877,417.24866,0.21932416,330.41806,359.43716,0.12929258,386.8477,27.479902,0.1375061,115.97447,169.73323,0.15132348,363.66492,19.774464,0.11526766,87.5164,116.86227,0.3073076
726,433.59976,342.31686,0.21336208,434.02737,357.73898,0.2692618,389.47302,333.79178,0.19160585,357.34262,39.06266,0.11770627,97.055435,150.77376,0.15387848,535.65466,406.75906,0.20996991,536.03326,420.1646,0.12361665,385.31906,26.930042,0.120993234,134.28279,210.7402,0.18396664,361.1399,18.654816,0.1190639,88.37855,118.12363,0.3103091
727,435.47443,336.0159,0.21097182,434.36026,347.68344,0.25626355,324.6767,332.99478,0.18181725,451.40942,177.91577,0.116485395,93.60467,122.389755,0.15657301,537.5259,405.87796,0.27108374,546.3205,417.65045,0.18071643,567.61194,264.9559,0.19006269,117.399536,185.58794,0.18681723,99.65627,127.98707,0.099509664,88.69301,119.129196,0.30427808
728,437.17914,335.01675,0.20069858,435.56168,346.5107,0.2335762,453.20267,171.88095,0.14610624,450.83505,178.28214,0.13126038,97.07184,151.45654,0.17481339,540.5503,396.23303,0.2606583,546.4557,414.39645,0.1560897,368.2503,13.518528,0.12619415,118.61656,185.99155,0.1852552,99.798065,142.99797,0.115780175,79.947014,172.0759,0.3227942
729,485.25638,165.9653,0.14567865,435.04944,344.50583,0.17487842,468.12778,311.18683,0.109961,309.79626,271.76105,0.110736206,93.6729,120.60785,0.17672388,543.54767,393.6003,0.29421157,549.0791,406.7802,0.22626291,368.1327,14.0418825,0.14125818,568.0515,383.62967,0.1695657,98.9536,143.18394,0.12177544,79.964264,135.20451,0.34744674
730,485.26337,165.43358,0.09469487,485.53912,173.64163,0.11562607,354.61133,14.379331,0.11158109,518.5019,161.28777,0.10892073,543.6447,357.47858,0.1812319,550.7989,391.04855,0.3392057,552.0415,403.53613,0.24247815,366.8455,13.29444,0.1189945,120.406105,200.51454,0.19308856,99.58477,128.12318,0.11098989,80.09282,135.73897,0.3346039
731,453.441,69.75505,0.06765108,557.379,234.24248,0.0972524,347.14755,15.351917,0.11320667,435.98328,88.01933,0.10919747,551.7158,348.80627,0.15566076,553.2943,385.65878,0.31916568,560.8756,398.25168,0.21844842,365.50815,13.89069,0.13149546,118.83142,200.87029,0.22658202,99.769905,159.2202,0.100946754,79.27963,186.61469,0.3016313
732,444.65482,324.247,0.1167792,444.02264,328.0849,0.122388236,406.10718,316.84375,0.14692742,435.31088,87.38553,0.112408094,564.59796,319.7987,0.19354786,555.09534,378.52594,0.3316225,562.2365,389.50986,0.24979456,348.78235,12.553413,0.12178219,118.0893,201.31253,0.22876915,98.45671,144.42636,0.12545225,78.71987,142.78616,0.32850555
733,452.95493,69.13424,0.099285595,556.8252,219.48859,0.1288612,341.31732,14.177526,0.1155099,454.6936,239.91328,0.09880934,564.9506,319.26758,0.16690518,557.88873,375.401,0.30796808,563.4009,386.0317,0.25055674,349.73215,12.784858,0.1287904,118.12548,212.14047,0.23055169,98.099304,143.21114,0.118205965,77.26875,148.97903,0.38926437
734,115.17228,152.68233,0.07938816,558.2188,218.28105,0.12395818,332.8372,13.198462,0.10339189,517.76483,135.96576,0.10313583,568.0825,306.15448,0.23945564,558.107,370.92978,0.37222454,563.1611,382.7161,0.30358595,349.84692,11.747502,0.12509184,117.686676,214.89111,0.2346536,99.26369,143.47627,0.111138195,77.32945,149.9446,0.37572622
735,114.73255,152.19157,0.07397553,548.5936,212.3579,0.07217418,483.2207,293.00034,0.09328987,420.99716,72.127785,0.08647356,568.5158,304.73447,0.21811904,560.04346,360.76764,0.3286603,564.9229,373.8073,0.226322,330.53568,12.391401,0.08610335,117.42039,216.10867,0.26042542,563.37573,316.5793,0.12794323,76.78449,151.48203,0.3686257
736,437.3392,53.879467,0.0760435,556.4928,203.20894,0.14032686,483.68604,291.93283,0.09489607,420.26013,72.12129,0.12404533,568.34344,295.33435,0.28342655,566.1664,358.951,0.3336851,566.6533,370.84393,0.23761046,428.49203,62.9678,0.11435568,100.29364,166.59381,0.21826541,566.20917,299.72278,0.122266255,74.68277,158.40404,0.32832146
737,437.16757,53.578987,0.08724076,556.6147,202.71788,0.08846675,576.80804,307.80786,0.083384454,588.2868,270.49326,0.1030682,569.8319,288.32092,0.33121428,566.5939,353.67715,0.28008613,567.0106,366.89154,0.16325755,410.0835,61.948456,0.10143372,599.63165,335.58582,0.20602813,86.10675,174.65816,0.11744591,75.999214,157.91724,0.30398932
738,436.75934,53.513332,0.09218792,445.69916,315.1643,0.07216454,484.96613,284.49316,0.13751987,418.76968,70.6429,0.09564477,569.0863,287.91962,0.27439758,566.19073,343.61578,0.33950678,575.6514,355.93243,0.22099404,411.13174,60.579376,0.11748429,599.01337,335.30545,0.23234971,565.2305,298.8189,0.12629625,77.4164,165.27986,0.2518795
739,556.94684,184.84163,0.09000939,556.8873,187.30186,0.17061022,578.4942,292.5684,0.094929874,533.4893,198.08551,0.09107226,560.37714,311.92853,0.18754914,568.5293,341.94995,0.3175561,576.56305,352.94058,0.2374065,570.2792,189.17657,0.08980778,598.0106,333.47934,0.2110861,567.71674,284.7288,0.10911525,75.293884,174.28767,0.27004808
740,113.474594,166.39775,0.076119885,556.37024,186.72243,0.08124706,577.6222,292.3839,0.076128446,587.8949,256.23392,0.08395111,568.40656,280.3793,0.2265643,568.2352,337.31497,0.27259216,576.5579,349.45474,0.19240934,98.47003,179.11081,0.06403264,599.05853,322.0568,0.22651988,567.3937,282.77747,0.13406049,76.92894,174.00485,0.20390229
741,113.11461,184.04411,0.063930884,477.14923,203.28319,0.06788946,578.42816,268.274,0.09765699,134.26096,180.88838,0.093253754,569.06555,273.7818,0.24438109,567.62036,327.48492,0.30960017,575.8088,339.22293,0.22523157,519.61066,283.90506,0.07054743,598.95056,319.9417,0.23501517,565.9958,282.52078,0.11703136,75.83821,180.37369,0.20995115
742,113.00163,183.06459,0.08037156,556.0587,171.55801,0.06639665,578.715,267.62857,0.08829638,556.34515,288.31668,0.09855496,569.383,268.06287,0.22818463,568.44604,325.55087,0.33905175,576.32263,336.49854,0.2699266,521.24927,270.23605,0.0662858,598.1307,316.6336,0.22631158,567.9888,267.83224,0.10857254,545.9646,307.79956,0.24233611
743,98.71604,197.7869,0.0631222,533.44257,274.67087,0.067689404,396.78964,62.088676,0.0851353,580.4616,238.1952,0.14859547,568.9182,265.91638,0.29937896,570.92395,321.13647,0.32447508,576.7636,333.45483,0.2263911,411.53894,45.08871,0.10691445,600.48926,305.9122,0.23361513,567.9086,266.19766,0.14229736,545.6412,299.10745,0.2519097
744,114.674034,213.38737,0.069853514,509.2029,266.13995,0.070669204,578.4866,252.68486,0.09008686,596.4528,188.30725,0.104876,566.2547,271.91174,0.23910372,566.9129,311.17218,0.30169222,575.3202,322.14725,0.19849549,563.85675,259.40112,0.06881858,598.84247,303.63416,0.23147006,166.4032,67.55768,0.15862817,544.96277,296.41287,0.26071414
745,542.08307,274.19424,0.074493185,555.77716,155.40567,0.060662545,578.61115,252.84422,0.08925804,563.164,275.38235,0.08947208,565.99866,271.4448,0.26442868,567.1903,313.97296,0.37569624,574.98834,321.95496,0.25445762,510.28717,251.58557,0.07818641,600.473,301.13876,0.2524037,84.41838,191.85866,0.12449985,544.56146,295.86633,0.29823092
746,114.226845,182.32233,0.071009226,397.55624,44.30581,0.059031647,576.9308,260.2811,0.096022084,593.56506,177.59514,0.15546827,568.27637,257.30057,0.26736653,565.15045,306.96136,0.3528119,575.32104,319.76517,0.23424397,562.3861,244.58482,0.07918649,601.13513,290.58142,0.22856659,567.60504,252.04701,0.14059894,547.3895,284.6215,0.31709933
747,114.17962,181.61748,0.07411693,533.24976,259.4589,0.08202801,576.1795,244.42676,0.08942939,581.9642,217.96521,0.15064138,566.8287,255.88348,0.31231946,564.4154,303.18546,0.36385787,575.7505,318.78107,0.20269373,563.1033,244.25615,0.09191797,601.4907,289.10477,0.25021031,567.0629,251.21472,0.15389344,547.1616,281.27994,0.31661955
748,114.426865,181.47472,0.08324757,533.34076,259.35187,0.08120359,576.36664,244.57332,0.089287885,577.10394,218.24559,0.13050124,566.481,256.13632,0.27578992,563.6329,299.97314,0.37973553,564.1709,309.8839,0.23702194,563.1564,244.10709,0.08698416,599.9345,287.28534,0.22812288,566.09143,251.99228,0.13222986,79.26792,157.77707,0.34517634
749,114.69331,181.40247,0.071681306,533.2708,259.01437,0.06488367,577.6356,244.55771,0.08456035,576.15784,217.45541,0.123404995,567.0441,256.44528,0.265001,564.29034,300.9114,0.39135316,573.7968,310.43155,0.19414628,541.7644,261.32028,0.083727956,601.7785,286.90784,0.23938043,566.6139,252.22177,0.12046772,78.94759,159.07855,0.36356854
750,113.52414,214.88896,0.08483368,516.5639,270.1552,0.06516174,556.64246,243.30707,0.08137037,586.5764,160.43796,0.14802042,566.42365,255.39949,0.26228335,565.43427,299.22055,0.41957682,291.7132,536.0994,0.2076337,609.0217,281.9775,0.0777915,602.30316,276.79694,0.22974326,565.8356,252.07664,0.118770674,78.39058,164.50815,0.35101393
751,113.56908,214.32036,0.08449965,517.04065,254.11983,0.06434522,577.15826,228.91052,0.0724391,584.0283,162.44444,0.16059479,567.86646,241.25392,0.25846627,568.05676,294.1603,0.36995414,291.76727,536.40985,0.20165183,565.00433,243.0108,0.0753945,601.44867,275.1636,0.22388886,567.5269,235.10962,0.13660125,79.88627,165.68576,0.28937268
752,113.97917,196.83337,0.08937999,533.02734,241.76564,0.069152355,576.98944,228.34663,0.07129357,583.04205,159.38887,0.20142815,580.3638,171.11389,0.32904336,568.611,294.8575,0.3772594,291.73578,536.3805,0.19506273,560.0096,196.1062,0.08556948,601.1807,274.12094,0.22671258,567.15454,235.06128,0.1358942,549.6938,267.9725,0.30163458
753,114.67436,196.15685,0.09358827,516.6016,254.34715,0.069600545,574.55,260.88727,0.06362711,582.38336,161.16115,0.15764482,562.6161,253.62012,0.2853155,568.12134,296.78632,0.34413633,291.45572,536.1548,0.17958018,544.1432,260.72552,0.07808478,601.0205,274.38504,0.2204895,149.67697,98.945854,0.13073748,76.79593,173.21577,0.4055262
754,114.673965,196.52948,0.09074446,533.39264,241.98741,0.07626328,556.35474,226.20892,0.05504593,581.3538,160.69919,0.14023249,561.99646,252.38412,0.3129816,568.7272,296.97748,0.32949585,291.31403,536.18085,0.17079793,560.48834,179.93846,0.08136088,600.2066,287.65027,0.20737742,568.36975,219.53172,0.13972463,75.74997,174.10373,0.4604511
755,114.37723,197.35658,0.07772483,516.31635,254.15872,0.059799872,556.0503,226.88521,0.06884595,563.818,239.44531,0.14010695,560.94794,250.27364,0.32148108,569.2773,294.3166,0.35670698,291.1289,536.199,0.19077885,561.755,179.98094,0.08142512,601.858,273.76746,0.22221473,567.26624,219.89825,0.11801228,77.15771,174.9052,0.3876326
756,114.96097,197.5996,0.078568295,533.29565,226.11777,0.08048135,554.73206,195.26723,0.06526573,566.31323,223.505,0.14467207,559.966,249.95432,0.25866485,564.82007,291.65616,0.26680097,577.673,307.00162,0.13869388,561.6818,180.53593,0.10316714,101.08545,197.87625,0.23442014,566.3516,217.45868,0.16027687,74.66465,179.16833,0.42073143
757,114.903244,212.66315,0.07664316,533.27936,226.26416,0.08756224,554.81946,194.81879,0.058432333,580.99396,145.16307,0.14548767,559.3084,248.80429,0.27181646,567.5433,281.84265,0.31448212,290.9291,535.7098,0.14793366,561.68414,163.68817,0.1039912,599.6714,195.0295,0.21809424,566.02576,218.58052,0.14965118,75.63521,186.01115,0.40878722
758,114.42045,212.60216,0.087869905,532.9568,225.6308,0.07870758,74.83224,192.72508,0.056631032,580.0905,142.97424,0.16113442,558.3947,249.40286,0.2630397,568.02966,280.4625,0.30093384,290.93643,535.65674,0.15026411,562.50867,163.49928,0.1118464,112.24939,212.99614,0.24147522,567.4047,202.92004,0.14746156,73.86031,187.68454,0.47067675
759,114.69538,212.22879,0.08799656,533.6061,226.20886,0.089318536,576.6293,195.0644,0.062169094,95.96124,170.596,0.1673743,86.50937,181.63628,0.2906109,562.3656,278.34863,0.33373994,83.79277,212.88374,0.17607965,561.6499,148.15996,0.13259906,112.07891,213.12488,0.25590172,566.8337,201.18848,0.17882359,72.64736,189.07394,0.5076414
760,114.723434,212.57364,0.084459856,533.886,226.85794,0.06822962,565.7104,212.8183,0.063011445,565.74384,200.39896,0.254196,562.3974,224.78444,0.33246005,562.1927,276.37946,0.31689003,82.68707,212.67793,0.17779407,562.3986,147.77629,0.12658499,112.317566,214.46812,0.24702519,565.6702,201.07843,0.16001953,72.95838,190.62859,0.47989196
761,114.50152,212.72969,0.09023158,533.7889,226.23503,0.06049002,555.2771,177.21552,0.0611512,565.45166,193.956,0.25544512,562.1132,210.3848,0.2870898,567.43726,263.557,0.24686065,290.82523,535.6632,0.15895885,563.0903,147.95398,0.11134035,597.8241,242.45975,0.2309052,566.5685,185.76622,0.14163664,74.459854,192.0526,0.40920216
762,114.9224,213.29169,0.0825928,533.4782,210.0694,0.06035167,555.36505,177.30568,0.058005903,565.37506,194.2492,0.26035565,561.89246,210.62213,0.30156234,563.75995,256.41928,0.23881736,291.0073,535.8047,0.16763425,563.5125,164.11272,0.09888604,598.40784,246.2511,0.24754938,566.2403,185.62646,0.14294995,74.201996,195.06268,0.43508217
763,114.78226,213.91068,0.08270993,533.6573,210.43921,0.06584975,154.93578,30.17453,0.057008266,565.1925,193.9343,0.26577273,562.3374,210.85864,0.3309794,563.5008,256.60214,0.25822636,290.34775,535.5363,0.1986035,565.0653,192.01509,0.0902481,599.4719,240.8456,0.25085005,565.5642,185.57277,0.13261537,74.235596,200.99007,0.45013982
764,114.243835,214.5065,0.08109341,533.8715,209.9122,0.07244362,554.5288,162.25105,0.060297914,564.27014,193.03654,0.26311162,561.5165,210.08061,0.2886708,563.0245,255.23695,0.23426235,290.39386,535.5121,0.2040889,564.66595,148.02104,0.09381445,596.0237,235.2151,0.23087284,564.88513,184.90497,0.12898308,74.40641,203.53737,0.4807297
765,114.99121,228.42526,0.086446926,534.1263,210.1406,0.053907778,566.4997,169.07108,0.059465926,563.6872,192.4644,0.27270612,561.0012,209.49652,0.30996406,562.9917,254.8185,0.25926095,290.36844,535.60016,0.21361244,566.02325,146.7868,0.09373095,112.47066,228.20763,0.23706752,565.18585,170.40573,0.13280518,73.11864,205.30922,0.5017193
766,115.05918,228.3406,0.08866696,533.92194,210.2956,0.05960438,565.62177,168.0543,0.0614981,562.9134,185.34277,0.28871834,560.2465,208.68561,0.33458617,562.61816,254.96745,0.2627489,290.36646,535.27496,0.19576746,566.47754,146.61908,0.095147595,112.60764,229.77385,0.25374362,565.19336,155.59102,0.13756782,71.953545,206.57332,0.44838646
767,114.47651,228.79199,0.08601524,516.65204,222.15317,0.05933826,566.65356,154.92209,0.068817005,562.75696,185.02986,0.29085937,560.1412,208.12762,0.34559834,563.2901,253.79283,0.27217212,290.25156,535.24963,0.19335511,565.9119,130.25418,0.079479426,600.19336,232.94406,0.24804632,564.3036,155.70834,0.12595186,74.266075,208.32628,0.37745726
768,114.477776,229.69872,0.087700516,533.6851,209.60167,0.05004703,565.9221,154.22551,0.07116993,562.4549,185.32047,0.2947703,559.73694,206.18509,0.3220683,562.19617,245.12218,0.21940944,290.66388,535.33844,0.22280282,567.5498,161.8275,0.08921613,598.26306,228.25772,0.25148225,562.59186,155.77007,0.12347529,75.76715,211.47466,0.35088912
769,114.32128,230.25018,0.079834916,533.62805,209.52321,0.04972259,566.27295,153.94641,0.07016467,562.761,185.17638,0.25135937,559.8155,205.15561,0.30192703,564.23596,241.65526,0.23755988,290.92975,535.2721,0.19038671,566.97125,161.59511,0.09001511,599.49664,230.75249,0.27961183,562.42084,156.55144,0.11611371,73.70428,217.36337,0.404401
770,113.77445,230.87971,0.079368606,563.80554,100.94125,0.03964428,566.595,153.83624,0.059172377,563.0299,184.58566,0.2834375,559.8532,204.04565,0.35698625,563.8252,240.25171,0.29287225,290.97263,535.45386,0.21754868,543.2376,195.48262,0.085942335,600.5821,230.0001,0.27356407,562.9686,156.68967,0.106420875,74.62341,219.75504,0.4264232
771,114.68624,244.76788,0.07851293,597.5424,201.49205,0.03741625,566.0266,154.25073,0.0707933,562.6077,183.97736,0.22650382,559.4594,203.63283,0.31534424,563.8347,238.42422,0.28125405,290.91147,535.54535,0.20395319,543.7025,195.3524,0.080657095,599.96515,225.25066,0.26877055,120.109955,35.07969,0.09843877,73.68315,220.73598,0.41309232
772,114.80762,244.73259,0.08420784,277.32785,477.3511,0.039175313,564.62573,153.99464,0.067232296,561.8285,183.90247,0.21686886,559.1343,203.6824,0.29549864,563.4912,238.60332,0.25002497,290.99072,535.37415,0.20363358,566.5166,160.84094,0.08559514,598.7959,225.20734,0.24442628,120.05797,35.66434,0.097966686,71.921524,221.82553,0.40675884
773,114.60574,245.1651,0.08985364,598.16693,200.3266,0.057656903,563.8541,153.55096,0.08490012,561.92456,177.38963,0.22882311,559.3556,202.47168,0.3216985,562.9665,239.82387,0.3373666,290.9811,535.1462,0.19895925,545.4779,132.13808,0.09477871,601.35443,225.40515,0.26277786,560.9958,140.55836,0.102623045,74.560265,222.71991,0.3276402
774,114.42879,245.449,0.09083521,598.87836,200.36983,0.051752917,563.16437,153.46463,0.08740285,560.9255,176.66597,0.19987781,558.25745,201.1664,0.29473522,562.6091,238.02554,0.3259439,290.75943,534.709,0.19376558,545.2369,116.15277,0.09104551,600.1266,218.13124,0.25711325,560.8946,140.44539,0.0995316,76.756874,227.17453,0.2891012
775,114.4565,245.76453,0.086769596,599.0281,200.1998,0.052782707,563.5891,153.82925,0.08761174,560.85364,176.42468,0.206325,558.39746,200.80266,0.29543257,561.8526,240.01605,0.3315118,290.73105,534.87726,0.17268454,545.617,116.37538,0.085498825,598.9084,214.37189,0.23561813,120.049385,37.410797,0.10525505,75.66066,227.72615,0.35221943
776,114.46296,245.93266,0.08450045,599.0839,200.81676,0.046004914,563.33215,155.15186,0.079155885,561.36804,176.78754,0.17382763,558.12994,200.75975,0.2589882,563.42017,238.07854,0.29391238,290.91943,535.1634,0.17178006,119.08145,44.748463,0.07615797,598.27795,216.19756,0.25311747,119.84257,50.381695,0.10753474,74.708305,228.35178,0.41454336
777,114.266335,246.35068,0.079464965,604.4056,202.30196,0.040493347,563.537,154.90147,0.074519016,558.61206,175.82343,0.14970072,557.6229,188.48888,0.24851075,564.3864,238.02242,0.28369015,291.02197,535.14844,0.17167358,118.946,44.96789,0.078525014,599.05676,215.87733,0.26863238,119.77595,50.925198,0.10785222,74.69375,234.12859,0.3971445
778,114.353004,246.67393,0.07193781,517.0013,190.92902,0.046599817,564.855,238.44989,0.073497854,558.3544,175.15761,0.15819488,557.5275,187.05258,0.26375845,564.4735,238.90997,0.29266158,290.84033,535.1997,0.16925696,546.1244,162.7408,0.099971816,599.4291,215.75085,0.26963827,560.9196,170.17586,0.1079681,75.740524,235.40749,0.38286284
779,114.2954,247.05853,0.07314431,516.8715,190.96603,0.044380147,564.58875,237.40295,0.09157289,558.8959,168.86746,0.20230375,557.3337,187.09886,0.29330024,564.3209,238.55667,0.33807185,290.86313,535.02,0.18485208,546.43555,162.02487,0.10889539,600.1839,215.06767,0.2746637,120.1637,51.592625,0.1314247,73.55933,236.10138,0.42498714
780,114.716354,260.96735,0.07492689,516.92285,191.17871,0.045575943,564.81213,236.97992,0.111350976,558.7631,169.14853,0.20174007,557.5032,187.16956,0.29128516,564.68634,239.60742,0.3237315,290.26385,534.9805,0.15827113,546.7268,161.89188,0.1136333,599.6079,214.95895,0.25849295,97.32662,240.49759,0.105952926,73.7973,237.09027,0.3628533
781,114.78315,261.0196,0.079746075,516.98517,191.13211,0.053127624,564.9286,236.20534,0.11048737,558.39453,170.07018,0.23367746,557.6464,187.79756,0.3114035,565.0527,240.02338,0.3426627,571.2691,259.626,0.19307709,546.8812,161.74178,0.09536997,600.2128,216.22227,0.2571933,97.39438,240.50168,0.107867435,74.5037,237.73119,0.3558447
782,114.59442,261.24612,0.078844585,302.98825,532.6262,0.06097146,564.9307,236.18915,0.1171804,558.2441,170.20921,0.20833705,557.53864,187.68794,0.2930258,565.07715,239.46265,0.3470902,290.1676,534.77637,0.21129091,546.89606,161.5091,0.094651714,599.7305,216.36044,0.25366274,119.290085,53.30397,0.109194405,75.60485,238.97481,0.32758597
783,114.48375,261.41977,0.083799124,516.87225,191.1846,0.05991745,564.77167,235.84065,0.13146172,557.7351,176.40811,0.1978623,560.1844,200.43408,0.27734518,564.8981,239.88025,0.34545127,571.4646,258.40637,0.180451,545.0635,212.27834,0.0968678,600.0169,216.98549,0.23586312,118.92933,53.98529,0.1415524,75.79941,243.27411,0.3542065
784,114.61115,261.78015,0.08654634,516.92035,191.21143,0.06389302,564.95856,236.14442,0.12394935,558.3986,171.31941,0.18944764,560.1701,200.0266,0.26507956,564.78467,239.16895,0.3540353,290.55777,535.0109,0.17402995,545.318,212.25969,0.0990217,600.0442,216.94923,0.21784566,98.09726,240.06723,0.10232097,76.604294,243.7959,0.36785015
785,114.43751,261.98944,0.085974306,516.9067,191.24353,0.060296927,565.2324,236.33014,0.11516134,557.4623,171.16838,0.21301636,559.39716,199.77927,0.26321802,564.57697,238.0441,0.3522231,290.04456,534.64734,0.2026464,545.6784,212.03822,0.09462878,599.58484,216.65211,0.21667463,118.28023,66.545334,0.10309994,76.21654,244.20953,0.4084931
786,114.51559,262.06186,0.07998618,517.00165,191.32227,0.060269892,564.7624,236.06987,0.09219489,556.4144,170.893,0.21127225,556.4574,187.84619,0.24960509,566.0165,226.47314,0.34476537,290.26404,534.77344,0.20619589,546.967,176.24208,0.08830779,585.5095,228.40538,0.2339332,118.03995,65.86284,0.13312683,76.65623,244.80455,0.41959003
787,114.657555,262.35953,0.076104134,294.41748,523.6222,0.057816904,565.25354,213.84727,0.14194427,553.6341,171.88576,0.19766654,555.9247,188.0848,0.22062828,566.86053,226.36494,0.35332215,290.3642,534.82404,0.21025385,546.85675,195.15163,0.08887094,584.9857,228.08043,0.21957202,117.94579,66.43936,0.13869032,76.59845,250.04958,0.4031279
788,114.86697,277.47263,0.07008177,303.28064,532.4937,0.064464,564.4903,199.50679,0.16162983,553.74176,171.66566,0.20558932,550.4649,115.6839,0.22911797,566.8117,226.65488,0.34106836,290.18118,534.8564,0.22485931,582.085,199.99756,0.10183493,586.012,229.09587,0.2054667,117.77866,66.68071,0.12902507,78.17634,250.52516,0.32608852
789,114.79702,277.4036,0.073030934,294.3132,523.5253,0.0759117,564.24365,199.50821,0.16436045,552.6253,164.26527,0.2044951,549.5846,115.99356,0.249354,566.2968,225.46103,0.34575722,290.1487,534.58264,0.18605752,581.64325,200.02953,0.096395604,584.9327,228.78023,0.21147417,117.77325,66.72755,0.12639531,78.433784,251.0329,0.3493378
790,114.695175,262.42328,0.07176764,294.2774,523.5656,0.074098654,564.63446,199.80199,0.1840991,553.3782,164.28358,0.1959207,549.59283,114.365616,0.22408235,565.857,224.29878,0.3359536,290.23428,534.5631,0.18121564,581.3114,200.4322,0.095955335,584.5441,228.16647,0.18900467,117.90994,66.98453,0.13457003,77.82072,251.32599,0.39239773
791,114.61733,262.5025,0.07148573,294.04855,523.70105,0.07282896,564.9704,199.4178,0.18075447,553.0066,164.07799,0.22475016,93.15061,236.94101,0.23179756,565.9766,223.79822,0.32593685,290.46436,534.8169,0.16480015,580.70685,200.44571,0.09153121,598.462,209.89859,0.18003829,117.94841,67.22828,0.12223369,77.54903,251.48558,0.42334342
792,114.58327,262.62668,0.07096471,517.22626,175.71513,0.050292216,565.3097,199.1843,0.17312358,553.1815,163.9983,0.19240417,92.61215,237.32304,0.20301425,566.4366,225.39731,0.31146908,290.3121,534.75665,0.13640317,580.1166,200.29506,0.09028136,597.5432,224.89774,0.18511572,117.89869,67.30973,0.10635089,77.95021,251.34753,0.36089638
793,114.65283,262.4907,0.06958432,294.07288,523.70624,0.061615907,565.7151,200.48438,0.22228856,553.05945,163.95271,0.18588096,92.93249,237.20195,0.20504883,566.4896,224.14357,0.29035857,290.42175,534.753,0.14961953,580.79443,200.45735,0.096903056,597.8687,223.8081,0.1750067,548.4381,125.07482,0.10847028,78.19314,251.33475,0.36291766
794,114.72313,262.5885,0.072735995,517.13715,175.799,0.07013495,565.2164,200.17456,0.24717318,553.2679,164.84842,0.16285774,92.9753,237.11868,0.21442923,565.9319,224.38701,0.23746574,290.25412,534.74927,0.15872581,550.57245,130.66711,0.09211245,597.11554,224.58826,0.17806984,547.71814,125.45931,0.09966831,78.09114,251.36324,0.37736186
795,114.74166,262.5509,0.074324705,517.09076,175.76424,0.06795748,565.08496,199.47336,0.20595643,553.54834,164.33034,0.16191386,93.14353,236.84276,0.22349761,565.49695,223.20491,0.2622999,290.2779,534.82135,0.16893786,550.4282,130.72118,0.09558701,586.6156,215.48657,0.1687172,547.7534,125.58358,0.09772218,78.05699,251.2582,0.3891768
796,114.70332,262.5829,0.0787165,516.96155,175.48857,0.062062856,565.12415,199.15965,0.20762447,553.7839,164.60628,0.14571165,93.32308,236.7617,0.22653499,565.3614,223.35826,0.2678181,290.5838,535.12573,0.14713296,550.26404,130.52441,0.08939306,586.7377,215.49873,0.17523937,117.984,67.39211,0.10397482,78.08014,251.22342,0.40051106
797,114.7001,262.61328,0.07849131,294.0781,523.5816,0.06392613,564.4913,189.14346,0.19664527,553.87463,164.42557,0.16556491,93.40036,236.78186,0.2258105,565.16473,223.5713,0.2608178,290.13705,535.01855,0.16552071,550.05597,130.74475,0.08188193,586.6423,215.62923,0.17312562,127.567726,162.15187,0.10626796,78.05247,251.37943,0.40723428
798,114.769684,262.57422,0.08029369,294.1366,523.3146,0.066639945,564.8768,199.20132,0.18162683,554.0435,164.59448,0.1433207,93.48797,236.48291,0.23004983,565.6852,224.82631,0.28024018,290.3027,534.87634,0.16890761,579.7346,199.89551,0.08042007,596.5613,224.14212,0.17958285,127.26303,161.68176,0.12531103,77.95975,251.06723,0.41171092
799,114.683655,262.43228,0.07822826,294.11832,523.1984,0.07105442,564.9136,199.21014,0.1651752,554.2593,164.12276,0.14288306,93.33906,236.82245,0.23703487,565.96356,224.80405,0.30190524,290.14667,534.80066,0.16289276,579.76984,199.9653,0.083589435,596.60803,223.54724,0.17824326,127.163284,161.14948,0.13521434,77.94953,251.44612,0.40978062
800,114.638985,262.52786,0.07937631,293.93896,523.3705,0.068727374,563.48315,184.42458,0.15774776,553.8947,163.8885,0.14979732,93.36494,236.78833,0.23511314,566.2004,225.15482,0.31542316,576.6478,244.9131,0.15845552,579.64777,199.97852,0.08778917,596.9148,223.51718,0.18772352,117.85053,67.36801,0.13806745,78.15055,251.46635,0.4084266
801,114.65816,262.45084,0.07787829,293.82428,523.38727,0.06613749,563.1443,184.45682,0.16226429,553.65234,164.066,0.15011029,93.31872,236.98982,0.22574094,566.0082,224.98479,0.31932566,576.816,244.79584,0.16233714,579.6384,199.9241,0.08650749,596.8401,223.53427,0.18472067,127.194244,160.96022,0.13674778,78.459335,251.50777,0.38760835
802,114.69031,262.6082,0.07766761,293.78992,523.6444,0.061019488,563.2059,184.56335,0.16212294,553.3685,164.12167,0.1612182,93.312416,237.13945,0.21644482,566.2876,225.21103,0.31965712,577.076,245.01033,0.1671785,579.6436,199.88191,0.089356855,597.22046,223.37881,0.19596812,117.76081,67.31384,0.14407232,78.38934,251.65407,0.38819027
803,114.767204,262.6778,0.077381246,293.8649,523.49005,0.060232934,563.09766,184.65134,0.14745082,553.2028,164.2385,0.16426256,93.230606,237.14574,0.20835143,566.2657,224.80197,0.3021745,577.0503,244.1536,0.15566078,579.68463,199.85214,0.08311506,596.15735,223.01558,0.17795905,117.85786,67.52161,0.15019146,78.54808,251.66676,0.3802944
804,114.64493,262.98892,0.075521156,293.2688,523.95,0.05529132,563.6914,184.88838,0.14081022,553.1914,164.51721,0.16249083,92.90458,237.11201,0.19578712,566.5418,225.3502,0.30018547,576.5935,244.67331,0.15118448,579.70416,200.08948,0.088479064,596.7095,223.01726,0.1854126,117.624054,67.13406,0.14597125,78.60525,251.52953,0.34924692
805,114.62294,277.46808,0.07505547,293.34488,523.78564,0.05861147,565.1725,199.59927,0.13604051,552.9257,164.71806,0.16633406,559.1557,217.54276,0.19788651,566.3399,225.60474,0.29282796,573.51416,246.47409,0.14981171,579.6421,200.08247,0.08398242,596.8901,223.34557,0.1972109,117.66747,67.22484,0.15095699,79.0876,251.26657,0.30695173
806,114.655205,277.45538,0.07415085,293.36078,523.88855,0.056900516,562.7391,184.30283,0.1240123,552.5019,164.32217,0.1719409,559.2581,217.17368,0.20410246,566.40546,225.8276,0.28903255,576.675,245.78761,0.1389553,579.30414,200.05199,0.07410006,597.01575,223.74783,0.19801958,117.64534,67.28988,0.15607207,78.81589,251.09633,0.31434235
807,114.705025,277.55118,0.07709521,293.34088,523.79755,0.057225183,564.87744,199.21318,0.12090974,552.56866,164.60236,0.15405053,558.8504,216.71483,0.20602305,566.1536,226.42805,0.30074757,576.01764,245.887,0.14340642,579.59534,200.219,0.08073169,597.116,223.74496,0.19500431,117.58899,67.164635,0.16329359,78.595375,251.24312,0.3316073
808,114.76517,262.9301,0.07751325,293.13187,523.84576,0.051582694,564.3756,198.93277,0.117048554,552.4688,164.74217,0.14911602,558.3948,216.60187,0.19849662,565.73047,225.61607,0.31109622,575.72363,245.17813,0.15042861,579.5024,200.03835,0.07868409,597.1918,223.92448,0.19263186,117.38814,67.14613,0.17248015,78.51934,251.13203,0.34291688
809,114.64822,277.49875,0.077027366,293.18594,523.9019,0.052210063,563.871,199.35124,0.12531169,552.27625,164.69579,0.1519573,92.899284,236.9183,0.19350961,565.42175,225.13866,0.29466525,575.60004,244.60043,0.14110608,550.5271,131.11993,0.072089374,596.4439,224.0947,0.1791659,117.156654,67.030655,0.18642949,78.58527,250.88707,0.3282367
810,114.608986,277.55734,0.07657335,301.39456,518.5612,0.06646063,563.6636,199.25174,0.12662987,552.3233,164.99738,0.14154935,92.906685,236.92093,0.19529578,564.69165,225.83493,0.30447638,290.08115,534.86755,0.14643523,550.24805,131.49266,0.071747586,596.6173,224.48962,0.18541203,116.95508,66.93734,0.19480704,78.39802,251.01176,0.3413018
811,114.72516,277.51126,0.07458452,293.57748,523.6097,0.06847039,563.9664,199.3931,0.14856015,552.2425,165.0497,0.14218232,92.96329,236.89606,0.1833029,564.918,226.23943,0.32718328,289.61865,534.9965,0.15810509,580.4595,200.42012,0.08349831,597.3508,224.25165,0.19919126,117.025635,67.03999,0.18819396,78.56984,250.8389,0.32667673
812,114.701645,277.49747,0.074319005,293.6843,523.207,0.08304998,563.7732,199.51463,0.12723331,552.15027,165.96617,0.11630273,557.50525,215.27325,0.16403592,565.0524,225.79642,0.29058608,289.26288,534.73914,0.18396176,579.37354,200.31444,0.06945582,596.8175,224.99904,0.19611607,117.11985,67.020706,0.18189643,78.74446,250.86545,0.2997633
813,114.78095,277.45844,0.07213983,293.4993,523.0089,0.0772839,563.8027,199.10709,0.13259344,552.38635,165.52933,0.122831866,92.88111,237.15984,0.15832968,564.94434,225.76193,0.31065044,289.2843,534.76135,0.15852422,579.68085,200.13445,0.074236915,597.72235,225.04417,0.21031149,117.16245,67.0826,0.17469826,79.800896,245.20355,0.29086012
814,114.84854,277.46066,0.071805164,293.686,523.12024,0.07523979,563.362,199.18504,0.13000357,551.8285,165.26779,0.15424667,92.830154,237.14989,0.15911144,564.5523,225.64746,0.28543752,289.2883,534.6442,0.16704306,550.7015,131.30077,0.07088383,597.4784,225.77248,0.20514864,117.448654,67.21179,0.16695926,79.72832,245.20053,0.28529745
815,114.92942,277.4093,0.07061386,293.6991,522.9264,0.07950263,563.59625,198.94025,0.124187775,551.13226,164.35722,0.19846343,553.0751,179.14153,0.19463934,564.65924,225.55733,0.3280255,289.46213,534.8447,0.1555586,550.97406,131.41827,0.0799154,597.4607,225.25986,0.2089019,117.61734,67.291466,0.15485615,79.798965,245.13173,0.27657413
816,114.96267,277.39014,0.06380486,294.0319,523.62256,0.06983121,563.08124,198.50305,0.1151733,550.872,165.34668,0.1897327,552.93695,180.21481,0.18339497,566.04224,238.1147,0.3070083,289.1845,534.67065,0.16307822,551.1238,131.31253,0.0862596,598.2583,226.3687,0.23501389,117.5551,67.30592,0.13426138,80.10887,244.84625,0.21614097
817,114.95717,277.36502,0.067801565,293.84232,523.47186,0.07580893,562.91187,198.71826,0.13052556,550.73425,165.56503,0.2005994,556.98346,214.87206,0.18007076,565.3531,237.82373,0.31116316,573.3527,252.70781,0.16779962,551.1787,131.54337,0.092051774,597.7389,226.30121,0.22740895,117.58707,67.15672,0.13854001,79.90378,245.01645,0.24834219
818,114.90596,277.3343,0.06985692,293.8685,523.5891,0.07329467,562.89624,199.00624,0.13134123,549.98376,164.4416,0.20982246,557.1282,215.11829,0.18433294,565.3369,238.27708,0.32172465,573.3117,253.72348,0.17329742,551.0762,131.87988,0.093548216,597.8688,226.56493,0.21939969,117.69234,67.08568,0.14351144,78.98456,250.94757,0.27766606
819,114.87029,277.3533,0.071148805,293.83148,523.44946,0.0741152,562.8526,198.78795,0.11576033,550.1762,164.66371,0.21493149,551.9225,179.89859,0.18943022,564.9833,238.23743,0.34103268,572.87756,253.92912,0.16245511,551.0844,132.08955,0.09006778,597.9203,226.59407,0.23080614,117.74556,67.11294,0.123234905,78.85523,250.90671,0.29244038
820,114.84847,277.3755,0.07155664,293.8576,523.32996,0.0731475,562.64105,198.77412,0.12672131,550.1867,165.06319,0.20743716,551.96466,180.67776,0.19624792,564.6504,238.08572,0.3504149,572.457,252.9823,0.1652012,551.1483,132.24318,0.07932904,597.52936,226.68416,0.22421047,117.74451,67.29574,0.13142769,78.78043,250.99098,0.30477124
821,114.74711,277.40894,0.07447551,293.74643,523.54193,0.07061978,562.93555,199.35342,0.14490522,550.4789,165.4734,0.17657344,92.96508,237.13734,0.1875949,564.0874,237.97612,0.34064493,571.4564,253.85707,0.16920032,547.0809,241.30415,0.07765665,597.2926,226.95462,0.20895855,117.72682,67.140816,0.1281413,78.6943,251.06673,0.33062342
822,114.71765,277.39478,0.07285998,293.55637,523.54,0.066679806,562.8204,199.53058,0.15851761,550.338,165.66966,0.19068569,92.96747,237.0953,0.19677097,564.5204,237.95757,0.31800428,571.99194,254.27515,0.14395794,546.89905,241.39502,0.07675477,596.9479,227.56328,0.18738338,117.82636,67.42994,0.12835675,78.81904,251.19534,0.337047
823,114.71364,262.61172,0.0733005,293.67236,523.60944,0.06767691,562.7477,199.48068,0.152611,550.4266,165.33223,0.20047517,93.04792,237.1905,0.20186579,564.5939,237.80707,0.3194464,289.94568,535.0212,0.14212202,550.87085,132.55998,0.07205637,596.8251,227.27391,0.1868473,126.78574,161.58267,0.122750044,78.87612,251.29286,0.33134994
824,114.780396,262.639,0.07399233,293.61975,523.8582,0.063785575,562.8176,199.52759,0.13232799,550.8133,166.06158,0.17943649,557.1915,216.1366,0.19434051,565.0236,238.6759,0.33462843,576.0908,256.67044,0.13429257,546.92773,241.53798,0.0688544,586.5032,229.94183,0.19546424,117.76282,67.29192,0.10086028,78.71751,251.05913,0.32982284
825,114.86658,262.54456,0.07503558,293.43088,523.78845,0.05979797,551.703,141.12904,0.111748986,552.98785,179.21306,0.18559003,93.25673,236.97534,0.18677649,565.2306,239.17453,0.32225475,575.935,256.8945,0.14118429,550.7439,132.86096,0.068500414,586.4199,230.3859,0.19337116,126.91989,162.14233,0.09829132,78.813156,250.94423,0.321781
826,114.83796,262.6307,0.07492437,293.391,524.014,0.054217707,562.48175,199.45035,0.11850946,553.1253,179.29068,0.18852185,93.373116,236.86177,0.19815731,565.3354,239.54497,0.3255025,575.8945,257.12704,0.14483738,550.8742,132.72183,0.07740643,586.66327,230.41806,0.19067895,117.7839,67.351006,0.09324593,78.71687,251.01721,0.33783635
827,114.779686,262.5745,0.07264236,293.37067,523.9441,0.051690474,562.4155,199.71358,0.12582532,552.7723,178.87318,0.20218462,93.5224,236.89992,0.20535521,565.3212,240.20168,0.32656774,575.9999,257.54794,0.14793946,551.0978,132.8441,0.07956663,587.17584,230.7196,0.18722932,117.82409,67.39459,0.103678666,78.53525,251.1313,0.35033098
828,114.67215,277.56735,0.069399185,293.3149,523.6385,0.052445255,562.3245,199.86502,0.1150706,552.8886,179.34439,0.19837768,548.35815,116.33718,0.21008225,566.1713,240.90424,0.31766304,576.0717,259.23114,0.14828087,551.15955,132.39928,0.07182907,596.3165,239.50366,0.19289969,118.029594,67.23777,0.12306166,79.973274,245.63521,0.28605887
829,114.68629,277.47495,0.07111859,293.2614,523.7257,0.056168262,550.9197,136.06387,0.10087108,550.0197,165.20718,0.20113017,548.0037,116.36408,0.2063812,565.7511,240.58672,0.32334659,575.67944,258.5036,0.15708989,579.5124,215.3901,0.07339046,581.48706,144.01683,0.19340739,118.11405,67.225296,0.1306598,79.971794,245.63094,0.29462123
830,114.78454,277.40775,0.06846691,517.60944,192.41498,0.05308923,562.1096,199.75908,0.10730463,552.4615,178.63351,0.19861011,547.8934,175.53531,0.1906192,565.97986,240.51057,0.3175495,576.10486,258.66208,0.15768255,550.68756,146.07242,0.07566278,596.4585,239.13463,0.18854687,118.33161,67.66304,0.14277053,80.07054,245.85457,0.2968272
831,114.77026,277.39706,0.067830935,517.5271,192.3797,0.05357489,563.95154,215.48169,0.11463013,551.2257,171.99194,0.1920621,547.9028,175.59532,0.18388681,565.83545,240.22974,0.3322669,575.7881,258.15402,0.16500114,579.9748,215.77402,0.082924016,596.7272,238.98277,0.18600726,118.40873,67.670494,0.1274099,79.978905,246.088,0.30434388
832,114.73371,277.43198,0.06763085,301.05817,518.59125,0.062740296,562.0679,200.00146,0.10292779,552.7296,178.81526,0.1969766,557.119,216.64821,0.18130189,565.4638,240.12006,0.3279962,575.39087,257.54916,0.15498325,579.82666,215.63382,0.07708989,587.4055,231.15207,0.19465263,118.262886,67.816185,0.11602387,78.856575,251.74364,0.31675574
833,114.64918,277.44244,0.065132074,300.95535,518.67883,0.073634006,561.9986,199.81396,0.09920711,552.64044,178.98189,0.19912764,557.0969,216.20354,0.19033675,565.1301,240.41127,0.3361286,575.30774,257.73975,0.15764873,547.7503,209.9868,0.07591965,587.6705,231.36818,0.19378686,118.19225,67.94313,0.106062345,79.10307,251.74182,0.3016348
834,114.59575,263.1191,0.06689884,300.83456,518.50354,0.06632774,562.15894,199.43547,0.08701415,552.71857,179.1452,0.20076372,557.3344,215.65718,0.19928691,565.1031,240.56186,0.3513161,575.2204,257.84027,0.16537376,547.6021,209.90135,0.07860308,588.3007,231.60301,0.19388826,118.10728,67.908775,0.11701653,78.935234,251.86565,0.31693617
835,114.57852,263.07077,0.067429304,300.81345,518.5108,0.06889714,562.1439,199.54501,0.085834265,552.93695,179.61298,0.18968877,557.12494,215.7002,0.18942018,564.8961,240.48312,0.3488935,575.0679,257.48975,0.16292943,550.13605,146.23003,0.07528131,588.0498,231.62187,0.19577068,126.36365,161.94537,0.10827045,78.393234,251.87137,0.3373277
836,114.43802,263.07068,0.06936992,300.7553,518.4498,0.07428473,562.52,199.88013,0.08614646,553.1312,179.82516,0.17373694,93.43985,237.908,0.19773367,565.3093,240.49759,0.34894338,575.40076,257.87772,0.16908789,550.2104,145.97037,0.07912587,597.5558,233.3203,0.1869766,118.085106,68.01432,0.099838674,78.46806,252.04504,0.3381171
837,114.516685,263.0735,0.06661637,300.7296,518.3383,0.0754496,563.91907,214.74303,0.09112936,553.1827,180.03545,0.16337788,93.38057,237.92923,0.17983858,565.379,240.44466,0.3480066,575.2715,257.70175,0.16937688,580.11755,215.72278,0.07754423,597.5603,233.20021,0.18656011,118.076065,68.08355,0.105863005,78.70307,252.07668,0.3318733
838,114.611755,263.0869,0.070009515,300.76926,518.4106,0.07254181,563.8213,214.88002,0.10264545,552.98096,180.40292,0.17081589,93.41376,237.95264,0.18718591,565.5048,240.45534,0.3234848,575.3905,258.0331,0.15741318,549.82275,146.39735,0.08299087,587.5088,231.73721,0.18879722,126.47002,162.40634,0.11189776,78.475006,251.9667,0.34049922
839,114.61943,263.09323,0.07171096,300.76016,518.4458,0.07557161,564.0434,214.60277,0.09469785,552.78613,179.60643,0.1804955,93.318146,237.96451,0.18932687,565.1939,240.72894,0.3385122,575.54913,258.99475,0.15531424,550.069,146.45012,0.08419978,598.2772,227.89857,0.18993175,118.105545,68.110466,0.103494786,78.31745,252.0742,0.35045636
840,114.43294,262.93045,0.0681264,301.17786,523.2803,0.062982924,563.5834,214.66809,0.095756024,552.77155,180.22069,0.18697463,93.12755,238.0056,0.21607341,565.5016,238.95158,0.32424194,575.7158,257.4767,0.13426238,550.24646,146.78505,0.090042956,598.2298,218.63242,0.18465725,550.60004,171.64632,0.11300925,77.67772,252.00327,0.35796964
841,114.35542,262.94296,0.0680233,301.13156,523.36444,0.05517574,563.8848,214.69678,0.10508145,552.6199,180.22192,0.18241899,93.20454,238.10701,0.21556965,565.5071,238.89983,0.3270648,575.4713,257.0998,0.14148524,550.58276,146.31952,0.09102248,586.72174,231.2045,0.18818896,550.3082,171.70624,0.11416041,78.11316,252.16107,0.3592328
842,114.34492,263.06198,0.063609965,517.5782,192.3895,0.052253343,564.4205,214.72719,0.11238609,552.5795,179.59212,0.19309765,93.320755,238.08313,0.20969675,565.74756,239.38896,0.3508283,575.5894,257.92438,0.15041934,550.45703,146.82141,0.0913422,598.51196,227.01645,0.19282909,550.40576,170.8332,0.127825,78.068825,252.11975,0.358466
843,114.4132,262.9542,0.062925465,517.54346,192.41823,0.05402398,564.3555,214.56987,0.11090504,552.66833,179.47789,0.19933976,93.29129,238.0138,0.20040016,565.545,239.39365,0.35119224,575.1897,258.14197,0.15329787,550.5932,146.70561,0.09331205,598.3616,226.87813,0.19439217,550.35254,170.85081,0.12718412,78.156784,252.02022,0.3497011
844,114.39247,263.0351,0.06475056,492.179,75.97501,0.05659969,564.3761,214.93816,0.11327484,552.40906,179.64256,0.1955627,93.26016,238.0407,0.18970653,566.0365,238.97186,0.33544028,575.48315,257.68158,0.1452609,550.70374,146.76138,0.09373362,598.0506,227.01138,0.19636367,550.1202,170.82916,0.12122514,78.4722,251.9836,0.33267403
845,114.49188,263.02112,0.062147662,492.53625,75.81262,0.063599944,564.2738,214.48761,0.11390888,552.5728,179.37708,0.19855112,553.2581,187.3878,0.19286415,565.6265,239.69023,0.33759937,575.6113,258.69272,0.1532768,550.66907,146.62825,0.09494963,597.6784,233.56816,0.20016564,550.1783,170.92027,0.123324424,78.62094,251.79074,0.3218775
846,114.42642,262.93573,0.061893,517.34814,192.2747,0.060063157,563.888,214.65218,0.11729517,552.55695,179.75764,0.18438928,93.19793,237.9131,0.19063835,565.3403,239.76118,0.30710194,575.4271,258.7725,0.14508957,550.4166,146.80284,0.09170416,587.1898,232.11598,0.19552614,550.33685,171.20413,0.118043676,78.48219,251.81192,0.33004954
847,114.486984,262.93948,0.06156002,517.3045,192.23502,0.06378148,564.00287,214.61905,0.14306515,552.78674,179.93494,0.18933767,92.99463,237.99864,0.18957336,565.09875,239.25362,0.3281113,575.121,258.28268,0.15306593,550.46985,147.049,0.09266835,587.30554,231.51872,0.18967237,550.35736,171.26018,0.12598571,78.51106,251.74107,0.32655916
848,114.4797,262.89368,0.06080172,517.1962,191.96466,0.059212726,564.0164,214.92914,0.15921977,552.7374,180.56624,0.18164377,93.06896,238.0761,0.19489184,565.0813,239.56084,0.31605643,574.88446,258.01862,0.15711229,550.4299,146.9127,0.0894882,587.0897,231.63184,0.19202541,118.24727,68.39507,0.11736652,79.517845,246.76807,0.3275033
849,114.5808,262.99576,0.06398945,517.25214,192.03271,0.05942587,564.21655,214.98807,0.15803967,552.7,180.28947,0.18216802,93.08943,238.13379,0.19171469,565.2904,239.7791,0.30460447,574.9999,258.6035,0.15335044,550.55286,146.94415,0.08659782,587.22424,232.03389,0.18610531,118.15557,68.39459,0.12958877,79.66319,246.72646,0.32101306
850,114.56599,262.9005,0.06427253,517.2363,192.05711,0.061190832,564.2067,214.78438,0.15497543,552.84814,180.05746,0.18805544,93.01285,238.15808,0.18850808,565.28186,239.19182,0.31209052,575.1703,258.08667,0.14816077,550.61914,146.67122,0.0913938,586.99023,231.5013,0.18650915,118.196236,68.426796,0.12720296,79.763695,246.7033,0.31955805
851,114.490654,262.85718,0.06320803,517.1813,192.03622,0.061883498,564.01117,214.77309,0.13512148,552.5916,180.03026,0.18584068,93.10235,238.25113,0.21326089,565.28284,239.6536,0.30721405,575.2311,258.49207,0.1445746,550.524,146.60399,0.09016176,586.9415,231.92699,0.19660404,118.19321,68.495445,0.14046726,79.737495,247.19374,0.3288317
852,114.339645,263.06442,0.07256687,517.1014,191.79163,0.055632804,563.9545,214.98755,0.12482285,552.42725,180.5649,0.17398164,93.58039,238.10477,0.2374935,565.4622,239.24706,0.2670007,575.53345,257.939,0.14504167,550.3161,146.87456,0.09310152,586.0212,231.91994,0.18082626,118.288025,68.47937,0.11910556,77.342476,252.60873,0.38494322
853,114.377945,263.06442,0.07364351,517.09344,191.88303,0.05577313,564.03,214.97073,0.13487223,552.56384,180.26572,0.17823896,93.79037,238.12994,0.23542474,565.2595,238.92245,0.30102384,575.2019,257.2142,0.14900176,550.3339,146.59796,0.09320917,597.5874,218.0801,0.18880132,118.227135,68.53652,0.121818244,77.70657,252.45032,0.37452835
854,114.350845,263.21558,0.07271227,517.0852,191.82626,0.055237424,564.2961,215.08325,0.13881844,552.6905,180.47252,0.16481504,93.83284,238.13925,0.23635891,565.44934,239.80255,0.308266,575.15625,258.347,0.16018662,550.2326,146.83575,0.09572532,597.8196,227.24078,0.18729468,118.2151,68.660286,0.12334712,77.79795,252.45395,0.3743916
855,114.338524,263.06924,0.06955749,517.1283,191.89157,0.058273904,564.26624,214.84683,0.12649502,552.52155,179.79193,0.1857295,93.89289,238.26038,0.23105305,565.30994,239.44957,0.3046784,575.4346,258.28622,0.15182512,550.4317,146.79498,0.09736643,597.79974,218.3602,0.19542417,118.214806,68.792046,0.123687685,79.35547,248.06268,0.36296263
856,114.27596,262.96136,0.06895502,517.11005,191.90094,0.05713921,564.4195,214.99274,0.13665195,552.4347,179.93758,0.1756856,93.89952,238.32788,0.2327358,565.5168,239.8623,0.30398068,575.5208,258.43588,0.15326266,550.4373,146.70433,0.09411326,587.18945,231.87988,0.19325604,118.1399,68.66715,0.120332845,79.39976,248.1055,0.36530793
857,114.23151,263.06625,0.069230765,517.1542,191.86736,0.057483464,564.3038,214.94421,0.13287643,552.3557,180.07703,0.1784654,93.97045,238.23361,0.23055795,565.6026,239.52509,0.3026253,575.38727,258.14218,0.15169276,550.3323,146.74701,0.09062819,586.94055,231.71974,0.19334458,118.193405,68.70209,0.12725516,78.173515,252.45515,0.36205226
858,114.1718,263.10828,0.07048199,517.121,191.89243,0.055047955,564.1217,215.07277,0.13705707,552.36957,180.43358,0.17280373,93.88185,238.2349,0.23418944,565.43774,239.71031,0.29399788,575.5004,257.98685,0.14446668,550.32465,146.66042,0.092820555,586.51697,231.79637,0.19627328,118.081726,68.66866,0.14039953,78.13762,252.6214,0.36572066
859,114.22391,263.16476,0.07135141,517.1559,191.99646,0.057026766,563.7305,214.79115,0.12376862,552.1796,180.2183,0.18712077,93.93086,238.0432,0.23316297,565.276,239.35043,0.2817384,575.4197,257.66708,0.14260684,550.4267,146.61487,0.09450261,586.1426,231.66057,0.19571245,118.16388,68.833084,0.14578502,79.308136,248.03415,0.36909607
860,114.14472,263.123,0.06902536,517.1462,191.88275,0.057566177,564.26733,214.61389,0.13379627,552.67285,180.38876,0.16444778,94.012215,238.29779,0.22805427,565.6605,239.41982,0.3031001,575.57336,258.47348,0.14663456,550.4156,146.43591,0.09580734,597.82324,218.63672,0.19270808,118.35306,68.88901,0.1451364,78.39844,252.62,0.35879079
861,114.08877,262.978,0.06580782,517.19165,191.9417,0.058156542,564.4104,214.65797,0.12713577,552.58295,180.22456,0.16724685,94.07982,238.41911,0.2168064,565.8689,239.88469,0.30935195,575.6737,258.7863,0.15187542,550.5338,146.5648,0.10166502,597.43146,233.89937,0.19338875,118.34642,68.99589,0.14278443,78.785324,252.58719,0.3426566
862,114.09313,262.95554,0.063611954,517.13684,191.79396,0.056223296,564.5949,214.63327,0.13382165,552.8225,180.42447,0.16048156,94.07867,238.385,0.2160415,565.97015,239.8691,0.31853488,575.7687,258.67706,0.15575251,550.2342,146.42725,0.09581482,598.44025,227.09099,0.1953018,118.44227,68.96205,0.15071222,79.77739,247.97102,0.3443732
863,113.97646,262.92896,0.06357147,300.97534,523.5055,0.066826634,564.43506,214.8231,0.12460186,552.63586,180.63313,0.1625762,93.987114,238.49397,0.22996385,565.95465,239.60268,0.3057545,575.6724,258.3567,0.14673406,550.2769,146.59918,0.095198624,587.07544,231.91495,0.19007331,118.54358,69.072845,0.15367989,78.544785,252.93822,0.348918
864,114.27707,263.17245,0.067655206,300.914,523.5627,0.07215245,564.18066,214.79044,0.12664935,552.94714,180.85208,0.14881568,93.965675,238.20245,0.23537935,566.0093,239.29584,0.29183018,575.7333,258.24725,0.13962506,549.97186,146.6225,0.087296054,586.7463,231.50656,0.19103757,118.45723,69.53168,0.14228474,79.54678,247.85141,0.37591478
865,114.283226,263.10284,0.06448768,517.1606,191.82277,0.059554767,564.03986,214.79968,0.11691078,552.8612,180.39343,0.16883907,93.92474,238.46387,0.20151591,565.92755,238.848,0.28868455,575.62897,258.14047,0.1355067,550.1825,146.59758,0.09116976,597.665,217.5634,0.19071212,118.39958,69.539955,0.13762692,79.86914,247.60841,0.35042953
866,114.325836,263.0923,0.066988744,517.1366,191.95341,0.06529387,564.2435,214.9808,0.11796317,552.4895,179.87227,0.18422645,94.10662,238.50931,0.1842921,565.8756,239.39229,0.30370602,575.46045,258.4476,0.14126372,550.2422,146.84198,0.09140785,586.96124,231.62587,0.19134605,118.38757,69.49841,0.1315009,80.26584,247.49942,0.3296031
867,114.40597,263.0828,0.06510257,517.09406,191.90874,0.06535669,564.2299,214.93634,0.11765675,552.56323,179.94344,0.17173024,94.17121,238.51884,0.18227571,565.98175,239.52121,0.2970919,575.3673,258.744,0.14366232,550.2104,146.59741,0.08806837,586.7955,232.01428,0.18819478,118.37002,69.463196,0.12391235,80.23254,247.53088,0.32697424
868,114.363174,263.24716,0.06296855,517.1844,191.86833,0.06334469,564.42084,215.00957,0.13637944,552.5384,180.39447,0.17090836,94.25574,238.49358,0.17450725,566.1067,240.06372,0.29614365,575.25525,259.00528,0.14533404,550.24524,146.84589,0.08919611,586.8227,232.2204,0.19151588,118.32084,69.45762,0.12965202,80.186844,247.53094,0.3215852
869,114.41532,263.14282,0.061062824,517.2487,192.07617,0.067794845,564.5225,215.04039,0.14639984,552.4963,179.9181,0.19417733,94.2256,238.62436,0.18147582,566.1707,240.93553,0.30110633,575.0022,260.0041,0.1498779,550.4218,146.85524,0.08773557,596.2634,239.5812,0.18501641,118.397545,69.625435,0.123097524,79.22173,252.43552,0.32338437
870,114.4458,263.1078,0.060607497,517.33044,192.20113,0.07155762,564.4954,215.24487,0.1544809,552.4471,179.4504,0.21233562,548.89886,130.14458,0.1906055,566.0358,240.65822,0.31163138,574.7598,259.90656,0.15037654,550.3763,147.1504,0.09570877,596.3075,239.53497,0.18181583,118.46838,69.90563,0.13111575,79.31322,252.31032,0.30942005
871,114.40573,263.0797,0.06353835,517.4352,192.29192,0.07531965,564.444,215.5122,0.15070574,552.0513,179.11531,0.22207063,549.44086,130.26512,0.19460942,566.0963,240.59518,0.31602338,574.5084,259.9217,0.15480554,550.57,147.49571,0.095353276,582.7283,146.91638,0.19275649,118.51504,69.82563,0.124196656,80.39815,247.65211,0.31295162
872,114.361465,263.08252,0.061771493,517.4702,192.29332,0.073688395,564.39154,215.59686,0.15344821,551.8146,179.33005,0.22432993,549.58746,130.43057,0.19810349,566.08606,240.43425,0.32228148,574.34937,259.31607,0.15159479,550.64044,147.6258,0.09544112,583.0991,147.17926,0.2002879,549.853,169.61816,0.12581335,80.33832,247.65765,0.31534478
873,114.1784,277.24564,0.058475282,517.7441,192.67967,0.07292831,564.4211,215.46822,0.13648477,551.53156,178.62663,0.22185478,549.6517,180.30286,0.21156329,565.9736,240.53413,0.33850047,574.13684,259.6092,0.16026554,550.73303,147.72072,0.09572015,583.10187,147.48433,0.21211956,549.659,169.23808,0.13615893,79.56929,252.61555,0.29403478
874,114.197586,277.2978,0.058445096,517.69525,192.65092,0.07554297,564.3738,215.43347,0.12975316,551.53064,178.64838,0.23087052,549.39484,129.99394,0.21005812,566.01105,240.74002,0.34243292,571.6632,261.48865,0.16127712,550.7465,147.65471,0.09569568,584.00836,147.67715,0.22208685,549.68353,169.03503,0.13296677,79.67671,252.57817,0.27593738
875,114.25239,277.31384,0.06163313,517.6728,192.70541,0.07348767,564.11176,215.49515,0.13431577,551.43335,178.75696,0.23157322,548.8771,129.89421,0.2102365,565.82465,240.06319,0.3435937,573.66394,258.78696,0.1573546,550.80396,147.56966,0.09650031,583.61993,147.53981,0.21297386,549.3699,169.28421,0.12608941,79.63884,252.59332,0.2778413
876,114.099434,277.23175,0.06379718,517.6231,192.44232,0.06663018,564.36725,215.05965,0.12510777,551.3475,179.11272,0.21431719,549.37506,180.75398,0.19672067,566.27936,239.94215,0.36153007,574.16626,258.0595,0.1507235,550.77563,147.89546,0.09271238,598.3204,225.828,0.18765184,549.36743,169.94014,0.13080297,79.302055,252.89188,0.2846646
877,114.0852,277.16632,0.06268967,300.98953,523.55585,0.06667329,563.8129,214.90518,0.11133899,551.0387,178.95036,0.23197214,552.4274,193.99655,0.2096812,565.75134,240.0449,0.35220507,573.7864,258.4066,0.15451726,550.7807,147.77684,0.09347692,582.27026,147.81789,0.19609071,548.96594,169.67477,0.12780142,78.95622,253.01205,0.2982552
878,114.225334,277.30936,0.06655929,300.9613,523.35315,0.073814265,551.2758,150.52481,0.10284992,550.4732,179.00578,0.25606373,551.8192,194.05869,0.23215872,565.3217,239.65361,0.32415247,573.8586,258.09363,0.1418626,550.9452,147.83946,0.09770365,598.1473,217.74406,0.19419064,548.4582,169.45667,0.12700292,79.03087,252.87694,0.2934973
879,114.333084,277.60745,0.069059186,300.97128,523.2802,0.07421406,551.0275,151.19327,0.09911424,550.66833,178.99554,0.2584255,551.9455,194.17831,0.23313089,565.11725,240.92021,0.36054784,573.7967,259.388,0.15748268,550.8242,147.80112,0.10228596,599.0993,226.35738,0.20468336,548.60114,169.67456,0.12530358,79.380066,252.6859,0.2714657
880,114.356926,277.62558,0.07217617,300.90186,523.4367,0.06964191,550.8121,151.8634,0.09508803,550.784,179.3843,0.25530457,551.8969,194.57307,0.22698034,565.0877,241.53445,0.3620555,573.67487,260.56158,0.16048853,550.66693,147.88788,0.10173236,599.5037,226.42293,0.2036488,548.64545,170.26797,0.12428793,79.242,252.92642,0.2806955
881,114.3724,277.62405,0.070376866,300.87802,523.4292,0.07024441,550.8864,151.8361,0.09448178,550.47424,179.88992,0.25475806,551.585,195.07823,0.21984385,564.8054,241.90302,0.34605306,573.49274,260.98013,0.1569325,550.66113,147.9114,0.09727137,599.00635,226.9636,0.19694038,548.3262,170.30731,0.118916444,79.04367,252.85364,0.28994927
882,114.25457,277.62036,0.073208004,300.9411,523.42706,0.07398207,563.17316,214.43602,0.09654668,550.73395,180.1047,0.23407418,551.7729,195.1295,0.21304269,564.7764,242.26686,0.35548693,573.21716,261.19226,0.15705979,550.48517,148.13147,0.090132855,596.7791,240.69286,0.19648336,548.4225,170.76988,0.116823345,79.00131,253.00523,0.29347512
883,114.15934,277.66037,0.07485277,300.9517,523.65936,0.06792199,562.84314,214.75372,0.09821855,550.32135,180.60469,0.21965714,551.3075,195.25151,0.20143594,564.7621,242.19322,0.3422818,573.45483,261.02487,0.15451087,550.54803,148.27795,0.08448828,596.3854,241.1032,0.19377042,117.55337,81.40266,0.1289778,79.041145,253.19739,0.28409258
884,113.94463,277.5258,0.07769545,300.97583,523.8099,0.06279038,562.62787,214.75409,0.1028092,549.9632,180.37442,0.21872666,551.0206,195.12016,0.20491444,564.3069,242.02547,0.33896184,573.5119,261.55878,0.14950342,550.7443,148.08452,0.07886794,596.38916,241.58992,0.19680005,117.58587,81.57029,0.124730125,78.63588,253.98094,0.3105048
885,113.90185,277.5207,0.07991894,300.98535,523.91943,0.058776993,562.6238,214.90321,0.12100571,549.9412,180.4658,0.21465366,91.21102,250.21228,0.19969144,564.60394,241.85703,0.34680867,573.7421,261.3271,0.14964737,550.8261,148.18326,0.07748904,596.3885,241.42432,0.19316188,117.61621,81.49964,0.13064916,78.657745,254.05582,0.30837664
886,113.970345,277.72986,0.08158816,518.12616,192.67436,0.051514704,562.5146,215.01373,0.1298227,549.52924,180.01012,0.20937218,550.7108,194.72609,0.20194939,564.46643,241.66866,0.34233004,573.4582,261.0724,0.14388382,550.8361,161.71884,0.080913484,582.81476,149.64058,0.18509942,547.791,170.4165,0.11612041,79.05652,253.66351,0.27707216
887,113.91851,277.6559,0.08065984,518.16504,192.77017,0.05171603,562.48486,215.09323,0.13319738,549.5384,179.92937,0.20492591,550.6753,194.66281,0.19474502,564.68,241.71648,0.3424922,573.8041,260.98196,0.14156403,550.97864,161.83292,0.08095079,584.43756,244.05379,0.18098465,117.56328,81.76403,0.12082105,78.90883,253.8516,0.28069064
888,113.90177,277.52515,0.07681172,300.85257,523.75287,0.06325334,562.21844,215.22327,0.13640893,549.1657,179.5128,0.21742402,550.1882,194.41724,0.2072058,563.7464,241.57957,0.32342377,573.1662,260.84604,0.129077,551.0214,161.3993,0.0819022,581.6617,149.2222,0.18535408,547.27954,170.22383,0.11260716,78.68586,254.44472,0.2786873
889,113.97658,277.5226,0.07726338,300.88824,523.9576,0.056223504,561.7326,215.09918,0.1241212,548.5656,179.06209,0.2378479,549.41473,193.88643,0.2355284,563.2179,241.52951,0.3372688,573.0886,260.4516,0.13535374,551.1265,161.52058,0.08283644,597.311,218.35503,0.17332064,546.95905,169.89503,0.119716674,79.13231,253.90054,0.2544957
890,113.89415,277.4207,0.075963855,300.8707,524.08984,0.053685483,561.69556,215.24414,0.13182087,548.63715,179.2514,0.23247212,549.3352,194.23532,0.22387296,563.3721,241.84576,0.32589552,573.12836,260.64337,0.13222657,551.24567,161.447,0.08368878,581.3421,149.39883,0.1755751,546.89417,169.96693,0.11706028,78.952034,253.7313,0.26230854
891,114.04,277.4491,0.0760267,300.87537,524.01624,0.059997655,561.52936,215.30309,0.14733943,548.71674,179.25989,0.23043093,549.2776,194.39796,0.23320553,563.25946,242.26553,0.328994,573.10034,261.2798,0.1317987,551.176,161.4484,0.08232119,584.2646,244.84816,0.17709519,547.06433,170.2545,0.11222446,78.968925,253.72543,0.25654086
892,113.99499,277.43558,0.07639261,518.0206,193.20508,0.0538298,561.62195,215.20184,0.15028189,548.6614,179.4606,0.22479042,549.52325,194.65665,0.22723654,563.2353,242.4282,0.33891478,572.8258,261.50427,0.1279,550.97375,147.68042,0.08060323,584.2914,244.9671,0.18636373,546.99316,170.2816,0.10869692,79.14618,253.71797,0.25397202
893,114.04179,277.53827,0.07766326,518.0048,193.40009,0.053223874,561.45154,215.0859,0.15508747,548.59534,179.12534,0.23405345,549.0407,194.34058,0.23896678,563.0359,242.47627,0.34485456,573.1635,262.07095,0.12744558,551.32935,161.34113,0.07965529,584.603,245.29657,0.18348992,546.96466,170.23653,0.10760604,79.33206,253.57748,0.24447294
894,114.07368,277.6202,0.07678175,517.9085,193.4276,0.054721743,561.3748,215.09082,0.14323941,548.8786,178.82445,0.20565389,549.4437,194.22173,0.21333793,562.79126,242.98567,0.35190168,564.79407,264.6024,0.13159649,551.11456,161.1053,0.08033121,596.02954,242.07419,0.18960178,547.1844,170.6118,0.10354254,79.232925,253.48781,0.2463985
895,114.027565,277.63428,0.07627902,517.84875,193.37445,0.053938515,561.2824,215.06439,0.13560635,548.5385,178.91393,0.2263103,549.20544,194.42142,0.2336281,562.7199,242.90546,0.35668862,564.9781,264.38406,0.13560763,551.1126,175.39316,0.08205887,596.4084,242.27579,0.1929673,547.0179,170.36647,0.10524343,79.17865,253.53423,0.2497562
896,113.875595,277.6056,0.078246824,517.7658,193.35057,0.053493775,561.01337,215.36801,0.14770098,548.2086,178.8585,0.21550687,546.60144,191.00334,0.22248937,562.8564,255.1177,0.3390245,564.11316,271.69946,0.12750193,551.24084,175.29477,0.08453786,585.28204,245.75566,0.19619437,117.31709,81.67503,0.10725599,79.12349,253.76646,0.25824973
897,113.99592,277.71832,0.07668675,517.8089,193.28198,0.049512487,561.0544,215.33379,0.1361086,548.4198,179.31334,0.20439234,546.7016,191.02094,0.21403329,562.93896,254.78381,0.33174586,564.4353,264.75067,0.122096635,551.1813,175.08113,0.08126151,584.87366,245.5774,0.19523104,117.30312,81.69214,0.10851921,78.97796,253.87155,0.25995103
898,114.0342,277.6229,0.07662598,300.93268,523.62683,0.066019885,561.13184,215.30502,0.13506621,548.41406,179.2093,0.20643878,549.00323,194.74338,0.21457717,562.99243,254.49687,0.35489303,564.55273,264.51373,0.14267161,551.2478,175.32372,0.08336905,596.323,242.22435,0.20060758,549.23975,187.20192,0.10814818,78.62802,253.87997,0.27512226
899,114.12777,277.6382,0.07355191,300.9744,523.76324,0.06517906,561.0595,215.21407,0.12565948,547.9024,179.16948,0.2212498,548.912,194.88092,0.21970132,562.8786,254.97215,0.35736722,564.40625,264.9472,0.1422567,551.3003,174.44643,0.082915604,585.3462,245.45807,0.2054079,549.142,186.95796,0.10095653,79.327614,253.58286,0.24224043
900,114.38377,277.80777,0.06750162,597.16296,202.01941,0.054568995,561.5456,215.00684,0.1246087,547.8654,177.59671,0.22380605,546.3813,190.61867,0.22722487,563.2185,243.14934,0.3532746,564.8742,264.45084,0.1468326,551.6465,175.07762,0.08026668,596.40125,242.24817,0.19599539,117.46827,82.1145,0.10723033,79.50318,252.64455,0.17447509
901,114.42658,277.76886,0.06521663,301.03397,523.8436,0.061641622,561.30817,214.87242,0.129014,547.65607,177.82986,0.23390216,546.13293,190.89558,0.23673388,562.62836,243.25153,0.34888572,564.69824,264.33472,0.1517801,551.6699,174.95284,0.08257655,596.28424,242.46394,0.19964647,117.479935,82.1676,0.11240613,79.553185,252.92513,0.16483028
902,114.44871,277.7435,0.061663352,301.01065,523.94086,0.057275444,560.9989,215.00015,0.13651866,547.7539,177.53598,0.2278741,548.38513,193.77686,0.23432119,562.91754,254.36763,0.3475761,564.70984,264.28027,0.151237,551.47925,174.78961,0.08037939,587.20825,241.82997,0.19816433,117.462074,82.16371,0.13704123,79.648895,252.9311,0.15485327
903,114.41221,277.66437,0.063524745,300.9358,524.10333,0.054051813,561.1709,214.9048,0.12456501,547.7869,177.65971,0.22729993,548.5749,193.77686,0.23149236,562.4394,254.3222,0.351959,564.55084,264.39987,0.15746672,551.44073,174.64337,0.0780722,587.18915,241.76898,0.19694325,117.470535,82.289536,0.12948649,79.769714,253.32541,0.16539373
904,114.491974,277.8691,0.06589338,300.9093,524.1913,0.052339327,561.2884,214.87538,0.1279513,547.63214,177.54878,0.214713,546.3346,190.76778,0.22438937,562.5961,254.81897,0.35862046,564.44556,264.91727,0.15692659,551.49347,174.91841,0.08467328,587.74225,242.13281,0.20597003,117.43729,82.2964,0.14104587,79.70097,253.73875,0.19088045
905,114.64075,277.69244,0.060278594,517.84766,193.12697,0.049880944,561.4174,214.60841,0.118334845,546.3358,169.68361,0.21219806,546.52203,190.43266,0.22029272,562.8506,254.66856,0.3720609,564.51544,264.84735,0.16299258,551.5988,175.04512,0.08772999,596.6081,242.4332,0.20970356,117.4164,82.30757,0.13550001,79.77636,253.62148,0.18066067
906,114.5728,277.93726,0.06712064,597.12476,201.73338,0.052572522,561.5387,214.54971,0.104848176,548.26276,178.52754,0.20461611,549.17566,194.37056,0.20258564,562.87366,254.4238,0.38270354,564.7013,264.6359,0.1694333,551.0146,174.93549,0.07650505,596.45605,242.31186,0.21303518,117.29183,82.19533,0.16343537,79.95327,254.14612,0.20040926
907,114.68956,278.06522,0.06852527,300.86356,524.1399,0.056538165,561.57404,214.33139,0.099336974,546.24243,169.58885,0.22415565,546.35284,190.16185,0.22472875,562.70447,254.25885,0.38664067,571.5334,268.01532,0.18376757,551.54126,193.10576,0.081885144,596.485,241.95409,0.21777691,117.39557,82.86931,0.17309552,79.875404,254.59586,0.21845163
908,114.66468,278.1985,0.065855704,597.5045,201.35251,0.056010835,561.71185,214.42122,0.095395304,545.88184,170.0172,0.20663583,546.22626,190.18596,0.21258016,562.9398,254.25006,0.38596687,571.63257,267.72687,0.18230215,551.4885,193.48322,0.07822938,596.3185,241.78224,0.20915066,117.3687,83.049614,0.17583166,79.95491,254.87659,0.217144
909,114.6869,278.39615,0.061253417,597.7146,201.07893,0.054277077,552.47614,199.34091,0.11453606,545.6491,170.08151,0.2128858,545.7718,181.01317,0.21798724,563.0294,253.89665,0.37175077,571.7058,267.43948,0.1691191,551.74493,193.3455,0.07928597,596.4752,241.51724,0.20980126,117.71341,83.421295,0.13081534,79.86895,254.93547,0.20589031
910,114.64252,278.21573,0.058933668,597.5631,201.1962,0.05255179,552.7712,199.23122,0.09429551,545.21246,170.11055,0.19046378,545.68945,189.4644,0.20401731,562.7333,253.72801,0.36088163,564.4953,263.49738,0.17306663,529.5752,163.74327,0.08637083,596.3025,241.53026,0.21003659,117.54965,83.25017,0.1475941,80.28758,259.80057,0.20512107
911,114.697624,278.28677,0.059369884,517.4147,193.10616,0.05141092,553.0519,199.71567,0.1143512,550.2528,193.41057,0.1658221,547.9214,236.61633,0.19361849,563.00226,254.54353,0.37259492,571.2747,268.24915,0.17776385,529.4576,163.68669,0.08459434,596.5594,241.61743,0.21271504,117.64275,83.57585,0.1534297,80.387276,260.1514,0.18025711
912,114.68641,278.51633,0.057202097,517.40027,193.00914,0.05196349,553.21747,199.79117,0.13220166,545.9341,170.1042,0.16594212,546.52106,189.73042,0.19014613,561.9535,242.36139,0.3191596,565.38586,261.53668,0.15935798,529.21844,163.14082,0.08658074,583.51215,148.82759,0.18877862,117.38116,83.63418,0.14008513,80.23394,260.2933,0.16993856
913,114.70168,278.64795,0.0557,517.41705,192.96375,0.04906631,553.3676,200.33836,0.12318699,550.6713,210.20929,0.16203478,547.3676,236.82213,0.1657169,562.5149,241.89806,0.33120528,565.5564,260.7072,0.16696644,550.4152,146.6444,0.08152607,596.16,241.02277,0.20190056,117.13202,83.64013,0.1364116,80.482864,260.27744,0.152973
914,517.4699,214.75034,0.05309753,501.0477,205.51408,0.0482134,553.3025,200.16615,0.121493526,545.99133,171.35347,0.13968264,547.2407,236.58498,0.16614434,561.98663,242.02847,0.3451131,565.80774,260.90594,0.17818116,550.1373,146.61401,0.07614811,596.1492,241.13815,0.2170266,117.1405,83.958336,0.13180926,538.45233,212.39543,0.14154637
915,517.33167,214.57762,0.05653137,500.9567,205.42221,0.050605997,553.6528,200.01765,0.11666246,550.8971,209.62297,0.12704785,547.4195,236.4018,0.15682949,562.2753,241.08331,0.36849636,566.045,259.976,0.17273465,580.8623,215.36067,0.07338222,596.05054,240.73651,0.20834905,111.54252,84.508255,0.14534871,80.625206,260.94308,0.18033776
916,517.29004,214.86224,0.05208081,500.89926,205.77573,0.054919977,554.16864,200.6883,0.15997548,551.1408,210.74098,0.12547834,547.74414,236.51009,0.15666461,561.944,241.20122,0.37379763,566.393,259.34113,0.19539195,581.2455,215.78177,0.07950449,595.94135,240.48279,0.19812465,111.43139,85.263,0.16580637,80.72589,261.5864,0.18167157
917,114.83432,279.0919,0.053738132,500.92484,205.71176,0.056389034,554.0835,200.2719,0.15168737,551.0772,210.57039,0.12270758,548.033,179.72887,0.15345539,562.6267,241.71516,0.3882145,567.0069,260.2271,0.19341931,530.47174,147.65501,0.084792905,596.5191,240.13983,0.21264309,111.33845,85.68615,0.13108423,80.91364,262.0731,0.19141704
918,114.151474,293.87894,0.058968786,500.97864,205.59242,0.054711364,553.89484,199.92192,0.15393406,546.1983,170.20631,0.13053414,94.42597,254.57138,0.16492943,562.07996,241.98901,0.3862158,567.0442,260.31567,0.20158477,530.20135,147.90938,0.08103732,596.2975,239.88638,0.21285884,116.32851,97.46269,0.11668797,81.18355,263.1084,0.2397419
919,114.00377,293.67294,0.05751365,500.9773,205.54143,0.05420228,554.4712,200.79457,0.18519647,551.24066,211.43799,0.12863573,94.672104,254.67404,0.17642128,562.3703,241.59848,0.38349044,572.1508,258.80594,0.19736797,530.48334,148.2077,0.09114552,580.9225,146.11546,0.22446288,116.608284,97.7939,0.114475146,80.44085,269.40634,0.25327042
920,113.928696,293.44238,0.056618202,500.94553,205.63947,0.051165372,554.2817,199.85075,0.17351586,551.021,211.0197,0.12077062,92.16742,267.0539,0.17110415,562.7598,239.71724,0.39489746,567.3147,258.0424,0.17165968,530.85986,148.06364,0.08609936,582.2317,145.17017,0.22896424,116.07355,97.74889,0.113475725,80.71005,270.1379,0.24875052
921,113.85098,293.4992,0.060887117,190.11758,123.9776,0.052413885,553.74567,199.42471,0.13909444,543.97534,163.98837,0.10971838,92.61991,267.43875,0.17793407,562.60815,239.02135,0.36431876,571.7759,254.70569,0.16456577,526.4442,210.63141,0.06631589,596.56934,229.12445,0.21224116,116.031,97.987915,0.099876344,80.970436,270.7223,0.24280615
922,189.8372,116.541916,0.06469156,190.077,123.93305,0.05939125,554.02936,201.3798,0.13105871,551.14746,209.87549,0.1042264,548.3705,220.49684,0.15826032,562.70294,239.77913,0.38499385,571.39386,254.45418,0.21501544,595.28986,232.30632,0.0670974,597.4707,229.57214,0.23764986,125.43003,185.0317,0.1700319,81.0494,270.7343,0.1900271
923,189.52802,116.65582,0.06941717,189.52,123.95569,0.0610131,554.16925,188.13353,0.15352072,551.4563,195.0692,0.12738676,548.4925,220.41237,0.16369142,563.44763,239.49765,0.3889547,572.35657,253.87517,0.21830404,531.38934,147.00995,0.0692658,597.90857,228.88702,0.243911,126.24405,192.1732,0.15515663,81.41261,276.01788,0.17454208
924,114.24841,294.13998,0.062134594,452.23767,70.454666,0.057357118,561.798,200.37576,0.14974403,552.17896,196.02603,0.17013894,556.44165,215.60315,0.18210033,565.70605,238.88647,0.33435377,573.73694,254.96443,0.19414666,490.6815,73.69369,0.072473794,599.76843,232.26411,0.2505452,126.68509,192.82957,0.14223872,81.22603,276.01898,0.15215707
925,114.23945,294.42224,0.061976697,452.4205,70.37976,0.055006225,561.7085,199.92485,0.16618653,552.73364,195.8619,0.18017472,556.3951,214.61581,0.18467668,565.1418,238.1373,0.36341897,573.3715,253.76219,0.20351283,415.06323,14.035454,0.07820789,599.5755,228.86288,0.24646862,126.93285,192.61824,0.18429568,81.4711,276.43204,0.17215878
926,189.32965,117.31772,0.062384214,493.77298,172.49352,0.056406002,562.7803,199.75108,0.15531941,552.75525,195.12015,0.16263822,557.591,213.87201,0.18011953,567.31067,238.21034,0.38683975,574.1871,253.175,0.20634754,415.1321,13.296642,0.08290829,599.7418,227.491,0.2505348,127.16622,193.37546,0.18328156,81.65165,276.9329,0.15361218
927,165.54689,118.63372,0.05418904,493.3877,172.36952,0.06719887,554.44745,186.47041,0.1414131,552.6999,195.11546,0.14942347,558.39197,214.46896,0.17454338,568.57837,236.76971,0.36436903,573.2551,248.08401,0.2045079,414.7147,12.894701,0.08721901,599.3463,226.14745,0.26911816,127.160576,192.97011,0.2051166,529.7275,132.90627,0.12860729
928,451.42496,61.820286,0.06464063,452.35742,70.19743,0.067831576,554.90826,186.80405,0.19253547,553.27545,196.93826,0.16441424,556.58734,201.6887,0.18713576,568.84174,235.60143,0.35329607,573.2063,247.48315,0.20574047,415.44055,12.8801985,0.13100716,599.7346,225.35052,0.28375998,127.22474,193.69852,0.17489426,542.412,195.48927,0.13180609
929,451.76364,61.630013,0.06214454,452.57547,70.10036,0.070948265,556.6917,185.97638,0.21275972,553.6377,196.78618,0.1436874,558.19965,201.09354,0.21540886,569.49347,234.11526,0.3779961,573.5736,246.033,0.23979758,414.6521,12.647409,0.13025483,600.4369,224.37231,0.28016126,104.77054,113.63362,0.15912674,542.9653,194.01491,0.14247747
930,451.46057,60.69715,0.081075,452.8583,69.60611,0.088715136,555.8844,185.76924,0.21644366,553.3925,182.63618,0.14064151,557.9242,201.20757,0.17759196,571.8176,231.28812,0.36604807,575.03204,244.29762,0.2238852,477.4971,61.169327,0.12434313,600.87994,223.08699,0.28300816,104.82554,113.717384,0.20255256,93.38392,284.90387,0.16626313
931,451.53842,54.861225,0.08718021,453.5688,68.9567,0.09347496,555.64777,171.78194,0.21254613,553.76263,183.73906,0.12619877,559.23566,201.5494,0.16266106,572.6115,229.86331,0.36239696,575.2794,242.74217,0.2223722,488.71747,66.898094,0.10345998,600.68225,221.47499,0.25738144,104.28572,114.7109,0.19972724,154.64131,301.46072,0.1365296
932,466.8264,156.56223,0.08637959,467.76422,164.99081,0.107503906,556.32684,172.39455,0.21442156,553.86176,183.26749,0.1234305,559.7788,200.78886,0.16093215,568.5914,222.02454,0.3323166,575.98944,238.94676,0.1949243,488.55713,66.23654,0.10919104,601.5485,211.88422,0.25195542,126.87619,201.49164,0.199854,156.05583,302.8015,0.13992332
933,451.2137,53.4646,0.09764279,453.7433,67.76697,0.09071346,556.0386,172.60817,0.19246517,573.11676,53.852306,0.12057128,566.25385,70.026276,0.15061419,570.6027,219.60571,0.31397384,574.5972,233.21515,0.20429583,487.64587,65.948395,0.12810451,602.0455,210.06308,0.29021263,126.86597,201.62447,0.2699658,154.86696,307.3592,0.14300986
934,466.9619,150.03337,0.10647971,189.40948,140.39574,0.109197326,556.6314,172.73825,0.2226268,571.8925,52.92693,0.11718154,565.64886,69.54903,0.1514691,571.8884,217.00804,0.3556366,575.2795,230.69618,0.23284978,301.60178,48.382114,0.093137816,601.6893,208.25339,0.2937783,127.45319,202.37593,0.26133552,534.7381,106.76424,0.14640291
935,173.46353,133.32063,0.10129585,468.18234,164.83878,0.096947506,558.03784,172.30254,0.21617474,571.20374,52.63558,0.0900408,561.5589,201.08215,0.11381727,573.0926,214.57481,0.37833944,576.2346,228.28821,0.23703681,494.7686,157.29774,0.11350949,602.2961,206.3728,0.28636178,128.85541,208.84102,0.24803346,95.89671,291.93475,0.1335761
936,466.72687,143.39798,0.11123203,467.0354,150.82466,0.13041836,138.53947,222.13434,0.25039816,537.7435,126.98267,0.083594404,562.5331,201.97992,0.12114108,573.6435,215.15344,0.35922018,576.74664,229.66759,0.22476843,495.6685,157.63254,0.12519768,601.7747,205.7437,0.25834462,135.08852,217.06635,0.32070348,96.04483,292.56345,0.16187574
937,466.61404,143.22136,0.12802267,467.3934,150.63168,0.14206715,144.31624,225.80421,0.23620717,538.0353,127.04541,0.08164429,562.94305,202.17899,0.099969625,572.17584,210.48486,0.31992894,576.67334,227.5902,0.20773438,474.94363,51.265766,0.11871178,602.1169,196.46715,0.23820315,136.03139,217.05045,0.31206453,95.77686,300.43155,0.16901064
938,465.8573,142.59018,0.14655425,467.01733,150.01042,0.16104257,146.43259,237.71536,0.22736974,498.77823,63.19558,0.08592093,564.8949,68.159454,0.13175634,572.73364,207.91583,0.32903147,577.43555,222.97292,0.22190632,474.35217,51.909115,0.15624532,601.8743,194.3435,0.2748012,135.72128,217.45311,0.33894736,96.14713,301.0689,0.18226734
939,465.70615,142.12166,0.17494021,466.91653,149.87279,0.18116197,146.27553,238.26546,0.2594405,499.00797,62.979607,0.07828199,564.5151,61.433872,0.10053091,572.7207,203.00569,0.30005708,576.0364,217.42209,0.17300132,473.63516,51.490955,0.17432751,601.5548,192.38255,0.29142547,135.79446,219.93826,0.34747592,96.53072,301.74402,0.18707076
940,465.02213,140.90013,0.1919734,466.40836,148.90454,0.19790205,146.75246,238.97395,0.25881618,355.2657,77.95972,0.08430028,563.5894,61.25326,0.13643697,574.6416,200.14882,0.27352342,577.4943,213.89073,0.15843692,473.94574,50.00241,0.15481657,601.028,190.89604,0.27993268,136.84174,220.84468,0.33088693,168.66266,322.4206,0.16416617
941,464.47137,135.85999,0.19821239,466.67117,148.53696,0.2067597,146.63011,239.26445,0.28870705,581.16394,35.547672,0.095362455,562.2529,59.8636,0.13510421,575.7842,197.56328,0.28264004,577.96533,208.35709,0.18810238,473.56357,49.657494,0.14790103,601.2377,188.8927,0.2584823,137.59393,232.53345,0.3368192,169.16187,322.42456,0.16966844
942,465.42282,141.0539,0.17313077,467.13687,149.2496,0.17970163,373.17148,16.129993,0.24010174,580.77325,34.021698,0.09810108,568.8284,43.463127,0.17675126,578.76337,197.01724,0.25859687,579.2885,206.74496,0.14951009,473.19025,49.47749,0.21902418,602.7632,179.7581,0.24033985,138.39786,234.4983,0.37266213,554.1207,45.167896,0.1791006
943,465.57437,139.91797,0.16561033,467.3182,148.23131,0.18116568,148.28479,240.6846,0.26385215,540.45465,151.02637,0.07995082,568.5198,42.654175,0.13806778,572.53546,186.05243,0.28373933,577.01086,200.81119,0.16528112,472.6332,49.45165,0.20539835,602.29865,177.33209,0.25563765,138.8552,235.05212,0.37209052,555.554,38.50086,0.16720018
944,465.4976,134.39774,0.13910896,466.02673,136.5683,0.15295637,370.45908,17.382786,0.20923248,534.44617,143.09717,0.08935439,550.0763,59.660873,0.14345877,574.38135,185.7125,0.26205963,581.0776,201.18568,0.14859684,471.9379,50.187263,0.14903632,601.62726,176.19179,0.28474367,139.7957,236.38179,0.3405386,556.2261,31.284554,0.20511472
945,464.86386,133.81104,0.13247329,465.8227,136.53352,0.174475,151.29959,254.30464,0.2386967,581.26385,19.213856,0.0958123,563.3929,36.117367,0.13819201,576.306,184.40872,0.24256815,578.2072,194.31049,0.13108672,458.53906,32.111557,0.12540856,601.33167,173.95297,0.26806447,140.1202,237.94064,0.3398331,555.04895,32.14238,0.20877792
946,464.18475,128.33003,0.13103591,465.33292,135.68379,0.18405423,151.4407,255.4397,0.2696693,581.03406,17.213335,0.087733984,551.13885,42.545013,0.15192957,578.3007,182.54738,0.24122222,579.4511,192.00206,0.15605657,457.4202,31.252401,0.1165659,601.17126,172.36568,0.25544372,140.33018,239.3485,0.3427226,550.5458,30.731855,0.19048001
947,220.3883,260.20538,0.13571815,418.1019,39.606853,0.16435482,150.98001,256.54105,0.2748925,565.8801,15.210424,0.09259369,567.95044,25.207869,0.18615937,581.338,180.78505,0.23262988,580.44794,189.80977,0.12506105,457.90012,31.571884,0.15789573,602.737,162.44778,0.23060657,141.58545,249.6127,0.36546835,545.87305,31.197266,0.16300337
948,204.5477,191.53131,0.17219155,228.16415,136.70044,0.2055943,151.08214,256.44006,0.25404432,564.361,15.818039,0.096094385,554.183,26.848986,0.20832728,580.17737,170.80328,0.21893193,582.80066,186.03049,0.10368851,457.6836,31.431646,0.14637594,601.0285,160.71925,0.26779097,142.43085,251.8124,0.3041837,542.338,30.467361,0.1764678
949,463.58588,126.55658,0.13374853,451.07886,136.19795,0.17827295,153.8665,261.0242,0.2653712,564.96594,14.069019,0.09491308,553.94635,24.22839,0.22460449,579.6311,169.87654,0.21256919,582.9516,183.99762,0.11429961,458.39124,44.70319,0.1782621,600.3949,159.27997,0.29284054,143.30676,253.69746,0.32952464,538.0753,31.868973,0.1894429
950,450.53088,121.98208,0.13150734,450.4725,136.26617,0.18936463,160.78627,271.43137,0.2708497,564.8819,13.204109,0.09245955,548.46265,25.17726,0.23466954,578.4774,157.6879,0.19747938,280.7937,88.29088,0.088489816,450.39166,30.907711,0.14845623,599.3647,156.9759,0.24382347,151.39018,266.148,0.27784777,521.5584,74.144104,0.1989584
951,225.82742,131.15063,0.16603903,450.2679,135.22638,0.23579496,201.88676,351.02014,0.25840744,341.31497,79.07635,0.0864153,549.7216,19.530375,0.23549865,577.9596,157.97977,0.22892566,584.5828,179.70375,0.1077271,455.8358,31.808197,0.12555978,601.38934,151.94588,0.27512744,151.68321,268.09537,0.31252342,534.85065,32.012295,0.18972823
952,451.34927,128.15851,0.16211693,450.6769,135.24019,0.23686384,159.9436,273.2345,0.22920391,339.63522,95.57906,0.096059225,549.2513,19.18392,0.24322924,579.40265,155.6222,0.2221178,582.6859,171.21199,0.10710652,448.74814,35.967228,0.1659079,601.6065,146.26976,0.26199397,151.63019,269.72684,0.29310653,137.58607,364.7187,0.21162309
953,449.78397,121.70763,0.18682632,450.01923,135.04526,0.23501913,165.43121,285.1941,0.23172158,556.28735,0.6346464,0.11542722,548.8943,18.156933,0.3048977,580.4004,153.43709,0.21908553,583.3089,167.76357,0.12150988,493.66287,128.06523,0.13924576,599.70013,143.72702,0.30034858,155.91418,279.52493,0.24609219,516.4412,61.585583,0.24511094
954,448.47833,121.08079,0.19969761,449.1291,134.374,0.25319543,171.3733,207.67914,0.22438253,340.9101,77.97768,0.12499672,547.57874,18.18144,0.23540078,580.98566,151.74057,0.20570844,583.1091,165.30046,0.11948555,444.3413,33.399952,0.19273758,599.21655,141.91298,0.31101775,155.54224,281.2549,0.25995842,142.69145,379.7754,0.2374844
955,442.48425,115.64991,0.2401346,448.22357,133.28723,0.24147348,228.0677,300.9631,0.2499647,556.0097,0.3644085,0.11751286,547.29144,17.086721,0.27895316,582.1485,149.81268,0.20186493,583.9268,163.58545,0.10856833,442.61813,32.933846,0.34067693,598.9573,139.79408,0.2813008,159.10321,287.83206,0.2745903,512.18225,60.956417,0.2535004
956,441.6042,115.496254,0.24790104,445.96277,123.28861,0.22238569,165.79214,288.67065,0.20431666,550.4752,0.63306165,0.10634802,547.2268,17.57476,0.27689984,578.5023,140.54381,0.19518453,583.5089,162.0317,0.100730106,442.0064,33.108654,0.36516222,601.1673,130.87967,0.2548879,165.61588,295.94754,0.26955768,519.20435,48.39724,0.25290057
957,212.92407,223.8267,0.3094963,211.15355,234.64978,0.28388155,177.91527,222.77368,0.29467106,325.01144,94.157455,0.09443905,546.3326,16.832924,0.24960849,578.804,138.19485,0.19258286,581.9922,152.2689,0.11557699,440.16388,34.32036,0.27637294,599.4516,129.11992,0.30520812,166.13127,296.11453,0.18295467,515.1898,46.91771,0.27279568
958,439.10123,112.18057,0.2390571,224.38327,169.73677,0.29895732,178.34149,222.13744,0.20675904,534.82153,212.88768,0.090558276,545.9502,18.864174,0.19539796,579.4743,136.53111,0.20091566,581.66254,149.90346,0.12129113,437.05676,35.65456,0.22212721,599.6187,126.56135,0.31103832,166.63121,303.45212,0.18138629,515.2296,46.373615,0.23212047
959,437.45798,112.4717,0.29287913,435.99573,122.34565,0.34045333,176.20654,304.10754,0.21971664,467.02197,188.8051,0.106719695,535.8235,16.479412,0.22087055,580.7579,133.83817,0.1986781,582.2039,147.60382,0.1168711,490.83353,126.70296,0.2154378,600.8502,120.63733,0.25599578,324.31558,20.613445,0.23125349,516.56134,32.360744,0.23620628
960,436.43723,112.41358,0.3012554,435.5923,121.88649,0.38539487,179.10971,236.66168,0.28621703,324.36862,93.09609,0.11903507,533.7532,18.205812,0.195522,568.1213,121.91643,0.20666704,577.20374,142.4796,0.10668608,427.89282,31.233994,0.32985523,601.3179,115.345024,0.26908442,175.94019,318.53323,0.21372497,519.7181,30.449158,0.21222465
961,434.83746,112.97205,0.27324924,435.0484,122.32298,0.36515626,180.02495,237.17528,0.24560021,374.67477,196.4807,0.1080012,532.11597,18.732212,0.21171285,568.35297,119.91553,0.18879366,330.28085,112.98722,0.10349456,426.94803,32.34604,0.18386537,599.0949,112.87997,0.28732488,316.52274,19.745138,0.2024463,515.5372,29.653755,0.16054459
962,433.48367,112.70589,0.26953042,433.98978,121.91596,0.40080482,183.81935,316.3624,0.33044603,375.00873,116.8635,0.13175921,532.2436,19.77691,0.15033567,579.86664,120.76881,0.18564656,410.64368,42.04281,0.11908356,569.4351,207.79034,0.22088218,598.5877,108.235054,0.28962806,243.50877,99.15266,0.124364115,174.51065,320.4652,0.18227318
963,433.52832,112.564064,0.24790429,434.07385,121.39047,0.3951542,181.17113,252.22781,0.25625384,247.63165,398.819,0.107871786,521.9004,10.624329,0.1888123,570.61176,116.755325,0.16219983,410.1581,40.929058,0.10434312,491.13953,274.34955,0.19364884,600.0021,103.582466,0.21190727,242.60411,100.83313,0.14132793,110.43336,249.19006,0.19224635
964,156.08546,254.01292,0.24858391,432.15036,120.67177,0.36808303,179.58153,253.06177,0.23792651,230.63097,190.20619,0.11413335,518.59656,18.752682,0.15586495,570.48193,115.165375,0.175387,568.6787,130.5686,0.11757652,572.3128,198.0509,0.23374741,599.73334,98.32835,0.24068953,257.57153,412.78494,0.122920886,111.31372,256.44638,0.1753917
965,277.9015,111.0954,0.28830945,275.73737,123.049286,0.32017824,192.62878,331.74533,0.23787312,454.7432,197.26999,0.10705786,517.5221,20.081532,0.09726095,573.9696,115.07932,0.18596359,395.94183,40.99783,0.121889584,491.77356,274.2317,0.22662167,599.0295,96.53666,0.2651133,237.55913,112.91277,0.17091723,111.722084,263.21497,0.25082514
966,421.15503,111.178665,0.25836933,420.16025,121.17998,0.33212894,185.72615,267.5639,0.21809547,308.15857,111.377975,0.1172447,248.62479,421.39447,0.09787157,469.05014,272.44107,0.16947193,566.3469,120.10186,0.09502655,577.72656,189.07059,0.19762678,598.91754,93.90665,0.2768784,378.38275,17.962797,0.12101758,110.99264,271.3406,0.18656832
967,419.95276,111.50306,0.16037482,222.62566,278.5811,0.20675586,186.31099,269.28876,0.22359365,307.96686,112.439095,0.12423636,580.6665,63.98402,0.101920515,469.81143,271.40765,0.16599959,565.38055,118.20877,0.100814134,577.4762,188.04549,0.20774515,597.448,92.21343,0.24308462,377.15533,18.995544,0.10714078,112.86723,278.86118,0.2345783
968,500.65677,182.87666,0.15496273,418.42517,121.608154,0.17997262,199.12485,346.0812,0.19191355,453.90472,269.47168,0.1281031,196.97769,371.45743,0.113170855,566.80237,103.481766,0.1753504,562.4847,123.46243,0.090138994,567.1235,185.81927,0.22690092,599.0284,84.395775,0.21874829,371.5271,18.45056,0.14065243,265.92236,413.3378,0.16404282
969,412.55972,110.88705,0.14712419,418.3918,121.78157,0.21474688,277.04056,411.24133,0.19396183,453.8176,270.55444,0.118736796,198.26956,372.2356,0.099583365,559.49365,102.86578,0.18716983,380.47586,41.589024,0.11806059,492.73718,269.6037,0.22982562,598.4103,81.81822,0.2615556,367.4363,18.456076,0.10076175,363.15405,24.203587,0.18594094
970,392.0825,23.044357,0.112809055,223.95354,292.36243,0.15542257,195.34877,285.5368,0.18727192,200.93542,372.81052,0.14063016,199.36612,373.4204,0.113131374,558.48486,101.55081,0.19280544,551.016,116.45116,0.13029194,492.33905,268.97604,0.1896376,597.1187,79.91563,0.27913928,122.64728,291.28317,0.09546545,123.71678,293.1783,0.21573614
971,389.55637,23.995564,0.09022158,223.24042,306.7267,0.092380084,195.47461,280.00687,0.14098091,468.15445,254.02892,0.11529795,554.5134,46.557175,0.10065867,559.2897,99.54642,0.23041134,552.7974,109.84151,0.13687237,502.3167,265.55887,0.1800198,596.8636,77.58176,0.25861058,553.0563,87.973915,0.07313024,124.77309,300.00412,0.21041244
972,301.84918,353.62357,0.089189745,404.2978,121.709015,0.10018575,275.7563,350.02075,0.14079554,467.84454,254.21065,0.11668726,566.3282,46.74263,0.11311374,559.03784,98.07147,0.19264384,364.4185,46.58651,0.12165742,565.4824,171.24738,0.19937456,597.81104,76.523506,0.23181526,582.8866,71.29364,0.09014464,125.48195,307.87613,0.21189676
973,261.9606,141.13312,0.09855388,259.22073,151.67899,0.131693,231.25774,136.03223,0.120468006,468.78223,254.58617,0.11994309,553.469,47.458664,0.11475177,552.58234,89.63823,0.1739381,364.31192,46.59807,0.13202593,381.8534,33.290176,0.16684943,598.0035,68.453224,0.19914685,177.6217,227.81,0.09966607,172.80617,226.71866,0.2315083
974,173.46281,310.0597,0.08779593,222.70566,299.80923,0.10419219,196.88884,295.273,0.12076638,468.73325,254.31856,0.12110598,552.2559,46.93594,0.11271163,551.7734,88.92891,0.19061148,549.0784,103.72899,0.09221204,368.55295,30.65551,0.16524571,597.5146,66.5339,0.22805512,560.675,67.24619,0.084260605,125.25237,323.44485,0.27141643
975,544.8615,149.12756,0.07960328,530.82446,157.9089,0.08208469,198.62984,301.98923,0.1471707,468.82953,254.47006,0.12024658,551.5995,46.412376,0.121214435,543.7351,89.93843,0.17030932,205.73018,436.33868,0.079782896,563.95215,158.27045,0.18713154,595.43414,64.5249,0.17423752,560.28687,66.87343,0.082029454,128.94785,324.13016,0.20522285
976,253.0619,149.12785,0.09431215,252.929,156.50813,0.110284634,524.48083,158.45006,0.120828085,468.83063,254.76057,0.116229475,551.52594,45.69199,0.11545341,542.8499,89.04938,0.18906516,207.3112,440.41638,0.097683884,505.82852,254.24583,0.16970363,596.0638,62.29327,0.17233415,550.5945,72.39571,0.08588411,197.34375,425.4447,0.15557304
977,372.24088,38.711697,0.08657042,539.56464,154.494,0.116462134,426.2764,109.59003,0.11437756,468.71295,255.26584,0.112181716,551.72906,32.4979,0.12025462,542.9095,87.97041,0.19272465,212.97362,448.4939,0.103433944,351.3696,34.64642,0.16849174,597.69904,56.731613,0.16005789,333.95435,34.456516,0.09762173,129.88835,341.5474,0.16901648
978,358.26355,36.735405,0.10718029,539.6454,153.14314,0.096678644,523.6328,157.15694,0.12628008,468.46707,255.291,0.11222668,551.07587,32.137375,0.121613234,541.0295,88.437836,0.17566751,215.25566,451.27747,0.109689206,351.0443,35.99618,0.16133471,258.83194,452.8922,0.16928051,327.50314,34.168148,0.086008996,205.74706,432.69473,0.194729
979,529.2111,139.4941,0.099746495,540.8169,152.99583,0.115674496,523.7584,157.44899,0.13055669,517.9107,165.86862,0.099078424,550.8291,31.783478,0.124434285,541.17456,86.9614,0.19860579,228.04466,464.21625,0.109350234,558.8797,144.83444,0.15106809,596.4959,49.609234,0.26358047,550.2604,55.457916,0.08333218,141.96407,340.85275,0.2229403
980,357.29706,38.987156,0.10563896,530.8049,141.37206,0.10589408,522.7989,157.24725,0.11624195,232.29889,412.60135,0.084901266,550.75543,31.971247,0.1381376,540.27277,87.872025,0.17751421,226.431,463.0169,0.16820732,555.18195,144.62596,0.18443526,594.6623,48.619324,0.31137365,545.6366,49.955723,0.096067,141.46461,356.05505,0.250892
981,529.3785,132.52115,0.07599252,317.53128,378.3533,0.084384516,212.628,327.3104,0.12459975,516.063,157.98509,0.08562233,536.956,32.414394,0.12761451,534.27466,83.07932,0.15984003,229.2019,465.1273,0.13735841,553.52997,141.7213,0.1592401,587.28845,48.61244,0.25459707,545.78455,49.5574,0.0944797,143.72766,355.86212,0.2563998
982,342.58145,38.540596,0.074097544,349.7772,54.805664,0.0769444,532.22455,53.00798,0.10415553,469.8896,246.12613,0.08234124,536.9505,31.914623,0.14376758,533.05554,84.30553,0.16615194,241.52802,469.792,0.10491084,334.2179,47.42643,0.13730244,586.39465,47.77977,0.29578823,547.4122,33.433914,0.11773364,145.85817,357.6906,0.18921505
983,189.8837,355.99008,0.088647045,189.41605,363.60403,0.093484625,218.47739,349.9646,0.114910975,469.66763,246.07271,0.073574565,550.3663,19.80521,0.16732615,532.6998,84.157875,0.18146244,243.32596,479.43295,0.14053246,332.87958,47.888477,0.14711133,588.3822,41.34184,0.32200372,547.3992,33.10876,0.119317114,146.5405,372.7063,0.20655118
984,515.1073,139.52826,0.08874466,523.4819,138.67358,0.116433874,531.14044,52.963688,0.10533967,469.59702,246.15395,0.06734964,550.0135,19.168676,0.18851703,525.1809,75.69462,0.18474148,242.87114,479.26785,0.1690621,332.16553,48.30903,0.14064983,585.5459,40.506863,0.3574066,547.07666,32.829094,0.13349421,227.36739,456.8202,0.15994306
985,476.02783,41.186916,0.080258474,492.56418,234.82413,0.09023818,531.1713,53.025284,0.091233574,248.41612,428.29956,0.07601783,535.8027,19.62252,0.20393121,243.4685,469.6442,0.23177521,243.71327,480.2712,0.24020056,331.72137,49.33542,0.14332046,580.22736,36.034237,0.360651,532.6607,17.655214,0.12441155,222.09737,457.54633,0.22484542
986,476.08548,42.989563,0.09574116,240.11029,345.51074,0.08898393,215.06386,349.45386,0.10887061,550.92053,102.036026,0.074514434,535.1954,17.796722,0.21605209,244.83052,469.3798,0.23382178,244.91959,480.5187,0.22998594,317.42328,48.819836,0.14027384,576.6289,34.278107,0.33195943,530.82733,32.71234,0.13666421,157.6733,371.9429,0.2313377
987,475.62354,42.535053,0.07230417,239.52013,346.00424,0.10845447,226.1849,349.66605,0.091025546,500.53073,142.06276,0.08335368,534.27246,16.30892,0.22043546,247.75941,474.41153,0.18757047,246.1152,481.3948,0.18959205,317.8021,50.383545,0.15973122,570.4677,33.15033,0.3937434,530.56683,32.509357,0.12689783,159.77559,371.06885,0.19683492
988,473.98718,43.374084,0.09677057,472.406,54.095356,0.0799375,505.76852,142.54332,0.11175424,500.48166,134.07797,0.08761275,520.7388,17.24091,0.2116805,517.2182,68.7983,0.17443648,256.63297,483.50537,0.18618584,531.62646,124.182526,0.12550467,567.50964,31.863976,0.4473014,531.8033,17.52493,0.13211165,160.37904,372.84784,0.22467768
989,458.80548,30.302076,0.098814346,471.9172,54.443684,0.06806212,515.5281,36.197742,0.107434355,506.64545,44.919716,0.065623865,520.0178,15.394681,0.23889074,517.4065,68.47117,0.1894793,256.71332,484.40002,0.18240656,316.00247,49.60808,0.12150085,563.15594,31.026812,0.40473953,530.8121,17.278702,0.14186473,237.28102,468.9532,0.17856275
990,459.28717,28.295664,0.08990053,507.74792,123.748856,0.08450063,514.9424,36.09321,0.09691438,459.78732,18.553896,0.07497805,518.52924,14.151003,0.22949734,509.70367,60.854553,0.19651125,257.1534,486.12628,0.18351291,302.45502,49.43923,0.13280347,560.7419,28.167515,0.3443445,530.0651,17.391249,0.13395225,237.36478,469.47412,0.19468324
991,460.04395,29.03394,0.07549515,508.3343,122.61834,0.09272433,492.32654,127.2796,0.090905875,327.3908,44.708744,0.068669185,505.41602,14.83249,0.19637118,256.20276,480.11328,0.22775064,257.1822,489.2266,0.19954866,301.4121,48.877007,0.13298655,556.4981,26.328365,0.3948247,514.7086,17.107203,0.13009799,238.51466,470.07108,0.20618989
992,444.25766,27.771479,0.08227594,475.94156,219.36488,0.063575916,501.27975,36.841064,0.071918994,327.17825,44.93677,0.07445087,504.08136,13.791158,0.18197331,256.20642,480.37613,0.230946,257.1802,489.2397,0.20308332,301.42636,49.15007,0.13933185,553.8633,24.335043,0.38025633,514.13586,17.234137,0.13313855,239.1622,471.06354,0.18607008
993,458.83484,27.65672,0.07676486,458.47784,54.547333,0.06387198,500.45172,36.60871,0.07097477,326.89474,44.823093,0.071250625,515.2891,3.4760497,0.1679374,256.5973,481.32697,0.22233963,258.0693,489.8599,0.19296445,300.6776,48.708538,0.11744052,549.79755,20.868181,0.35265985,513.7459,17.098562,0.12246981,244.45576,469.9934,0.17373382
994,457.7824,27.87958,0.08033148,476.2543,219.02847,0.062407035,498.36734,20.706947,0.07524715,407.91245,52.329098,0.068984136,500.3369,3.7536428,0.20322874,264.40903,484.03955,0.19515459,274.0048,496.25772,0.19747354,300.216,48.25378,0.09923404,545.56506,19.544321,0.25601384,497.90094,16.384506,0.10667633,248.90407,471.43378,0.16326323
995,457.84506,28.87524,0.08182002,215.45653,204.40074,0.056492522,213.43195,197.54619,0.08484544,487.10977,83.144485,0.06791299,499.9814,3.515444,0.20671329,275.31833,486.65195,0.19257548,275.9316,496.69708,0.22765028,398.12704,77.91075,0.12211241,538.28503,20.817198,0.2702056,497.64606,16.580053,0.10664562,249.95328,471.93558,0.21538399
996,445.84583,29.108082,0.07087314,443.85187,40.25959,0.057366636,498.08078,21.327576,0.06873757,311.15775,45.184513,0.07023957,499.43146,3.2997546,0.19750364,489.83865,50.35069,0.22365975,276.15326,498.4752,0.18272364,285.71323,48.88257,0.099761635,535.49164,20.175077,0.30158043,499.77365,5.1713467,0.10032268,251.00975,472.70807,0.27005637
997,445.41846,28.393375,0.06372892,443.35275,39.35865,0.06121413,497.04678,21.397942,0.06465421,479.5526,-1.8537569,0.07935521,484.6219,3.5994537,0.19615652,277.04388,491.96277,0.22265957,276.51596,498.3308,0.2153817,284.51044,47.90535,0.108937144,533.06396,20.157425,0.27766314,499.59393,5.2679915,0.11989692,251.30165,473.12772,0.26846114
998,443.35132,29.426437,0.06918816,436.04272,31.217484,0.066684015,484.22784,20.61389,0.06782597,479.27783,-1.9639926,0.08268322,484.35583,3.3757846,0.19056378,278.91946,492.4634,0.1984519,277.9024,498.9741,0.20104754,512.8523,93.17445,0.12776676,531.1514,20.781712,0.20207137,499.51086,5.4235873,0.107576944,254.58199,478.03665,0.2289697
999,443.76187,29.336649,0.05268838,156.97238,139.32512,0.063635774,212.22174,205.10698,0.065289654,478.81628,-2.168211,0.077643774,484.0104,3.4031515,0.16562925,279.35187,491.6344,0.2032982,277.75342,498.9801,0.24335061,284.10034,49.020447,0.0971551,518.7283,34.96779,0.20083833,481.63306,30.736584,0.08979797,444.17603,30.873558,0.19017133
1000,428.24402,13.123733,0.054283552,157.05064,139.22134,0.066431485,212.31935,205.4358,0.071725205,478.3891,-2.2312474,0.07576921,464.89014,6.0070553,0.16773482,286.70102,495.21317,0.1929401,279.8737,499.71295,0.16466449,283.6849,48.451935,0.07512455,516.65765,35.604195,0.20503391,480.87485,31.823738,0.09019832,442.43063,30.60421,0.14344162
1001,428.6447,12.519109,0.044748515,157.05167,139.25172,0.070163764,481.74304,5.87503,0.069045946,478.15375,-2.1044326,0.07466857,469.10544,3.7225976,0.1411929,287.2408,495.0587,0.16135287,290.44864,499.91006,0.16866414,499.86697,76.88208,0.06728645,513.69385,36.523075,0.16277127,488.98605,7.760413,0.0746798,269.328,485.29163,0.121915236
1002,428.89188,12.716318,0.051355105,157.05864,139.22354,0.079738095,212.65016,213.07286,0.05803444,291.71198,61.16969,0.07670375,449.73187,10.839947,0.13352218,286.47168,494.8363,0.14771065,290.0237,498.6696,0.18396187,379.9232,76.485504,0.09405012,513.762,38.335598,0.20300867,481.56805,31.782452,0.0608457,269.85764,486.61417,0.12082265
1003,442.667,12.640659,0.05333439,157.11652,139.1401,0.07537275,467.68756,6.7217937,0.058632385,291.8064,60.846626,0.07790905,449.6615,10.421821,0.12749407,286.76205,494.72787,0.15285969,290.5927,498.1463,0.19815432,379.43686,76.28794,0.095256716,513.15356,37.22221,0.2059807,481.7373,32.162445,0.064440645,275.3109,485.76804,0.11017333
1004,428.48553,14.550929,0.048048638,157.12651,139.28111,0.07664185,212.86482,213.23843,0.056034606,291.7635,60.66923,0.07325199,479.77792,19.187408,0.10522227,288.17615,495.02417,0.16644907,292.64084,499.20248,0.2073856,378.84467,75.27428,0.055204965,499.8685,33.88619,0.15550956,322.0078,496.19653,0.042776532,281.46463,486.4361,0.14056572
1005,317.99335,473.5398,0.052749127,157.21011,139.29924,0.0723238,213.14024,213.1421,0.053525675,462.94543,-0.1304636,0.06903287,479.86945,19.291832,0.10933736,301.2774,496.728,0.17502579,294.6018,500.3911,0.1779427,498.19638,60.675636,0.07175073,499.53394,32.909454,0.16772945,312.4593,489.05905,0.052857112,282.6541,486.0485,0.15456884
1006,357.8007,499.55804,0.054093547,157.21713,139.24715,0.07139127,213.13127,213.01799,0.05553803,291.73264,60.731705,0.06712018,478.3523,8.255949,0.115571894,302.67865,496.98026,0.17588861,303.95746,504.90833,0.16633487,498.25388,60.53675,0.06399887,498.91113,32.42617,0.14002843,426.46683,130.05748,0.05011534,284.7934,487.00195,0.120203085
1007,357.68893,499.47946,0.051178608,157.31755,139.22963,0.072640516,213.23547,212.79182,0.05098123,275.96658,61.6753,0.07771575,477.77603,8.00038,0.106249705,303.4101,496.7471,0.18913923,307.11246,501.32077,0.18822287,267.19232,46.491978,0.06654222,460.869,30.401184,0.14606619,265.6711,369.82327,0.04869868,290.6284,485.53537,0.1147289
1008,357.11014,499.9265,0.049275246,157.26077,139.25932,0.072934486,213.67126,212.85274,0.058648497,276.0897,61.7233,0.081167065,478.2489,7.710895,0.11402886,302.41064,497.35156,0.19616123,304.45074,505.62582,0.19393516,266.24188,59.964203,0.086429276,460.541,31.001518,0.13379584,427.1409,129.69868,0.043729197,290.87076,486.70575,0.11481754
1009,333.42276,474.08212,0.042652186,157.33974,139.28328,0.07282779,472.19672,33.78711,0.056742657,275.94913,61.71699,0.072022215,463.04752,7.310753,0.10920757,304.8718,497.5588,0.14185306,308.64743,502.0298,0.14438483,266.2934,59.688114,0.086096235,356.70026,497.32773,0.14444901,315.0668,114.43478,0.043998018,447.54987,27.326088,0.11313626
1010,333.28122,474.16943,0.045787375,157.23047,139.48381,0.06134839,471.92712,33.658047,0.042832553,463.58212,0.05817461,0.06402906,478.25864,6.986913,0.10886248,317.46872,499.02795,0.12828971,338.48624,515.0701,0.118374124,266.1064,59.256554,0.08762925,357.2482,497.4159,0.167508,212.37065,416.71152,0.052196328,448.51083,27.022997,0.10311205
1011,340.42938,474.9849,0.042872015,157.18436,139.66708,0.05252579,363.9105,80.26765,0.048574615,276.2121,62.002876,0.07169291,463.4689,8.623283,0.10464187,317.64426,499.8463,0.1405791,323.1727,512.8505,0.14156525,266.60443,60.098274,0.10703429,356.54474,497.73514,0.14146768,246.2851,66.72001,0.04878995,301.35532,488.50278,0.099643975
1012,373.80392,499.9294,0.046143163,157.14952,139.68188,0.050534442,363.51746,80.011185,0.051328607,276.2712,61.840927,0.07344741,321.07056,505.98175,0.09800307,318.46594,499.93222,0.18721528,323.71735,512.53644,0.20083159,266.9496,60.103645,0.090034224,357.3183,497.13525,0.16726664,354.84082,79.646996,0.05294389,303.1997,499.89877,0.12625082
1013,340.6422,474.879,0.048245214,157.04298,139.92693,0.040705778,214.40971,212.36536,0.06252645,276.2177,61.730778,0.069703385,321.40292,507.3662,0.08809274,319.17438,498.64374,0.14431767,324.3956,511.31802,0.16663998,267.01688,60.0977,0.08361731,356.40082,496.6388,0.1103201,354.61917,79.42903,0.05104321,313.10135,501.70972,0.11242556
1014,374.2638,499.1686,0.04749181,156.50763,156.29192,0.044419937,363.36688,79.924644,0.054291595,276.47467,61.85507,0.06839368,336.2968,504.93884,0.09164027,328.6323,505.36798,0.12828052,340.55878,514.7505,0.12471119,266.96576,60.60374,0.08944981,359.2627,498.10284,0.14385831,354.52362,79.3541,0.04768155,315.34518,501.12592,0.12319541
1015,373.66302,499.65524,0.04449181,156.53471,156.16632,0.048471585,363.51343,80.039276,0.05577595,276.55505,62.06585,0.0728745,268.27692,70.98427,0.082099944,328.05365,504.68192,0.122673534,333.72308,512.6599,0.12190819,267.26907,61.206062,0.09822447,358.2621,497.49292,0.12568128,354.62085,79.34772,0.049295295,310.3779,488.30844,0.11818943
1016,356.57892,474.61618,0.046944324,156.60503,155.89148,0.06497585,220.09412,223.1099,0.054456756,277.7251,53.306564,0.0739421,268.63626,70.82836,0.08673846,333.92465,500.31754,0.122961335,334.6634,512.7326,0.12625314,266.50977,60.88222,0.09732234,370.3871,496.2808,0.11886406,213.39258,224.95969,0.04749806,316.74948,488.7198,0.11556516
1017,356.7533,474.50375,0.043087747,156.56422,156.096,0.05621472,363.17737,79.88286,0.05238706,276.7064,61.93366,0.07462447,268.58148,70.68794,0.08657007,341.8564,506.5158,0.12844269,340.4649,513.0485,0.14347768,266.71268,61.352886,0.09269643,358.79224,497.3569,0.12902875,213.57079,225.29295,0.0511115,322.44968,487.15344,0.10657603
1018,359.46567,67.72737,0.041042782,156.5356,156.3537,0.04067865,363.13385,80.12051,0.05947795,278.3303,53.25273,0.0738089,268.7703,70.47674,0.08402589,342.0621,505.98828,0.16853735,341.10843,512.5488,0.18131654,266.48926,61.639767,0.09125347,358.4522,497.2857,0.14069283,213.73485,225.56288,0.05010761,327.80887,501.43567,0.1258812
1019,356.75452,474.61072,0.04242587,164.5032,140.07556,0.04875366,363.06238,80.09293,0.057157215,278.40347,53.114693,0.07405926,338.08945,506.53625,0.094895616,342.67953,505.84628,0.16708128,342.14127,512.82434,0.18098,266.33948,61.642292,0.09131685,358.55533,497.5883,0.12537768,213.54271,225.42316,0.055049952,328.46774,501.1023,0.15278801
1020,309.23135,117.049324,0.03852965,173.45062,134.72894,0.057821058,266.35495,191.25624,0.051506314,278.58298,52.889477,0.0753034,351.2683,504.85965,0.08601033,347.74792,500.60696,0.149653,349.38205,512.5396,0.15824987,265.96417,61.695396,0.085164994,357.81866,496.1744,0.11647155,214.05975,225.5218,0.06755712,324.22403,487.03085,0.13837114
1021,309.10587,117.10818,0.038002804,173.43823,134.71944,0.05407727,227.2622,229.88905,0.055682678,278.38126,52.83339,0.06739285,350.7192,505.06592,0.08273072,342.61215,504.61325,0.13204828,348.3675,512.4822,0.15899844,266.22165,61.609295,0.07722834,371.41177,496.2154,0.1082724,214.57585,225.414,0.0707924,324.9058,487.86807,0.13030705
1022,357.31906,53.176556,0.03976254,173.37108,134.617,0.046360865,227.82703,229.7895,0.05498676,341.9641,480.58804,0.0697414,351.46042,505.5985,0.09056908,348.18753,499.8522,0.13683634,354.19064,511.54984,0.15394115,260.63818,62.52489,0.08499527,371.60883,495.9013,0.11394333,214.71588,226.21967,0.06032535,325.69473,487.907,0.12336748
1023,262.99734,68.84711,0.036937334,164.18094,156.13211,0.037982024,228.34691,237.56454,0.052449565,344.04434,497.63022,0.07097396,352.04324,505.92676,0.0977304,349.37085,499.81665,0.1664125,350.73227,511.79535,0.185281,260.21826,62.910202,0.08453905,372.29623,495.27094,0.117607154,267.1738,80.0327,0.05095805,327.02536,488.63364,0.11480313
1024,278.1526,69.506485,0.045855947,132.39842,188.62875,0.048135675,227.65034,230.22122,0.09212571,356.3275,465.9068,0.07525328,352.79126,506.62112,0.09037188,350.8735,499.4956,0.1749476,355.94186,510.85986,0.19034849,249.99942,62.459255,0.07700609,373.28036,494.53595,0.116171695,215.87633,226.83492,0.07605543,337.3477,486.57162,0.11337707
1025,278.10876,69.6952,0.049375497,132.41545,188.705,0.0430793,228.86652,229.67635,0.0780969,356.25217,465.85333,0.082271256,357.08224,472.78555,0.091563776,351.4187,499.74557,0.18921676,356.58707,511.06433,0.20133042,266.02332,62.652584,0.08059834,372.97012,494.43887,0.12659529,260.35464,178.24706,0.062713854,333.08643,488.30377,0.11670271
1026,278.81973,69.56575,0.052328534,132.41324,188.69844,0.044645414,230.00504,229.30391,0.087610126,356.54456,466.03946,0.083533384,357.34082,473.43304,0.083328515,351.89368,500.22754,0.17262205,357.38077,511.58353,0.18950266,266.52667,63.43156,0.08737421,372.8154,495.25607,0.13149048,226.36139,238.64273,0.058705047,344.3216,501.15332,0.12346586
1027,278.97318,69.366425,0.059386343,173.50372,134.55,0.05001691,230.04114,229.09889,0.06280673,359.26035,496.04584,0.08055714,360.33218,504.71863,0.0906814,351.93848,499.85306,0.15120904,357.09198,511.1715,0.19253673,476.80573,46.616364,0.09110559,370.9803,502.4279,0.11281694,354.90695,78.8093,0.0527306,345.0029,501.7316,0.11867248
1028,278.9021,69.09535,0.06521492,164.3865,155.79353,0.051253874,363.97833,80.07248,0.06513556,359.27567,496.69608,0.07812471,360.3195,505.3236,0.08615968,352.91275,499.38626,0.14415315,358.0017,510.5139,0.17475078,476.95874,46.82542,0.09649436,366.48715,495.96786,0.107721604,260.49652,184.73175,0.058904313,339.63895,487.53247,0.10387995
1029,278.43408,69.03141,0.06955932,173.43806,134.44444,0.04457911,230.86237,229.10318,0.09829999,279.04422,53.089947,0.069993675,360.4444,505.77023,0.06429021,365.55212,494.2644,0.111629374,365.0188,512.0587,0.13757469,476.79422,46.95378,0.098660424,370.6022,502.4815,0.08569095,227.33662,238.79189,0.07404026,341.2748,488.47855,0.09151553
1030,278.19196,69.038185,0.067806825,172.9665,149.10123,0.046674225,231.33044,228.93704,0.08379076,278.8412,53.128803,0.06746528,269.6165,69.0498,0.055294357,365.00812,493.4719,0.09476441,364.66904,512.64026,0.11582847,476.69882,47.016224,0.10003051,363.3906,503.16525,0.07670528,228.0506,239.21976,0.06490163,342.27576,489.75983,0.057965256
1031,278.05646,68.99612,0.06151573,173.04544,149.21248,0.051224124,231.35202,228.54056,0.06390691,279.01468,53.29078,0.06451375,268.8141,86.7369,0.059926182,247.66858,346.0643,0.050818898,364.8759,512.7116,0.07530115,476.19647,46.234802,0.074317865,283.64645,185.30579,0.04423631,260.8807,185.97165,0.055943914,237.03416,329.93344,0.08196846
1032,278.34225,68.92561,0.05892779,173.1467,149.71121,0.043929726,231.85478,228.81728,0.09565564,279.32455,53.603584,0.063081756,268.98962,86.73566,0.06709802,248.28082,346.1096,0.058528863,365.48087,512.7555,0.08799993,476.30304,46.189198,0.073221624,363.38666,498.7318,0.04311374,228.93515,239.55573,0.067695536,236.33786,330.13293,0.10225093
1033,278.70782,68.34452,0.059429713,172.99036,149.84602,0.04657228,236.31653,238.60858,0.0633521,276.3412,78.90407,0.07679291,284.34253,86.97836,0.08099683,364.4146,492.63754,0.060321283,365.84363,512.60236,0.096316494,476.3013,45.92715,0.066858396,361.95914,503.55203,0.056345955,261.17715,192.54399,0.049602285,237.60066,329.72305,0.0675553
1034,278.6568,68.23565,0.059156664,172.93065,149.73318,0.042928394,232.08829,229.23984,0.08734709,276.32715,78.817474,0.08682521,284.19632,87.00806,0.08939867,366.18033,510.22107,0.07416204,371.2702,511.28238,0.13225485,281.5911,63.792984,0.06874185,361.343,503.37265,0.07578297,229.3227,240.2052,0.07565495,238.07109,330.06412,0.07045449
1035,278.5667,68.45532,0.053168565,172.98459,149.78789,0.048185278,231.9212,230.03172,0.08469723,276.25302,78.85079,0.08473565,284.15155,86.93834,0.090373665,366.2819,510.6543,0.072212234,366.9271,512.8012,0.11282696,476.01965,46.17061,0.06865477,361.02933,503.9498,0.05920038,229.19666,240.32559,0.09283089,222.83582,233.47603,0.070615694
1036,278.61386,68.414635,0.056025006,172.94075,149.70116,0.048702348,232.09715,230.23056,0.07764887,276.4327,78.72115,0.084314,284.15045,86.934654,0.08732596,366.26245,510.93622,0.064724855,371.02612,511.6932,0.10212568,497.91745,44.490246,0.06834278,361.0308,503.6837,0.0682147,229.70749,240.73042,0.09304618,223.13332,233.80682,0.065509066
1037,278.5782,68.3473,0.054337416,172.84512,149.75735,0.05075611,231.91382,229.90971,0.073329456,276.42078,78.53324,0.076610275,284.0722,86.93738,0.08291898,366.4877,510.651,0.06902257,367.1466,512.91266,0.106539704,497.80145,44.529076,0.06983598,360.91278,503.63028,0.065280125,229.95692,240.86261,0.09001183,223.17659,234.17038,0.06177983
1038,278.85593,68.50086,0.049981408,172.76164,149.75441,0.05204408,231.83621,230.09349,0.07724046,277.58063,86.312675,0.06864105,284.33298,86.97921,0.08214686,373.21494,504.91083,0.07676271,371.88324,511.69894,0.09240459,476.37012,46.767357,0.08919373,361.03973,503.67816,0.063167386,229.98302,240.8155,0.08767577,238.88481,337.7084,0.07493615
1039,355.8548,23.721252,0.055458147,172.72202,149.81406,0.041008282,237.45741,255.78143,0.06921021,277.5226,86.53057,0.06922025,284.40707,87.01975,0.08242336,366.78085,510.46848,0.08487183,371.83328,511.55917,0.11286744,497.53564,44.715855,0.083421476,361.05142,503.63666,0.07835422,230.02965,241.06323,0.08212958,223.25583,234.3216,0.069625564
1040,355.83597,23.44976,0.05580716,172.82031,149.9795,0.046445798,237.61678,255.73376,0.072385825,277.47446,86.674065,0.07804605,284.15985,87.108505,0.08654724,373.0568,504.8727,0.07215558,367.25772,513.06854,0.09514516,476.58786,46.724842,0.093873285,361.05792,503.76627,0.05903273,230.15485,241.04562,0.08618576,223.25546,233.96774,0.08116773
1041,292.72534,69.74002,0.059874035,172.83789,149.8896,0.051399104,231.54155,230.1943,0.08122739,277.58936,86.91707,0.073889256,284.0693,87.0657,0.08425114,373.14346,505.13678,0.071482606,367.28006,513.1208,0.08712007,497.20892,44.942352,0.10191112,361.00928,503.93762,0.052472714,230.07513,241.17934,0.096814506,223.19102,233.98476,0.08086896
1042,292.70718,69.86421,0.06108562,172.92236,150.0139,0.052375317,237.27083,255.70459,0.070151836,277.64764,87.07475,0.07131965,284.18982,86.95332,0.07492421,373.16342,505.09747,0.05565925,366.75778,513.0596,0.07492065,275.87823,77.93249,0.111282945,594.77136,594.9931,0.041368857,229.84561,241.57268,0.084262565,223.04118,234.0557,0.07317184
1043,357.37164,68.53682,0.066603504,172.98984,150.07326,0.055031944,233.68549,243.68408,0.06504312,277.5482,86.90476,0.07115002,284.44785,86.66827,0.0670595,373.2221,504.95193,0.053485494,366.6285,512.97003,0.07328977,477.29626,47.138485,0.112780005,508.49362,393.37064,0.041004166,229.82306,247.14018,0.079440795,223.02756,234.29123,0.078133926
1044,357.60764,68.765114,0.06623821,365.99146,77.188866,0.04038475,233.61208,243.76253,0.06774485,277.7162,87.15113,0.080955885,268.6548,87.150696,0.06892739,372.83765,504.7448,0.054703783,366.38797,512.9216,0.10469561,275.23953,78.162224,0.1059796,594.64,595.192,0.04193915,229.58348,247.1808,0.076995134,222.90561,234.03447,0.098239094
1045,357.9588,68.82221,0.06482779,173.34674,150.6933,0.054889843,233.50705,243.52621,0.07264593,277.805,86.888916,0.07773721,268.78983,86.82232,0.0701448,372.83685,504.46872,0.058292825,366.4484,512.5745,0.10157627,274.7726,78.19906,0.094744734,369.41644,502.36252,0.04184829,228.75673,241.64651,0.08123115,222.0269,234.10709,0.09114999
1046,358.30865,68.54133,0.06718343,173.32846,150.67763,0.054388072,233.08102,243.70215,0.076015644,277.2582,78.419876,0.07641652,268.76062,86.857666,0.07557614,365.06647,492.93295,0.062602654,366.62308,512.3807,0.10837195,267.3632,78.74002,0.08604955,369.35477,502.05212,0.044317644,228.245,241.40044,0.07829573,221.49745,234.1881,0.09701006
1047,358.68524,68.339615,0.07179102,173.32727,150.68459,0.04222749,232.40132,244.16762,0.09777216,277.32785,78.14504,0.07878702,268.74347,86.76106,0.08081909,373.2379,503.97186,0.055891152,366.52725,512.1135,0.0995931,267.13214,78.7139,0.08933721,507.46378,409.3974,0.04359911,226.86612,241.68993,0.07771717,220.7372,234.5921,0.07917821
1048,359.4771,68.05526,0.07583166,231.35292,252.36116,0.0464921,231.39906,244.18504,0.10997116,277.30927,77.80881,0.07946365,268.67865,86.84641,0.092393376,372.68088,504.36575,0.053489264,365.82135,512.3029,0.08093539,267.21515,79.03818,0.09418711,507.82913,409.33893,0.047371548,221.73912,241.5332,0.083634816,348.89032,74.08825,0.06783671
1049,359.96588,67.58121,0.074943155,157.00186,164.51027,0.04438142,230.91077,244.3233,0.07326705,277.05307,77.35365,0.074922614,268.45157,86.6741,0.09285872,236.60295,249.03557,0.059742853,365.75916,512.3241,0.080780044,267.05832,78.54424,0.08914665,507.98538,409.2773,0.05439699,247.00363,83.060745,0.07641607,347.97626,73.55086,0.050659776
1050,374.6188,69.004555,0.06394301,157.10092,164.65384,0.039800737,230.04803,244.78175,0.06391628,277.23895,77.34127,0.08021842,268.583,86.866196,0.08786377,235.83197,249.01413,0.056278173,364.99814,512.10394,0.07695142,266.61758,78.11745,0.09139401,508.0903,409.16708,0.052180838,259.99155,193.18456,0.068291426,342.56314,498.69446,0.046080917
1051,341.54456,69.43644,0.057856902,173.36354,150.75845,0.053016096,228.84088,245.51491,0.07127008,277.25543,76.95702,0.08210577,268.57733,86.717445,0.07721841,309.52872,137.33676,0.057752524,364.891,512.02045,0.070405625,482.06876,45.595554,0.09602475,508.1908,409.06607,0.056198653,259.7973,193.47679,0.06887045,347.7115,73.579185,0.067283034
1052,342.20303,69.31082,0.06877337,173.29942,150.63646,0.05548633,228.36409,245.5879,0.06480452,277.33688,77.210785,0.070715554,269.17908,86.28778,0.070666134,308.99936,137.66641,0.051419653,497.8155,401.0276,0.055039052,364.05948,76.31168,0.07540816,508.34384,409.03265,0.05499188,342.17654,80.75209,0.080411,346.77554,73.288704,0.13645329
1053,342.56268,69.09644,0.06947374,173.48067,150.8863,0.055992883,226.18301,246.72456,0.07631421,276.98004,76.94659,0.06705939,269.2099,86.38046,0.07592307,448.5801,28.41531,0.05990711,497.26016,401.25305,0.061446358,217.03508,249.81342,0.09921379,508.44028,408.74405,0.05688836,216.94725,242.22038,0.13544378,346.07574,72.60406,0.13517202
1054,342.27975,68.22343,0.07390288,173.28038,157.11644,0.04868861,348.39197,97.19917,0.067534655,276.98822,77.04525,0.0744159,269.19928,86.67442,0.08193465,447.90607,28.727015,0.05685874,351.764,512.84607,0.08426309,216.6901,249.69624,0.077583514,466.76666,17.943287,0.05411176,214.28537,241.95673,0.09669181,346.15778,72.03765,0.09859379
1055,342.58646,67.12506,0.062717274,323.6963,49.980064,0.046401635,217.7717,243.86215,0.086498335,262.2162,86.71597,0.07758619,446.2401,8.490002,0.095364094,447.4249,29.530264,0.065903634,350.67303,512.94336,0.069956124,250.40671,79.073364,0.090486825,466.6192,18.113947,0.06602917,213.46526,246.4043,0.10113052,206.57428,240.61732,0.12695812
1056,343.88007,66.15948,0.0796245,334.55502,65.105804,0.04849294,346.52957,97.187096,0.09157164,431.67084,1.8360288,0.06639191,446.07407,7.5117126,0.09902695,433.87805,27.905403,0.0837587,580.5563,593.40155,0.05927466,362.3626,76.092285,0.09415358,466.3435,18.187794,0.08835637,335.43976,80.15714,0.06390454,330.34756,72.87718,0.1038852
1057,324.6931,61.510273,0.055529382,581.1107,573.1418,0.045297734,214.56502,244.51874,0.075564794,432.05746,0.94055295,0.06518318,432.5389,8.724802,0.10060224,446.7317,45.284115,0.09039603,580.63306,578.27637,0.082491964,466.1619,45.73986,0.098202735,465.75723,19.040977,0.09053084,244.18587,193.65614,0.072233066,417.2706,28.580353,0.11807573
1058,358.36472,69.39807,0.052263923,581.59644,581.4425,0.06433155,212.4006,245.86243,0.06829335,470.32162,37.827267,0.07094663,432.07437,8.754708,0.09717146,581.86566,577.9673,0.111373395,580.72815,578.5843,0.114890605,466.2508,45.122818,0.09495746,465.5312,19.205513,0.11707638,199.43611,242.66716,0.07366942,415.9132,28.233112,0.10375236
1059,326.23715,68.16369,0.06715605,581.5561,581.16046,0.052305635,333.0729,96.53025,0.07331542,470.42566,37.815994,0.06915892,431.6139,7.714091,0.10820484,446.34814,45.628216,0.11404174,580.7079,577.649,0.09272,446.06253,61.105495,0.097957365,453.16766,19.804777,0.09595759,198.63129,242.95465,0.09161517,329.5708,72.86906,0.10197616
1060,323.31915,57.068768,0.072460756,581.13696,580.8473,0.05699314,201.47983,244.31265,0.079981074,431.169,0.40292764,0.0625712,431.0731,7.521808,0.111556515,581.0623,576.84247,0.10022412,580.4689,577.49316,0.11592479,578.72943,578.0252,0.076858595,452.69797,19.554653,0.11162573,197.18834,243.32478,0.11022117,191.02762,241.538,0.10175293
1061,321.53174,56.82858,0.06976699,580.9627,580.9128,0.05596827,199.0816,244.45071,0.0688961,430.7765,0.045319557,0.07017772,416.6682,8.972044,0.12001955,581.2301,576.7532,0.113854766,580.31647,578.2955,0.13808003,578.65936,578.2767,0.08780566,451.46576,19.595661,0.13633786,234.66422,95.72739,0.049495686,400.63126,29.508343,0.11312412
1062,306.64172,57.633026,0.071622655,301.0971,73.16706,0.04931288,197.34184,245.8319,0.10167631,246.68933,68.634125,0.068207465,416.18555,7.7399974,0.13882305,432.0698,44.47382,0.10329121,579.7637,577.3372,0.06344927,331.13962,77.299675,0.07514533,451.5499,20.383455,0.17270848,187.27307,243.2313,0.083157636,397.42505,29.42406,0.09612237
1063,306.63855,57.83189,0.082121946,301.37592,66.54897,0.046507005,411.11505,32.359337,0.072411604,415.37518,-0.23581076,0.080538176,415.41214,7.1392603,0.17060193,417.8524,44.61895,0.123354375,318.58615,515.269,0.06505783,330.13742,77.15278,0.07146047,451.0616,21.909042,0.19979377,182.44333,244.19054,0.13232332,175.81027,244.29648,0.10459121
1064,304.98245,58.758614,0.069980904,311.71585,94.01513,0.052763846,409.81436,31.519714,0.07973137,437.55453,54.197735,0.071262226,414.954,7.406279,0.14927378,432.9329,43.78493,0.106927074,589.56915,75.83154,0.081449404,434.0504,60.064663,0.09683566,448.91632,27.230637,0.19221115,180.74721,244.25957,0.06830794,583.62244,58.84565,0.14028679
1065,299.82947,64.11068,0.06409589,379.07727,40.52748,0.043789003,181.61319,245.4855,0.1199373,415.32693,0.18705058,0.073581405,414.87735,7.355738,0.15783197,183.62907,251.52684,0.10306187,588.94727,80.89909,0.119924374,316.0739,80.180984,0.075948425,447.33328,28.197008,0.2009452,176.63774,254.25853,0.11659137,571.3671,65.29286,0.15630472
1066,289.60306,58.568413,0.07375897,297.9202,65.85526,0.043416005,394.2447,32.560627,0.06740966,399.9389,-0.11215258,0.079341836,399.7707,7.9319105,0.20074132,579.49945,69.8011,0.13037823,582.3227,80.35857,0.09599763,418.9148,60.043186,0.05839175,437.8156,29.215727,0.23578654,167.0708,244.42407,0.066033415,568.8485,61.174805,0.15823334
1067,288.4602,59.22992,0.06293833,311.2215,80.02511,0.04050498,168.18822,245.51205,0.08628395,400.04865,0.2530403,0.06852795,399.57727,8.311635,0.17549066,577.70123,70.94452,0.1490793,580.3963,81.29955,0.13784684,211.40024,93.11504,0.07404037,435.99866,32.90657,0.30096808,165.53624,255.80435,0.113534674,562.8859,66.13447,0.2177111
1068,347.0552,30.526966,0.052519362,168.16405,266.86133,0.045546055,160.81664,256.25693,0.12538753,326.8436,17.933401,0.08421619,382.37897,8.227427,0.16624205,417.022,57.05866,0.17016907,290.18283,529.0561,0.14441822,404.59122,73.6103,0.074275754,436.86612,36.298496,0.3499122,160.57022,256.15894,0.17448412,555.1536,67.91083,0.23001534
1069,273.63153,59.685017,0.06739815,270.933,80.6841,0.042164654,411.25046,29.306946,0.077705674,359.81424,1.6302924,0.08554235,383.25308,9.19304,0.15646681,418.44287,57.01608,0.17351556,288.70383,529.39746,0.17612734,391.02145,74.57956,0.08405469,432.73245,37.83137,0.39279503,404.00974,31.462093,0.08250944,550.8924,71.4874,0.21807295
1070,260.61966,72.933716,0.06696851,381.2377,92.49592,0.040070087,395.5415,29.724812,0.08512754,367.2673,0.7773044,0.08400813,406.46115,16.286068,0.18245088,418.18417,58.000248,0.1669032,563.4118,82.86492,0.09602553,389.85968,74.92217,0.10111841,430.7835,43.220974,0.36393955,149.48546,257.6589,0.14971858,552.3347,72.34591,0.22397067
1071,259.66934,73.07419,0.0641242,253.48215,81.34267,0.05066577,148.65645,254.02748,0.10942552,349.9722,-0.20117474,0.10742168,404.40393,17.145222,0.21656409,403.2183,57.048332,0.18455376,551.75195,85.15415,0.12894267,386.5431,73.786644,0.07919094,421.42935,42.55528,0.41035342,140.75343,257.34604,0.10695074,535.11334,70.833115,0.29165074
1072,257.9228,73.205284,0.072757825,406.1821,24.618673,0.06370547,377.92737,29.990711,0.09884646,350.68192,-0.70389175,0.09980476,390.24286,16.993801,0.20741232,405.24832,60.22304,0.19961633,548.587,83.7049,0.09814924,373.036,75.54203,0.09117688,418.17316,44.917015,0.45308658,136.09836,257.93488,0.14973915,536.10876,72.23452,0.22047184
1073,300.04156,29.544811,0.07668307,405.42343,23.903725,0.053948414,136.15291,260.01926,0.08438468,334.7899,-0.5340271,0.09216428,387.8862,17.528568,0.23754874,390.53046,60.08745,0.2473555,544.1937,84.994225,0.12099419,370.75705,74.36791,0.09062191,413.23502,44.777435,0.42480356,132.40791,259.25003,0.10537935,523.0615,71.500336,0.30649644
1074,241.34377,74.073975,0.07026983,388.8096,23.531275,0.05980946,341.0228,21.512041,0.08397002,281.13846,20.880405,0.08563899,387.41302,17.651354,0.18090641,387.3414,61.208866,0.2062618,533.99915,84.79041,0.10832953,356.2278,75.703514,0.06176663,404.1313,45.881214,0.50210917,353.02927,31.743027,0.09528304,521.62286,73.00036,0.24052498
1075,283.1269,29.690815,0.07107263,388.72922,22.819748,0.062079515,339.06125,22.169312,0.07936337,282.592,20.201832,0.09876273,372.15204,16.96715,0.2044051,373.57718,60.97041,0.22577642,529.70844,85.66295,0.12897567,354.3967,74.159,0.08749829,394.31064,46.571747,0.42219588,118.432144,259.68103,0.0934966,514.4238,72.22809,0.25380728
1076,231.68056,99.95883,0.060676638,373.40988,22.788967,0.059064854,117.82306,261.1857,0.10398968,266.87228,34.541298,0.124826215,307.0916,8.989881,0.19135992,367.00894,65.98234,0.18276864,519.4876,86.35715,0.10004943,341.61804,90.050514,0.111333035,388.16913,46.392326,0.5029807,337.21167,31.477142,0.09905276,507.86884,73.409645,0.2870781
1077,267.41504,30.950947,0.06132366,373.48444,22.619709,0.05426305,114.19484,262.578,0.092741646,266.4638,34.60071,0.12819864,305.85138,5.975345,0.19104007,313.7674,53.848785,0.19184916,515.6612,86.203285,0.1017497,326.09525,92.05625,0.09397685,379.9626,48.212837,0.39927056,103.26764,264.99084,0.10719855,505.36978,74.08972,0.23387852
1078,214.88622,99.46182,0.062429775,357.4579,22.411068,0.049546883,307.9828,20.295162,0.08441089,251.78403,35.135044,0.14079311,308.80548,4.0356956,0.19930531,307.00165,57.46331,0.17130563,512.7472,96.51034,0.090654895,324.23785,91.43561,0.104054205,375.16013,50.085598,0.45599493,336.97675,31.849693,0.09441625,492.69354,74.21307,0.24549034
1079,252.34036,42.590553,0.063534565,357.93335,22.39693,0.06348892,306.9072,20.003496,0.09275735,251.62914,36.334568,0.13734017,308.30667,3.9041388,0.21107431,303.1894,58.344177,0.22738214,338.29376,83.56565,0.09754015,314.05585,92.300896,0.08290125,369.49066,50.740295,0.4857455,306.17657,16.691671,0.109164335,252.67055,47.962166,0.16825856
1080,235.12117,45.31639,0.059444614,190.37999,106.252144,0.048977062,291.29462,19.640495,0.0748825,235.57846,49.76358,0.11598948,295.29428,12.88461,0.23024301,288.67502,60.16311,0.2594434,322.892,83.84652,0.103397176,212.2584,47.49564,0.07886352,358.05237,61.34506,0.5342867,306.34262,17.43326,0.113414325,490.6921,75.885025,0.16916367
1081,235.14575,45.898617,0.065345526,334.46,23.035477,0.04369059,84.713,270.53714,0.09035726,236.02827,50.942226,0.10493303,281.25406,16.00651,0.24722928,289.80203,60.30911,0.16767487,484.55972,97.60794,0.07435406,298.0625,106.90661,0.098531224,351.43848,52.24523,0.5040713,289.6422,30.42114,0.13527635,235.9382,51.500473,0.1899929
1082,233.7493,44.405018,0.058444545,500.30273,99.98751,0.050783265,275.2428,36.44034,0.090965286,220.64221,51.797424,0.130778,278.52533,14.890918,0.21799283,272.62222,73.63184,0.19117354,593.8379,416.26492,0.09181249,291.09546,107.73621,0.07905682,338.72934,62.71072,0.5532329,273.9885,30.723743,0.116920255,461.68143,87.55003,0.22964795
1083,219.6922,47.657845,0.05301588,220.15276,71.0107,0.041293994,273.99228,36.793427,0.0881823,220.69974,53.240273,0.10588552,258.90323,22.58567,0.2489236,269.0425,72.21733,0.25024685,590.1555,419.9811,0.11800644,284.74802,220.8259,0.102156036,330.05914,64.71454,0.5310562,258.58823,29.64342,0.12014933,221.17616,54.20466,0.18314733
1084,203.77489,61.070435,0.05830443,159.14452,121.49212,0.049040996,258.88025,35.389412,0.09331107,204.4804,60.74686,0.10323233,263.14844,16.790565,0.27185276,255.18474,75.53815,0.25702697,580.04205,416.03964,0.09961509,266.47833,122.961525,0.0945897,320.06235,65.16713,0.5130023,245.62157,27.629538,0.12529482,205.73625,67.4744,0.2266887
1085,202.09108,59.492184,0.07043552,276.3391,62.71138,0.03876965,55.372494,285.18777,0.07841439,220.44226,48.63694,0.13725944,261.48746,17.359116,0.25608745,241.32704,74.8089,0.1986516,571.07227,417.28333,0.098930895,260.1485,123.95668,0.09017307,310.81555,68.57241,0.5479501,257.51614,31.657375,0.12514143,158.79446,109.90756,0.2545159
1086,202.1888,58.278416,0.059119914,214.43727,204.94647,0.0456366,202.99254,62.499805,0.08953761,188.64735,68.20809,0.17955476,227.65147,40.007324,0.23010267,239.22418,87.626465,0.18524273,464.2173,545.47015,0.08490819,251.44118,125.072754,0.11047496,298.553,78.686874,0.4629656,240.80768,47.23691,0.12862834,188.01936,70.08797,0.20180507
1087,170.84776,77.54939,0.061290752,186.87274,65.73053,0.044136606,202.22044,60.206604,0.108967334,188.84659,68.31448,0.15157403,225.22906,37.234547,0.23973753,222.35182,88.50077,0.23732804,205.17375,98.459076,0.11047092,279.11182,72.64031,0.07661388,289.02768,71.40153,0.54469186,215.4561,32.16876,0.12556809,136.87398,125.948074,0.21228929
1088,171.04582,74.77319,0.06387715,165.61647,183.10913,0.043291274,188.28857,66.05723,0.10924035,171.69183,82.81301,0.16815475,229.4312,33.450966,0.21198264,225.72313,90.63187,0.20288563,422.0461,113.43816,0.077292256,233.56665,139.05324,0.09717687,276.61673,71.638855,0.5129941,210.45174,46.476704,0.13480137,128.10548,126.2901,0.30665952
1089,170.90442,73.55082,0.055796757,148.89796,82.62163,0.04693511,26.600765,304.44577,0.13255794,196.88951,49.07472,0.13189268,228.24052,33.876118,0.20644574,222.37317,90.0408,0.22063617,189.1123,104.31756,0.1033755,219.95935,141.42856,0.07436722,265.91498,84.178795,0.49853295,196.1604,46.657043,0.13505785,122.82883,127.390175,0.23324268
1090,436.18732,547.535,0.06396605,37.581192,333.38162,0.04349627,170.27751,77.99494,0.10351415,157.20113,85.12145,0.13454211,211.98706,46.25828,0.21255007,206.93712,93.47903,0.22416063,174.56416,112.28024,0.1156725,216.89415,154.49173,0.076362245,255.37843,85.34281,0.5117846,183.01543,49.213264,0.11877159,108.3511,141.40247,0.21452391
1091,514.39264,419.94724,0.05441217,183.20807,58.78681,0.0471395,157.04834,82.64083,0.117935084,156.38536,83.950226,0.13353401,196.965,48.557602,0.2183641,203.1552,94.233444,0.1975798,205.20186,111.55542,0.072940685,215.01175,81.92762,0.08059455,243.92125,87.60255,0.53594923,177.52686,62.48107,0.12422579,104.51815,141.63501,0.2706209
1092,198.8628,163.13919,0.05494498,404.13446,115.07503,0.055681344,151.29729,82.127205,0.15484686,143.57439,86.27165,0.22556652,139.01971,109.00754,0.21649529,190.18422,106.890526,0.20221527,510.26752,426.96066,0.11675614,201.2107,168.52986,0.10416827,230.78244,100.07012,0.5104306,161.88768,63.969006,0.11299297,92.167244,154.99187,0.21005322
1093,198.27959,197.39024,0.06256205,167.25044,72.59977,0.07113748,151.26808,83.06054,0.14797138,136.36984,99.29434,0.18845886,130.28552,115.025475,0.19897972,177.65544,130.46199,0.17546993,501.24506,426.36325,0.122111246,186.45381,170.03229,0.09476143,224.01653,115.437836,0.46261066,145.17313,77.821686,0.10485356,89.13485,154.31616,0.22536772
1094,496.5231,399.8465,0.048127074,149.69624,86.6478,0.07135582,135.44493,96.30088,0.14973636,121.84318,104.519966,0.16496962,165.98245,69.17244,0.16458711,172.46442,123.26981,0.17137523,493.74954,428.9785,0.1182405,180.84259,171.42635,0.09361789,211.74017,114.682365,0.48498878,127.456924,84.76109,0.11346047,410.22485,123.82883,0.18214743
1095,182.96371,198.13937,0.04611847,135.39575,92.73143,0.094823755,120.41092,101.15072,0.14520688,119.35022,106.404884,0.24317554,114.14516,126.07361,0.2438304,157.48839,123.44687,0.18455458,490.515,430.92752,0.11190189,124.93266,99.808365,0.11430145,197.76181,115.67358,0.43810746,160.4329,95.21355,0.08436847,467.95544,423.51242,0.1745598
1096,479.56848,399.94266,0.04480323,133.95355,91.4286,0.07184585,118.89829,102.70648,0.15214498,119.40637,104.080215,0.17986609,477.71646,408.13596,0.17740843,147.42944,144.73021,0.17819896,470.32632,436.1273,0.1447714,165.69078,186.70076,0.13053672,183.95813,118.769615,0.38156605,96.63185,102.332214,0.11146536,334.39212,121.17534,0.23344132
1097,479.5217,398.7249,0.04679262,115.70584,105.51024,0.09540387,105.01567,108.39779,0.12534824,103.130684,121.23796,0.16815993,465.94504,408.93207,0.2199159,467.83685,434.00516,0.19079028,465.2122,442.0794,0.1494389,162.80125,186.81755,0.093968764,168.15256,118.555145,0.34562835,177.6721,127.02241,0.06885241,323.41537,120.335915,0.2734616
1098,356.72797,547.69464,0.06436992,340.622,146.21114,0.077575855,89.1214,124.3378,0.10568194,458.80884,398.63843,0.12009082,456.51974,409.13342,0.20251118,451.47632,432.6547,0.2268217,448.9325,442.65576,0.2435161,81.934395,114.50738,0.09973863,161.76546,134.33144,0.35699314,128.29858,111.18135,0.06496425,313.32758,122.16804,0.3206059
1099,357.48154,564.53656,0.05742563,86.40889,125.14859,0.090697005,87.26125,124.12113,0.10605683,444.06628,399.9581,0.09958196,447.4879,407.94333,0.20001942,444.5398,433.1233,0.21578713,444.33734,443.08725,0.20506963,72.00411,128.25665,0.0961932,162.35213,163.5584,0.31523374,112.534134,112.65772,0.05049405,301.20792,123.184326,0.30437404
1100,305.21814,548.45575,0.06318099,325.03064,161.42665,0.07157043,105.20472,194.94038,0.07428213,442.02557,397.85226,0.124472596,433.2823,409.99292,0.2236181,431.62842,436.22223,0.21697289,431.03278,445.3388,0.21820617,343.025,151.01338,0.12335611,148.3033,164.6349,0.3065664,113.2898,128.39153,0.052289885,287.9345,129.58441,0.29039082
1101,290.18805,549.6504,0.07819941,69.24181,140.52426,0.08686254,105.608055,318.1335,0.09194045,411.06528,434.14755,0.10549512,416.0923,423.28894,0.1905322,419.88675,435.12363,0.22183505,418.40503,445.76086,0.20897608,124.303665,312.97507,0.1267029,595.9583,130.10255,0.24258178,25.503403,212.98792,0.059295945,275.35056,135.55948,0.3097033
1102,515.66956,136.81119,0.05836961,91.995445,316.13602,0.087434635,98.345436,319.34885,0.086112134,427.23346,393.10696,0.10122241,410.86435,420.52573,0.19623363,407.16882,437.45135,0.24180615,405.85825,448.85123,0.24129859,109.24644,315.63086,0.11962667,582.11096,134.97,0.24084942,82.92745,368.29904,0.05082993,261.00378,136.56099,0.376522
1103,506.94165,128.96169,0.072970435,277.1176,162.18004,0.09166017,17.757961,321.536,0.13798848,553.8773,105.83313,0.1052698,397.8304,420.60367,0.23660205,547.487,150.26042,0.2655656,397.9323,450.43652,0.20362936,582.4194,149.56343,0.14089684,577.8734,141.1741,0.4637229,543.7484,129.13434,0.072479025,247.60446,138.36365,0.41646755
1104,46.034004,273.85538,0.09941777,75.242,411.6826,0.14839923,81.20259,509.9359,0.19179948,282.15283,452.6054,0.10167701,386.67413,423.28842,0.23895895,530.30035,151.7106,0.2439102,296.00687,483.00287,0.17959416,106.50841,506.0079,0.19322821,566.17316,143.11798,0.581571,36.405724,279.57483,0.12488765,238.94795,144.02007,0.35755458
1105,60.343685,323.13638,0.105888166,59.382816,331.05698,0.16356103,64.510925,336.69794,0.16193466,534.7625,107.90433,0.11871836,381.88452,420.67252,0.2104984,517.4062,151.60432,0.24715692,270.1529,467.19385,0.2163509,552.53345,146.70865,0.21416095,549.0135,143.89595,0.43029135,20.624857,291.61707,0.07030256,226.74393,146.41605,0.3570056
1106,475.0419,131.21254,0.09212494,60.95624,424.9509,0.15481105,16.342457,305.90027,0.30309454,520.2722,107.94994,0.1380982,514.96875,117.4837,0.22270335,502.32123,153.22641,0.2294508,267.0931,506.19025,0.19037777,540.803,146.57109,0.25094885,535.602,144.41809,0.37549013,11.039169,293.53925,0.17583543,211.83086,151.66667,0.4313363
1107,45.087875,337.09943,0.114142075,30.797962,316.56628,0.17774422,48.21141,525.9387,0.29582423,509.23505,113.17086,0.11287551,353.8603,423.6026,0.20289409,491.07358,156.48468,0.21727458,355.14218,462.68542,0.15798144,526.80664,151.80338,0.25290462,522.91907,149.02475,0.2960412,6.8280754,300.5346,0.08152248,197.83272,159.98557,0.42827085
1108,443.66235,145.317,0.09375481,45.019627,521.6557,0.12322052,24.992569,543.56384,0.17539865,493.4955,112.95665,0.14543243,481.846,126.57446,0.24955843,470.51367,161.35736,0.24319106,234.68665,476.13458,0.23802888,512.5165,153.27007,0.21450184,510.38446,152.35979,0.40863177,31.695236,526.1978,0.07325272,187.52191,164.85005,0.4185377
1109,428.72015,146.20717,0.10982515,20.552631,548.02716,0.12029711,19.739649,365.21332,0.23064831,473.38727,116.58632,0.1706882,466.933,126.66831,0.28022096,464.67383,165.09474,0.28095964,454.57016,171.11743,0.20036899,498.46783,159.77187,0.20839247,498.0506,155.3249,0.48958874,17.836449,364.6782,0.09389384,172.8356,167.78522,0.46887752
1110,412.8935,146.33475,0.11198725,47.397736,374.24066,0.13509068,12.904711,454.2553,0.33366165,458.2123,118.70825,0.17077021,452.24585,128.29855,0.29884186,449.3829,165.97781,0.28153202,210.81195,459.44373,0.234346,31.47613,456.17133,0.25244388,479.12924,157.79695,0.47073728,7.5322323,450.29456,0.15510294,159.7172,172.51686,0.44450426
1111,397.84958,147.23595,0.14060333,204.74617,492.78314,0.10257117,434.90723,132.67178,0.15970428,443.0316,121.37792,0.16480829,437.56134,130.74585,0.2989615,435.5125,166.37321,0.2749548,201.90399,516.6883,0.20366932,467.0181,160.15843,0.3002717,465.00336,159.46866,0.34177542,152.10863,180.80637,0.0967257,148.30199,177.61172,0.48336333
1112,381.95587,146.76593,0.1299685,206.25693,474.0254,0.121772856,420.40378,134.54527,0.14851686,436.96463,120.98023,0.16788396,285.71436,435.93826,0.264445,144.83896,199.95811,0.33192283,189.21136,513.2803,0.30174023,453.059,161.46637,0.29564205,453.06137,161.20627,0.30565533,138.20068,193.2325,0.12157706,134.84494,183.11092,0.51305014
1113,365.89978,146.88321,0.12676069,292.77902,44.363403,0.09474382,415.64874,132.23157,0.18066321,421.9805,121.224915,0.19972554,407.98358,134.63043,0.26072443,130.80765,201.92569,0.3015044,396.0441,180.16162,0.20589781,439.71375,165.94363,0.32049948,415.24518,296.3952,0.3474923,420.50052,133.1269,0.10701664,376.18033,160.15039,0.49564153
1114,364.5206,147.76427,0.15174551,168.2543,475.3431,0.14315948,399.12958,132.60217,0.1574419,396.40842,128.73662,0.20782447,383.46368,143.3101,0.29171407,117.08648,201.47867,0.28417867,165.92676,522.20874,0.3446205,423.7775,167.1855,0.311759,404.13718,299.84155,0.4499696,395.51242,160.2706,0.10324081,362.49094,161.93234,0.44692788
1115,349.57666,160.9942,0.1629978,160.44823,501.4888,0.14453773,382.81235,132.23273,0.13649778,380.42365,129.94678,0.214544,367.2183,146.1876,0.32146502,365.05698,172.37381,0.29210708,151.35063,522.8208,0.2616906,409.259,172.62935,0.32693887,391.23694,303.27115,0.42469692,379.13162,159.52298,0.101695724,349.4483,163.92827,0.50050986
1116,332.87512,162.27739,0.1251753,147.72748,472.65967,0.14586888,369.65085,131.397,0.105880015,368.58752,130.00693,0.16089259,356.1852,147.18257,0.3121744,354.67343,179.50156,0.33391133,356.88425,189.07011,0.23937243,393.6066,178.15489,0.21212377,391.0359,173.37021,0.45493704,88.93917,209.54031,0.098665446,334.08176,168.55212,0.4430582
1117,316.4799,163.02147,0.15585668,94.70722,374.66913,0.12657143,83.90722,206.57394,0.12260021,342.3558,142.5374,0.20239633,336.2671,150.47615,0.34303337,337.81653,181.77867,0.32599282,344.75497,193.77292,0.2281811,380.3813,176.8198,0.25576755,362.28027,309.9364,0.4128333,347.86078,175.32213,0.097165965,319.11227,172.54659,0.52900153
1118,301.04535,164.50053,0.17163049,365.36557,566.1097,0.13085203,326.30664,150.72287,0.19267428,331.2934,147.9914,0.18931623,321.77145,159.61801,0.27467617,324.0344,182.45335,0.2734016,335.69305,195.62283,0.21529892,361.42685,178.35121,0.32015973,348.2212,312.6617,0.40397885,331.88977,175.00081,0.089090936,305.3867,173.7274,0.5905511
1119,284.7044,164.35196,0.14501533,335.60507,571.1116,0.1575427,309.24368,151.7986,0.17885041,314.64954,148.36995,0.20509814,305.51865,161.05711,0.29549062,306.2818,185.07175,0.2841184,313.60248,196.3271,0.25808984,347.9647,181.49931,0.26430935,335.72507,314.59885,0.38278893,315.5053,176.20418,0.08122747,290.92178,174.87425,0.6518242
1120,268.37695,163.09122,0.12732343,319.51993,571.2813,0.14346805,294.27625,152.47673,0.13681649,298.1468,150.8396,0.24172178,289.3212,164.25578,0.28385618,290.08575,185.95006,0.30451506,297.88077,197.48831,0.28480464,331.84833,182.65152,0.27928203,316.45917,315.0556,0.4279795,300.00674,176.4055,0.08597429,277.43112,176.52798,0.54339385
1121,303.73505,550.99084,0.19858581,303.2281,570.0681,0.25533885,28.429201,223.25227,0.20293158,282.8724,163.68968,0.18350086,274.48,168.87251,0.2393984,275.71967,185.799,0.28452104,283.214,197.2957,0.26760814,316.16092,188.02672,0.32093433,302.11325,316.2056,0.3885747,285.63937,190.5155,0.107566066,264.40994,178.26115,0.5543644
1122,287.4841,551.2388,0.1723228,286.75757,569.9123,0.23282936,25.31211,230.09004,0.17466456,267.73822,165.17505,0.18635578,139.19516,456.53632,0.24483638,260.58133,186.77277,0.26799464,140.90541,476.3885,0.2436894,300.54294,188.60829,0.3087118,287.41125,317.38913,0.3570924,28.047243,238.35614,0.13097312,249.70978,178.29459,0.49122432
1123,271.71933,553.1129,0.11497607,271.66635,570.5297,0.19525655,247.31316,170.55087,0.13989335,251.07164,164.50143,0.19696514,244.81078,170.66258,0.23211749,250.2438,193.96788,0.20086512,250.69371,201.36218,0.21425009,286.6919,190.20372,0.27993366,357.80423,335.15024,0.27162468,17.872911,240.32047,0.124517985,234.93541,181.70682,0.45852768
1124,255.14935,553.2041,0.14706437,269.39075,563.4787,0.169769,239.85782,151.56155,0.14081375,234.52322,162.47876,0.26871777,227.71518,169.8617,0.33154932,227.2907,189.75067,0.3078001,231.77184,201.65378,0.27259183,266.29562,194.07034,0.18187551,351.22922,337.4327,0.32969108,13.261449,251.91928,0.08038561,217.11632,182.57382,0.52494395
1125,239.26723,553.7288,0.10350167,253.92433,549.2231,0.15529971,223.00938,168.53441,0.12128999,219.58586,164.11967,0.19104406,215.33241,179.73534,0.26691118,218.63635,196.77252,0.23898484,217.73135,203.00113,0.1718041,257.06836,192.50958,0.25012335,98.092865,515.9662,0.28213826,2.9687495,248.697,0.11731894,203.90135,184.67831,0.575472
1126,232.96542,169.69997,0.13203521,143.55139,474.6989,0.15331578,208.15182,172.25085,0.1702969,214.87418,163.9776,0.18536727,200.13545,182.1221,0.2871215,203.39308,196.1564,0.24166204,129.8439,483.65918,0.34970003,240.1195,192.1894,0.27236328,324.22742,336.0516,0.33872628,206.87642,222.92438,0.069795676,190.7871,185.60788,0.58316934
1127,133.03699,454.94553,0.18266368,138.35951,469.73206,0.2272347,191.97234,173.21811,0.20790203,199.65388,164.58481,0.18074687,185.54295,183.91505,0.2695821,188.89705,197.43265,0.22218409,117.96543,478.47382,0.30591097,226.43724,192.9632,0.27855328,297.2782,111.92004,0.28579193,190.94493,221.95544,0.07171357,178.44269,187.45808,0.57272863
1128,161.15538,179.59319,0.15252908,119.62379,474.4323,0.17492883,178.08195,168.09093,0.16169997,175.07336,179.41153,0.19695324,170.80734,183.47914,0.32240653,172.55115,198.6033,0.27075592,112.85824,484.96738,0.37824142,216.22763,196.90218,0.22206044,287.21527,114.16367,0.2773498,261.28998,290.81458,0.06067981,161.21976,189.13474,0.5863069
1129,144.50568,179.52763,0.138328,190.8096,586.63403,0.24738301,163.96585,167.63144,0.17703958,166.62491,174.84854,0.24236557,155.82835,182.78427,0.3361941,158.41512,204.70906,0.24697603,92.194466,477.5052,0.26817656,201.33455,196.77759,0.29350448,273.65063,115.3799,0.27194455,176.8378,218.9049,0.05742718,146.22792,190.50592,0.5793176
1130,128.10046,180.26215,0.11884968,188.60095,538.0456,0.14329325,150.47891,163.86032,0.15542397,151.95161,174.96333,0.27712077,143.20697,183.52467,0.4304684,143.89409,203.92287,0.25621542,149.98221,216.1197,0.21402332,187.77246,198.04802,0.2604533,265.27844,119.5096,0.33232817,156.31305,193.00851,0.06502411,131.97328,191.98361,0.5532483
1131,184.08028,187.8704,0.13010822,140.8745,458.88583,0.18174179,135.4366,165.58809,0.18876894,136.20496,178.11371,0.44596818,129.9253,188.3678,0.57688916,128.09995,204.18579,0.26719594,132.89476,217.4038,0.20829064,174.08664,200.11797,0.34128243,248.69608,119.633064,0.28787997,125.54996,175.4397,0.08117021,119.88479,195.93549,0.5097663
1132,113.54612,175.96756,0.1231213,157.23904,537.2807,0.19133784,121.98895,166.32057,0.17593314,123.31219,178.44615,0.3642945,116.87541,189.43785,0.47296453,118.64946,212.93071,0.25774717,189.5576,139.85754,0.18343773,158.65718,198.32423,0.3235328,234.97937,119.94432,0.3212561,126.62356,189.91821,0.08556256,107.63031,194.90442,0.5642919
1133,95.769104,178.23123,0.17811073,163.87311,202.62717,0.09915859,114.738045,165.3561,0.19223563,109.16728,178.36472,0.42561048,101.372284,192.40413,0.57846737,103.21974,215.3505,0.28317964,188.38649,141.92062,0.1977731,146.86803,199.74016,0.30428448,219.39613,120.060455,0.32619706,111.47274,187.35385,0.09820595,91.568474,201.96179,0.4779464
1134,81.28424,179.60849,0.12790768,125.03837,555.555,0.09248036,100.48555,164.29463,0.18650362,99.63214,175.40013,0.31925508,90.587906,187.73038,0.47960317,90.38498,217.84409,0.29062697,85.429535,232.89453,0.21787982,136.15256,198.77995,0.28830075,125.68236,205.11134,0.3083872,95.36827,204.49982,0.11098349,80.57217,193.04694,0.55618757
1135,118.88544,171.4298,0.121162094,123.89927,490.3184,0.12558939,98.92013,174.2533,0.14021154,93.217896,180.67694,0.20755745,85.8876,191.2116,0.29161054,159.61037,135.34006,0.21759175,156.47289,141.65285,0.19797227,124.85992,198.61507,0.31423104,198.65112,119.990555,0.36746684,93.91069,190.31013,0.07911526,74.975624,194.28838,0.47384685
1136,130.9689,104.01965,0.0767983,236.57968,299.5288,0.09969828,75.15683,161.9669,0.154445,74.241104,180.6992,0.31562573,67.785126,192.96042,0.44745862,68.689545,219.6371,0.23896222,140.58638,141.29694,0.19382231,110.70168,198.68025,0.2863216,183.14409,119.16273,0.40023297,79.927,188.32858,0.15026249,61.058907,191.86617,0.4357953
1137,115.41145,104.43613,0.076735705,69.18489,557.395,0.11081883,67.262115,172.83592,0.14636047,60.68969,183.06154,0.27812684,54.21643,194.51491,0.39037296,24.624746,244.19347,0.23519708,124.328094,142.31853,0.19230497,94.037506,197.31596,0.25664973,167.30267,117.02383,0.46483803,65.364876,186.74901,0.13334027,47.30418,194.65843,0.37020463
1138,163.8402,294.65903,0.08453033,108.812454,451.64832,0.09986069,54.540215,172.23524,0.19285586,46.144615,185.66487,0.21641764,40.441128,196.4298,0.31600416,20.950129,242.43854,0.2398323,21.166641,247.7658,0.18643826,80.39102,197.52213,0.28411797,155.07697,115.35345,0.4829505,51.494663,173.8008,0.1415179,34.796055,189.7464,0.44154602
1139,83.43688,102.89339,0.078585535,93.03187,456.0864,0.1394467,38.629295,162.49599,0.17554875,29.292366,185.05708,0.2133327,26.795685,195.92044,0.27712512,21.884819,229.12689,0.24387556,93.78819,430.971,0.21233852,74.80168,187.47598,0.19613422,149.2755,116.550156,0.5020855,45.840103,175.04169,0.15907279,24.28933,171.94868,0.42853892
1140,96.77755,88.1612,0.100443244,76.54108,458.58212,0.12513426,86.39196,387.6903,0.20809007,25.65534,177.73938,0.24513888,21.246283,194.08781,0.37096328,18.208954,241.05524,0.34378487,75.06484,436.9664,0.30911154,72.58475,353.1878,0.15577433,134.94618,114.0395,0.48589534,27.261648,171.72588,0.15000206,36.248493,126.44791,0.33362976
1141,206.12898,587.66016,0.08203533,61.003635,456.67093,0.10676916,73.26699,389.74472,0.14803973,24.462042,176.8328,0.15489137,12.220665,191.7543,0.32340428,66.34617,122.857376,0.26824632,57.96866,447.1999,0.23830396,56.19653,352.10098,0.2053918,117.721825,109.51944,0.46963495,22.066006,163.56584,0.12966265,72.948944,93.33834,0.2334489
1142,81.91878,71.68096,0.09424158,188.15749,505.9543,0.12249019,58.222412,388.58954,0.13666873,41.09637,433.52292,0.15279913,6.2799926,184.27138,0.2844678,52.070198,120.67883,0.297945,16.45,207.16806,0.21483299,43.211437,352.1345,0.27115366,103.70946,103.84679,0.51327527,21.076456,364.7298,0.094167605,-2.4996653,192.28755,0.27333614
1143,62.95652,71.839005,0.13043188,45.108932,426.81708,0.09302328,43.33065,386.953,0.16488957,25.868458,324.9582,0.09637784,56.632187,81.0857,0.3201385,38.42635,118.50237,0.3825636,47.96436,415.26358,0.27705675,28.449903,350.99283,0.21841975,98.212364,103.970085,0.5796963,40.43952,390.34738,0.08357911,40.376297,92.16707,0.37609914
1144,64.850006,71.54923,0.119826816,22.160007,422.186,0.12117046,36.48974,382.38724,0.22292171,58.269314,348.04404,0.14463645,41.233448,80.99133,0.37959626,41.33438,392.23132,0.436064,27.804688,416.45413,0.32913274,23.365108,352.86066,0.22741947,84.69046,101.968376,0.6051351,29.697441,414.3508,0.09876089,24.53672,91.03844,0.4001547
1145,50.4976,74.92331,0.085328616,38.968227,82.31181,0.0773746,26.599865,122.92848,0.094718784,43.843895,346.12784,0.13532923,36.89215,80.966225,0.3832341,20.639748,116.17693,0.42444694,35.390167,400.41782,0.22707422,67.689476,107.97112,0.1835645,74.62822,100.862114,0.65960735,60.215782,101.43904,0.13763414,14.276545,93.61683,0.45502752
1146,31.169653,73.32941,0.05983531,21.46198,71.18676,0.096374765,20.094395,77.95985,0.104771204,28.1805,59.625767,0.07799318,21.941092,78.58422,0.47471794,14.740444,115.932274,0.5114577,17.141155,124.18068,0.26059884,53.101345,107.44349,0.16884238,61.320473,96.92537,0.6238673,67.157234,103.05296,0.09010426,7.4940834,90.78339,0.5867868
1147,0.62957907,83.09913,0.09743253,22.5053,78.889275,0.09967223,5.33167,77.27797,0.10166934,26.710192,60.189236,0.103897266,18.70231,77.77039,0.48143053,11.4171295,113.818016,0.52435863,14.723654,124.90082,0.29668045,46.681316,97.53793,0.21264502,50.510525,96.09139,0.61244476,47.295944,102.07622,0.100204125,5.737896,90.24714,0.56673694
1148,2.3959165,87.92529,0.07900941,0.17072797,80.52433,0.07901924,4.980571,77.57297,0.07394552,32.43038,63.608517,0.08522759,16.011585,80.160034,0.4000989,11.270345,109.85211,0.43038762,5.4706674,119.53837,0.15824527,38.325115,92.1317,0.1686348,38.159904,95.60687,0.53129965,28.636505,102.22324,0.11583232,9.754484,88.7552,0.545275
1149,3.2270486,88.26955,0.090153195,-0.6926732,96.10115,0.042455096,25.691042,110.76235,0.052659,15.870477,64.54816,0.075212374,15.932226,83.26057,0.25051296,14.358236,106.83846,0.25757104,5.536548,118.41591,0.10401217,27.856731,97.22156,0.17974015,28.08862,96.273224,0.41509977,34.67715,105.32847,0.08793929,-2.904438,90.64695,0.38186136
1150,157.44049,572.8921,0.042636704,45.289886,270.5668,0.039517164,28.569601,605.365,0.028380403,102.59725,261.64658,0.04164362,324.61948,36.407635,0.028281711,590.9347,587.16455,0.056039404,324.23328,146.85379,0.054628987,55.90959,283.1971,0.06335621,584.00195,593.2436,0.05659961,22.524061,597.1432,0.03783705,22.610186,603.8016,0.03939832
1151,158.4826,588.4009,0.051586922,45.58465,270.97113,0.03734242,28.68705,605.4095,0.037474383,21.916618,278.34195,0.039154742,20.738287,613.512,0.02979303,357.0154,497.78558,0.060067393,355.45944,498.05377,0.058239833,583.5294,580.1901,0.055257734,583.2859,578.2466,0.06307523,22.335705,597.21655,0.043508984,595.413,581.7384,0.042497244
1152,143.23195,588.7524,0.068863414,125.41584,347.15927,0.10109606,133.64778,500.79898,0.054898616,147.41393,507.89496,0.09440099,134.23552,518.9952,0.07438916,590.94073,587.2601,0.057187606,121.5173,345.88315,0.12846361,99.06332,347.34885,0.10156337,155.00381,585.04205,0.06282052,22.071394,597.06683,0.04843906,124.17184,348.1112,0.054805264
1153,126.49619,588.53046,0.048134208,372.3265,428.6914,0.063890345,28.368258,605.134,0.040530693,597.1716,22.437855,0.034312826,389.37338,437.47305,0.0454901,372.77585,418.21198,0.109381504,371.57455,433.44153,0.116127215,553.6656,586.66595,0.0637825,584.20636,425.11856,0.045403235,22.278812,597.0987,0.042631026,44.56517,604.3464,0.038930003
1154,591.1707,478.49936,0.049765516,541.698,410.6136,0.08502787,28.234814,605.28326,0.052853208,133.505,532.84155,0.033361178,389.2959,437.041,0.03935939,245.9556,177.98048,0.13805576,528.21857,406.23395,0.16630273,520.55396,408.2694,0.16165516,203.52292,27.00162,0.063007414,21.899567,596.897,0.061617732,525.84784,411.3189,0.0865296
1155,591.17914,446.22922,0.044365786,269.2735,330.34805,0.07737939,28.252089,605.17444,0.046544578,597.2353,22.448872,0.02841929,20.719204,613.21655,0.030429743,245.74039,321.52393,0.109032154,250.04861,330.15262,0.13597155,249.1715,329.61215,0.119092345,583.56433,578.3859,0.054431144,21.6256,596.94824,0.05515137,253.51958,330.5412,0.07911165
1156,110.19499,573.31116,0.045566034,244.50371,188.85765,0.039265305,28.369188,605.33105,0.050638013,261.13025,180.52917,0.028381556,20.897896,613.15356,0.03711988,260.90353,177.9917,0.06958536,259.51443,185.81627,0.0728878,17.486547,595.38025,0.06960111,106.82819,585.8033,0.085067734,21.65494,597.10736,0.070107535,30.091179,597.61554,0.04926605
1157,110.05012,573.54266,0.052124836,45.311356,45.67708,0.027158784,92.85006,605.3977,0.03904479,582.33105,583.0669,0.026990796,20.616716,613.34985,0.02953853,109.699585,605.4407,0.05966732,378.95538,297.35278,0.044020988,17.699488,595.5464,0.057124153,583.4472,578.1905,0.06159773,21.739738,596.9574,0.054403123,46.569233,28.681969,0.045682095
1158,110.48154,588.9787,0.057484236,373.06952,124.47233,0.04107996,93.72797,605.2947,0.030769704,102.65535,565.8295,0.037556678,95.13479,588.86707,0.027430112,373.06723,114.815895,0.07291892,372.3705,132.11679,0.10708794,371.38965,129.66356,0.066538975,89.56071,585.025,0.088264585,21.95964,596.92975,0.03374883,390.96808,130.4389,0.056486335
1159,94.0064,589.267,0.041540667,373.03995,124.48229,0.06525287,76.70436,604.9962,0.03768403,372.67316,60.56217,0.035919063,180.92496,261.30972,0.024635863,373.07904,114.53826,0.11422424,372.23087,132.65874,0.14708553,377.47522,122.56273,0.1128633,583.49036,578.4355,0.061143,100.8765,596.7525,0.02804346,390.70996,129.88174,0.07568333
1160,78.12715,589.07825,0.04498742,556.31067,589.3494,0.03705112,76.88093,605.4226,0.03950159,582.57654,583.4276,0.033698324,389.10333,484.87265,0.027203014,591.2786,587.11053,0.0696995,372.13562,131.49144,0.10304697,377.6807,136.61166,0.056601133,582.9164,578.2564,0.05533906,84.97545,597.02386,0.029077023,69.40723,604.09436,0.04313452
1161,78.73144,573.7719,0.049103733,556.37476,589.8338,0.035133563,76.37658,605.0654,0.027308421,582.69806,583.40674,0.029304007,78.407196,587.0011,0.05949001,78.575966,589.3741,0.090532124,548.5279,586.558,0.034802366,582.02673,587.84436,0.054211922,75.37639,585.71326,0.10739898,22.27772,596.9048,0.03675484,67.35696,602.32996,0.05020083
1162,590.8902,286.37183,0.04780224,228.1923,444.02356,0.03902267,44.61552,605.29767,0.032082565,598.5273,583.08307,0.026500285,77.41978,586.47766,0.064101316,61.80218,589.6716,0.098101966,235.2946,442.87744,0.04746328,582.34125,587.70306,0.057730433,76.35173,586.61536,0.08467208,22.358574,597.28424,0.03931553,51.682133,602.70575,0.05367046
1163,591.0645,494.26712,0.045605585,468.4443,412.4278,0.041894488,44.509766,605.18536,0.03051034,582.4446,583.4662,0.035919446,68.77638,581.34235,0.053167887,61.59291,606.6179,0.10330796,372.0993,455.8907,0.09202389,361.24094,459.6035,0.076139554,60.782265,587.0563,0.06392933,22.893986,597.43866,0.038804136,37.730484,603.5534,0.05854709
1164,590.673,446.14767,0.039652452,45.448795,45.95044,0.029092439,29.75556,606.19904,0.05386487,596.7984,245.80319,0.0256833,53.69917,580.5004,0.11311014,60.229073,606.7302,0.1371686,60.696968,600.8096,0.046545945,17.600761,596.34094,0.071150765,69.47877,594.007,0.09217379,23.149572,597.1229,0.06920547,41.506237,589.6864,0.12778611
1165,591.16486,414.38174,0.043418605,260.8524,188.63074,0.07185602,29.914598,605.93475,0.046445977,581.9898,407.15533,0.032564405,46.851772,586.9949,0.07218723,47.037086,590.1135,0.1200205,344.3169,346.30222,0.15556848,345.0938,344.17502,0.156082,25.545774,594.4889,0.07192664,37.67038,596.44934,0.054752354,348.43982,346.38055,0.09992988
1166,381.69223,445.7134,0.039929196,381.22058,266.10382,0.10393254,28.951323,605.7233,0.05936675,565.5672,406.15045,0.054425996,37.65314,596.25305,0.054751113,372.3833,251.45612,0.109297134,366.4192,263.0737,0.1450561,360.3963,262.26202,0.15301874,26.26082,599.4942,0.07137348,22.227463,596.66223,0.068928264,365.4746,257.23196,0.11064143
1167,590.3824,414.0904,0.03701842,548.0103,396.45593,0.073906586,28.784683,605.3168,0.080437616,565.17645,405.67587,0.03573654,30.709219,588.14703,0.096470326,32.22754,605.769,0.15156984,555.2764,393.61264,0.119070455,17.371902,594.5677,0.12728155,28.443512,595.05426,0.109129004,21.355856,595.96014,0.11063223,21.159157,594.5789,0.12104015
1168,46.151665,45.3946,0.03662391,516.8839,444.63043,0.045067634,28.853722,605.03107,0.06555064,373.3319,228.72603,0.031217977,30.79263,588.16235,0.07472936,32.05557,605.4035,0.14956482,451.9861,210.92178,0.099247225,17.218029,594.59033,0.12044097,27.973179,595.56726,0.10153037,21.63858,596.1467,0.10580775,21.21287,594.99945,0.10402958
1169,590.72614,142.13126,0.038443677,46.162624,611.8146,0.030225243,28.70924,605.0034,0.062289808,582.4056,583.2927,0.031172443,30.563698,587.5587,0.109912895,18.047075,604.0931,0.17278948,31.31673,607.7527,0.04380166,17.09886,593.9309,0.14227688,10.068957,594.8573,0.11754994,21.025179,595.75854,0.10587538,19.58116,594.8674,0.11074265
1170,566.362,581.82794,0.041727033,56.63131,596.48975,0.035758305,29.246605,604.634,0.07555277,582.5459,583.1457,0.031079339,30.55547,586.99866,0.15192619,33.177868,605.62354,0.21196575,31.917274,608.60144,0.04904181,17.46617,593.82477,0.15183297,29.206947,595.39,0.10542467,21.561584,595.0628,0.09857838,18.98822,594.36786,0.16368487
1171,549.648,580.9385,0.055732314,548.8043,589.60077,0.06986588,29.648926,605.5918,0.067424975,597.3774,22.841236,0.038793758,52.527534,581.63074,0.05669882,32.312862,604.50836,0.10694724,548.56354,586.2555,0.070479296,17.717463,595.49084,0.103820376,26.487879,595.96814,0.060967643,22.66941,597.11456,0.08876192,29.906271,597.7032,0.082534686
1172,549.766,580.9467,0.057030514,548.87134,589.6355,0.06659658,28.840967,605.2986,0.053950626,597.31287,22.767967,0.036092047,52.9515,596.1708,0.044624895,590.91223,587.1821,0.06593392,323.77307,226.74356,0.07622332,582.42194,491.4714,0.099783346,583.5797,480.8715,0.07823431,22.528057,596.9892,0.055352893,31.004793,597.705,0.052476928
1173,549.63086,581.2657,0.05080088,548.9072,589.853,0.056367576,29.133116,605.3515,0.056399073,581.9277,567.268,0.033202186,53.12473,595.5839,0.044424154,500.90033,401.3211,0.08133969,322.1666,242.4105,0.113296285,17.78495,595.7691,0.07524851,584.7028,25.131458,0.04191546,22.514412,596.9698,0.060611766,30.591532,597.5738,0.05568587
1174,46.257366,45.487026,0.03834857,54.85765,597.0461,0.037056528,29.510841,605.59357,0.05972124,582.7408,583.55493,0.03655196,52.933266,594.6971,0.073919,38.37688,597.56396,0.07737272,491.71005,426.13913,0.0342528,17.78339,595.8062,0.08352654,583.95856,593.15894,0.056313638,22.774635,597.05505,0.06750275,30.519928,597.5431,0.063309595
1175,590.5033,318.3017,0.041260075,484.44437,412.14667,0.034788236,29.116951,605.5314,0.058058653,597.3728,22.684048,0.02770725,53.217762,595.3806,0.050310805,500.10764,400.37354,0.07836952,490.88083,410.62244,0.09343107,17.755476,595.728,0.08395168,583.5099,578.59235,0.06067602,22.46634,597.0953,0.06901687,30.639582,597.61346,0.06050504
1176,46.28834,45.677563,0.049473617,45.62605,46.255817,0.038167644,28.82796,605.38574,0.07291445,590.5615,366.08234,0.039990846,20.753868,612.7902,0.049303375,31.3894,604.60736,0.09680639,591.194,585.8104,0.027262336,17.765095,595.63354,0.10730847,583.1742,578.32947,0.06824562,22.33574,597.01447,0.08852552,22.62392,596.1442,0.072692305
1177,45.849644,28.961231,0.040924914,436.3993,427.88852,0.037667193,28.673468,605.0195,0.045708206,597.3078,22.529478,0.030658579,20.635326,613.25635,0.032172583,467.5226,415.13837,0.090398856,450.9825,423.47873,0.13276513,456.9007,422.31726,0.11097156,583.8371,578.6198,0.06668688,22.21766,596.8371,0.04377531,471.71796,418.09076,0.05852165
1178,45.890366,28.973299,0.041420925,356.26257,332.36438,0.053595748,28.974716,605.3505,0.05330051,597.3552,22.579739,0.03248202,20.657848,613.2318,0.03709031,436.6559,433.8862,0.077914745,442.6288,441.53006,0.09518022,17.719221,595.7121,0.07045704,583.4518,578.4929,0.066742264,22.50037,596.8862,0.055663407,30.786871,597.6078,0.05537627
1179,45.873302,28.987173,0.042458653,45.65671,38.531788,0.03139957,29.113483,605.533,0.059961688,54.408394,565.6635,0.029436633,20.719267,613.2562,0.043210365,31.255558,604.3648,0.076307766,475.83704,313.7496,0.029363563,18.031878,595.7081,0.07875663,583.58105,578.54926,0.0651958,22.615686,596.9662,0.06473667,30.666727,597.5501,0.065211505
1180,46.214344,45.65333,0.039881315,45.58449,46.05641,0.03050825,29.05582,605.58453,0.062396135,590.296,430.09424,0.035047933,53.265804,595.4413,0.046944804,31.17689,604.3486,0.06718197,315.24054,233.65622,0.041400723,17.86612,595.80835,0.070869446,583.948,578.66144,0.056589987,22.645538,597.0911,0.06112056,30.858385,597.70123,0.057619486
1181,45.787643,28.932333,0.04064413,45.636917,38.444386,0.031302348,28.692234,605.617,0.05718813,596.40027,357.484,0.031573854,20.813921,613.33356,0.041170307,516.4527,432.8547,0.07110962,520.4776,439.95288,0.07468232,17.83268,595.66486,0.06806158,583.5557,578.43353,0.06329589,22.221258,597.1313,0.060412016,30.569092,597.5608,0.054496672
1182,590.3726,334.2185,0.04001512,340.5126,332.979,0.046888497,28.558348,605.37866,0.051645655,590.53564,366.43787,0.03253208,20.660538,613.4235,0.038845226,341.2353,322.58194,0.09231526,340.12195,338.53165,0.08384441,281.9006,251.9793,0.063449316,583.61597,578.64026,0.059978884,22.208267,596.9961,0.04965268,586.86176,580.0034,0.04793248
1183,549.99866,581.04193,0.0512512,549.2521,590.33594,0.074576445,28.699028,605.35223,0.048585117,582.4095,582.8717,0.03736829,20.614786,613.4641,0.037965722,549.23956,586.6786,0.08525939,548.93445,585.8561,0.083120026,552.7619,586.4235,0.074041545,584.36786,137.78589,0.04006901,22.384892,596.98,0.043052975,47.12559,28.6291,0.04360071
1184,549.7248,580.48456,0.05392865,548.9437,590.0802,0.08375781,28.45454,604.96857,0.040315248,582.17725,567.0418,0.0343192,20.634815,613.4466,0.03157077,548.5881,586.2547,0.086628005,548.61316,585.7141,0.09120434,562.7445,586.51874,0.0779584,583.74084,578.58636,0.040885996,22.180164,596.76086,0.035882905,47.070896,28.62245,0.04482212
1185,590.66595,414.34753,0.038262833,404.4339,460.6188,0.032496143,28.64618,605.15985,0.045903604,582.3975,583.05286,0.029825129,20.700928,613.4607,0.031548165,404.54968,449.97385,0.063006766,404.03278,457.42685,0.06883222,17.614515,595.66724,0.053266183,583.96185,593.1583,0.058576938,22.245287,596.95483,0.040021554,46.934692,28.59141,0.048079047
1186,46.08768,45.45612,0.039000824,45.53126,45.87875,0.03141285,28.830303,605.5247,0.056070883,597.381,22.58851,0.028323764,20.743874,613.3947,0.03777019,590.38574,603.2995,0.056891985,590.6483,586.07697,0.0296908,17.702309,595.74756,0.06639961,584.2768,593.1883,0.05358537,22.236269,597.1301,0.05446861,30.827827,597.6482,0.04680792
1187,590.6357,270.32965,0.038170684,324.41406,348.85867,0.0333094,28.669638,605.5042,0.05910295,36.60922,21.548687,0.024107773,20.664644,613.2919,0.038192414,340.71027,353.53088,0.06935995,339.50723,361.34186,0.06623323,17.818409,595.79626,0.0700154,583.8661,578.7005,0.058845926,22.075274,597.10724,0.05562886,30.716484,597.6191,0.046957787
1188,590.7399,270.16306,0.04302397,55.16026,596.7025,0.035739776,29.431824,605.7545,0.0676857,38.686455,549.8345,0.024345074,53.0242,581.02246,0.06903216,38.22761,597.7457,0.0912656,307.7663,19.10889,0.034805275,17.889612,595.8652,0.0769754,584.1153,593.41034,0.05232003,22.920225,597.04913,0.07038933,30.443357,597.6233,0.065248966
1189,46.152065,45.423435,0.03632687,45.54001,45.866993,0.029752707,28.68255,605.37396,0.054185916,597.30835,22.494865,0.028318185,20.65097,613.3206,0.0384178,590.70734,603.20996,0.052455783,507.97186,186.39015,0.03146813,17.87789,595.6554,0.06476302,155.65242,27.117615,0.061168853,22.154337,596.9654,0.0506575,30.780249,597.5888,0.04495585
1190,46.142113,45.42524,0.039484624,45.526443,45.90781,0.031893183,28.562199,605.1855,0.0515979,598.54846,582.8754,0.028325824,20.60769,613.3209,0.037079297,590.72595,603.32916,0.05108926,355.57498,433.63614,0.035223637,17.891264,595.57135,0.06063535,155.67995,27.006493,0.053493306,22.099995,596.9032,0.04778062,30.831615,597.5753,0.042185944
1191,46.141525,45.43164,0.03932829,45.505356,45.923298,0.03144545,28.572813,605.0116,0.04677836,596.5539,277.56677,0.026434196,20.588694,613.4015,0.035656348,468.8276,498.7469,0.057879824,466.867,497.6347,0.047316596,17.804964,595.5514,0.05515277,584.05896,593.31506,0.05363849,22.135561,596.8999,0.044111848,31.117758,597.652,0.04120846
1192,590.8699,302.51593,0.041949578,45.500084,45.983723,0.031621613,28.886368,605.5366,0.06122623,38.4281,549.88654,0.023677103,20.7282,613.1738,0.041832067,31.043924,604.2298,0.072919995,475.62827,266.22238,0.03545812,18.026451,595.5435,0.07732499,583.95123,578.8157,0.05719852,22.24708,596.97736,0.06506837,30.290176,597.47406,0.058880866
1193,46.17852,45.47393,0.038952753,452.77936,348.44263,0.035792407,28.879665,605.72437,0.057248823,38.647144,549.9049,0.026360111,53.22472,594.50665,0.056618012,452.91733,337.26373,0.0829393,457.28265,352.94534,0.10568291,18.060043,595.7791,0.07303294,76.73087,587.69745,0.079974316,22.383749,597.0421,0.05923865,30.617104,597.40857,0.05388078
1194,590.47595,270.10886,0.04110432,54.49021,597.03046,0.03117059,28.850563,605.6041,0.06193485,469.8954,276.75467,0.037290465,53.054256,594.6748,0.057130583,470.09796,271.49707,0.09566773,467.45636,287.932,0.13215838,472.27884,280.21463,0.121640824,76.30551,587.3753,0.059855785,22.202042,597.0896,0.06996358,30.235996,597.5238,0.057935536
1195,590.3659,253.8837,0.040913526,45.394753,45.75904,0.029869063,28.893017,605.6243,0.061174296,597.30493,22.598528,0.033370722,53.234566,581.2422,0.05275119,31.109522,604.241,0.07579182,475.5092,552.7733,0.05826419,17.910011,595.6368,0.08532856,76.50475,587.40454,0.06113904,22.225586,597.07007,0.069760494,30.370293,597.515,0.059000444
1196,590.4176,270.05698,0.040932857,45.462936,45.82765,0.030587647,28.86229,605.5123,0.06290322,597.33453,22.737637,0.03965015,53.110977,581.22546,0.04767029,31.098156,604.22046,0.078585036,483.4867,481.5112,0.10780401,17.902496,595.5101,0.08491195,203.54773,27.18156,0.060786128,22.220287,597.01794,0.06858583,30.306654,597.50336,0.060076877
1197,590.6195,270.24377,0.040150706,45.403847,45.772316,0.028958408,28.614439,605.3568,0.06195001,597.2316,22.51026,0.031231623,20.746088,613.20184,0.040912822,30.568443,604.3533,0.059132136,259.48816,242.30826,0.05771148,17.947388,595.50116,0.07682271,583.8978,578.73535,0.06024768,22.245642,597.04114,0.06431471,30.451406,597.63226,0.050029118
1198,590.4844,446.0503,0.036793962,276.3145,236.12173,0.031839572,28.444798,605.11475,0.051800817,597.3408,22.8244,0.030920485,20.598658,613.35785,0.036025755,590.59204,603.3214,0.047586434,275.8079,249.89836,0.04949151,17.711338,595.488,0.068686254,583.9602,578.7558,0.054370802,22.125525,597.0713,0.05810451,30.933475,597.7751,0.04316303
1199,590.31036,430.08182,0.0369787,45.45124,45.836124,0.02889136,28.476427,605.23834,0.054580722,596.38104,485.31146,0.030911403,53.25301,595.63184,0.038028643,30.247906,604.23773,0.055054326,590.7307,586.03674,0.027667303,17.913462,595.6199,0.06893507,583.94366,578.86334,0.05975327,22.192741,597.08246,0.056522895,30.817461,597.6771,0.046557147
1200,45.957012,29.04645,0.037007295,54.667995,596.73987,0.03461454,28.742662,605.5463,0.06139886,590.3667,350.20248,0.025174921,52.897354,595.20703,0.057474628,30.81836,604.33295,0.07141703,307.8373,19.23639,0.029668152,17.97801,595.7019,0.083269216,583.79193,578.83655,0.056591474,22.290554,597.04694,0.07005359,586.22186,579.986,0.057518125
1201,590.39746,254.24727,0.034479633,404.77536,509.07614,0.057791043,28.476425,605.05035,0.04991685,421.5838,500.24252,0.039012656,20.511024,613.3144,0.037753277,405.48627,498.75815,0.105547115,411.12244,506.48114,0.13036875,408.9367,507.1532,0.08912505,584.0071,593.10236,0.060395677,22.064957,596.9599,0.04877758,46.61822,28.739037,0.04893456
1202,590.3774,318.2348,0.036069307,404.81433,509.34662,0.060623474,28.667776,604.89954,0.043132856,405.53177,516.76,0.035252534,20.612764,613.2681,0.029957015,405.61288,499.0142,0.10451313,410.95416,514.4296,0.11334171,408.9445,507.2545,0.08555234,583.6358,578.7381,0.05767454,22.148079,596.9207,0.039732557,46.624783,28.712212,0.046777874
1203,590.7018,462.235,0.037877757,429.17526,522.93243,0.11284506,28.736994,604.96497,0.04548374,421.80835,500.59164,0.061244246,68.82349,595.07495,0.03282436,406.88364,510.83896,0.14457709,411.4131,508.0411,0.16476724,407.8472,507.3625,0.16326928,408.36,527.4874,0.058356743,435.33264,531.0227,0.05606857,414.70132,522.75366,0.11047335
1204,590.71893,350.38547,0.04029692,428.6291,522.38727,0.11860219,28.528986,605.4217,0.056557626,406.7763,501.50192,0.06421407,53.37857,595.28357,0.041742496,407.14725,510.35355,0.17011945,407.84637,520.5531,0.21312007,407.37805,518.9071,0.17953818,408.55582,526.73676,0.09481116,22.194534,597.178,0.05697324,413.62305,520.9714,0.11180552
1205,46.11771,45.468124,0.036743414,54.53619,597.0949,0.031525463,28.658928,605.24634,0.05829971,38.371197,549.87354,0.02496831,53.375362,595.10815,0.051352903,60.594395,589.9602,0.072400905,590.81116,585.9603,0.027923169,17.895971,595.77826,0.074803814,583.7543,578.6689,0.06142718,22.219475,597.1048,0.058728967,30.658573,597.64087,0.049129754
1206,590.4829,302.26093,0.037854657,276.87555,348.9375,0.05221401,28.847185,605.4466,0.06001424,277.15186,356.80344,0.032146912,53.352272,595.16943,0.04676412,293.12112,352.23383,0.119120985,289.98834,355.102,0.13769338,281.26266,348.07443,0.08602836,583.90924,578.7477,0.06505013,22.370562,597.0434,0.061495215,30.456705,597.5578,0.05219538
1207,590.51843,222.04744,0.03762487,292.37503,396.22308,0.06379792,28.861744,605.0911,0.05316623,597.31744,22.565828,0.03291074,68.61619,594.7903,0.043965295,292.51428,386.03036,0.07455485,298.25418,393.41318,0.08050058,17.791851,595.7014,0.06581122,584.0276,578.601,0.06286312,22.41106,596.998,0.05248632,586.5823,579.9322,0.048006978
1208,317.54245,573.1407,0.039984204,292.01752,396.24332,0.03409659,28.796848,604.9984,0.051136333,54.66411,565.60095,0.026187345,53.55709,581.0917,0.045408055,60.71953,589.6481,0.062897325,331.74185,569.80225,0.050266672,17.820604,595.69556,0.06133891,583.98645,578.7085,0.055842582,22.395853,596.95087,0.04791343,586.53107,580.0164,0.043743383
1209,590.1622,397.93628,0.035243213,45.443756,45.758015,0.024710119,28.7141,605.1267,0.053900737,596.35706,325.35785,0.025111105,68.44974,594.5595,0.046728,60.741756,589.685,0.065152705,448.92776,535.1163,0.09097293,17.947184,595.7029,0.065111674,76.52712,587.50104,0.058553074,22.344845,597.0001,0.050129216,30.824368,597.64764,0.044025246
1210,598.1788,285.02133,0.035555437,308.62128,380.4428,0.05377319,28.903946,605.1343,0.05503525,453.3937,540.42957,0.03055885,53.221016,595.4586,0.03996335,309.187,369.70917,0.08034534,441.32455,529.6573,0.118045576,441.46432,521.86584,0.0828077,583.8669,578.6891,0.06869998,22.378344,596.9958,0.05695282,445.32678,522.60876,0.057018653
1211,590.51337,254.07211,0.036989648,54.797897,596.9844,0.030185623,28.909502,605.64624,0.06358706,597.32733,22.46975,0.030297812,53.16732,595.05774,0.055999637,37.78611,597.2575,0.07193333,590.8549,585.7879,0.027841017,17.867182,595.5908,0.08695074,583.61786,578.4905,0.066896856,22.439217,597.0489,0.06990187,30.477581,597.6858,0.057067182
1212,54.06272,586.5661,0.042160433,55.187645,595.93604,0.03947397,29.773212,605.6784,0.07590545,582.2232,583.0033,0.036579404,52.726448,581.098,0.12941805,38.2981,598.4472,0.15519963,44.558113,607.97156,0.039737128,17.972376,595.77185,0.10882596,77.60687,588.97473,0.08912774,23.102377,596.68176,0.093483746,40.73297,590.8607,0.09298441
1213,590.4527,430.0913,0.03874737,492.51355,501.38522,0.0618944,28.522099,604.9412,0.050242458,36.50636,21.393707,0.026789773,20.524908,613.2153,0.03520672,484.52277,497.43445,0.08858127,490.44788,506.3233,0.12708555,489.48267,506.7799,0.09811101,187.51134,27.120192,0.067062765,21.921026,596.9639,0.057884235,492.8849,506.1427,0.06159684
1214,590.9125,238.29712,0.038700107,484.89417,509.14725,0.048768714,28.630102,604.9759,0.047526155,500.98392,500.35297,0.03089585,20.643995,613.27216,0.03281402,485.4351,497.93845,0.07317554,490.90802,505.7082,0.09659632,489.53967,506.4862,0.07083589,187.49971,27.087431,0.071350895,22.085766,596.9404,0.0518216,595.08344,596.7904,0.046403985
1215,590.67365,238.29861,0.037234794,317.24854,524.11755,0.046137467,28.598942,605.0808,0.049118217,36.650173,21.531338,0.02695013,20.526562,613.3687,0.035707317,324.20078,511.6828,0.09851811,314.15747,521.7053,0.09891164,313.66858,521.5556,0.09405212,583.98346,578.7182,0.0566438,22.06852,596.9526,0.05410333,318.05225,522.9638,0.060392145
1216,46.260036,45.601166,0.038498953,45.565914,46.097797,0.032175414,28.934317,605.31305,0.058822177,36.788082,21.631523,0.027453022,68.70866,594.4158,0.047889113,76.81484,589.78644,0.06304375,572.78674,426.44705,0.04065532,17.743835,595.6682,0.06960533,84.75902,586.8376,0.060275346,22.360413,597.0286,0.06207273,30.694378,597.72156,0.051758062
1217,46.02839,29.08077,0.038853977,54.592228,597.14764,0.033717133,28.919952,605.63715,0.062452164,36.890614,21.765295,0.02640324,53.590183,581.20935,0.05990397,60.41362,590.27454,0.07730027,404.0525,19.438564,0.027534194,17.749638,595.86786,0.077148736,92.42835,587.5399,0.08122057,22.46998,597.2282,0.06791342,31.02888,597.8653,0.060398433
1218,590.45624,461.9136,0.040257677,54.80982,597.039,0.03386144,29.208086,605.5483,0.062841564,36.800003,21.689909,0.026120484,53.289474,581.062,0.06858533,60.254555,590.4838,0.085119985,307.5611,466.40662,0.03237538,17.80086,595.7998,0.07754151,76.95516,587.8907,0.06568077,22.583046,597.0857,0.06824074,30.566404,597.7575,0.059647724
1219,46.2311,45.578247,0.036455847,45.615963,45.999943,0.030082483,28.8841,605.2483,0.057444654,36.72201,21.61539,0.025585137,68.53002,594.7118,0.045754045,60.703224,589.603,0.06038948,307.6815,450.52283,0.029650114,17.866226,595.7811,0.07048034,584.0031,578.6669,0.053285424,22.336878,597.0894,0.059774548,30.641088,597.77545,0.04987607
1220,46.19778,45.567898,0.039022557,45.564857,46.01122,0.031673893,28.999691,605.3284,0.06254811,36.76714,21.648254,0.026065495,68.58078,594.6207,0.04487563,60.671715,589.67694,0.0642103,590.6998,586.0457,0.03148516,18.013653,595.69385,0.07873304,584.0049,593.4591,0.05618124,22.272873,597.05084,0.06783931,30.219677,597.5748,0.055020027
1221,46.161118,45.584526,0.03806824,469.025,269.28427,0.03664787,29.060682,605.4611,0.059631694,485.57263,261.03137,0.049079258,53.255783,581.16547,0.055636972,469.93845,257.54062,0.06924335,475.02045,264.89716,0.097211406,17.933508,595.6177,0.07616776,584.06976,578.8381,0.055469576,22.37427,597.00116,0.0668967,30.27721,597.54736,0.056531854
1222,590.62695,462.1018,0.04125868,436.92657,509.6128,0.046564236,28.685196,605.36426,0.058713745,453.43143,508.61176,0.03856669,53.285427,581.1166,0.051550508,437.78046,512.4466,0.07741009,443.3077,505.32495,0.09323616,441.16876,521.8851,0.08647696,76.4905,587.55707,0.058844164,22.1355,597.0983,0.06601746,30.365559,597.5045,0.05251704
1223,46.244213,45.72553,0.03852616,437.5207,524.50275,0.07147322,29.230993,605.4574,0.06282577,453.91925,540.36127,0.044084404,53.34487,581.11926,0.055466257,437.77676,513.2616,0.12953016,441.16605,528.8824,0.18004681,440.37784,521.46545,0.12377294,450.6367,519.5709,0.060191244,22.470314,597.03156,0.07181899,445.68527,522.15265,0.07302769
1224,46.0507,29.322636,0.035699587,55.130116,596.075,0.040817637,29.720295,605.8998,0.07279597,37.034668,21.84584,0.026543569,53.44131,581.1391,0.1039805,38.943226,597.9695,0.11855417,299.51093,178.8883,0.0610437,17.692945,595.65906,0.09787814,77.98224,588.953,0.08333216,23.115318,596.7106,0.08609055,36.632805,596.21814,0.08310989
1225,590.5945,398.18277,0.037217192,292.50702,156.85873,0.035433155,28.674934,604.9365,0.04407737,292.66284,148.73125,0.030781988,20.615417,613.2387,0.029497564,309.26282,432.53873,0.09221556,307.99768,440.51907,0.09477397,314.13797,440.01993,0.06538892,583.79974,578.8504,0.06949915,22.10862,596.853,0.050170198,586.1538,580.36346,0.0477462
1226,590.46936,446.1175,0.03646537,45.533318,45.848713,0.028111089,28.674026,605.0717,0.05041708,597.306,22.479813,0.03080578,20.675549,613.207,0.034709886,590.5363,603.25073,0.054133937,590.7294,586.0458,0.02643089,17.824505,595.5368,0.070494995,583.7868,578.85895,0.06445011,22.10712,596.9098,0.058773514,30.62263,597.5977,0.046362843
1227,590.61804,446.22443,0.037971426,45.45113,45.829575,0.026206352,28.992523,605.31793,0.062386904,36.665123,21.561146,0.024979807,20.758377,613.1282,0.04069511,31.100204,604.4163,0.06158029,490.23114,329.14014,0.07059632,17.985126,595.5465,0.08539844,583.7939,578.6563,0.06567903,22.242332,596.98083,0.07221069,30.125223,597.52856,0.058301296
1228,46.119083,45.556274,0.035394106,292.0835,396.43683,0.037993126,29.136873,605.29517,0.061771378,597.2221,22.42831,0.028132226,20.794033,613.1296,0.038292393,31.199558,604.35767,0.06309492,298.8646,394.0483,0.05692359,17.982876,595.6073,0.0836335,584.2666,593.3971,0.05557645,22.427944,596.93164,0.07039133,30.160583,597.4861,0.05788664
1229,590.9321,430.3748,0.041074414,54.837257,597.09796,0.035455573,29.132816,605.68677,0.05906447,38.58449,549.86127,0.024792144,53.077614,594.78955,0.055517122,60.528843,590.2069,0.083445296,275.89532,346.65485,0.0369194,17.896488,595.7569,0.08320808,76.34379,587.16174,0.0654451,22.584846,597.0661,0.06995395,30.606384,597.55054,0.060214624
1230,46.170876,45.557236,0.03839197,405.0318,300.65247,0.04334074,28.968565,605.4513,0.056770172,590.4912,366.24213,0.028089788,53.167316,595.5835,0.039133646,405.10562,289.38965,0.09197501,409.68994,296.33585,0.10164296,17.905903,595.78735,0.07150473,584.0781,578.8693,0.061824776,22.477325,597.0915,0.058809172,30.66061,597.72675,0.052536722
1231,549.5456,581.78217,0.04348177,548.7793,590.01996,0.04085825,29.060427,605.2571,0.054807503,582.4061,583.0993,0.035461996,53.035095,595.5327,0.04330782,548.77313,586.67065,0.058252115,505.90997,520.1813,0.08599819,17.815718,595.76227,0.0718988,583.73157,578.76776,0.04756862,22.425045,597.0223,0.059214383,30.441,597.6288,0.051095765
1232,62.00659,573.5196,0.040824126,55.075554,597.097,0.033188082,29.358755,605.37787,0.059315663,596.26935,389.23935,0.028433919,53.06226,581.3194,0.057733804,60.554127,590.21063,0.08179804,539.4228,505.23944,0.028544663,17.805336,595.7189,0.08473092,61.170555,587.83215,0.068135686,22.601398,596.95245,0.06964605,30.261465,597.5083,0.06044427
1233,45.736507,28.90726,0.03864924,45.478085,45.91984,0.030285897,28.892822,605.04,0.050206132,36.67953,21.531794,0.024953548,53.171375,595.4963,0.039876595,405.38916,497.6893,0.063372485,403.74255,498.03293,0.062025867,17.755184,595.7374,0.06938322,155.72742,27.272638,0.051960286,22.35788,596.94324,0.05378935,47.00743,28.70459,0.04689924
1234,45.771973,28.935558,0.038252924,493.8874,266.03638,0.05642221,29.308092,605.3851,0.06100786,388.80905,565.33203,0.025754664,53.065678,581.0947,0.050067946,499.1194,254.81554,0.07949285,482.9533,262.60748,0.11246006,490.4309,261.4992,0.09597148,60.929142,587.6835,0.05575021,22.52514,596.94257,0.072540425,502.90967,258.34427,0.0808287
1235,590.47955,237.99788,0.03659133,468.85373,396.39502,0.067954674,28.991432,605.24744,0.060273398,597.2504,22.394745,0.029564466,20.765825,613.16736,0.036157407,469.1245,385.0695,0.1054549,473.16006,391.77383,0.1301008,17.90307,595.63,0.08008684,584.236,593.6746,0.048952058,22.414583,596.9365,0.06855189,30.356987,597.5673,0.056382325
1236,590.5431,382.00717,0.0385559,55.788208,596.81757,0.029881984,29.218622,605.8067,0.07350069,36.82495,21.673138,0.026878035,52.6284,581.05096,0.059297785,37.818123,597.55194,0.107807145,590.2794,586.1071,0.03298737,18.143625,595.7115,0.10269394,26.879671,595.72797,0.05673458,22.606855,596.91986,0.088611014,36.43559,596.16833,0.08004022
1237,590.6536,174.11267,0.03569685,500.78387,364.773,0.041270114,28.49839,604.7214,0.035797555,590.65906,382.54385,0.030778784,325.2613,165.07216,0.031205958,452.2288,368.29233,0.06781848,450.40237,375.4482,0.0964388,505.9313,347.86325,0.06785582,584.09314,593.17633,0.055321343,21.915716,596.7626,0.04266696,46.744053,28.745281,0.046794068
1238,590.3408,206.0383,0.034480188,509.39648,348.592,0.045317147,28.746826,604.9548,0.042215347,468.60275,380.2445,0.026600372,20.64587,613.2441,0.029521987,516.2446,337.75888,0.07351056,506.59906,355.4502,0.10688053,505.34793,347.87378,0.11001297,584.2102,593.1154,0.06128867,22.14738,596.8431,0.046100654,509.31854,347.4092,0.058613475
1239,590.4984,318.15652,0.038467295,436.9354,429.25427,0.039122082,28.600409,604.9091,0.042616684,516.06866,420.12024,0.02748849,20.599197,613.3041,0.029828671,437.40576,417.61743,0.06814697,504.54187,423.84357,0.08540135,505.99915,423.46063,0.06070706,583.77405,578.6261,0.05493917,22.09993,596.89404,0.046223067,46.650078,28.679825,0.04227787
1240,590.93756,254.38425,0.041597385,45.55954,45.904686,0.030099358,28.724339,605.26917,0.0529544,597.30273,22.516457,0.024754755,20.767784,613.27563,0.0360479,452.1886,367.75943,0.05415631,450.09442,375.81738,0.08785822,17.812792,595.5024,0.072326966,583.7213,578.1662,0.051671755,22.264631,597.0299,0.062638134,30.699205,597.6959,0.050931204
1241,590.48584,270.0652,0.03966088,172.38312,155.84088,0.040385406,29.181128,605.45685,0.06397708,590.3093,366.13428,0.02638219,52.638794,595.1877,0.053592786,37.726902,597.2538,0.085731834,170.87457,154.49765,0.042543683,17.841644,595.51306,0.092910945,583.91345,593.3617,0.051764514,22.555044,596.94867,0.08007173,30.10807,597.5905,0.06955071
1242,590.567,286.29147,0.03769186,478.1801,297.9644,0.09064643,29.188866,605.24945,0.06309184,453.3978,309.36536,0.030635042,52.816788,595.2357,0.044114187,469.3406,286.95358,0.09453721,467.72458,296.0096,0.13752061,473.69272,293.5393,0.13138251,584.1098,593.44977,0.050130043,22.414705,596.9173,0.07627862,476.93356,297.73007,0.086576745
1243,590.4617,270.2033,0.037338797,292.24786,172.36842,0.033938665,29.414967,605.38245,0.061721683,582.7972,583.1124,0.026797606,52.68605,581.0729,0.050067976,37.853878,597.3489,0.079792105,292.19708,178.60327,0.05165898,17.805435,595.7068,0.08735125,583.84424,578.5098,0.04478882,22.543705,596.9819,0.07278465,30.021727,597.52057,0.06505217
1244,590.80786,302.32205,0.039039325,285.08566,428.44543,0.051057756,29.416197,605.36847,0.062379036,276.798,420.72797,0.032704584,52.85057,581.1155,0.053275764,292.5464,416.539,0.08495534,282.7708,427.08292,0.085429475,281.57083,425.91818,0.11256568,583.98987,593.4955,0.04876052,22.607208,596.93335,0.07067526,30.06865,597.51025,0.06421649
1245,549.22546,581.3347,0.039205607,556.0709,589.4268,0.03951877,29.355194,605.2856,0.06298074,597.2325,22.350101,0.024803065,52.725418,581.11115,0.054258086,37.875935,597.353,0.08586781,556.16895,586.37335,0.04252838,17.823538,595.5641,0.09081307,583.7477,578.67645,0.049070697,22.569065,596.8675,0.07471656,29.827595,597.49786,0.06773356
1246,590.60156,414.0537,0.040469024,55.15475,597.07513,0.03329103,29.031837,605.3829,0.06090206,596.42035,357.30563,0.029203972,52.85848,595.2787,0.048708536,31.04491,604.44855,0.067396834,556.08887,586.21466,0.032384165,17.981287,595.73926,0.08209793,187.5976,27.297459,0.056195855,22.483799,597.0259,0.06511854,30.28566,597.54333,0.05588958
1247,590.71545,270.25076,0.039035283,284.6221,428.3437,0.043625534,29.195646,605.42285,0.06349839,597.1969,22.45553,0.030585032,52.89221,595.1273,0.050405644,60.5109,589.84894,0.07123181,281.68283,440.89868,0.088362224,18.003948,595.6638,0.08169603,583.3113,578.22375,0.049765095,22.610374,596.9646,0.0635468,30.275774,597.4931,0.05963642
1248,46.112957,45.49995,0.039733797,55.036793,596.403,0.037714604,29.393501,605.65533,0.07006252,596.3145,485.46817,0.02454596,52.728413,581.1309,0.08430135,45.680767,590.48987,0.12316876,590.48303,586.008,0.029699229,17.76368,595.58734,0.10874784,69.64221,587.9369,0.07867992,22.652922,596.7356,0.09383259,35.96963,595.9358,0.08367936
1249,46.178745,45.445312,0.03821124,548.8172,189.64877,0.05370992,28.650312,604.9957,0.047467347,549.75165,197.17213,0.034829177,20.570923,613.19977,0.033710808,549.1216,186.72504,0.071163714,548.3003,195.58788,0.10797072,553.3675,200.25998,0.08274827,583.8176,593.12915,0.05776034,22.09708,596.8581,0.054201815,30.75777,597.5434,0.044399384
1250,46.163734,45.43666,0.039334662,564.9019,365.43683,0.039493393,28.568016,604.92834,0.044305526,598.5608,583.0027,0.03478344,20.552853,613.2261,0.031386144,591.03143,586.6692,0.06546187,572.4991,362.28384,0.055502728,17.72395,595.6271,0.06445491,583.1981,578.1415,0.05171821,22.09787,596.85474,0.049173538,30.885645,597.56903,0.041196167
1251,590.95233,574.33,0.03916185,276.56894,492.74417,0.04538545,28.543602,604.9576,0.04610769,582.9085,583.3958,0.037920114,20.573772,613.2447,0.032938696,389.19147,306.38126,0.06888774,386.94724,321.79553,0.11251174,393.18198,314.4686,0.07889388,582.47766,577.9991,0.048211966,22.089195,596.87756,0.04789951,30.864265,597.5898,0.039844077
1252,591.0684,382.55807,0.04741679,276.65192,140.63281,0.061298195,29.101212,605.4106,0.06672574,597.24426,22.678144,0.033889443,20.819616,612.96765,0.0455762,292.5904,129.66252,0.10350487,387.2598,321.86328,0.12413598,17.92958,595.58136,0.095760524,583.28876,578.3243,0.052562278,22.36777,596.9163,0.078023046,29.873966,597.4586,0.06522015
1253,590.5565,381.9297,0.039391477,55.610737,596.8457,0.034199797,29.424477,605.3987,0.06885184,598.3363,582.59094,0.029200915,52.43601,581.16406,0.06636196,37.875866,597.7999,0.10919889,555.0244,473.55783,0.07499634,17.91094,595.53864,0.104066,68.35361,587.31525,0.054543618,22.653103,596.71045,0.08878131,29.49819,597.40295,0.080213994
1254,590.3066,365.98154,0.03760931,484.76263,380.80023,0.033209022,29.36101,605.3917,0.06252252,388.26282,532.9745,0.033357207,52.57494,595.0429,0.050721608,31.727787,604.41846,0.08335966,490.68335,376.84076,0.081442155,17.886293,595.65186,0.091411024,583.51514,578.5832,0.05057228,22.567772,596.7892,0.076098494,29.801754,597.40375,0.06737053
1255,590.8221,574.5424,0.039651044,500.55185,332.07962,0.044968374,29.206202,605.33234,0.05832204,598.6226,582.5185,0.035285603,20.818169,613.09625,0.038462512,37.838905,597.1013,0.06447906,506.41553,329.56436,0.07928543,17.907246,595.6394,0.081021816,583.1689,577.3547,0.045620766,22.470865,596.8093,0.0647653,30.206678,597.52026,0.056451626
1256,566.58136,565.43884,0.04877522,565.6079,575.3632,0.06532921,28.664984,605.19055,0.0524086,566.1351,565.88934,0.04692938,20.519142,613.26227,0.03641832,308.3374,479.0909,0.106117785,573.14746,563.12744,0.11430524,297.5628,489.2846,0.09770347,582.6368,575.6758,0.047036715,22.203579,596.96155,0.055402573,310.5605,481.322,0.072625436
1257,590.6513,574.39777,0.038463283,389.0751,573.9145,0.068539806,29.064661,605.2518,0.056830417,373.49142,581.8154,0.040996555,20.792862,613.1289,0.035444126,390.37973,561.00214,0.08462543,394.41605,568.5641,0.12155082,387.639,571.93414,0.0872841,583.4128,592.3865,0.05967892,22.421762,596.8604,0.06075074,30.378214,597.6019,0.05380378
1258,549.4864,581.7124,0.03780586,373.27225,300.83832,0.059710752,29.16421,605.3393,0.06016084,582.3188,583.101,0.03477001,52.910343,595.47,0.043556355,373.7013,290.54156,0.112036,372.45584,306.83618,0.13964142,376.8637,298.49652,0.10784389,583.8582,593.4378,0.05035935,22.577442,596.77527,0.0652684,381.51532,298.65005,0.06262255
1259,590.7232,254.4569,0.043087974,45.451237,45.89103,0.028277466,29.206772,605.4164,0.063412406,582.4109,582.9488,0.02707016,20.873325,612.99786,0.04130709,31.484528,604.4063,0.07699014,523.27106,297.46228,0.03369455,17.8229,595.3748,0.09012829,583.92,593.33307,0.052586213,22.506573,596.7351,0.07506455,30.005352,597.5075,0.0667611
1260,590.62744,254.09238,0.038380787,55.86311,596.14905,0.035202164,29.68794,605.20404,0.072900265,36.935726,21.77685,0.025158336,52.66923,581.5949,0.11943348,38.605774,598.70886,0.15807118,394.94028,354.37442,0.03515042,17.827246,595.56024,0.11524703,70.293175,588.51654,0.082203105,23.067692,596.307,0.103227705,22.559052,595.51624,0.09690778
1261,549.4716,581.70734,0.037964664,300.13904,460.12543,0.047325913,28.393421,604.72974,0.036372516,590.29175,382.04205,0.039172642,20.54162,613.29944,0.028124731,293.4029,464.07758,0.103635535,290.44925,467.8587,0.110209025,281.54358,475.44623,0.10588974,187.4104,27.256014,0.0512183,21.92218,596.72675,0.04292659,310.1607,467.15884,0.049840547
1262,590.5943,270.29303,0.03706916,389.38535,333.12473,0.053407103,28.470428,605.0331,0.04366798,405.5168,324.2958,0.034702532,20.62448,613.3353,0.032727346,501.28317,273.54468,0.11741426,505.48853,290.18796,0.14688465,408.7847,329.2595,0.11936126,514.94556,280.8027,0.05457145,22.075315,596.8316,0.048329618,509.1462,282.33948,0.06867028
1263,590.86786,342.05826,0.053091012,412.6156,342.33392,0.12022321,393.43124,365.87537,0.055534683,398.7948,373.12946,0.027070943,387.97842,358.83206,0.034864217,390.57986,338.35135,0.15883861,394.45038,348.12024,0.20578365,391.69702,358.58884,0.15899761,393.5622,354.6778,0.081664644,22.168116,596.88,0.05366705,398.25342,361.4605,0.10152682
1264,565.7659,581.88855,0.038690377,548.4811,589.6319,0.052619874,28.708853,605.2619,0.053971615,597.097,22.28602,0.026710887,20.715631,613.2776,0.03567812,292.64194,433.87857,0.07819423,401.33362,359.38782,0.11050032,17.8493,595.64355,0.06798604,583.5028,578.0604,0.051578343,22.28695,596.9741,0.05928918,30.651072,597.6778,0.049770497
1265,590.66895,141.87505,0.038195696,548.7132,509.02124,0.02920398,29.088074,605.55566,0.062179442,436.45093,452.65106,0.025316328,53.064697,595.3649,0.043022722,31.234024,604.3972,0.06512001,547.7752,514.4812,0.087247744,17.882797,595.71924,0.081994265,583.7924,578.58984,0.0513585,22.50093,597.0496,0.0725043,30.283651,597.61676,0.06060545
1266,590.67615,222.03653,0.039912,516.8771,524.6019,0.04128159,29.007639,605.4675,0.058309995,597.22125,22.405521,0.029178057,20.778862,613.1966,0.040165335,31.057362,604.3816,0.060292795,523.3979,515.2609,0.07222846,17.897429,595.6937,0.07709659,584.2631,593.12317,0.05913263,22.466251,597.02045,0.06759782,30.365673,597.6648,0.056001294
1267,590.5003,382.1638,0.038497902,468.743,428.35123,0.052816734,28.838644,605.1626,0.052419953,469.92117,420.0653,0.032855403,20.700064,613.24274,0.035652272,468.72586,415.24475,0.10813046,472.23767,423.5867,0.14843188,473.46753,423.74994,0.10089146,584.0834,593.01514,0.062146917,22.333536,596.94037,0.05575385,477.46475,425.31317,0.06289378
1268,46.214073,45.62421,0.038405284,260.4853,220.32018,0.042913344,28.837551,605.28925,0.054550797,597.1783,22.419523,0.024359647,20.700283,613.27637,0.036326066,404.55966,289.38467,0.0660126,402.61227,296.89053,0.07413449,17.816525,595.657,0.07071306,583.7557,592.7588,0.058381777,22.399958,596.9815,0.059062503,30.762516,597.70557,0.05098136
1269,590.32635,462.0121,0.03739884,268.69254,412.34375,0.05256669,29.060175,605.263,0.055561796,405.39255,292.1932,0.032159477,53.195553,595.6182,0.038096704,389.9216,290.3829,0.11620113,393.93182,306.3803,0.16414058,387.6542,300.41953,0.11669156,583.60443,578.5367,0.060552947,22.520164,596.9489,0.059334736,397.067,298.465,0.07090855
1270,548.8819,580.8249,0.04058314,212.50812,556.5235,0.048129722,29.064266,605.43646,0.059434958,597.1979,22.475405,0.029308492,53.07282,595.2411,0.0480323,60.492775,589.85944,0.06790127,571.77625,323.12466,0.089079216,17.872475,595.7036,0.079531334,583.6144,578.3293,0.05618988,22.595299,596.9396,0.06706603,30.517338,597.5898,0.05748617
1271,549.61224,580.9356,0.05130875,556.6012,589.487,0.059643578,29.314249,605.58655,0.059939425,582.1497,567.13245,0.034815367,52.93599,581.05426,0.05416514,60.373543,590.1462,0.07887864,548.3933,585.634,0.076604754,17.760965,595.6623,0.086541355,61.321243,587.9078,0.052507445,22.661152,596.8949,0.07115389,30.369698,597.51544,0.06678181
1272,61.77384,573.7141,0.03847612,54.856583,596.84216,0.03533354,28.767063,605.7747,0.06815262,38.771976,550.06903,0.025630409,52.812183,594.94775,0.05733467,60.383823,590.0399,0.07633444,590.4226,586.21625,0.030259205,17.899963,595.7728,0.092991665,584.2281,593.38965,0.050230782,22.191477,597.1157,0.08039981,30.336067,597.4461,0.062239133
1273,590.8713,222.11626,0.041290592,188.3519,28.744556,0.03514862,28.490248,604.7972,0.042091664,581.58044,502.34738,0.034119114,20.510159,613.24396,0.029969973,404.2845,448.91373,0.07256547,402.8974,450.08862,0.0840292,17.764278,595.5752,0.058091696,584.00305,593.6959,0.054523144,21.918056,596.9056,0.049026974,46.813477,28.667141,0.03936399
1274,590.81396,222.17618,0.042105842,548.6307,380.74298,0.05225971,28.781069,605.0856,0.049816526,564.79663,389.56235,0.029671993,20.696321,613.16724,0.033028014,564.5426,377.0934,0.055766877,555.32684,377.491,0.080205955,17.75435,595.5731,0.071851425,187.38118,26.839222,0.056230683,22.130968,596.93695,0.05759895,30.580818,597.64154,0.04552579
1275,590.68475,222.08951,0.042884715,468.74643,253.10614,0.038374547,28.60899,604.94336,0.04419993,597.6726,566.11633,0.029469708,20.614878,613.26807,0.028911233,469.12872,226.60551,0.061583217,475.20914,242.13794,0.09011794,582.4962,587.7821,0.06159702,583.7988,592.9279,0.061434835,22.108656,596.87964,0.047609195,46.751915,28.658773,0.04794976
1276,591.0721,238.29468,0.045055613,276.51202,524.3208,0.0405729,28.859901,605.2347,0.05309658,597.27374,22.359661,0.030647337,373.9796,501.5361,0.03817968,277.01996,529.723,0.05733252,283.27322,531.04614,0.07882484,17.897625,595.74335,0.06778331,583.7778,232.41714,0.0566649,22.288368,596.95746,0.05732146,30.606123,597.5796,0.04896955
1277,590.6104,221.7856,0.041668713,548.23944,589.6277,0.03151836,29.19659,605.46954,0.06399664,582.79236,583.22205,0.036314573,52.744473,594.9655,0.05029168,31.449951,604.37585,0.07804704,475.2441,409.5579,0.061133206,18.011263,595.7055,0.082689635,584.6859,217.27766,0.049442016,22.530817,596.85004,0.06874477,29.968748,597.43604,0.06257901
1278,590.58405,334.18933,0.039222766,493.73376,250.60983,0.100993074,29.194801,605.3237,0.055601206,485.52155,243.09348,0.037572525,52.94896,595.32227,0.03792598,470.80038,240.79726,0.116913095,472.9758,250.86362,0.165051,472.67465,248.20299,0.17018826,483.25867,247.05971,0.06743348,22.536194,596.84503,0.05599641,476.355,250.3036,0.116916
1279,549.1758,580.74915,0.04884939,556.5928,589.0182,0.052738678,28.716364,605.2827,0.055410624,582.0813,566.9865,0.029053656,20.685656,613.2917,0.038093753,564.13824,586.234,0.05740131,548.5349,586.2255,0.049009904,17.768545,595.60095,0.06929524,583.45685,578.50946,0.042311627,22.38533,596.8945,0.056222953,30.744846,597.6476,0.04906442
1280,549.46814,581.31,0.047230616,541.8946,329.03757,0.1298561,29.045418,605.3289,0.057148572,582.59515,583.44,0.032313123,20.730925,613.1969,0.0374974,546.95685,318.47018,0.08132968,532.0658,328.92426,0.14324382,537.6723,325.46478,0.14256069,536.7958,326.95688,0.054303844,22.502235,596.92035,0.057674944,539.5145,329.559,0.09731645
1281,549.031,581.143,0.039249033,548.39197,589.43463,0.0335599,29.340921,605.3607,0.061080948,597.7046,566.3122,0.030390214,20.79756,613.0889,0.038655587,37.800526,597.21747,0.066869706,443.39594,394.41235,0.082090504,17.832808,595.73004,0.08522482,582.80457,577.82794,0.04441463,22.522465,596.9193,0.07043956,30.144363,597.5533,0.062154558
1282,590.2166,509.78342,0.03665031,420.59006,349.00314,0.033809375,29.451294,605.3375,0.06631131,597.1863,22.40384,0.026857799,52.768055,581.16327,0.04998458,32.015327,604.5108,0.0930947,426.8666,345.1287,0.07935872,17.913017,595.6672,0.09636726,61.023754,587.83765,0.055688605,22.60945,596.80914,0.08280975,29.561659,597.47,0.074274614
1283,590.84515,206.12813,0.042687,260.24716,428.3072,0.03644604,29.452234,605.4163,0.06252623,582.55634,583.17175,0.035138074,52.94577,581.14233,0.046726935,31.791817,604.4853,0.07656906,489.8455,296.67032,0.049681406,17.908447,595.6718,0.08597483,583.0091,578.08154,0.0589092,22.638914,596.9035,0.073054135,29.910957,597.57574,0.066271335
1284,46.28904,45.56534,0.038809482,55.4087,596.39166,0.036953073,29.618866,605.6711,0.07470018,55.312943,565.18646,0.023654578,52.620255,581.51636,0.084305115,32.439423,604.33514,0.116023645,44.87902,606.61743,0.030597305,17.673653,595.58966,0.10392757,26.516863,595.741,0.060409874,22.784819,596.8644,0.09373755,42.383537,590.7747,0.09088022
1285,590.36914,429.89468,0.035547268,532.79456,476.7463,0.042645946,28.835373,605.20917,0.05185541,404.90604,508.32114,0.027864302,20.733099,613.19385,0.035630845,404.02313,478.81317,0.0701221,393.10297,488.3838,0.1027517,393.39987,488.26303,0.09390661,203.53374,27.095226,0.06308145,22.20222,596.9259,0.061037812,398.51978,489.66406,0.05207328
1286,590.3484,341.54416,0.046954125,388.73227,524.77985,0.037053376,29.026848,605.30194,0.060048614,581.2412,310.1753,0.0338714,20.854033,613.07043,0.039829962,31.119007,604.33636,0.067605995,394.62677,514.3581,0.0960434,17.75857,595.4323,0.08663457,584.739,313.33484,0.07023587,22.245848,596.8895,0.07316065,30.119764,597.48755,0.060512643
1287,590.4572,334.18295,0.045344416,484.91446,492.9018,0.03748449,28.919342,605.17566,0.054335058,598.27893,582.5501,0.02757649,20.726234,613.24097,0.03579405,500.31995,465.9472,0.055860378,497.77335,482.11322,0.09040507,17.840536,595.7246,0.07169523,583.68365,578.3336,0.05718116,22.316479,596.9278,0.05819066,30.648966,597.57654,0.05347638
1288,591.1039,222.23691,0.04297721,516.9622,300.40036,0.04095174,29.469124,605.48663,0.061955888,597.30023,22.488827,0.026960775,53.12438,581.2142,0.04931304,517.26263,287.1861,0.07722647,516.3393,295.42535,0.10847349,17.694336,595.71826,0.08157885,583.8896,201.01302,0.053786032,22.67459,596.842,0.06894005,30.349018,597.40356,0.06683413
1289,590.246,557.6714,0.039687544,564.9932,541.7649,0.041094005,29.486847,605.3967,0.06877018,581.4546,550.385,0.04050858,53.07003,581.08124,0.06478267,32.01011,604.44305,0.09354966,451.97833,424.62408,0.07374704,17.91896,595.7573,0.097280174,75.87503,587.01324,0.059746336,22.586739,596.8392,0.08538985,29.72008,597.3097,0.07359198
1290,590.3539,318.12753,0.039429557,388.5569,332.64505,0.061710164,29.439816,605.4493,0.065263756,405.2635,348.20337,0.030314408,53.13559,581.0844,0.047363803,389.19257,321.81915,0.11803478,393.8178,336.84488,0.14408483,17.83298,595.732,0.088576674,583.71716,578.21136,0.05565945,22.567814,596.93866,0.076115236,30.033436,597.4248,0.06609666
1291,549.39233,580.6384,0.0533699,548.54785,589.661,0.08333205,29.551424,605.35724,0.06568545,581.9282,566.8227,0.029181449,20.870527,613.03827,0.042129464,31.890125,604.49316,0.078165956,548.20886,585.5008,0.09075065,17.89259,595.7057,0.08743128,584.0212,353.59415,0.049915873,22.658564,596.906,0.07238017,29.900776,597.5062,0.06709996
1292,549.0947,580.6795,0.055355508,548.3515,589.44934,0.06883481,29.234219,605.33295,0.062415,582.1642,566.8272,0.026219193,20.800152,613.085,0.03854663,548.1098,586.28345,0.069239944,538.54407,354.66458,0.10165147,17.944162,595.73096,0.081507735,187.61127,27.248095,0.047300935,22.42458,596.99994,0.06847762,30.113201,597.57324,0.059656605
1293,549.2947,580.8183,0.056270953,556.026,588.9927,0.06687561,28.525406,604.97,0.051478405,501.3754,404.1442,0.04579718,20.523726,613.1798,0.036186516,485.38187,401.61502,0.084535085,490.0554,409.3039,0.114644706,489.29184,409.61533,0.08550495,498.24295,408.15512,0.05342209,22.03065,596.9213,0.05212858,493.73618,410.6903,0.042627826
1294,549.14954,581.1482,0.044868182,548.3707,589.5012,0.056497358,29.374752,605.3934,0.06382288,501.0652,403.78177,0.026180299,53.24685,581.15265,0.045678727,60.836014,589.87775,0.07331688,490.53247,410.70828,0.111128904,489.24472,410.3002,0.116757005,498.81525,408.8384,0.0589374,22.550888,596.9564,0.0697749,493.1337,410.5722,0.0617247
1295,590.6897,222.08105,0.04081088,55.536533,597.4418,0.028040946,29.633726,605.3747,0.065498136,582.55743,583.1788,0.025432855,53.16942,581.0936,0.05737514,32.1605,604.4429,0.09216466,260.14114,162.97598,0.041233875,17.901072,595.7044,0.09509885,68.42015,587.1506,0.055195637,22.738277,596.8463,0.08075127,29.782782,597.4215,0.075286165
1296,45.974274,237.63406,0.044707093,356.791,380.83493,0.035917684,28.973366,605.29297,0.06810022,372.75735,355.93127,0.02750921,52.282177,594.7448,0.054309867,37.682194,597.70886,0.10147102,362.52924,362.88226,0.10836739,17.891739,595.9599,0.097015105,371.28955,360.53162,0.057222646,22.43505,596.93036,0.08509612,22.575424,596.27515,0.071353525
1297,46.152683,45.38105,0.041511435,477.6686,266.76913,0.06238481,28.397097,605.01294,0.045054767,453.78345,260.97284,0.03765288,20.60155,613.27484,0.034210443,468.43588,254.67322,0.11733414,472.63672,271.63208,0.14395094,467.6514,266.40866,0.13063557,583.564,578.6803,0.05081484,21.912487,596.8804,0.051785808,477.21017,265.6329,0.07574333
1298,46.07651,45.377003,0.04017225,284.14685,379.7641,0.05103523,28.549046,605.01184,0.047358982,597.1596,22.30424,0.03026138,20.589584,613.19965,0.0339652,276.40286,369.90402,0.08649676,536.6574,312.30103,0.1077786,537.7355,311.6992,0.09345367,584.5889,457.69534,0.051770233,21.96107,596.9022,0.055545956,30.585043,597.63135,0.04504882
1299,46.07902,45.36692,0.03998814,276.62262,444.77185,0.04885043,28.78673,605.15607,0.0526863,372.56607,356.70663,0.030090066,20.660294,613.15857,0.034666613,277.17853,449.35803,0.074213155,275.47983,472.86966,0.07940582,265.50528,474.96097,0.08683531,583.81696,578.5688,0.053115703,22.099525,596.9716,0.06033566,30.429789,597.6369,0.049366668
1300,46.110817,45.41511,0.039931566,437.14163,347.70395,0.06928036,28.805744,605.178,0.052436884,453.36667,363.825,0.0361599,20.77912,613.13696,0.034151323,437.25244,335.90558,0.13301341,435.99826,353.211,0.1664209,441.21512,343.2465,0.13574527,583.715,578.6247,0.047018018,22.10442,596.94434,0.062230237,444.992,345.20508,0.086837046
1301,590.1749,485.62347,0.041823823,45.487408,45.984165,0.032251682,28.91002,605.462,0.06023773,581.4918,517.7995,0.031268984,20.796915,613.13354,0.03978324,37.61263,597.0626,0.059646048,531.4479,409.2776,0.046024702,17.871075,595.6264,0.08579847,584.5473,513.6761,0.062157683,22.213957,597.00476,0.073117174,30.206451,597.62317,0.057970803
1302,590.54425,478.3648,0.043310307,356.64713,124.804665,0.03729967,29.067871,605.3392,0.05845448,389.15512,308.9428,0.035344236,20.829353,613.09155,0.036224693,372.99985,113.82802,0.080426395,384.81094,323.39697,0.12954597,377.04843,328.7875,0.08461482,386.3509,326.49396,0.054486707,22.242897,596.96155,0.069603115,30.035482,597.58246,0.056607366
1303,590.6146,510.1657,0.04260045,500.75284,284.92947,0.055690076,28.672884,605.134,0.052976992,517.0048,284.16306,0.025782263,20.613804,613.1633,0.033870526,500.94458,258.58957,0.099366084,506.61353,274.22495,0.1361106,505.43033,267.1097,0.08358859,584.0532,578.723,0.04896822,22.086477,597.0079,0.06071935,508.94638,266.58655,0.052916963
1304,46.04725,45.394478,0.041365482,276.74207,188.79208,0.047469605,28.757471,605.1391,0.054057557,597.2384,22.373951,0.02526559,20.671612,613.18884,0.03420806,501.4343,271.65634,0.07839316,506.33224,275.95724,0.118855596,505.46893,280.14764,0.08677699,584.03595,593.4964,0.059147026,22.166277,596.95593,0.056223582,30.423897,597.6258,0.048110995
1305,46.075172,45.42541,0.041634377,548.2847,589.5313,0.04181496,28.90758,605.2949,0.05972192,582.3974,582.9215,0.024027184,20.742352,613.161,0.038036287,590.3719,603.2695,0.05976215,506.77762,273.4444,0.06981823,17.931236,595.7279,0.07732461,583.81616,593.3243,0.051197946,22.278244,596.9919,0.06418043,30.270836,597.67004,0.05494719
1306,549.2159,581.07196,0.048965767,548.3482,589.5575,0.06185217,28.933586,605.24426,0.054956414,357.0794,340.68137,0.03276193,373.5217,357.4717,0.03841076,372.27716,353.05844,0.08069982,370.15643,353.22012,0.10174975,17.83573,595.6822,0.07146864,187.51276,27.100296,0.062546894,22.342453,596.94775,0.05874417,30.438915,597.7095,0.052751623
1307,548.89264,581.10114,0.043284047,357.3354,350.0147,0.05614715,28.870464,605.1072,0.053496167,373.89938,324.77798,0.048101656,20.75327,613.1501,0.032150604,372.76184,334.38843,0.11683388,363.17502,345.0126,0.113345206,359.82816,345.9191,0.11467823,187.4684,27.171284,0.057456303,22.275116,596.91986,0.05878502,382.51993,346.35718,0.058832623
1308,46.260406,45.600964,0.042704068,156.10735,364.02258,0.043989714,29.566135,605.794,0.07518965,590.25244,413.9438,0.03541838,52.499115,581.23956,0.07195244,38.080338,597.5559,0.10618389,148.25774,362.9632,0.046101134,17.809278,595.63995,0.10095658,26.510973,595.5496,0.056032307,22.757704,596.9268,0.090855874,30.052292,597.2248,0.082983896
1309,46.16353,45.48486,0.043292698,548.7229,316.92252,0.056363028,28.915825,605.0696,0.04821803,565.82404,309.19,0.039769437,20.656322,613.26624,0.033951595,565.8118,306.1868,0.08284991,571.972,314.27063,0.1059072,568.43353,315.4945,0.0820113,583.29535,593.27826,0.061503552,22.250668,596.9437,0.052667502,30.678785,597.6317,0.04722972
1310,591.1735,510.07193,0.045497745,45.551933,45.957882,0.033369765,29.080885,605.19257,0.052790176,597.25116,22.418726,0.031228747,53.129654,595.7854,0.03701488,590.81036,603.3732,0.059708863,402.396,392.48532,0.065866455,17.734085,595.69714,0.07371197,583.7739,497.6496,0.0717773,22.376122,596.9631,0.059138037,30.609556,597.6273,0.053499043
1311,591.03534,510.36646,0.049203474,501.20834,476.67603,0.035288263,29.334305,605.2693,0.059281368,582.49225,583.01904,0.028367156,52.9585,595.5009,0.0385328,389.7546,385.2027,0.08289979,504.9566,472.1541,0.10501908,505.7093,472.63202,0.08708068,583.3221,497.52933,0.06745548,22.476006,596.88324,0.068128146,30.160065,597.4939,0.06094978
